T E X A S  E D U C A T I O N  A G E N C Y,,,,
,,,,
PEIMS Student Enrollment Data for 2012-2013,,,,
,,,,
YEAR,REGION,COUNTY NAME,GRADE,ENROLLMENT
2012-2013,7,ANDERSON COUNTY,Early Education,57
2012-2013,7,ANDERSON COUNTY,Pre-kindergarten,387
2012-2013,7,ANDERSON COUNTY,Kindergarten,633
2012-2013,7,ANDERSON COUNTY,Grade  1,647
2012-2013,7,ANDERSON COUNTY,Grade  2,646
2012-2013,7,ANDERSON COUNTY,Grade  3,616
2012-2013,7,ANDERSON COUNTY,Grade  4,606
2012-2013,7,ANDERSON COUNTY,Grade  5,634
2012-2013,7,ANDERSON COUNTY,Grade  6,608
2012-2013,7,ANDERSON COUNTY,Grade  7,603
2012-2013,7,ANDERSON COUNTY,Grade  8,612
2012-2013,7,ANDERSON COUNTY,Grade  9,634
2012-2013,7,ANDERSON COUNTY,Grade 10,599
2012-2013,7,ANDERSON COUNTY,Grade 11,546
2012-2013,7,ANDERSON COUNTY,Grade 12,511
2012-2013,18,ANDREWS COUNTY,Early Education,6
2012-2013,18,ANDREWS COUNTY,Pre-kindergarten,117
2012-2013,18,ANDREWS COUNTY,Kindergarten,308
2012-2013,18,ANDREWS COUNTY,Grade  1,307
2012-2013,18,ANDREWS COUNTY,Grade  2,289
2012-2013,18,ANDREWS COUNTY,Grade  3,297
2012-2013,18,ANDREWS COUNTY,Grade  4,308
2012-2013,18,ANDREWS COUNTY,Grade  5,271
2012-2013,18,ANDREWS COUNTY,Grade  6,294
2012-2013,18,ANDREWS COUNTY,Grade  7,246
2012-2013,18,ANDREWS COUNTY,Grade  8,237
2012-2013,18,ANDREWS COUNTY,Grade  9,270
2012-2013,18,ANDREWS COUNTY,Grade 10,252
2012-2013,18,ANDREWS COUNTY,Grade 11,242
2012-2013,18,ANDREWS COUNTY,Grade 12,175
2012-2013,7,ANGELINA COUNTY,Early Education,67
2012-2013,7,ANGELINA COUNTY,Pre-kindergarten,1118
2012-2013,7,ANGELINA COUNTY,Kindergarten,1372
2012-2013,7,ANGELINA COUNTY,Grade  1,1411
2012-2013,7,ANGELINA COUNTY,Grade  2,1254
2012-2013,7,ANGELINA COUNTY,Grade  3,1306
2012-2013,7,ANGELINA COUNTY,Grade  4,1218
2012-2013,7,ANGELINA COUNTY,Grade  5,1251
2012-2013,7,ANGELINA COUNTY,Grade  6,1278
2012-2013,7,ANGELINA COUNTY,Grade  7,1279
2012-2013,7,ANGELINA COUNTY,Grade  8,1287
2012-2013,7,ANGELINA COUNTY,Grade  9,1293
2012-2013,7,ANGELINA COUNTY,Grade 10,1190
2012-2013,7,ANGELINA COUNTY,Grade 11,1221
2012-2013,7,ANGELINA COUNTY,Grade 12,1057
2012-2013,2,ARANSAS COUNTY,Early Education,-9999999
2012-2013,2,ARANSAS COUNTY,Pre-kindergarten,78
2012-2013,2,ARANSAS COUNTY,Kindergarten,252
2012-2013,2,ARANSAS COUNTY,Grade  1,235
2012-2013,2,ARANSAS COUNTY,Grade  2,241
2012-2013,2,ARANSAS COUNTY,Grade  3,263
2012-2013,2,ARANSAS COUNTY,Grade  4,209
2012-2013,2,ARANSAS COUNTY,Grade  5,218
2012-2013,2,ARANSAS COUNTY,Grade  6,255
2012-2013,2,ARANSAS COUNTY,Grade  7,267
2012-2013,2,ARANSAS COUNTY,Grade  8,235
2012-2013,2,ARANSAS COUNTY,Grade  9,248
2012-2013,2,ARANSAS COUNTY,Grade 10,253
2012-2013,2,ARANSAS COUNTY,Grade 11,200
2012-2013,2,ARANSAS COUNTY,Grade 12,207
2012-2013,9,ARCHER COUNTY,Early Education,5
2012-2013,9,ARCHER COUNTY,Pre-kindergarten,54
2012-2013,9,ARCHER COUNTY,Kindergarten,126
2012-2013,9,ARCHER COUNTY,Grade  1,111
2012-2013,9,ARCHER COUNTY,Grade  2,123
2012-2013,9,ARCHER COUNTY,Grade  3,134
2012-2013,9,ARCHER COUNTY,Grade  4,129
2012-2013,9,ARCHER COUNTY,Grade  5,136
2012-2013,9,ARCHER COUNTY,Grade  6,134
2012-2013,9,ARCHER COUNTY,Grade  7,153
2012-2013,9,ARCHER COUNTY,Grade  8,162
2012-2013,9,ARCHER COUNTY,Grade  9,149
2012-2013,9,ARCHER COUNTY,Grade 10,151
2012-2013,9,ARCHER COUNTY,Grade 11,148
2012-2013,9,ARCHER COUNTY,Grade 12,136
2012-2013,16,ARMSTRONG COUNTY,Early Education,-9999999
2012-2013,16,ARMSTRONG COUNTY,Pre-kindergarten,18
2012-2013,16,ARMSTRONG COUNTY,Kindergarten,23
2012-2013,16,ARMSTRONG COUNTY,Grade  1,29
2012-2013,16,ARMSTRONG COUNTY,Grade  2,29
2012-2013,16,ARMSTRONG COUNTY,Grade  3,17
2012-2013,16,ARMSTRONG COUNTY,Grade  4,32
2012-2013,16,ARMSTRONG COUNTY,Grade  5,20
2012-2013,16,ARMSTRONG COUNTY,Grade  6,30
2012-2013,16,ARMSTRONG COUNTY,Grade  7,30
2012-2013,16,ARMSTRONG COUNTY,Grade  8,27
2012-2013,16,ARMSTRONG COUNTY,Grade  9,31
2012-2013,16,ARMSTRONG COUNTY,Grade 10,25
2012-2013,16,ARMSTRONG COUNTY,Grade 11,30
2012-2013,16,ARMSTRONG COUNTY,Grade 12,25
2012-2013,20,ATASCOSA COUNTY,Early Education,25
2012-2013,20,ATASCOSA COUNTY,Pre-kindergarten,350
2012-2013,20,ATASCOSA COUNTY,Kindergarten,675
2012-2013,20,ATASCOSA COUNTY,Grade  1,678
2012-2013,20,ATASCOSA COUNTY,Grade  2,644
2012-2013,20,ATASCOSA COUNTY,Grade  3,663
2012-2013,20,ATASCOSA COUNTY,Grade  4,632
2012-2013,20,ATASCOSA COUNTY,Grade  5,682
2012-2013,20,ATASCOSA COUNTY,Grade  6,697
2012-2013,20,ATASCOSA COUNTY,Grade  7,708
2012-2013,20,ATASCOSA COUNTY,Grade  8,662
2012-2013,20,ATASCOSA COUNTY,Grade  9,712
2012-2013,20,ATASCOSA COUNTY,Grade 10,704
2012-2013,20,ATASCOSA COUNTY,Grade 11,608
2012-2013,20,ATASCOSA COUNTY,Grade 12,544
2012-2013,6,AUSTIN COUNTY,Early Education,20
2012-2013,6,AUSTIN COUNTY,Pre-kindergarten,157
2012-2013,6,AUSTIN COUNTY,Kindergarten,424
2012-2013,6,AUSTIN COUNTY,Grade  1,393
2012-2013,6,AUSTIN COUNTY,Grade  2,392
2012-2013,6,AUSTIN COUNTY,Grade  3,414
2012-2013,6,AUSTIN COUNTY,Grade  4,416
2012-2013,6,AUSTIN COUNTY,Grade  5,414
2012-2013,6,AUSTIN COUNTY,Grade  6,439
2012-2013,6,AUSTIN COUNTY,Grade  7,448
2012-2013,6,AUSTIN COUNTY,Grade  8,433
2012-2013,6,AUSTIN COUNTY,Grade  9,447
2012-2013,6,AUSTIN COUNTY,Grade 10,391
2012-2013,6,AUSTIN COUNTY,Grade 11,389
2012-2013,6,AUSTIN COUNTY,Grade 12,415
2012-2013,17,BAILEY COUNTY,Early Education,16
2012-2013,17,BAILEY COUNTY,Pre-kindergarten,88
2012-2013,17,BAILEY COUNTY,Kindergarten,126
2012-2013,17,BAILEY COUNTY,Grade  1,121
2012-2013,17,BAILEY COUNTY,Grade  2,128
2012-2013,17,BAILEY COUNTY,Grade  3,117
2012-2013,17,BAILEY COUNTY,Grade  4,102
2012-2013,17,BAILEY COUNTY,Grade  5,107
2012-2013,17,BAILEY COUNTY,Grade  6,124
2012-2013,17,BAILEY COUNTY,Grade  7,109
2012-2013,17,BAILEY COUNTY,Grade  8,94
2012-2013,17,BAILEY COUNTY,Grade  9,101
2012-2013,17,BAILEY COUNTY,Grade 10,108
2012-2013,17,BAILEY COUNTY,Grade 11,72
2012-2013,17,BAILEY COUNTY,Grade 12,85
2012-2013,20,BANDERA COUNTY,Early Education,7
2012-2013,20,BANDERA COUNTY,Pre-kindergarten,148
2012-2013,20,BANDERA COUNTY,Kindergarten,191
2012-2013,20,BANDERA COUNTY,Grade  1,156
2012-2013,20,BANDERA COUNTY,Grade  2,192
2012-2013,20,BANDERA COUNTY,Grade  3,188
2012-2013,20,BANDERA COUNTY,Grade  4,186
2012-2013,20,BANDERA COUNTY,Grade  5,173
2012-2013,20,BANDERA COUNTY,Grade  6,210
2012-2013,20,BANDERA COUNTY,Grade  7,191
2012-2013,20,BANDERA COUNTY,Grade  8,200
2012-2013,20,BANDERA COUNTY,Grade  9,271
2012-2013,20,BANDERA COUNTY,Grade 10,190
2012-2013,20,BANDERA COUNTY,Grade 11,203
2012-2013,20,BANDERA COUNTY,Grade 12,207
2012-2013,13,BASTROP COUNTY,Early Education,59
2012-2013,13,BASTROP COUNTY,Pre-kindergarten,603
2012-2013,13,BASTROP COUNTY,Kindergarten,1120
2012-2013,13,BASTROP COUNTY,Grade  1,1181
2012-2013,13,BASTROP COUNTY,Grade  2,1144
2012-2013,13,BASTROP COUNTY,Grade  3,1159
2012-2013,13,BASTROP COUNTY,Grade  4,1109
2012-2013,13,BASTROP COUNTY,Grade  5,1158
2012-2013,13,BASTROP COUNTY,Grade  6,1160
2012-2013,13,BASTROP COUNTY,Grade  7,1175
2012-2013,13,BASTROP COUNTY,Grade  8,1117
2012-2013,13,BASTROP COUNTY,Grade  9,1421
2012-2013,13,BASTROP COUNTY,Grade 10,987
2012-2013,13,BASTROP COUNTY,Grade 11,1032
2012-2013,13,BASTROP COUNTY,Grade 12,1008
2012-2013,9,BAYLOR COUNTY,Early Education,5
2012-2013,9,BAYLOR COUNTY,Pre-kindergarten,17
2012-2013,9,BAYLOR COUNTY,Kindergarten,51
2012-2013,9,BAYLOR COUNTY,Grade  1,46
2012-2013,9,BAYLOR COUNTY,Grade  2,54
2012-2013,9,BAYLOR COUNTY,Grade  3,45
2012-2013,9,BAYLOR COUNTY,Grade  4,43
2012-2013,9,BAYLOR COUNTY,Grade  5,37
2012-2013,9,BAYLOR COUNTY,Grade  6,48
2012-2013,9,BAYLOR COUNTY,Grade  7,37
2012-2013,9,BAYLOR COUNTY,Grade  8,54
2012-2013,9,BAYLOR COUNTY,Grade  9,39
2012-2013,9,BAYLOR COUNTY,Grade 10,39
2012-2013,9,BAYLOR COUNTY,Grade 11,29
2012-2013,9,BAYLOR COUNTY,Grade 12,38
2012-2013,2,BEE COUNTY,Early Education,14
2012-2013,2,BEE COUNTY,Pre-kindergarten,172
2012-2013,2,BEE COUNTY,Kindergarten,411
2012-2013,2,BEE COUNTY,Grade  1,456
2012-2013,2,BEE COUNTY,Grade  2,405
2012-2013,2,BEE COUNTY,Grade  3,400
2012-2013,2,BEE COUNTY,Grade  4,395
2012-2013,2,BEE COUNTY,Grade  5,412
2012-2013,2,BEE COUNTY,Grade  6,435
2012-2013,2,BEE COUNTY,Grade  7,401
2012-2013,2,BEE COUNTY,Grade  8,379
2012-2013,2,BEE COUNTY,Grade  9,447
2012-2013,2,BEE COUNTY,Grade 10,345
2012-2013,2,BEE COUNTY,Grade 11,314
2012-2013,2,BEE COUNTY,Grade 12,340
2012-2013,12,BELL COUNTY/12,Early Education,239
2012-2013,12,BELL COUNTY/12,Pre-kindergarten,4501
2012-2013,12,BELL COUNTY/12,Kindergarten,5773
2012-2013,12,BELL COUNTY/12,Grade  1,5792
2012-2013,12,BELL COUNTY/12,Grade  2,5422
2012-2013,12,BELL COUNTY/12,Grade  3,5047
2012-2013,12,BELL COUNTY/12,Grade  4,5047
2012-2013,12,BELL COUNTY/12,Grade  5,4956
2012-2013,12,BELL COUNTY/12,Grade  6,4884
2012-2013,12,BELL COUNTY/12,Grade  7,4758
2012-2013,12,BELL COUNTY/12,Grade  8,4513
2012-2013,12,BELL COUNTY/12,Grade  9,5076
2012-2013,12,BELL COUNTY/12,Grade 10,4205
2012-2013,12,BELL COUNTY/12,Grade 11,3756
2012-2013,12,BELL COUNTY/12,Grade 12,3591
2012-2013,13,BELL COUNTY/13,Pre-kindergarten,38
2012-2013,13,BELL COUNTY/13,Kindergarten,42
2012-2013,13,BELL COUNTY/13,Grade  1,31
2012-2013,13,BELL COUNTY/13,Grade  2,29
2012-2013,13,BELL COUNTY/13,Grade  3,24
2012-2013,13,BELL COUNTY/13,Grade  4,30
2012-2013,13,BELL COUNTY/13,Grade  5,19
2012-2013,13,BELL COUNTY/13,Grade  6,31
2012-2013,13,BELL COUNTY/13,Grade  7,23
2012-2013,13,BELL COUNTY/13,Grade  8,30
2012-2013,13,BELL COUNTY/13,Grade  9,26
2012-2013,13,BELL COUNTY/13,Grade 10,26
2012-2013,13,BELL COUNTY/13,Grade 11,36
2012-2013,13,BELL COUNTY/13,Grade 12,36
2012-2013,AL,BELL COUNTY/ALL,Early Education,239
2012-2013,AL,BELL COUNTY/ALL,Pre-kindergarten,4539
2012-2013,AL,BELL COUNTY/ALL,Kindergarten,5815
2012-2013,AL,BELL COUNTY/ALL,Grade  1,5823
2012-2013,AL,BELL COUNTY/ALL,Grade  2,5451
2012-2013,AL,BELL COUNTY/ALL,Grade  3,5071
2012-2013,AL,BELL COUNTY/ALL,Grade  4,5077
2012-2013,AL,BELL COUNTY/ALL,Grade  5,4975
2012-2013,AL,BELL COUNTY/ALL,Grade  6,4915
2012-2013,AL,BELL COUNTY/ALL,Grade  7,4781
2012-2013,AL,BELL COUNTY/ALL,Grade  8,4543
2012-2013,AL,BELL COUNTY/ALL,Grade  9,5102
2012-2013,AL,BELL COUNTY/ALL,Grade 10,4231
2012-2013,AL,BELL COUNTY/ALL,Grade 11,3792
2012-2013,AL,BELL COUNTY/ALL,Grade 12,3627
2012-2013,20,BEXAR COUNTY,Early Education,1462
2012-2013,20,BEXAR COUNTY,Pre-kindergarten,16651
2012-2013,20,BEXAR COUNTY,Kindergarten,25966
2012-2013,20,BEXAR COUNTY,Grade  1,26288
2012-2013,20,BEXAR COUNTY,Grade  2,26059
2012-2013,20,BEXAR COUNTY,Grade  3,25806
2012-2013,20,BEXAR COUNTY,Grade  4,25282
2012-2013,20,BEXAR COUNTY,Grade  5,25166
2012-2013,20,BEXAR COUNTY,Grade  6,25140
2012-2013,20,BEXAR COUNTY,Grade  7,25251
2012-2013,20,BEXAR COUNTY,Grade  8,24632
2012-2013,20,BEXAR COUNTY,Grade  9,27584
2012-2013,20,BEXAR COUNTY,Grade 10,23604
2012-2013,20,BEXAR COUNTY,Grade 11,21583
2012-2013,20,BEXAR COUNTY,Grade 12,19556
2012-2013,13,BLANCO COUNTY,Early Education,21
2012-2013,13,BLANCO COUNTY,Pre-kindergarten,30
2012-2013,13,BLANCO COUNTY,Kindergarten,118
2012-2013,13,BLANCO COUNTY,Grade  1,115
2012-2013,13,BLANCO COUNTY,Grade  2,138
2012-2013,13,BLANCO COUNTY,Grade  3,123
2012-2013,13,BLANCO COUNTY,Grade  4,102
2012-2013,13,BLANCO COUNTY,Grade  5,129
2012-2013,13,BLANCO COUNTY,Grade  6,124
2012-2013,13,BLANCO COUNTY,Grade  7,141
2012-2013,13,BLANCO COUNTY,Grade  8,141
2012-2013,13,BLANCO COUNTY,Grade  9,129
2012-2013,13,BLANCO COUNTY,Grade 10,128
2012-2013,13,BLANCO COUNTY,Grade 11,113
2012-2013,13,BLANCO COUNTY,Grade 12,124
2012-2013,17,BORDEN COUNTY,Early Education,-9999999
2012-2013,17,BORDEN COUNTY,Kindergarten,12
2012-2013,17,BORDEN COUNTY,Grade  1,21
2012-2013,17,BORDEN COUNTY,Grade  2,21
2012-2013,17,BORDEN COUNTY,Grade  3,18
2012-2013,17,BORDEN COUNTY,Grade  4,26
2012-2013,17,BORDEN COUNTY,Grade  5,21
2012-2013,17,BORDEN COUNTY,Grade  6,18
2012-2013,17,BORDEN COUNTY,Grade  7,19
2012-2013,17,BORDEN COUNTY,Grade  8,15
2012-2013,17,BORDEN COUNTY,Grade  9,21
2012-2013,17,BORDEN COUNTY,Grade 10,15
2012-2013,17,BORDEN COUNTY,Grade 11,15
2012-2013,17,BORDEN COUNTY,Grade 12,16
2012-2013,12,BOSQUE COUNTY,Early Education,5
2012-2013,12,BOSQUE COUNTY,Pre-kindergarten,117
2012-2013,12,BOSQUE COUNTY,Kindergarten,229
2012-2013,12,BOSQUE COUNTY,Grade  1,224
2012-2013,12,BOSQUE COUNTY,Grade  2,221
2012-2013,12,BOSQUE COUNTY,Grade  3,204
2012-2013,12,BOSQUE COUNTY,Grade  4,183
2012-2013,12,BOSQUE COUNTY,Grade  5,219
2012-2013,12,BOSQUE COUNTY,Grade  6,207
2012-2013,12,BOSQUE COUNTY,Grade  7,239
2012-2013,12,BOSQUE COUNTY,Grade  8,239
2012-2013,12,BOSQUE COUNTY,Grade  9,212
2012-2013,12,BOSQUE COUNTY,Grade 10,223
2012-2013,12,BOSQUE COUNTY,Grade 11,199
2012-2013,12,BOSQUE COUNTY,Grade 12,207
2012-2013,8,BOWIE COUNTY,Early Education,53
2012-2013,8,BOWIE COUNTY,Pre-kindergarten,1143
2012-2013,8,BOWIE COUNTY,Kindergarten,1380
2012-2013,8,BOWIE COUNTY,Grade  1,1327
2012-2013,8,BOWIE COUNTY,Grade  2,1293
2012-2013,8,BOWIE COUNTY,Grade  3,1276
2012-2013,8,BOWIE COUNTY,Grade  4,1297
2012-2013,8,BOWIE COUNTY,Grade  5,1306
2012-2013,8,BOWIE COUNTY,Grade  6,1352
2012-2013,8,BOWIE COUNTY,Grade  7,1341
2012-2013,8,BOWIE COUNTY,Grade  8,1344
2012-2013,8,BOWIE COUNTY,Grade  9,1321
2012-2013,8,BOWIE COUNTY,Grade 10,1232
2012-2013,8,BOWIE COUNTY,Grade 11,1202
2012-2013,8,BOWIE COUNTY,Grade 12,1140
2012-2013,4,BRAZORIA COUNTY,Early Education,283
2012-2013,4,BRAZORIA COUNTY,Pre-kindergarten,2086
2012-2013,4,BRAZORIA COUNTY,Kindergarten,4689
2012-2013,4,BRAZORIA COUNTY,Grade  1,4896
2012-2013,4,BRAZORIA COUNTY,Grade  2,4865
2012-2013,4,BRAZORIA COUNTY,Grade  3,4724
2012-2013,4,BRAZORIA COUNTY,Grade  4,4890
2012-2013,4,BRAZORIA COUNTY,Grade  5,4846
2012-2013,4,BRAZORIA COUNTY,Grade  6,4831
2012-2013,4,BRAZORIA COUNTY,Grade  7,4989
2012-2013,4,BRAZORIA COUNTY,Grade  8,4708
2012-2013,4,BRAZORIA COUNTY,Grade  9,5023
2012-2013,4,BRAZORIA COUNTY,Grade 10,4581
2012-2013,4,BRAZORIA COUNTY,Grade 11,4233
2012-2013,4,BRAZORIA COUNTY,Grade 12,3816
2012-2013,6,BRAZOS COUNTY,Early Education,186
2012-2013,6,BRAZOS COUNTY,Pre-kindergarten,1098
2012-2013,6,BRAZOS COUNTY,Kindergarten,2505
2012-2013,6,BRAZOS COUNTY,Grade  1,2437
2012-2013,6,BRAZOS COUNTY,Grade  2,2395
2012-2013,6,BRAZOS COUNTY,Grade  3,2181
2012-2013,6,BRAZOS COUNTY,Grade  4,2189
2012-2013,6,BRAZOS COUNTY,Grade  5,2067
2012-2013,6,BRAZOS COUNTY,Grade  6,2103
2012-2013,6,BRAZOS COUNTY,Grade  7,1985
2012-2013,6,BRAZOS COUNTY,Grade  8,1899
2012-2013,6,BRAZOS COUNTY,Grade  9,2216
2012-2013,6,BRAZOS COUNTY,Grade 10,1791
2012-2013,6,BRAZOS COUNTY,Grade 11,1534
2012-2013,6,BRAZOS COUNTY,Grade 12,1531
2012-2013,18,BREWSTER COUNTY,Early Education,-9999999
2012-2013,18,BREWSTER COUNTY,Pre-kindergarten,53
2012-2013,18,BREWSTER COUNTY,Kindergarten,97
2012-2013,18,BREWSTER COUNTY,Grade  1,119
2012-2013,18,BREWSTER COUNTY,Grade  2,95
2012-2013,18,BREWSTER COUNTY,Grade  3,92
2012-2013,18,BREWSTER COUNTY,Grade  4,92
2012-2013,18,BREWSTER COUNTY,Grade  5,98
2012-2013,18,BREWSTER COUNTY,Grade  6,84
2012-2013,18,BREWSTER COUNTY,Grade  7,112
2012-2013,18,BREWSTER COUNTY,Grade  8,90
2012-2013,18,BREWSTER COUNTY,Grade  9,93
2012-2013,18,BREWSTER COUNTY,Grade 10,80
2012-2013,18,BREWSTER COUNTY,Grade 11,79
2012-2013,18,BREWSTER COUNTY,Grade 12,78
2012-2013,16,BRISCOE COUNTY,Pre-kindergarten,10
2012-2013,16,BRISCOE COUNTY,Kindergarten,13
2012-2013,16,BRISCOE COUNTY,Grade  1,21
2012-2013,16,BRISCOE COUNTY,Grade  2,15
2012-2013,16,BRISCOE COUNTY,Grade  3,12
2012-2013,16,BRISCOE COUNTY,Grade  4,14
2012-2013,16,BRISCOE COUNTY,Grade  5,15
2012-2013,16,BRISCOE COUNTY,Grade  6,18
2012-2013,16,BRISCOE COUNTY,Grade  7,14
2012-2013,16,BRISCOE COUNTY,Grade  8,15
2012-2013,16,BRISCOE COUNTY,Grade  9,14
2012-2013,16,BRISCOE COUNTY,Grade 10,8
2012-2013,16,BRISCOE COUNTY,Grade 11,11
2012-2013,16,BRISCOE COUNTY,Grade 12,15
2012-2013,2,BROOKS COUNTY,Early Education,14
2012-2013,2,BROOKS COUNTY,Pre-kindergarten,78
2012-2013,2,BROOKS COUNTY,Kindergarten,129
2012-2013,2,BROOKS COUNTY,Grade  1,141
2012-2013,2,BROOKS COUNTY,Grade  2,93
2012-2013,2,BROOKS COUNTY,Grade  3,121
2012-2013,2,BROOKS COUNTY,Grade  4,85
2012-2013,2,BROOKS COUNTY,Grade  5,99
2012-2013,2,BROOKS COUNTY,Grade  6,125
2012-2013,2,BROOKS COUNTY,Grade  7,124
2012-2013,2,BROOKS COUNTY,Grade  8,116
2012-2013,2,BROOKS COUNTY,Grade  9,135
2012-2013,2,BROOKS COUNTY,Grade 10,109
2012-2013,2,BROOKS COUNTY,Grade 11,82
2012-2013,2,BROOKS COUNTY,Grade 12,88
2012-2013,15,BROWN COUNTY,Early Education,39
2012-2013,15,BROWN COUNTY,Pre-kindergarten,235
2012-2013,15,BROWN COUNTY,Kindergarten,537
2012-2013,15,BROWN COUNTY,Grade  1,468
2012-2013,15,BROWN COUNTY,Grade  2,503
2012-2013,15,BROWN COUNTY,Grade  3,504
2012-2013,15,BROWN COUNTY,Grade  4,465
2012-2013,15,BROWN COUNTY,Grade  5,530
2012-2013,15,BROWN COUNTY,Grade  6,532
2012-2013,15,BROWN COUNTY,Grade  7,507
2012-2013,15,BROWN COUNTY,Grade  8,503
2012-2013,15,BROWN COUNTY,Grade  9,513
2012-2013,15,BROWN COUNTY,Grade 10,448
2012-2013,15,BROWN COUNTY,Grade 11,453
2012-2013,15,BROWN COUNTY,Grade 12,405
2012-2013,6,BURLESON COUNTY,Early Education,6
2012-2013,6,BURLESON COUNTY,Pre-kindergarten,153
2012-2013,6,BURLESON COUNTY,Kindergarten,225
2012-2013,6,BURLESON COUNTY,Grade  1,195
2012-2013,6,BURLESON COUNTY,Grade  2,220
2012-2013,6,BURLESON COUNTY,Grade  3,215
2012-2013,6,BURLESON COUNTY,Grade  4,198
2012-2013,6,BURLESON COUNTY,Grade  5,187
2012-2013,6,BURLESON COUNTY,Grade  6,214
2012-2013,6,BURLESON COUNTY,Grade  7,222
2012-2013,6,BURLESON COUNTY,Grade  8,206
2012-2013,6,BURLESON COUNTY,Grade  9,212
2012-2013,6,BURLESON COUNTY,Grade 10,194
2012-2013,6,BURLESON COUNTY,Grade 11,218
2012-2013,6,BURLESON COUNTY,Grade 12,172
2012-2013,13,BURNET COUNTY,Early Education,23
2012-2013,13,BURNET COUNTY,Pre-kindergarten,297
2012-2013,13,BURNET COUNTY,Kindergarten,494
2012-2013,13,BURNET COUNTY,Grade  1,547
2012-2013,13,BURNET COUNTY,Grade  2,541
2012-2013,13,BURNET COUNTY,Grade  3,503
2012-2013,13,BURNET COUNTY,Grade  4,520
2012-2013,13,BURNET COUNTY,Grade  5,546
2012-2013,13,BURNET COUNTY,Grade  6,557
2012-2013,13,BURNET COUNTY,Grade  7,549
2012-2013,13,BURNET COUNTY,Grade  8,554
2012-2013,13,BURNET COUNTY,Grade  9,601
2012-2013,13,BURNET COUNTY,Grade 10,537
2012-2013,13,BURNET COUNTY,Grade 11,503
2012-2013,13,BURNET COUNTY,Grade 12,487
2012-2013,13,CALDWELL COUNTY,Early Education,23
2012-2013,13,CALDWELL COUNTY,Pre-kindergarten,366
2012-2013,13,CALDWELL COUNTY,Kindergarten,499
2012-2013,13,CALDWELL COUNTY,Grade  1,492
2012-2013,13,CALDWELL COUNTY,Grade  2,500
2012-2013,13,CALDWELL COUNTY,Grade  3,497
2012-2013,13,CALDWELL COUNTY,Grade  4,479
2012-2013,13,CALDWELL COUNTY,Grade  5,445
2012-2013,13,CALDWELL COUNTY,Grade  6,525
2012-2013,13,CALDWELL COUNTY,Grade  7,470
2012-2013,13,CALDWELL COUNTY,Grade  8,510
2012-2013,13,CALDWELL COUNTY,Grade  9,477
2012-2013,13,CALDWELL COUNTY,Grade 10,454
2012-2013,13,CALDWELL COUNTY,Grade 11,442
2012-2013,13,CALDWELL COUNTY,Grade 12,415
2012-2013,3,CALHOUN COUNTY,Early Education,9
2012-2013,3,CALHOUN COUNTY,Pre-kindergarten,207
2012-2013,3,CALHOUN COUNTY,Kindergarten,331
2012-2013,3,CALHOUN COUNTY,Grade  1,324
2012-2013,3,CALHOUN COUNTY,Grade  2,286
2012-2013,3,CALHOUN COUNTY,Grade  3,316
2012-2013,3,CALHOUN COUNTY,Grade  4,324
2012-2013,3,CALHOUN COUNTY,Grade  5,331
2012-2013,3,CALHOUN COUNTY,Grade  6,296
2012-2013,3,CALHOUN COUNTY,Grade  7,326
2012-2013,3,CALHOUN COUNTY,Grade  8,350
2012-2013,3,CALHOUN COUNTY,Grade  9,316
2012-2013,3,CALHOUN COUNTY,Grade 10,316
2012-2013,3,CALHOUN COUNTY,Grade 11,268
2012-2013,3,CALHOUN COUNTY,Grade 12,256
2012-2013,14,CALLAHAN COUNTY,Early Education,9
2012-2013,14,CALLAHAN COUNTY,Pre-kindergarten,117
2012-2013,14,CALLAHAN COUNTY,Kindergarten,185
2012-2013,14,CALLAHAN COUNTY,Grade  1,170
2012-2013,14,CALLAHAN COUNTY,Grade  2,171
2012-2013,14,CALLAHAN COUNTY,Grade  3,178
2012-2013,14,CALLAHAN COUNTY,Grade  4,169
2012-2013,14,CALLAHAN COUNTY,Grade  5,194
2012-2013,14,CALLAHAN COUNTY,Grade  6,199
2012-2013,14,CALLAHAN COUNTY,Grade  7,186
2012-2013,14,CALLAHAN COUNTY,Grade  8,183
2012-2013,14,CALLAHAN COUNTY,Grade  9,189
2012-2013,14,CALLAHAN COUNTY,Grade 10,174
2012-2013,14,CALLAHAN COUNTY,Grade 11,156
2012-2013,14,CALLAHAN COUNTY,Grade 12,156
2012-2013,1,CAMERON COUNTY,Early Education,698
2012-2013,1,CAMERON COUNTY,Pre-kindergarten,6005
2012-2013,1,CAMERON COUNTY,Kindergarten,6823
2012-2013,1,CAMERON COUNTY,Grade  1,7539
2012-2013,1,CAMERON COUNTY,Grade  2,7550
2012-2013,1,CAMERON COUNTY,Grade  3,7364
2012-2013,1,CAMERON COUNTY,Grade  4,7351
2012-2013,1,CAMERON COUNTY,Grade  5,7392
2012-2013,1,CAMERON COUNTY,Grade  6,7526
2012-2013,1,CAMERON COUNTY,Grade  7,7766
2012-2013,1,CAMERON COUNTY,Grade  8,7750
2012-2013,1,CAMERON COUNTY,Grade  9,9276
2012-2013,1,CAMERON COUNTY,Grade 10,7024
2012-2013,1,CAMERON COUNTY,Grade 11,7299
2012-2013,1,CAMERON COUNTY,Grade 12,6222
2012-2013,8,CAMP COUNTY,Early Education,11
2012-2013,8,CAMP COUNTY,Pre-kindergarten,109
2012-2013,8,CAMP COUNTY,Kindergarten,196
2012-2013,8,CAMP COUNTY,Grade  1,210
2012-2013,8,CAMP COUNTY,Grade  2,191
2012-2013,8,CAMP COUNTY,Grade  3,190
2012-2013,8,CAMP COUNTY,Grade  4,181
2012-2013,8,CAMP COUNTY,Grade  5,179
2012-2013,8,CAMP COUNTY,Grade  6,159
2012-2013,8,CAMP COUNTY,Grade  7,189
2012-2013,8,CAMP COUNTY,Grade  8,212
2012-2013,8,CAMP COUNTY,Grade  9,202
2012-2013,8,CAMP COUNTY,Grade 10,181
2012-2013,8,CAMP COUNTY,Grade 11,157
2012-2013,8,CAMP COUNTY,Grade 12,153
2012-2013,16,CARSON COUNTY,Pre-kindergarten,44
2012-2013,16,CARSON COUNTY,Kindergarten,93
2012-2013,16,CARSON COUNTY,Grade  1,87
2012-2013,16,CARSON COUNTY,Grade  2,81
2012-2013,16,CARSON COUNTY,Grade  3,93
2012-2013,16,CARSON COUNTY,Grade  4,98
2012-2013,16,CARSON COUNTY,Grade  5,88
2012-2013,16,CARSON COUNTY,Grade  6,86
2012-2013,16,CARSON COUNTY,Grade  7,78
2012-2013,16,CARSON COUNTY,Grade  8,98
2012-2013,16,CARSON COUNTY,Grade  9,98
2012-2013,16,CARSON COUNTY,Grade 10,77
2012-2013,16,CARSON COUNTY,Grade 11,89
2012-2013,16,CARSON COUNTY,Grade 12,85
2012-2013,8,CASS COUNTY,Early Education,29
2012-2013,8,CASS COUNTY,Pre-kindergarten,272
2012-2013,8,CASS COUNTY,Kindergarten,404
2012-2013,8,CASS COUNTY,Grade  1,422
2012-2013,8,CASS COUNTY,Grade  2,402
2012-2013,8,CASS COUNTY,Grade  3,399
2012-2013,8,CASS COUNTY,Grade  4,422
2012-2013,8,CASS COUNTY,Grade  5,403
2012-2013,8,CASS COUNTY,Grade  6,404
2012-2013,8,CASS COUNTY,Grade  7,426
2012-2013,8,CASS COUNTY,Grade  8,430
2012-2013,8,CASS COUNTY,Grade  9,438
2012-2013,8,CASS COUNTY,Grade 10,401
2012-2013,8,CASS COUNTY,Grade 11,388
2012-2013,8,CASS COUNTY,Grade 12,406
2012-2013,16,CASTRO COUNTY,Early Education,-9999999
2012-2013,16,CASTRO COUNTY,Pre-kindergarten,133
2012-2013,16,CASTRO COUNTY,Kindergarten,134
2012-2013,16,CASTRO COUNTY,Grade  1,122
2012-2013,16,CASTRO COUNTY,Grade  2,128
2012-2013,16,CASTRO COUNTY,Grade  3,137
2012-2013,16,CASTRO COUNTY,Grade  4,120
2012-2013,16,CASTRO COUNTY,Grade  5,115
2012-2013,16,CASTRO COUNTY,Grade  6,138
2012-2013,16,CASTRO COUNTY,Grade  7,135
2012-2013,16,CASTRO COUNTY,Grade  8,130
2012-2013,16,CASTRO COUNTY,Grade  9,123
2012-2013,16,CASTRO COUNTY,Grade 10,126
2012-2013,16,CASTRO COUNTY,Grade 11,94
2012-2013,16,CASTRO COUNTY,Grade 12,105
2012-2013,4,CHAMBERS COUNTY/04,Early Education,30
2012-2013,4,CHAMBERS COUNTY/04,Pre-kindergarten,117
2012-2013,4,CHAMBERS COUNTY/04,Kindergarten,406
2012-2013,4,CHAMBERS COUNTY/04,Grade  1,460
2012-2013,4,CHAMBERS COUNTY/04,Grade  2,403
2012-2013,4,CHAMBERS COUNTY/04,Grade  3,448
2012-2013,4,CHAMBERS COUNTY/04,Grade  4,401
2012-2013,4,CHAMBERS COUNTY/04,Grade  5,428
2012-2013,4,CHAMBERS COUNTY/04,Grade  6,436
2012-2013,4,CHAMBERS COUNTY/04,Grade  7,531
2012-2013,4,CHAMBERS COUNTY/04,Grade  8,459
2012-2013,4,CHAMBERS COUNTY/04,Grade  9,426
2012-2013,4,CHAMBERS COUNTY/04,Grade 10,430
2012-2013,4,CHAMBERS COUNTY/04,Grade 11,408
2012-2013,4,CHAMBERS COUNTY/04,Grade 12,371
2012-2013,5,CHAMBERS COUNTY/05,Early Education,5
2012-2013,5,CHAMBERS COUNTY/05,Pre-kindergarten,73
2012-2013,5,CHAMBERS COUNTY/05,Kindergarten,98
2012-2013,5,CHAMBERS COUNTY/05,Grade  1,109
2012-2013,5,CHAMBERS COUNTY/05,Grade  2,116
2012-2013,5,CHAMBERS COUNTY/05,Grade  3,90
2012-2013,5,CHAMBERS COUNTY/05,Grade  4,82
2012-2013,5,CHAMBERS COUNTY/05,Grade  5,110
2012-2013,5,CHAMBERS COUNTY/05,Grade  6,113
2012-2013,5,CHAMBERS COUNTY/05,Grade  7,109
2012-2013,5,CHAMBERS COUNTY/05,Grade  8,87
2012-2013,5,CHAMBERS COUNTY/05,Grade  9,107
2012-2013,5,CHAMBERS COUNTY/05,Grade 10,80
2012-2013,5,CHAMBERS COUNTY/05,Grade 11,111
2012-2013,5,CHAMBERS COUNTY/05,Grade 12,86
2012-2013,AL,CHAMBERS COUNTY/ALL,Early Education,35
2012-2013,AL,CHAMBERS COUNTY/ALL,Pre-kindergarten,190
2012-2013,AL,CHAMBERS COUNTY/ALL,Kindergarten,504
2012-2013,AL,CHAMBERS COUNTY/ALL,Grade  1,569
2012-2013,AL,CHAMBERS COUNTY/ALL,Grade  2,519
2012-2013,AL,CHAMBERS COUNTY/ALL,Grade  3,538
2012-2013,AL,CHAMBERS COUNTY/ALL,Grade  4,483
2012-2013,AL,CHAMBERS COUNTY/ALL,Grade  5,538
2012-2013,AL,CHAMBERS COUNTY/ALL,Grade  6,549
2012-2013,AL,CHAMBERS COUNTY/ALL,Grade  7,640
2012-2013,AL,CHAMBERS COUNTY/ALL,Grade  8,546
2012-2013,AL,CHAMBERS COUNTY/ALL,Grade  9,533
2012-2013,AL,CHAMBERS COUNTY/ALL,Grade 10,510
2012-2013,AL,CHAMBERS COUNTY/ALL,Grade 11,519
2012-2013,AL,CHAMBERS COUNTY/ALL,Grade 12,457
2012-2013,7,CHEROKEE COUNTY,Early Education,14
2012-2013,7,CHEROKEE COUNTY,Pre-kindergarten,440
2012-2013,7,CHEROKEE COUNTY,Kindergarten,664
2012-2013,7,CHEROKEE COUNTY,Grade  1,708
2012-2013,7,CHEROKEE COUNTY,Grade  2,723
2012-2013,7,CHEROKEE COUNTY,Grade  3,656
2012-2013,7,CHEROKEE COUNTY,Grade  4,598
2012-2013,7,CHEROKEE COUNTY,Grade  5,669
2012-2013,7,CHEROKEE COUNTY,Grade  6,644
2012-2013,7,CHEROKEE COUNTY,Grade  7,621
2012-2013,7,CHEROKEE COUNTY,Grade  8,635
2012-2013,7,CHEROKEE COUNTY,Grade  9,682
2012-2013,7,CHEROKEE COUNTY,Grade 10,561
2012-2013,7,CHEROKEE COUNTY,Grade 11,504
2012-2013,7,CHEROKEE COUNTY,Grade 12,452
2012-2013,16,CHILDRESS COUNTY,Early Education,-9999999
2012-2013,16,CHILDRESS COUNTY,Pre-kindergarten,36
2012-2013,16,CHILDRESS COUNTY,Kindergarten,104
2012-2013,16,CHILDRESS COUNTY,Grade  1,88
2012-2013,16,CHILDRESS COUNTY,Grade  2,78
2012-2013,16,CHILDRESS COUNTY,Grade  3,92
2012-2013,16,CHILDRESS COUNTY,Grade  4,85
2012-2013,16,CHILDRESS COUNTY,Grade  5,100
2012-2013,16,CHILDRESS COUNTY,Grade  6,81
2012-2013,16,CHILDRESS COUNTY,Grade  7,69
2012-2013,16,CHILDRESS COUNTY,Grade  8,95
2012-2013,16,CHILDRESS COUNTY,Grade  9,68
2012-2013,16,CHILDRESS COUNTY,Grade 10,96
2012-2013,16,CHILDRESS COUNTY,Grade 11,72
2012-2013,16,CHILDRESS COUNTY,Grade 12,70
2012-2013,9,CLAY COUNTY,Early Education,5
2012-2013,9,CLAY COUNTY,Pre-kindergarten,80
2012-2013,9,CLAY COUNTY,Kindergarten,110
2012-2013,9,CLAY COUNTY,Grade  1,116
2012-2013,9,CLAY COUNTY,Grade  2,123
2012-2013,9,CLAY COUNTY,Grade  3,123
2012-2013,9,CLAY COUNTY,Grade  4,97
2012-2013,9,CLAY COUNTY,Grade  5,124
2012-2013,9,CLAY COUNTY,Grade  6,115
2012-2013,9,CLAY COUNTY,Grade  7,135
2012-2013,9,CLAY COUNTY,Grade  8,115
2012-2013,9,CLAY COUNTY,Grade  9,124
2012-2013,9,CLAY COUNTY,Grade 10,132
2012-2013,9,CLAY COUNTY,Grade 11,118
2012-2013,9,CLAY COUNTY,Grade 12,125
2012-2013,17,COCHRAN COUNTY,Pre-kindergarten,62
2012-2013,17,COCHRAN COUNTY,Kindergarten,67
2012-2013,17,COCHRAN COUNTY,Grade  1,61
2012-2013,17,COCHRAN COUNTY,Grade  2,54
2012-2013,17,COCHRAN COUNTY,Grade  3,58
2012-2013,17,COCHRAN COUNTY,Grade  4,58
2012-2013,17,COCHRAN COUNTY,Grade  5,61
2012-2013,17,COCHRAN COUNTY,Grade  6,53
2012-2013,17,COCHRAN COUNTY,Grade  7,47
2012-2013,17,COCHRAN COUNTY,Grade  8,61
2012-2013,17,COCHRAN COUNTY,Grade  9,53
2012-2013,17,COCHRAN COUNTY,Grade 10,56
2012-2013,17,COCHRAN COUNTY,Grade 11,49
2012-2013,17,COCHRAN COUNTY,Grade 12,38
2012-2013,15,COKE COUNTY,Early Education,-9999999
2012-2013,15,COKE COUNTY,Pre-kindergarten,30
2012-2013,15,COKE COUNTY,Kindergarten,33
2012-2013,15,COKE COUNTY,Grade  1,36
2012-2013,15,COKE COUNTY,Grade  2,32
2012-2013,15,COKE COUNTY,Grade  3,28
2012-2013,15,COKE COUNTY,Grade  4,28
2012-2013,15,COKE COUNTY,Grade  5,27
2012-2013,15,COKE COUNTY,Grade  6,46
2012-2013,15,COKE COUNTY,Grade  7,43
2012-2013,15,COKE COUNTY,Grade  8,50
2012-2013,15,COKE COUNTY,Grade  9,41
2012-2013,15,COKE COUNTY,Grade 10,36
2012-2013,15,COKE COUNTY,Grade 11,35
2012-2013,15,COKE COUNTY,Grade 12,36
2012-2013,15,COLEMAN COUNTY,Early Education,-9999999
2012-2013,15,COLEMAN COUNTY,Pre-kindergarten,55
2012-2013,15,COLEMAN COUNTY,Kindergarten,111
2012-2013,15,COLEMAN COUNTY,Grade  1,90
2012-2013,15,COLEMAN COUNTY,Grade  2,103
2012-2013,15,COLEMAN COUNTY,Grade  3,98
2012-2013,15,COLEMAN COUNTY,Grade  4,107
2012-2013,15,COLEMAN COUNTY,Grade  5,82
2012-2013,15,COLEMAN COUNTY,Grade  6,100
2012-2013,15,COLEMAN COUNTY,Grade  7,101
2012-2013,15,COLEMAN COUNTY,Grade  8,104
2012-2013,15,COLEMAN COUNTY,Grade  9,92
2012-2013,15,COLEMAN COUNTY,Grade 10,102
2012-2013,15,COLEMAN COUNTY,Grade 11,81
2012-2013,15,COLEMAN COUNTY,Grade 12,77
2012-2013,10,COLLIN COUNTY,Early Education,1432
2012-2013,10,COLLIN COUNTY,Pre-kindergarten,2886
2012-2013,10,COLLIN COUNTY,Kindergarten,13417
2012-2013,10,COLLIN COUNTY,Grade  1,13804
2012-2013,10,COLLIN COUNTY,Grade  2,14049
2012-2013,10,COLLIN COUNTY,Grade  3,14341
2012-2013,10,COLLIN COUNTY,Grade  4,14153
2012-2013,10,COLLIN COUNTY,Grade  5,13967
2012-2013,10,COLLIN COUNTY,Grade  6,14135
2012-2013,10,COLLIN COUNTY,Grade  7,13934
2012-2013,10,COLLIN COUNTY,Grade  8,13672
2012-2013,10,COLLIN COUNTY,Grade  9,13694
2012-2013,10,COLLIN COUNTY,Grade 10,12529
2012-2013,10,COLLIN COUNTY,Grade 11,11814
2012-2013,10,COLLIN COUNTY,Grade 12,11343
2012-2013,16,COLLINGSWORTH COUNTY,Early Education,5
2012-2013,16,COLLINGSWORTH COUNTY,Pre-kindergarten,40
2012-2013,16,COLLINGSWORTH COUNTY,Kindergarten,49
2012-2013,16,COLLINGSWORTH COUNTY,Grade  1,59
2012-2013,16,COLLINGSWORTH COUNTY,Grade  2,39
2012-2013,16,COLLINGSWORTH COUNTY,Grade  3,35
2012-2013,16,COLLINGSWORTH COUNTY,Grade  4,41
2012-2013,16,COLLINGSWORTH COUNTY,Grade  5,43
2012-2013,16,COLLINGSWORTH COUNTY,Grade  6,42
2012-2013,16,COLLINGSWORTH COUNTY,Grade  7,38
2012-2013,16,COLLINGSWORTH COUNTY,Grade  8,38
2012-2013,16,COLLINGSWORTH COUNTY,Grade  9,45
2012-2013,16,COLLINGSWORTH COUNTY,Grade 10,38
2012-2013,16,COLLINGSWORTH COUNTY,Grade 11,42
2012-2013,16,COLLINGSWORTH COUNTY,Grade 12,35
2012-2013,3,COLORADO COUNTY,Early Education,14
2012-2013,3,COLORADO COUNTY,Pre-kindergarten,200
2012-2013,3,COLORADO COUNTY,Kindergarten,283
2012-2013,3,COLORADO COUNTY,Grade  1,252
2012-2013,3,COLORADO COUNTY,Grade  2,237
2012-2013,3,COLORADO COUNTY,Grade  3,220
2012-2013,3,COLORADO COUNTY,Grade  4,242
2012-2013,3,COLORADO COUNTY,Grade  5,227
2012-2013,3,COLORADO COUNTY,Grade  6,240
2012-2013,3,COLORADO COUNTY,Grade  7,275
2012-2013,3,COLORADO COUNTY,Grade  8,260
2012-2013,3,COLORADO COUNTY,Grade  9,263
2012-2013,3,COLORADO COUNTY,Grade 10,298
2012-2013,3,COLORADO COUNTY,Grade 11,233
2012-2013,3,COLORADO COUNTY,Grade 12,265
2012-2013,13,COMAL COUNTY,Early Education,175
2012-2013,13,COMAL COUNTY,Pre-kindergarten,428
2012-2013,13,COMAL COUNTY,Kindergarten,1957
2012-2013,13,COMAL COUNTY,Grade  1,2007
2012-2013,13,COMAL COUNTY,Grade  2,2057
2012-2013,13,COMAL COUNTY,Grade  3,2085
2012-2013,13,COMAL COUNTY,Grade  4,2072
2012-2013,13,COMAL COUNTY,Grade  5,2068
2012-2013,13,COMAL COUNTY,Grade  6,2048
2012-2013,13,COMAL COUNTY,Grade  7,2125
2012-2013,13,COMAL COUNTY,Grade  8,2090
2012-2013,13,COMAL COUNTY,Grade  9,2120
2012-2013,13,COMAL COUNTY,Grade 10,2115
2012-2013,13,COMAL COUNTY,Grade 11,1853
2012-2013,13,COMAL COUNTY,Grade 12,1734
2012-2013,14,COMANCHE COUNTY,Early Education,6
2012-2013,14,COMANCHE COUNTY,Pre-kindergarten,96
2012-2013,14,COMANCHE COUNTY,Kindergarten,184
2012-2013,14,COMANCHE COUNTY,Grade  1,184
2012-2013,14,COMANCHE COUNTY,Grade  2,179
2012-2013,14,COMANCHE COUNTY,Grade  3,173
2012-2013,14,COMANCHE COUNTY,Grade  4,149
2012-2013,14,COMANCHE COUNTY,Grade  5,167
2012-2013,14,COMANCHE COUNTY,Grade  6,160
2012-2013,14,COMANCHE COUNTY,Grade  7,154
2012-2013,14,COMANCHE COUNTY,Grade  8,175
2012-2013,14,COMANCHE COUNTY,Grade  9,184
2012-2013,14,COMANCHE COUNTY,Grade 10,149
2012-2013,14,COMANCHE COUNTY,Grade 11,135
2012-2013,14,COMANCHE COUNTY,Grade 12,131
2012-2013,15,CONCHO COUNTY,Early Education,-9999999
2012-2013,15,CONCHO COUNTY,Pre-kindergarten,18
2012-2013,15,CONCHO COUNTY,Kindergarten,38
2012-2013,15,CONCHO COUNTY,Grade  1,37
2012-2013,15,CONCHO COUNTY,Grade  2,37
2012-2013,15,CONCHO COUNTY,Grade  3,39
2012-2013,15,CONCHO COUNTY,Grade  4,27
2012-2013,15,CONCHO COUNTY,Grade  5,38
2012-2013,15,CONCHO COUNTY,Grade  6,32
2012-2013,15,CONCHO COUNTY,Grade  7,36
2012-2013,15,CONCHO COUNTY,Grade  8,34
2012-2013,15,CONCHO COUNTY,Grade  9,43
2012-2013,15,CONCHO COUNTY,Grade 10,40
2012-2013,15,CONCHO COUNTY,Grade 11,24
2012-2013,15,CONCHO COUNTY,Grade 12,39
2012-2013,11,COOKE COUNTY,Early Education,21
2012-2013,11,COOKE COUNTY,Pre-kindergarten,246
2012-2013,11,COOKE COUNTY,Kindergarten,490
2012-2013,11,COOKE COUNTY,Grade  1,474
2012-2013,11,COOKE COUNTY,Grade  2,488
2012-2013,11,COOKE COUNTY,Grade  3,486
2012-2013,11,COOKE COUNTY,Grade  4,484
2012-2013,11,COOKE COUNTY,Grade  5,481
2012-2013,11,COOKE COUNTY,Grade  6,498
2012-2013,11,COOKE COUNTY,Grade  7,429
2012-2013,11,COOKE COUNTY,Grade  8,428
2012-2013,11,COOKE COUNTY,Grade  9,475
2012-2013,11,COOKE COUNTY,Grade 10,444
2012-2013,11,COOKE COUNTY,Grade 11,405
2012-2013,11,COOKE COUNTY,Grade 12,370
2012-2013,12,CORYELL COUNTY,Early Education,22
2012-2013,12,CORYELL COUNTY,Pre-kindergarten,1018
2012-2013,12,CORYELL COUNTY,Kindergarten,878
2012-2013,12,CORYELL COUNTY,Grade  1,869
2012-2013,12,CORYELL COUNTY,Grade  2,823
2012-2013,12,CORYELL COUNTY,Grade  3,824
2012-2013,12,CORYELL COUNTY,Grade  4,859
2012-2013,12,CORYELL COUNTY,Grade  5,847
2012-2013,12,CORYELL COUNTY,Grade  6,870
2012-2013,12,CORYELL COUNTY,Grade  7,807
2012-2013,12,CORYELL COUNTY,Grade  8,821
2012-2013,12,CORYELL COUNTY,Grade  9,930
2012-2013,12,CORYELL COUNTY,Grade 10,792
2012-2013,12,CORYELL COUNTY,Grade 11,753
2012-2013,12,CORYELL COUNTY,Grade 12,716
2012-2013,17,COTTLE COUNTY,Pre-kindergarten,14
2012-2013,17,COTTLE COUNTY,Kindergarten,11
2012-2013,17,COTTLE COUNTY,Grade  1,11
2012-2013,17,COTTLE COUNTY,Grade  2,18
2012-2013,17,COTTLE COUNTY,Grade  3,14
2012-2013,17,COTTLE COUNTY,Grade  4,26
2012-2013,17,COTTLE COUNTY,Grade  5,18
2012-2013,17,COTTLE COUNTY,Grade  6,18
2012-2013,17,COTTLE COUNTY,Grade  7,18
2012-2013,17,COTTLE COUNTY,Grade  8,13
2012-2013,17,COTTLE COUNTY,Grade  9,13
2012-2013,17,COTTLE COUNTY,Grade 10,10
2012-2013,17,COTTLE COUNTY,Grade 11,16
2012-2013,17,COTTLE COUNTY,Grade 12,20
2012-2013,18,CRANE COUNTY,Early Education,-9999999
2012-2013,18,CRANE COUNTY,Pre-kindergarten,86
2012-2013,18,CRANE COUNTY,Kindergarten,79
2012-2013,18,CRANE COUNTY,Grade  1,80
2012-2013,18,CRANE COUNTY,Grade  2,79
2012-2013,18,CRANE COUNTY,Grade  3,70
2012-2013,18,CRANE COUNTY,Grade  4,75
2012-2013,18,CRANE COUNTY,Grade  5,69
2012-2013,18,CRANE COUNTY,Grade  6,83
2012-2013,18,CRANE COUNTY,Grade  7,87
2012-2013,18,CRANE COUNTY,Grade  8,81
2012-2013,18,CRANE COUNTY,Grade  9,86
2012-2013,18,CRANE COUNTY,Grade 10,70
2012-2013,18,CRANE COUNTY,Grade 11,62
2012-2013,18,CRANE COUNTY,Grade 12,62
2012-2013,15,CROCKETT COUNTY,Early Education,-9999999
2012-2013,15,CROCKETT COUNTY,Pre-kindergarten,58
2012-2013,15,CROCKETT COUNTY,Kindergarten,61
2012-2013,15,CROCKETT COUNTY,Grade  1,64
2012-2013,15,CROCKETT COUNTY,Grade  2,71
2012-2013,15,CROCKETT COUNTY,Grade  3,61
2012-2013,15,CROCKETT COUNTY,Grade  4,63
2012-2013,15,CROCKETT COUNTY,Grade  5,61
2012-2013,15,CROCKETT COUNTY,Grade  6,52
2012-2013,15,CROCKETT COUNTY,Grade  7,48
2012-2013,15,CROCKETT COUNTY,Grade  8,56
2012-2013,15,CROCKETT COUNTY,Grade  9,56
2012-2013,15,CROCKETT COUNTY,Grade 10,54
2012-2013,15,CROCKETT COUNTY,Grade 11,51
2012-2013,15,CROCKETT COUNTY,Grade 12,44
2012-2013,17,CROSBY COUNTY,Early Education,15
2012-2013,17,CROSBY COUNTY,Pre-kindergarten,107
2012-2013,17,CROSBY COUNTY,Kindergarten,113
2012-2013,17,CROSBY COUNTY,Grade  1,95
2012-2013,17,CROSBY COUNTY,Grade  2,85
2012-2013,17,CROSBY COUNTY,Grade  3,96
2012-2013,17,CROSBY COUNTY,Grade  4,91
2012-2013,17,CROSBY COUNTY,Grade  5,76
2012-2013,17,CROSBY COUNTY,Grade  6,102
2012-2013,17,CROSBY COUNTY,Grade  7,96
2012-2013,17,CROSBY COUNTY,Grade  8,83
2012-2013,17,CROSBY COUNTY,Grade  9,96
2012-2013,17,CROSBY COUNTY,Grade 10,72
2012-2013,17,CROSBY COUNTY,Grade 11,59
2012-2013,17,CROSBY COUNTY,Grade 12,79
2012-2013,18,CULBERSON COUNTY,Pre-kindergarten,27
2012-2013,18,CULBERSON COUNTY,Kindergarten,26
2012-2013,18,CULBERSON COUNTY,Grade  1,39
2012-2013,18,CULBERSON COUNTY,Grade  2,24
2012-2013,18,CULBERSON COUNTY,Grade  3,24
2012-2013,18,CULBERSON COUNTY,Grade  4,33
2012-2013,18,CULBERSON COUNTY,Grade  5,30
2012-2013,18,CULBERSON COUNTY,Grade  6,33
2012-2013,18,CULBERSON COUNTY,Grade  7,32
2012-2013,18,CULBERSON COUNTY,Grade  8,26
2012-2013,18,CULBERSON COUNTY,Grade  9,42
2012-2013,18,CULBERSON COUNTY,Grade 10,27
2012-2013,18,CULBERSON COUNTY,Grade 11,33
2012-2013,18,CULBERSON COUNTY,Grade 12,36
2012-2013,16,DALLAM COUNTY,Early Education,-9999999
2012-2013,16,DALLAM COUNTY,Pre-kindergarten,106
2012-2013,16,DALLAM COUNTY,Kindergarten,152
2012-2013,16,DALLAM COUNTY,Grade  1,135
2012-2013,16,DALLAM COUNTY,Grade  2,144
2012-2013,16,DALLAM COUNTY,Grade  3,113
2012-2013,16,DALLAM COUNTY,Grade  4,137
2012-2013,16,DALLAM COUNTY,Grade  5,134
2012-2013,16,DALLAM COUNTY,Grade  6,133
2012-2013,16,DALLAM COUNTY,Grade  7,170
2012-2013,16,DALLAM COUNTY,Grade  8,144
2012-2013,16,DALLAM COUNTY,Grade  9,150
2012-2013,16,DALLAM COUNTY,Grade 10,145
2012-2013,16,DALLAM COUNTY,Grade 11,124
2012-2013,16,DALLAM COUNTY,Grade 12,116
2012-2013,10,DALLAS COUNTY,Early Education,1598
2012-2013,10,DALLAS COUNTY,Pre-kindergarten,22693
2012-2013,10,DALLAS COUNTY,Kindergarten,38343
2012-2013,10,DALLAS COUNTY,Grade  1,38555
2012-2013,10,DALLAS COUNTY,Grade  2,37499
2012-2013,10,DALLAS COUNTY,Grade  3,36247
2012-2013,10,DALLAS COUNTY,Grade  4,35524
2012-2013,10,DALLAS COUNTY,Grade  5,34919
2012-2013,10,DALLAS COUNTY,Grade  6,34989
2012-2013,10,DALLAS COUNTY,Grade  7,34064
2012-2013,10,DALLAS COUNTY,Grade  8,32657
2012-2013,10,DALLAS COUNTY,Grade  9,36661
2012-2013,10,DALLAS COUNTY,Grade 10,31945
2012-2013,10,DALLAS COUNTY,Grade 11,30612
2012-2013,10,DALLAS COUNTY,Grade 12,27929
2012-2013,17,DAWSON COUNTY,Early Education,11
2012-2013,17,DAWSON COUNTY,Pre-kindergarten,162
2012-2013,17,DAWSON COUNTY,Kindergarten,255
2012-2013,17,DAWSON COUNTY,Grade  1,252
2012-2013,17,DAWSON COUNTY,Grade  2,196
2012-2013,17,DAWSON COUNTY,Grade  3,172
2012-2013,17,DAWSON COUNTY,Grade  4,186
2012-2013,17,DAWSON COUNTY,Grade  5,176
2012-2013,17,DAWSON COUNTY,Grade  6,192
2012-2013,17,DAWSON COUNTY,Grade  7,206
2012-2013,17,DAWSON COUNTY,Grade  8,177
2012-2013,17,DAWSON COUNTY,Grade  9,172
2012-2013,17,DAWSON COUNTY,Grade 10,137
2012-2013,17,DAWSON COUNTY,Grade 11,165
2012-2013,17,DAWSON COUNTY,Grade 12,133
2012-2013,16,DEAF SMITH COUNTY,Early Education,7
2012-2013,16,DEAF SMITH COUNTY,Pre-kindergarten,370
2012-2013,16,DEAF SMITH COUNTY,Kindergarten,341
2012-2013,16,DEAF SMITH COUNTY,Grade  1,339
2012-2013,16,DEAF SMITH COUNTY,Grade  2,332
2012-2013,16,DEAF SMITH COUNTY,Grade  3,301
2012-2013,16,DEAF SMITH COUNTY,Grade  4,316
2012-2013,16,DEAF SMITH COUNTY,Grade  5,326
2012-2013,16,DEAF SMITH COUNTY,Grade  6,316
2012-2013,16,DEAF SMITH COUNTY,Grade  7,312
2012-2013,16,DEAF SMITH COUNTY,Grade  8,311
2012-2013,16,DEAF SMITH COUNTY,Grade  9,352
2012-2013,16,DEAF SMITH COUNTY,Grade 10,285
2012-2013,16,DEAF SMITH COUNTY,Grade 11,251
2012-2013,16,DEAF SMITH COUNTY,Grade 12,269
2012-2013,8,DELTA COUNTY,Early Education,-9999999
2012-2013,8,DELTA COUNTY,Pre-kindergarten,86
2012-2013,8,DELTA COUNTY,Kindergarten,57
2012-2013,8,DELTA COUNTY,Grade  1,68
2012-2013,8,DELTA COUNTY,Grade  2,71
2012-2013,8,DELTA COUNTY,Grade  3,63
2012-2013,8,DELTA COUNTY,Grade  4,80
2012-2013,8,DELTA COUNTY,Grade  5,53
2012-2013,8,DELTA COUNTY,Grade  6,70
2012-2013,8,DELTA COUNTY,Grade  7,79
2012-2013,8,DELTA COUNTY,Grade  8,62
2012-2013,8,DELTA COUNTY,Grade  9,65
2012-2013,8,DELTA COUNTY,Grade 10,80
2012-2013,8,DELTA COUNTY,Grade 11,71
2012-2013,8,DELTA COUNTY,Grade 12,63
2012-2013,10,DENTON COUNTY/10,Kindergarten,75
2012-2013,10,DENTON COUNTY/10,Grade  1,75
2012-2013,10,DENTON COUNTY/10,Grade  2,50
2012-2013,10,DENTON COUNTY/10,Grade  3,50
2012-2013,10,DENTON COUNTY/10,Grade  4,50
2012-2013,10,DENTON COUNTY/10,Grade  5,50
2012-2013,11,DENTON COUNTY/11,Early Education,553
2012-2013,11,DENTON COUNTY/11,Pre-kindergarten,3149
2012-2013,11,DENTON COUNTY/11,Kindergarten,8837
2012-2013,11,DENTON COUNTY/11,Grade  1,9034
2012-2013,11,DENTON COUNTY/11,Grade  2,9004
2012-2013,11,DENTON COUNTY/11,Grade  3,9050
2012-2013,11,DENTON COUNTY/11,Grade  4,9126
2012-2013,11,DENTON COUNTY/11,Grade  5,9131
2012-2013,11,DENTON COUNTY/11,Grade  6,9111
2012-2013,11,DENTON COUNTY/11,Grade  7,9211
2012-2013,11,DENTON COUNTY/11,Grade  8,8926
2012-2013,11,DENTON COUNTY/11,Grade  9,9191
2012-2013,11,DENTON COUNTY/11,Grade 10,8700
2012-2013,11,DENTON COUNTY/11,Grade 11,7953
2012-2013,11,DENTON COUNTY/11,Grade 12,7434
2012-2013,AL,DENTON COUNTY/ALL,Early Education,553
2012-2013,AL,DENTON COUNTY/ALL,Pre-kindergarten,3149
2012-2013,AL,DENTON COUNTY/ALL,Kindergarten,8912
2012-2013,AL,DENTON COUNTY/ALL,Grade  1,9109
2012-2013,AL,DENTON COUNTY/ALL,Grade  2,9054
2012-2013,AL,DENTON COUNTY/ALL,Grade  3,9100
2012-2013,AL,DENTON COUNTY/ALL,Grade  4,9176
2012-2013,AL,DENTON COUNTY/ALL,Grade  5,9181
2012-2013,AL,DENTON COUNTY/ALL,Grade  6,9111
2012-2013,AL,DENTON COUNTY/ALL,Grade  7,9211
2012-2013,AL,DENTON COUNTY/ALL,Grade  8,8926
2012-2013,AL,DENTON COUNTY/ALL,Grade  9,9191
2012-2013,AL,DENTON COUNTY/ALL,Grade 10,8700
2012-2013,AL,DENTON COUNTY/ALL,Grade 11,7953
2012-2013,AL,DENTON COUNTY/ALL,Grade 12,7434
2012-2013,3,DEWITT COUNTY,Early Education,11
2012-2013,3,DEWITT COUNTY,Pre-kindergarten,253
2012-2013,3,DEWITT COUNTY,Kindergarten,344
2012-2013,3,DEWITT COUNTY,Grade  1,352
2012-2013,3,DEWITT COUNTY,Grade  2,336
2012-2013,3,DEWITT COUNTY,Grade  3,309
2012-2013,3,DEWITT COUNTY,Grade  4,325
2012-2013,3,DEWITT COUNTY,Grade  5,329
2012-2013,3,DEWITT COUNTY,Grade  6,369
2012-2013,3,DEWITT COUNTY,Grade  7,369
2012-2013,3,DEWITT COUNTY,Grade  8,294
2012-2013,3,DEWITT COUNTY,Grade  9,375
2012-2013,3,DEWITT COUNTY,Grade 10,339
2012-2013,3,DEWITT COUNTY,Grade 11,300
2012-2013,3,DEWITT COUNTY,Grade 12,263
2012-2013,17,DICKENS COUNTY,Early Education,-9999999
2012-2013,17,DICKENS COUNTY,Pre-kindergarten,39
2012-2013,17,DICKENS COUNTY,Kindergarten,24
2012-2013,17,DICKENS COUNTY,Grade  1,28
2012-2013,17,DICKENS COUNTY,Grade  2,31
2012-2013,17,DICKENS COUNTY,Grade  3,39
2012-2013,17,DICKENS COUNTY,Grade  4,20
2012-2013,17,DICKENS COUNTY,Grade  5,35
2012-2013,17,DICKENS COUNTY,Grade  6,35
2012-2013,17,DICKENS COUNTY,Grade  7,25
2012-2013,17,DICKENS COUNTY,Grade  8,28
2012-2013,17,DICKENS COUNTY,Grade  9,27
2012-2013,17,DICKENS COUNTY,Grade 10,30
2012-2013,17,DICKENS COUNTY,Grade 11,24
2012-2013,17,DICKENS COUNTY,Grade 12,17
2012-2013,20,DIMMIT COUNTY,Early Education,5
2012-2013,20,DIMMIT COUNTY,Pre-kindergarten,176
2012-2013,20,DIMMIT COUNTY,Kindergarten,194
2012-2013,20,DIMMIT COUNTY,Grade  1,195
2012-2013,20,DIMMIT COUNTY,Grade  2,203
2012-2013,20,DIMMIT COUNTY,Grade  3,184
2012-2013,20,DIMMIT COUNTY,Grade  4,172
2012-2013,20,DIMMIT COUNTY,Grade  5,168
2012-2013,20,DIMMIT COUNTY,Grade  6,183
2012-2013,20,DIMMIT COUNTY,Grade  7,179
2012-2013,20,DIMMIT COUNTY,Grade  8,159
2012-2013,20,DIMMIT COUNTY,Grade  9,235
2012-2013,20,DIMMIT COUNTY,Grade 10,160
2012-2013,20,DIMMIT COUNTY,Grade 11,131
2012-2013,20,DIMMIT COUNTY,Grade 12,100
2012-2013,16,DONLEY COUNTY,Early Education,-9999999
2012-2013,16,DONLEY COUNTY,Pre-kindergarten,43
2012-2013,16,DONLEY COUNTY,Kindergarten,48
2012-2013,16,DONLEY COUNTY,Grade  1,41
2012-2013,16,DONLEY COUNTY,Grade  2,41
2012-2013,16,DONLEY COUNTY,Grade  3,37
2012-2013,16,DONLEY COUNTY,Grade  4,40
2012-2013,16,DONLEY COUNTY,Grade  5,30
2012-2013,16,DONLEY COUNTY,Grade  6,39
2012-2013,16,DONLEY COUNTY,Grade  7,46
2012-2013,16,DONLEY COUNTY,Grade  8,44
2012-2013,16,DONLEY COUNTY,Grade  9,41
2012-2013,16,DONLEY COUNTY,Grade 10,26
2012-2013,16,DONLEY COUNTY,Grade 11,49
2012-2013,16,DONLEY COUNTY,Grade 12,59
2012-2013,2,DUVAL COUNTY,Early Education,8
2012-2013,2,DUVAL COUNTY,Pre-kindergarten,121
2012-2013,2,DUVAL COUNTY,Kindergarten,198
2012-2013,2,DUVAL COUNTY,Grade  1,195
2012-2013,2,DUVAL COUNTY,Grade  2,198
2012-2013,2,DUVAL COUNTY,Grade  3,200
2012-2013,2,DUVAL COUNTY,Grade  4,185
2012-2013,2,DUVAL COUNTY,Grade  5,159
2012-2013,2,DUVAL COUNTY,Grade  6,170
2012-2013,2,DUVAL COUNTY,Grade  7,185
2012-2013,2,DUVAL COUNTY,Grade  8,199
2012-2013,2,DUVAL COUNTY,Grade  9,192
2012-2013,2,DUVAL COUNTY,Grade 10,188
2012-2013,2,DUVAL COUNTY,Grade 11,176
2012-2013,2,DUVAL COUNTY,Grade 12,167
2012-2013,14,EASTLAND COUNTY,Early Education,13
2012-2013,14,EASTLAND COUNTY,Pre-kindergarten,118
2012-2013,14,EASTLAND COUNTY,Kindergarten,225
2012-2013,14,EASTLAND COUNTY,Grade  1,247
2012-2013,14,EASTLAND COUNTY,Grade  2,219
2012-2013,14,EASTLAND COUNTY,Grade  3,208
2012-2013,14,EASTLAND COUNTY,Grade  4,229
2012-2013,14,EASTLAND COUNTY,Grade  5,232
2012-2013,14,EASTLAND COUNTY,Grade  6,224
2012-2013,14,EASTLAND COUNTY,Grade  7,216
2012-2013,14,EASTLAND COUNTY,Grade  8,223
2012-2013,14,EASTLAND COUNTY,Grade  9,222
2012-2013,14,EASTLAND COUNTY,Grade 10,213
2012-2013,14,EASTLAND COUNTY,Grade 11,218
2012-2013,14,EASTLAND COUNTY,Grade 12,199
2012-2013,18,ECTOR COUNTY,Early Education,65
2012-2013,18,ECTOR COUNTY,Pre-kindergarten,1385
2012-2013,18,ECTOR COUNTY,Kindergarten,2621
2012-2013,18,ECTOR COUNTY,Grade  1,2603
2012-2013,18,ECTOR COUNTY,Grade  2,2479
2012-2013,18,ECTOR COUNTY,Grade  3,2422
2012-2013,18,ECTOR COUNTY,Grade  4,2350
2012-2013,18,ECTOR COUNTY,Grade  5,2338
2012-2013,18,ECTOR COUNTY,Grade  6,2348
2012-2013,18,ECTOR COUNTY,Grade  7,2113
2012-2013,18,ECTOR COUNTY,Grade  8,2206
2012-2013,18,ECTOR COUNTY,Grade  9,2276
2012-2013,18,ECTOR COUNTY,Grade 10,2265
2012-2013,18,ECTOR COUNTY,Grade 11,1690
2012-2013,18,ECTOR COUNTY,Grade 12,1517
2012-2013,15,EDWARDS COUNTY,Pre-kindergarten,15
2012-2013,15,EDWARDS COUNTY,Kindergarten,29
2012-2013,15,EDWARDS COUNTY,Grade  1,44
2012-2013,15,EDWARDS COUNTY,Grade  2,35
2012-2013,15,EDWARDS COUNTY,Grade  3,47
2012-2013,15,EDWARDS COUNTY,Grade  4,39
2012-2013,15,EDWARDS COUNTY,Grade  5,33
2012-2013,15,EDWARDS COUNTY,Grade  6,38
2012-2013,15,EDWARDS COUNTY,Grade  7,39
2012-2013,15,EDWARDS COUNTY,Grade  8,45
2012-2013,15,EDWARDS COUNTY,Grade  9,25
2012-2013,15,EDWARDS COUNTY,Grade 10,43
2012-2013,15,EDWARDS COUNTY,Grade 11,45
2012-2013,15,EDWARDS COUNTY,Grade 12,50
2012-2013,19,EL PASO COUNTY,Early Education,886
2012-2013,19,EL PASO COUNTY,Pre-kindergarten,7576
2012-2013,19,EL PASO COUNTY,Kindergarten,13050
2012-2013,19,EL PASO COUNTY,Grade  1,13673
2012-2013,19,EL PASO COUNTY,Grade  2,13328
2012-2013,19,EL PASO COUNTY,Grade  3,13269
2012-2013,19,EL PASO COUNTY,Grade  4,13006
2012-2013,19,EL PASO COUNTY,Grade  5,12830
2012-2013,19,EL PASO COUNTY,Grade  6,13359
2012-2013,19,EL PASO COUNTY,Grade  7,13378
2012-2013,19,EL PASO COUNTY,Grade  8,13263
2012-2013,19,EL PASO COUNTY,Grade  9,15756
2012-2013,19,EL PASO COUNTY,Grade 10,13668
2012-2013,19,EL PASO COUNTY,Grade 11,12929
2012-2013,19,EL PASO COUNTY,Grade 12,12131
2012-2013,10,ELLIS COUNTY,Early Education,143
2012-2013,10,ELLIS COUNTY,Pre-kindergarten,1196
2012-2013,10,ELLIS COUNTY,Kindergarten,2356
2012-2013,10,ELLIS COUNTY,Grade  1,2395
2012-2013,10,ELLIS COUNTY,Grade  2,2323
2012-2013,10,ELLIS COUNTY,Grade  3,2361
2012-2013,10,ELLIS COUNTY,Grade  4,2412
2012-2013,10,ELLIS COUNTY,Grade  5,2448
2012-2013,10,ELLIS COUNTY,Grade  6,2404
2012-2013,10,ELLIS COUNTY,Grade  7,2461
2012-2013,10,ELLIS COUNTY,Grade  8,2510
2012-2013,10,ELLIS COUNTY,Grade  9,2631
2012-2013,10,ELLIS COUNTY,Grade 10,2454
2012-2013,10,ELLIS COUNTY,Grade 11,2384
2012-2013,10,ELLIS COUNTY,Grade 12,2222
2012-2013,11,ERATH COUNTY,Early Education,10
2012-2013,11,ERATH COUNTY,Pre-kindergarten,240
2012-2013,11,ERATH COUNTY,Kindergarten,449
2012-2013,11,ERATH COUNTY,Grade  1,490
2012-2013,11,ERATH COUNTY,Grade  2,452
2012-2013,11,ERATH COUNTY,Grade  3,417
2012-2013,11,ERATH COUNTY,Grade  4,424
2012-2013,11,ERATH COUNTY,Grade  5,428
2012-2013,11,ERATH COUNTY,Grade  6,489
2012-2013,11,ERATH COUNTY,Grade  7,571
2012-2013,11,ERATH COUNTY,Grade  8,614
2012-2013,11,ERATH COUNTY,Grade  9,1323
2012-2013,11,ERATH COUNTY,Grade 10,1071
2012-2013,11,ERATH COUNTY,Grade 11,1458
2012-2013,11,ERATH COUNTY,Grade 12,1189
2012-2013,12,FALLS COUNTY,Early Education,11
2012-2013,12,FALLS COUNTY,Pre-kindergarten,139
2012-2013,12,FALLS COUNTY,Kindergarten,172
2012-2013,12,FALLS COUNTY,Grade  1,211
2012-2013,12,FALLS COUNTY,Grade  2,173
2012-2013,12,FALLS COUNTY,Grade  3,183
2012-2013,12,FALLS COUNTY,Grade  4,173
2012-2013,12,FALLS COUNTY,Grade  5,154
2012-2013,12,FALLS COUNTY,Grade  6,180
2012-2013,12,FALLS COUNTY,Grade  7,185
2012-2013,12,FALLS COUNTY,Grade  8,135
2012-2013,12,FALLS COUNTY,Grade  9,171
2012-2013,12,FALLS COUNTY,Grade 10,148
2012-2013,12,FALLS COUNTY,Grade 11,161
2012-2013,12,FALLS COUNTY,Grade 12,158
2012-2013,10,FANNIN COUNTY,Early Education,12
2012-2013,10,FANNIN COUNTY,Pre-kindergarten,310
2012-2013,10,FANNIN COUNTY,Kindergarten,389
2012-2013,10,FANNIN COUNTY,Grade  1,381
2012-2013,10,FANNIN COUNTY,Grade  2,425
2012-2013,10,FANNIN COUNTY,Grade  3,383
2012-2013,10,FANNIN COUNTY,Grade  4,373
2012-2013,10,FANNIN COUNTY,Grade  5,380
2012-2013,10,FANNIN COUNTY,Grade  6,404
2012-2013,10,FANNIN COUNTY,Grade  7,405
2012-2013,10,FANNIN COUNTY,Grade  8,363
2012-2013,10,FANNIN COUNTY,Grade  9,390
2012-2013,10,FANNIN COUNTY,Grade 10,388
2012-2013,10,FANNIN COUNTY,Grade 11,360
2012-2013,10,FANNIN COUNTY,Grade 12,370
2012-2013,13,FAYETTE COUNTY,Early Education,22
2012-2013,13,FAYETTE COUNTY,Pre-kindergarten,156
2012-2013,13,FAYETTE COUNTY,Kindergarten,251
2012-2013,13,FAYETTE COUNTY,Grade  1,247
2012-2013,13,FAYETTE COUNTY,Grade  2,251
2012-2013,13,FAYETTE COUNTY,Grade  3,254
2012-2013,13,FAYETTE COUNTY,Grade  4,252
2012-2013,13,FAYETTE COUNTY,Grade  5,268
2012-2013,13,FAYETTE COUNTY,Grade  6,264
2012-2013,13,FAYETTE COUNTY,Grade  7,284
2012-2013,13,FAYETTE COUNTY,Grade  8,263
2012-2013,13,FAYETTE COUNTY,Grade  9,344
2012-2013,13,FAYETTE COUNTY,Grade 10,275
2012-2013,13,FAYETTE COUNTY,Grade 11,291
2012-2013,13,FAYETTE COUNTY,Grade 12,276
2012-2013,14,FISHER COUNTY,Early Education,-9999999
2012-2013,14,FISHER COUNTY,Pre-kindergarten,45
2012-2013,14,FISHER COUNTY,Kindergarten,31
2012-2013,14,FISHER COUNTY,Grade  1,52
2012-2013,14,FISHER COUNTY,Grade  2,40
2012-2013,14,FISHER COUNTY,Grade  3,31
2012-2013,14,FISHER COUNTY,Grade  4,31
2012-2013,14,FISHER COUNTY,Grade  5,45
2012-2013,14,FISHER COUNTY,Grade  6,31
2012-2013,14,FISHER COUNTY,Grade  7,35
2012-2013,14,FISHER COUNTY,Grade  8,31
2012-2013,14,FISHER COUNTY,Grade  9,44
2012-2013,14,FISHER COUNTY,Grade 10,40
2012-2013,14,FISHER COUNTY,Grade 11,41
2012-2013,14,FISHER COUNTY,Grade 12,51
2012-2013,17,FLOYD COUNTY,Early Education,-9999999
2012-2013,17,FLOYD COUNTY,Pre-kindergarten,81
2012-2013,17,FLOYD COUNTY,Kindergarten,112
2012-2013,17,FLOYD COUNTY,Grade  1,103
2012-2013,17,FLOYD COUNTY,Grade  2,100
2012-2013,17,FLOYD COUNTY,Grade  3,89
2012-2013,17,FLOYD COUNTY,Grade  4,109
2012-2013,17,FLOYD COUNTY,Grade  5,74
2012-2013,17,FLOYD COUNTY,Grade  6,87
2012-2013,17,FLOYD COUNTY,Grade  7,101
2012-2013,17,FLOYD COUNTY,Grade  8,97
2012-2013,17,FLOYD COUNTY,Grade  9,109
2012-2013,17,FLOYD COUNTY,Grade 10,90
2012-2013,17,FLOYD COUNTY,Grade 11,80
2012-2013,17,FLOYD COUNTY,Grade 12,87
2012-2013,9,FOARD COUNTY,Early Education,-9999999
2012-2013,9,FOARD COUNTY,Pre-kindergarten,19
2012-2013,9,FOARD COUNTY,Kindergarten,11
2012-2013,9,FOARD COUNTY,Grade  1,20
2012-2013,9,FOARD COUNTY,Grade  2,9
2012-2013,9,FOARD COUNTY,Grade  3,15
2012-2013,9,FOARD COUNTY,Grade  4,14
2012-2013,9,FOARD COUNTY,Grade  5,19
2012-2013,9,FOARD COUNTY,Grade  6,14
2012-2013,9,FOARD COUNTY,Grade  7,14
2012-2013,9,FOARD COUNTY,Grade  8,13
2012-2013,9,FOARD COUNTY,Grade  9,14
2012-2013,9,FOARD COUNTY,Grade 10,18
2012-2013,9,FOARD COUNTY,Grade 11,15
2012-2013,9,FOARD COUNTY,Grade 12,23
2012-2013,4,FORT BEND COUNTY,Early Education,712
2012-2013,4,FORT BEND COUNTY,Pre-kindergarten,2238
2012-2013,4,FORT BEND COUNTY,Kindergarten,6820
2012-2013,4,FORT BEND COUNTY,Grade  1,7313
2012-2013,4,FORT BEND COUNTY,Grade  2,7389
2012-2013,4,FORT BEND COUNTY,Grade  3,7476
2012-2013,4,FORT BEND COUNTY,Grade  4,7785
2012-2013,4,FORT BEND COUNTY,Grade  5,7565
2012-2013,4,FORT BEND COUNTY,Grade  6,7789
2012-2013,4,FORT BEND COUNTY,Grade  7,7967
2012-2013,4,FORT BEND COUNTY,Grade  8,7716
2012-2013,4,FORT BEND COUNTY,Grade  9,8669
2012-2013,4,FORT BEND COUNTY,Grade 10,8154
2012-2013,4,FORT BEND COUNTY,Grade 11,7299
2012-2013,4,FORT BEND COUNTY,Grade 12,6965
2012-2013,8,FRANKLIN COUNTY,Early Education,9
2012-2013,8,FRANKLIN COUNTY,Pre-kindergarten,66
2012-2013,8,FRANKLIN COUNTY,Kindergarten,135
2012-2013,8,FRANKLIN COUNTY,Grade  1,132
2012-2013,8,FRANKLIN COUNTY,Grade  2,133
2012-2013,8,FRANKLIN COUNTY,Grade  3,140
2012-2013,8,FRANKLIN COUNTY,Grade  4,98
2012-2013,8,FRANKLIN COUNTY,Grade  5,136
2012-2013,8,FRANKLIN COUNTY,Grade  6,132
2012-2013,8,FRANKLIN COUNTY,Grade  7,111
2012-2013,8,FRANKLIN COUNTY,Grade  8,110
2012-2013,8,FRANKLIN COUNTY,Grade  9,106
2012-2013,8,FRANKLIN COUNTY,Grade 10,114
2012-2013,8,FRANKLIN COUNTY,Grade 11,100
2012-2013,8,FRANKLIN COUNTY,Grade 12,97
2012-2013,12,FREESTONE COUNTY,Early Education,-9999999
2012-2013,12,FREESTONE COUNTY,Pre-kindergarten,137
2012-2013,12,FREESTONE COUNTY,Kindergarten,313
2012-2013,12,FREESTONE COUNTY,Grade  1,276
2012-2013,12,FREESTONE COUNTY,Grade  2,258
2012-2013,12,FREESTONE COUNTY,Grade  3,254
2012-2013,12,FREESTONE COUNTY,Grade  4,270
2012-2013,12,FREESTONE COUNTY,Grade  5,274
2012-2013,12,FREESTONE COUNTY,Grade  6,304
2012-2013,12,FREESTONE COUNTY,Grade  7,311
2012-2013,12,FREESTONE COUNTY,Grade  8,271
2012-2013,12,FREESTONE COUNTY,Grade  9,267
2012-2013,12,FREESTONE COUNTY,Grade 10,232
2012-2013,12,FREESTONE COUNTY,Grade 11,230
2012-2013,12,FREESTONE COUNTY,Grade 12,244
2012-2013,20,FRIO COUNTY,Early Education,14
2012-2013,20,FRIO COUNTY,Pre-kindergarten,156
2012-2013,20,FRIO COUNTY,Kindergarten,217
2012-2013,20,FRIO COUNTY,Grade  1,281
2012-2013,20,FRIO COUNTY,Grade  2,252
2012-2013,20,FRIO COUNTY,Grade  3,229
2012-2013,20,FRIO COUNTY,Grade  4,227
2012-2013,20,FRIO COUNTY,Grade  5,257
2012-2013,20,FRIO COUNTY,Grade  6,255
2012-2013,20,FRIO COUNTY,Grade  7,276
2012-2013,20,FRIO COUNTY,Grade  8,225
2012-2013,20,FRIO COUNTY,Grade  9,280
2012-2013,20,FRIO COUNTY,Grade 10,202
2012-2013,20,FRIO COUNTY,Grade 11,177
2012-2013,20,FRIO COUNTY,Grade 12,183
2012-2013,17,GAINES COUNTY,Early Education,5
2012-2013,17,GAINES COUNTY,Pre-kindergarten,206
2012-2013,17,GAINES COUNTY,Kindergarten,269
2012-2013,17,GAINES COUNTY,Grade  1,274
2012-2013,17,GAINES COUNTY,Grade  2,249
2012-2013,17,GAINES COUNTY,Grade  3,261
2012-2013,17,GAINES COUNTY,Grade  4,259
2012-2013,17,GAINES COUNTY,Grade  5,268
2012-2013,17,GAINES COUNTY,Grade  6,233
2012-2013,17,GAINES COUNTY,Grade  7,246
2012-2013,17,GAINES COUNTY,Grade  8,242
2012-2013,17,GAINES COUNTY,Grade  9,233
2012-2013,17,GAINES COUNTY,Grade 10,215
2012-2013,17,GAINES COUNTY,Grade 11,197
2012-2013,17,GAINES COUNTY,Grade 12,200
2012-2013,4,GALVESTON COUNTY/04,Early Education,513
2012-2013,4,GALVESTON COUNTY/04,Pre-kindergarten,3370
2012-2013,4,GALVESTON COUNTY/04,Kindergarten,5666
2012-2013,4,GALVESTON COUNTY/04,Grade  1,5728
2012-2013,4,GALVESTON COUNTY/04,Grade  2,5585
2012-2013,4,GALVESTON COUNTY/04,Grade  3,5745
2012-2013,4,GALVESTON COUNTY/04,Grade  4,5804
2012-2013,4,GALVESTON COUNTY/04,Grade  5,5763
2012-2013,4,GALVESTON COUNTY/04,Grade  6,5805
2012-2013,4,GALVESTON COUNTY/04,Grade  7,5896
2012-2013,4,GALVESTON COUNTY/04,Grade  8,5989
2012-2013,4,GALVESTON COUNTY/04,Grade  9,6416
2012-2013,4,GALVESTON COUNTY/04,Grade 10,5924
2012-2013,4,GALVESTON COUNTY/04,Grade 11,5319
2012-2013,4,GALVESTON COUNTY/04,Grade 12,5230
2012-2013,5,GALVESTON COUNTY/05,Pre-kindergarten,12
2012-2013,5,GALVESTON COUNTY/05,Kindergarten,6
2012-2013,5,GALVESTON COUNTY/05,Grade  1,14
2012-2013,5,GALVESTON COUNTY/05,Grade  2,6
2012-2013,5,GALVESTON COUNTY/05,Grade  3,11
2012-2013,5,GALVESTON COUNTY/05,Grade  4,9
2012-2013,5,GALVESTON COUNTY/05,Grade  5,14
2012-2013,5,GALVESTON COUNTY/05,Grade  6,9
2012-2013,5,GALVESTON COUNTY/05,Grade  7,8
2012-2013,5,GALVESTON COUNTY/05,Grade  8,12
2012-2013,5,GALVESTON COUNTY/05,Grade  9,19
2012-2013,5,GALVESTON COUNTY/05,Grade 10,13
2012-2013,5,GALVESTON COUNTY/05,Grade 11,14
2012-2013,5,GALVESTON COUNTY/05,Grade 12,23
2012-2013,AL,GALVESTON COUNTY/ALL,Early Education,513
2012-2013,AL,GALVESTON COUNTY/ALL,Pre-kindergarten,3382
2012-2013,AL,GALVESTON COUNTY/ALL,Kindergarten,5672
2012-2013,AL,GALVESTON COUNTY/ALL,Grade  1,5742
2012-2013,AL,GALVESTON COUNTY/ALL,Grade  2,5591
2012-2013,AL,GALVESTON COUNTY/ALL,Grade  3,5756
2012-2013,AL,GALVESTON COUNTY/ALL,Grade  4,5813
2012-2013,AL,GALVESTON COUNTY/ALL,Grade  5,5777
2012-2013,AL,GALVESTON COUNTY/ALL,Grade  6,5814
2012-2013,AL,GALVESTON COUNTY/ALL,Grade  7,5904
2012-2013,AL,GALVESTON COUNTY/ALL,Grade  8,6001
2012-2013,AL,GALVESTON COUNTY/ALL,Grade  9,6435
2012-2013,AL,GALVESTON COUNTY/ALL,Grade 10,5937
2012-2013,AL,GALVESTON COUNTY/ALL,Grade 11,5333
2012-2013,AL,GALVESTON COUNTY/ALL,Grade 12,5253
2012-2013,17,GARZA COUNTY,Early Education,5
2012-2013,17,GARZA COUNTY,Pre-kindergarten,66
2012-2013,17,GARZA COUNTY,Kindergarten,88
2012-2013,17,GARZA COUNTY,Grade  1,63
2012-2013,17,GARZA COUNTY,Grade  2,52
2012-2013,17,GARZA COUNTY,Grade  3,80
2012-2013,17,GARZA COUNTY,Grade  4,83
2012-2013,17,GARZA COUNTY,Grade  5,65
2012-2013,17,GARZA COUNTY,Grade  6,72
2012-2013,17,GARZA COUNTY,Grade  7,76
2012-2013,17,GARZA COUNTY,Grade  8,75
2012-2013,17,GARZA COUNTY,Grade  9,73
2012-2013,17,GARZA COUNTY,Grade 10,71
2012-2013,17,GARZA COUNTY,Grade 11,75
2012-2013,17,GARZA COUNTY,Grade 12,48
2012-2013,13,GILLESPIE COUNTY,Early Education,26
2012-2013,13,GILLESPIE COUNTY,Pre-kindergarten,84
2012-2013,13,GILLESPIE COUNTY,Kindergarten,273
2012-2013,13,GILLESPIE COUNTY,Grade  1,225
2012-2013,13,GILLESPIE COUNTY,Grade  2,241
2012-2013,13,GILLESPIE COUNTY,Grade  3,258
2012-2013,13,GILLESPIE COUNTY,Grade  4,253
2012-2013,13,GILLESPIE COUNTY,Grade  5,247
2012-2013,13,GILLESPIE COUNTY,Grade  6,254
2012-2013,13,GILLESPIE COUNTY,Grade  7,238
2012-2013,13,GILLESPIE COUNTY,Grade  8,278
2012-2013,13,GILLESPIE COUNTY,Grade  9,321
2012-2013,13,GILLESPIE COUNTY,Grade 10,307
2012-2013,13,GILLESPIE COUNTY,Grade 11,297
2012-2013,13,GILLESPIE COUNTY,Grade 12,296
2012-2013,18,GLASSCOCK COUNTY,Pre-kindergarten,16
2012-2013,18,GLASSCOCK COUNTY,Kindergarten,22
2012-2013,18,GLASSCOCK COUNTY,Grade  1,23
2012-2013,18,GLASSCOCK COUNTY,Grade  2,25
2012-2013,18,GLASSCOCK COUNTY,Grade  3,14
2012-2013,18,GLASSCOCK COUNTY,Grade  4,22
2012-2013,18,GLASSCOCK COUNTY,Grade  5,22
2012-2013,18,GLASSCOCK COUNTY,Grade  6,23
2012-2013,18,GLASSCOCK COUNTY,Grade  7,18
2012-2013,18,GLASSCOCK COUNTY,Grade  8,14
2012-2013,18,GLASSCOCK COUNTY,Grade  9,26
2012-2013,18,GLASSCOCK COUNTY,Grade 10,20
2012-2013,18,GLASSCOCK COUNTY,Grade 11,27
2012-2013,18,GLASSCOCK COUNTY,Grade 12,17
2012-2013,3,GOLIAD COUNTY,Early Education,23
2012-2013,3,GOLIAD COUNTY,Pre-kindergarten,49
2012-2013,3,GOLIAD COUNTY,Kindergarten,106
2012-2013,3,GOLIAD COUNTY,Grade  1,86
2012-2013,3,GOLIAD COUNTY,Grade  2,92
2012-2013,3,GOLIAD COUNTY,Grade  3,97
2012-2013,3,GOLIAD COUNTY,Grade  4,97
2012-2013,3,GOLIAD COUNTY,Grade  5,105
2012-2013,3,GOLIAD COUNTY,Grade  6,110
2012-2013,3,GOLIAD COUNTY,Grade  7,89
2012-2013,3,GOLIAD COUNTY,Grade  8,112
2012-2013,3,GOLIAD COUNTY,Grade  9,116
2012-2013,3,GOLIAD COUNTY,Grade 10,109
2012-2013,3,GOLIAD COUNTY,Grade 11,101
2012-2013,3,GOLIAD COUNTY,Grade 12,79
2012-2013,13,GONZALES COUNTY,Early Education,8
2012-2013,13,GONZALES COUNTY,Pre-kindergarten,285
2012-2013,13,GONZALES COUNTY,Kindergarten,324
2012-2013,13,GONZALES COUNTY,Grade  1,356
2012-2013,13,GONZALES COUNTY,Grade  2,321
2012-2013,13,GONZALES COUNTY,Grade  3,313
2012-2013,13,GONZALES COUNTY,Grade  4,316
2012-2013,13,GONZALES COUNTY,Grade  5,288
2012-2013,13,GONZALES COUNTY,Grade  6,297
2012-2013,13,GONZALES COUNTY,Grade  7,290
2012-2013,13,GONZALES COUNTY,Grade  8,303
2012-2013,13,GONZALES COUNTY,Grade  9,303
2012-2013,13,GONZALES COUNTY,Grade 10,249
2012-2013,13,GONZALES COUNTY,Grade 11,240
2012-2013,13,GONZALES COUNTY,Grade 12,234
2012-2013,16,GRAY COUNTY,Early Education,55
2012-2013,16,GRAY COUNTY,Pre-kindergarten,192
2012-2013,16,GRAY COUNTY,Kindergarten,351
2012-2013,16,GRAY COUNTY,Grade  1,332
2012-2013,16,GRAY COUNTY,Grade  2,322
2012-2013,16,GRAY COUNTY,Grade  3,298
2012-2013,16,GRAY COUNTY,Grade  4,332
2012-2013,16,GRAY COUNTY,Grade  5,288
2012-2013,16,GRAY COUNTY,Grade  6,273
2012-2013,16,GRAY COUNTY,Grade  7,296
2012-2013,16,GRAY COUNTY,Grade  8,281
2012-2013,16,GRAY COUNTY,Grade  9,273
2012-2013,16,GRAY COUNTY,Grade 10,302
2012-2013,16,GRAY COUNTY,Grade 11,249
2012-2013,16,GRAY COUNTY,Grade 12,248
2012-2013,10,GRAYSON COUNTY,Early Education,54
2012-2013,10,GRAYSON COUNTY,Pre-kindergarten,897
2012-2013,10,GRAYSON COUNTY,Kindergarten,1635
2012-2013,10,GRAYSON COUNTY,Grade  1,1643
2012-2013,10,GRAYSON COUNTY,Grade  2,1636
2012-2013,10,GRAYSON COUNTY,Grade  3,1547
2012-2013,10,GRAYSON COUNTY,Grade  4,1518
2012-2013,10,GRAYSON COUNTY,Grade  5,1566
2012-2013,10,GRAYSON COUNTY,Grade  6,1643
2012-2013,10,GRAYSON COUNTY,Grade  7,1621
2012-2013,10,GRAYSON COUNTY,Grade  8,1518
2012-2013,10,GRAYSON COUNTY,Grade  9,1720
2012-2013,10,GRAYSON COUNTY,Grade 10,1542
2012-2013,10,GRAYSON COUNTY,Grade 11,1397
2012-2013,10,GRAYSON COUNTY,Grade 12,1308
2012-2013,7,GREGG COUNTY,Early Education,91
2012-2013,7,GREGG COUNTY,Pre-kindergarten,1219
2012-2013,7,GREGG COUNTY,Kindergarten,1940
2012-2013,7,GREGG COUNTY,Grade  1,1978
2012-2013,7,GREGG COUNTY,Grade  2,1862
2012-2013,7,GREGG COUNTY,Grade  3,1835
2012-2013,7,GREGG COUNTY,Grade  4,1843
2012-2013,7,GREGG COUNTY,Grade  5,1813
2012-2013,7,GREGG COUNTY,Grade  6,1724
2012-2013,7,GREGG COUNTY,Grade  7,1759
2012-2013,7,GREGG COUNTY,Grade  8,1705
2012-2013,7,GREGG COUNTY,Grade  9,1773
2012-2013,7,GREGG COUNTY,Grade 10,1621
2012-2013,7,GREGG COUNTY,Grade 11,1544
2012-2013,7,GREGG COUNTY,Grade 12,1512
2012-2013,6,GRIMES COUNTY,Early Education,5
2012-2013,6,GRIMES COUNTY,Pre-kindergarten,287
2012-2013,6,GRIMES COUNTY,Kindergarten,321
2012-2013,6,GRIMES COUNTY,Grade  1,356
2012-2013,6,GRIMES COUNTY,Grade  2,332
2012-2013,6,GRIMES COUNTY,Grade  3,329
2012-2013,6,GRIMES COUNTY,Grade  4,321
2012-2013,6,GRIMES COUNTY,Grade  5,321
2012-2013,6,GRIMES COUNTY,Grade  6,334
2012-2013,6,GRIMES COUNTY,Grade  7,300
2012-2013,6,GRIMES COUNTY,Grade  8,291
2012-2013,6,GRIMES COUNTY,Grade  9,343
2012-2013,6,GRIMES COUNTY,Grade 10,279
2012-2013,6,GRIMES COUNTY,Grade 11,283
2012-2013,6,GRIMES COUNTY,Grade 12,252
2012-2013,13,GUADALUPE COUNTY/13,Early Education,19
2012-2013,13,GUADALUPE COUNTY/13,Pre-kindergarten,571
2012-2013,13,GUADALUPE COUNTY/13,Kindergarten,784
2012-2013,13,GUADALUPE COUNTY/13,Grade  1,784
2012-2013,13,GUADALUPE COUNTY/13,Grade  2,779
2012-2013,13,GUADALUPE COUNTY/13,Grade  3,746
2012-2013,13,GUADALUPE COUNTY/13,Grade  4,716
2012-2013,13,GUADALUPE COUNTY/13,Grade  5,771
2012-2013,13,GUADALUPE COUNTY/13,Grade  6,767
2012-2013,13,GUADALUPE COUNTY/13,Grade  7,783
2012-2013,13,GUADALUPE COUNTY/13,Grade  8,769
2012-2013,13,GUADALUPE COUNTY/13,Grade  9,909
2012-2013,13,GUADALUPE COUNTY/13,Grade 10,722
2012-2013,13,GUADALUPE COUNTY/13,Grade 11,705
2012-2013,13,GUADALUPE COUNTY/13,Grade 12,633
2012-2013,20,GUADALUPE COUNTY/20,Early Education,86
2012-2013,20,GUADALUPE COUNTY/20,Pre-kindergarten,263
2012-2013,20,GUADALUPE COUNTY/20,Kindergarten,862
2012-2013,20,GUADALUPE COUNTY/20,Grade  1,901
2012-2013,20,GUADALUPE COUNTY/20,Grade  2,979
2012-2013,20,GUADALUPE COUNTY/20,Grade  3,981
2012-2013,20,GUADALUPE COUNTY/20,Grade  4,988
2012-2013,20,GUADALUPE COUNTY/20,Grade  5,1002
2012-2013,20,GUADALUPE COUNTY/20,Grade  6,1006
2012-2013,20,GUADALUPE COUNTY/20,Grade  7,1139
2012-2013,20,GUADALUPE COUNTY/20,Grade  8,1144
2012-2013,20,GUADALUPE COUNTY/20,Grade  9,1159
2012-2013,20,GUADALUPE COUNTY/20,Grade 10,1090
2012-2013,20,GUADALUPE COUNTY/20,Grade 11,1015
2012-2013,20,GUADALUPE COUNTY/20,Grade 12,979
2012-2013,AL,GUADALUPE COUNTY/ALL,Early Education,105
2012-2013,AL,GUADALUPE COUNTY/ALL,Pre-kindergarten,834
2012-2013,AL,GUADALUPE COUNTY/ALL,Kindergarten,1646
2012-2013,AL,GUADALUPE COUNTY/ALL,Grade  1,1685
2012-2013,AL,GUADALUPE COUNTY/ALL,Grade  2,1758
2012-2013,AL,GUADALUPE COUNTY/ALL,Grade  3,1727
2012-2013,AL,GUADALUPE COUNTY/ALL,Grade  4,1704
2012-2013,AL,GUADALUPE COUNTY/ALL,Grade  5,1773
2012-2013,AL,GUADALUPE COUNTY/ALL,Grade  6,1773
2012-2013,AL,GUADALUPE COUNTY/ALL,Grade  7,1922
2012-2013,AL,GUADALUPE COUNTY/ALL,Grade  8,1913
2012-2013,AL,GUADALUPE COUNTY/ALL,Grade  9,2068
2012-2013,AL,GUADALUPE COUNTY/ALL,Grade 10,1812
2012-2013,AL,GUADALUPE COUNTY/ALL,Grade 11,1720
2012-2013,AL,GUADALUPE COUNTY/ALL,Grade 12,1612
2012-2013,17,HALE COUNTY,Early Education,45
2012-2013,17,HALE COUNTY,Pre-kindergarten,428
2012-2013,17,HALE COUNTY,Kindergarten,666
2012-2013,17,HALE COUNTY,Grade  1,618
2012-2013,17,HALE COUNTY,Grade  2,573
2012-2013,17,HALE COUNTY,Grade  3,595
2012-2013,17,HALE COUNTY,Grade  4,588
2012-2013,17,HALE COUNTY,Grade  5,581
2012-2013,17,HALE COUNTY,Grade  6,550
2012-2013,17,HALE COUNTY,Grade  7,529
2012-2013,17,HALE COUNTY,Grade  8,565
2012-2013,17,HALE COUNTY,Grade  9,547
2012-2013,17,HALE COUNTY,Grade 10,498
2012-2013,17,HALE COUNTY,Grade 11,471
2012-2013,17,HALE COUNTY,Grade 12,410
2012-2013,16,HALL COUNTY,Pre-kindergarten,67
2012-2013,16,HALL COUNTY,Kindergarten,47
2012-2013,16,HALL COUNTY,Grade  1,49
2012-2013,16,HALL COUNTY,Grade  2,60
2012-2013,16,HALL COUNTY,Grade  3,47
2012-2013,16,HALL COUNTY,Grade  4,53
2012-2013,16,HALL COUNTY,Grade  5,52
2012-2013,16,HALL COUNTY,Grade  6,58
2012-2013,16,HALL COUNTY,Grade  7,33
2012-2013,16,HALL COUNTY,Grade  8,61
2012-2013,16,HALL COUNTY,Grade  9,52
2012-2013,16,HALL COUNTY,Grade 10,56
2012-2013,16,HALL COUNTY,Grade 11,64
2012-2013,16,HALL COUNTY,Grade 12,50
2012-2013,12,HAMILTON COUNTY,Early Education,10
2012-2013,12,HAMILTON COUNTY,Pre-kindergarten,80
2012-2013,12,HAMILTON COUNTY,Kindergarten,84
2012-2013,12,HAMILTON COUNTY,Grade  1,104
2012-2013,12,HAMILTON COUNTY,Grade  2,77
2012-2013,12,HAMILTON COUNTY,Grade  3,92
2012-2013,12,HAMILTON COUNTY,Grade  4,88
2012-2013,12,HAMILTON COUNTY,Grade  5,88
2012-2013,12,HAMILTON COUNTY,Grade  6,96
2012-2013,12,HAMILTON COUNTY,Grade  7,96
2012-2013,12,HAMILTON COUNTY,Grade  8,105
2012-2013,12,HAMILTON COUNTY,Grade  9,95
2012-2013,12,HAMILTON COUNTY,Grade 10,127
2012-2013,12,HAMILTON COUNTY,Grade 11,91
2012-2013,12,HAMILTON COUNTY,Grade 12,94
2012-2013,16,HANSFORD COUNTY,Early Education,5
2012-2013,16,HANSFORD COUNTY,Pre-kindergarten,88
2012-2013,16,HANSFORD COUNTY,Kindergarten,104
2012-2013,16,HANSFORD COUNTY,Grade  1,109
2012-2013,16,HANSFORD COUNTY,Grade  2,129
2012-2013,16,HANSFORD COUNTY,Grade  3,116
2012-2013,16,HANSFORD COUNTY,Grade  4,100
2012-2013,16,HANSFORD COUNTY,Grade  5,102
2012-2013,16,HANSFORD COUNTY,Grade  6,112
2012-2013,16,HANSFORD COUNTY,Grade  7,113
2012-2013,16,HANSFORD COUNTY,Grade  8,90
2012-2013,16,HANSFORD COUNTY,Grade  9,87
2012-2013,16,HANSFORD COUNTY,Grade 10,100
2012-2013,16,HANSFORD COUNTY,Grade 11,92
2012-2013,16,HANSFORD COUNTY,Grade 12,82
2012-2013,9,HARDEMAN COUNTY,Early Education,-9999999
2012-2013,9,HARDEMAN COUNTY,Pre-kindergarten,38
2012-2013,9,HARDEMAN COUNTY,Kindergarten,57
2012-2013,9,HARDEMAN COUNTY,Grade  1,59
2012-2013,9,HARDEMAN COUNTY,Grade  2,60
2012-2013,9,HARDEMAN COUNTY,Grade  3,48
2012-2013,9,HARDEMAN COUNTY,Grade  4,42
2012-2013,9,HARDEMAN COUNTY,Grade  5,57
2012-2013,9,HARDEMAN COUNTY,Grade  6,54
2012-2013,9,HARDEMAN COUNTY,Grade  7,57
2012-2013,9,HARDEMAN COUNTY,Grade  8,51
2012-2013,9,HARDEMAN COUNTY,Grade  9,56
2012-2013,9,HARDEMAN COUNTY,Grade 10,50
2012-2013,9,HARDEMAN COUNTY,Grade 11,46
2012-2013,9,HARDEMAN COUNTY,Grade 12,51
2012-2013,5,HARDIN COUNTY,Early Education,48
2012-2013,5,HARDIN COUNTY,Pre-kindergarten,262
2012-2013,5,HARDIN COUNTY,Kindergarten,818
2012-2013,5,HARDIN COUNTY,Grade  1,799
2012-2013,5,HARDIN COUNTY,Grade  2,818
2012-2013,5,HARDIN COUNTY,Grade  3,817
2012-2013,5,HARDIN COUNTY,Grade  4,763
2012-2013,5,HARDIN COUNTY,Grade  5,799
2012-2013,5,HARDIN COUNTY,Grade  6,853
2012-2013,5,HARDIN COUNTY,Grade  7,818
2012-2013,5,HARDIN COUNTY,Grade  8,816
2012-2013,5,HARDIN COUNTY,Grade  9,872
2012-2013,5,HARDIN COUNTY,Grade 10,794
2012-2013,5,HARDIN COUNTY,Grade 11,710
2012-2013,5,HARDIN COUNTY,Grade 12,637
2012-2013,4,HARRIS COUNTY,Early Education,3546
2012-2013,4,HARRIS COUNTY,Pre-kindergarten,46711
2012-2013,4,HARRIS COUNTY,Kindergarten,66370
2012-2013,4,HARRIS COUNTY,Grade  1,67298
2012-2013,4,HARRIS COUNTY,Grade  2,65552
2012-2013,4,HARRIS COUNTY,Grade  3,64684
2012-2013,4,HARRIS COUNTY,Grade  4,63682
2012-2013,4,HARRIS COUNTY,Grade  5,62690
2012-2013,4,HARRIS COUNTY,Grade  6,62611
2012-2013,4,HARRIS COUNTY,Grade  7,62230
2012-2013,4,HARRIS COUNTY,Grade  8,59470
2012-2013,4,HARRIS COUNTY,Grade  9,66605
2012-2013,4,HARRIS COUNTY,Grade 10,56961
2012-2013,4,HARRIS COUNTY,Grade 11,53110
2012-2013,4,HARRIS COUNTY,Grade 12,48678
2012-2013,7,HARRISON COUNTY,Early Education,13
2012-2013,7,HARRISON COUNTY,Pre-kindergarten,547
2012-2013,7,HARRISON COUNTY,Kindergarten,1035
2012-2013,7,HARRISON COUNTY,Grade  1,1068
2012-2013,7,HARRISON COUNTY,Grade  2,1051
2012-2013,7,HARRISON COUNTY,Grade  3,988
2012-2013,7,HARRISON COUNTY,Grade  4,955
2012-2013,7,HARRISON COUNTY,Grade  5,932
2012-2013,7,HARRISON COUNTY,Grade  6,1011
2012-2013,7,HARRISON COUNTY,Grade  7,955
2012-2013,7,HARRISON COUNTY,Grade  8,968
2012-2013,7,HARRISON COUNTY,Grade  9,949
2012-2013,7,HARRISON COUNTY,Grade 10,870
2012-2013,7,HARRISON COUNTY,Grade 11,830
2012-2013,7,HARRISON COUNTY,Grade 12,775
2012-2013,16,HARTLEY COUNTY,Pre-kindergarten,19
2012-2013,16,HARTLEY COUNTY,Kindergarten,24
2012-2013,16,HARTLEY COUNTY,Grade  1,22
2012-2013,16,HARTLEY COUNTY,Grade  2,28
2012-2013,16,HARTLEY COUNTY,Grade  3,25
2012-2013,16,HARTLEY COUNTY,Grade  4,36
2012-2013,16,HARTLEY COUNTY,Grade  5,33
2012-2013,16,HARTLEY COUNTY,Grade  6,28
2012-2013,16,HARTLEY COUNTY,Grade  7,31
2012-2013,16,HARTLEY COUNTY,Grade  8,28
2012-2013,16,HARTLEY COUNTY,Grade  9,29
2012-2013,16,HARTLEY COUNTY,Grade 10,23
2012-2013,16,HARTLEY COUNTY,Grade 11,17
2012-2013,16,HARTLEY COUNTY,Grade 12,29
2012-2013,14,HASKELL COUNTY,Early Education,-9999999
2012-2013,14,HASKELL COUNTY,Pre-kindergarten,97
2012-2013,14,HASKELL COUNTY,Kindergarten,64
2012-2013,14,HASKELL COUNTY,Grade  1,65
2012-2013,14,HASKELL COUNTY,Grade  2,55
2012-2013,14,HASKELL COUNTY,Grade  3,73
2012-2013,14,HASKELL COUNTY,Grade  4,71
2012-2013,14,HASKELL COUNTY,Grade  5,69
2012-2013,14,HASKELL COUNTY,Grade  6,71
2012-2013,14,HASKELL COUNTY,Grade  7,65
2012-2013,14,HASKELL COUNTY,Grade  8,67
2012-2013,14,HASKELL COUNTY,Grade  9,57
2012-2013,14,HASKELL COUNTY,Grade 10,64
2012-2013,14,HASKELL COUNTY,Grade 11,69
2012-2013,14,HASKELL COUNTY,Grade 12,53
2012-2013,13,HAYS COUNTY,Early Education,190
2012-2013,13,HAYS COUNTY,Pre-kindergarten,995
2012-2013,13,HAYS COUNTY,Kindergarten,2331
2012-2013,13,HAYS COUNTY,Grade  1,2354
2012-2013,13,HAYS COUNTY,Grade  2,2423
2012-2013,13,HAYS COUNTY,Grade  3,2363
2012-2013,13,HAYS COUNTY,Grade  4,2363
2012-2013,13,HAYS COUNTY,Grade  5,2334
2012-2013,13,HAYS COUNTY,Grade  6,2472
2012-2013,13,HAYS COUNTY,Grade  7,2343
2012-2013,13,HAYS COUNTY,Grade  8,2385
2012-2013,13,HAYS COUNTY,Grade  9,2430
2012-2013,13,HAYS COUNTY,Grade 10,2241
2012-2013,13,HAYS COUNTY,Grade 11,2114
2012-2013,13,HAYS COUNTY,Grade 12,1871
2012-2013,16,HEMPHILL COUNTY,Early Education,-9999999
2012-2013,16,HEMPHILL COUNTY,Pre-kindergarten,68
2012-2013,16,HEMPHILL COUNTY,Kindergarten,95
2012-2013,16,HEMPHILL COUNTY,Grade  1,80
2012-2013,16,HEMPHILL COUNTY,Grade  2,83
2012-2013,16,HEMPHILL COUNTY,Grade  3,71
2012-2013,16,HEMPHILL COUNTY,Grade  4,73
2012-2013,16,HEMPHILL COUNTY,Grade  5,70
2012-2013,16,HEMPHILL COUNTY,Grade  6,74
2012-2013,16,HEMPHILL COUNTY,Grade  7,81
2012-2013,16,HEMPHILL COUNTY,Grade  8,67
2012-2013,16,HEMPHILL COUNTY,Grade  9,62
2012-2013,16,HEMPHILL COUNTY,Grade 10,51
2012-2013,16,HEMPHILL COUNTY,Grade 11,47
2012-2013,16,HEMPHILL COUNTY,Grade 12,46
2012-2013,7,HENDERSON COUNTY,Early Education,25
2012-2013,7,HENDERSON COUNTY,Pre-kindergarten,439
2012-2013,7,HENDERSON COUNTY,Kindergarten,772
2012-2013,7,HENDERSON COUNTY,Grade  1,844
2012-2013,7,HENDERSON COUNTY,Grade  2,767
2012-2013,7,HENDERSON COUNTY,Grade  3,715
2012-2013,7,HENDERSON COUNTY,Grade  4,771
2012-2013,7,HENDERSON COUNTY,Grade  5,767
2012-2013,7,HENDERSON COUNTY,Grade  6,788
2012-2013,7,HENDERSON COUNTY,Grade  7,794
2012-2013,7,HENDERSON COUNTY,Grade  8,805
2012-2013,7,HENDERSON COUNTY,Grade  9,828
2012-2013,7,HENDERSON COUNTY,Grade 10,704
2012-2013,7,HENDERSON COUNTY,Grade 11,726
2012-2013,7,HENDERSON COUNTY,Grade 12,594
2012-2013,1,HIDALGO COUNTY,Early Education,603
2012-2013,1,HIDALGO COUNTY,Pre-kindergarten,12257
2012-2013,1,HIDALGO COUNTY,Kindergarten,16595
2012-2013,1,HIDALGO COUNTY,Grade  1,17129
2012-2013,1,HIDALGO COUNTY,Grade  2,16929
2012-2013,1,HIDALGO COUNTY,Grade  3,16646
2012-2013,1,HIDALGO COUNTY,Grade  4,16427
2012-2013,1,HIDALGO COUNTY,Grade  5,16480
2012-2013,1,HIDALGO COUNTY,Grade  6,16827
2012-2013,1,HIDALGO COUNTY,Grade  7,16158
2012-2013,1,HIDALGO COUNTY,Grade  8,15092
2012-2013,1,HIDALGO COUNTY,Grade  9,17987
2012-2013,1,HIDALGO COUNTY,Grade 10,13749
2012-2013,1,HIDALGO COUNTY,Grade 11,13189
2012-2013,1,HIDALGO COUNTY,Grade 12,12398
2012-2013,12,HILL COUNTY,Early Education,17
2012-2013,12,HILL COUNTY,Pre-kindergarten,462
2012-2013,12,HILL COUNTY,Kindergarten,492
2012-2013,12,HILL COUNTY,Grade  1,470
2012-2013,12,HILL COUNTY,Grade  2,493
2012-2013,12,HILL COUNTY,Grade  3,432
2012-2013,12,HILL COUNTY,Grade  4,443
2012-2013,12,HILL COUNTY,Grade  5,479
2012-2013,12,HILL COUNTY,Grade  6,532
2012-2013,12,HILL COUNTY,Grade  7,460
2012-2013,12,HILL COUNTY,Grade  8,477
2012-2013,12,HILL COUNTY,Grade  9,486
2012-2013,12,HILL COUNTY,Grade 10,451
2012-2013,12,HILL COUNTY,Grade 11,423
2012-2013,12,HILL COUNTY,Grade 12,388
2012-2013,17,HOCKLEY COUNTY,Early Education,70
2012-2013,17,HOCKLEY COUNTY,Pre-kindergarten,343
2012-2013,17,HOCKLEY COUNTY,Kindergarten,400
2012-2013,17,HOCKLEY COUNTY,Grade  1,363
2012-2013,17,HOCKLEY COUNTY,Grade  2,351
2012-2013,17,HOCKLEY COUNTY,Grade  3,350
2012-2013,17,HOCKLEY COUNTY,Grade  4,356
2012-2013,17,HOCKLEY COUNTY,Grade  5,350
2012-2013,17,HOCKLEY COUNTY,Grade  6,360
2012-2013,17,HOCKLEY COUNTY,Grade  7,361
2012-2013,17,HOCKLEY COUNTY,Grade  8,366
2012-2013,17,HOCKLEY COUNTY,Grade  9,330
2012-2013,17,HOCKLEY COUNTY,Grade 10,323
2012-2013,17,HOCKLEY COUNTY,Grade 11,299
2012-2013,17,HOCKLEY COUNTY,Grade 12,300
2012-2013,11,HOOD COUNTY,Early Education,34
2012-2013,11,HOOD COUNTY,Pre-kindergarten,252
2012-2013,11,HOOD COUNTY,Kindergarten,544
2012-2013,11,HOOD COUNTY,Grade  1,593
2012-2013,11,HOOD COUNTY,Grade  2,583
2012-2013,11,HOOD COUNTY,Grade  3,547
2012-2013,11,HOOD COUNTY,Grade  4,545
2012-2013,11,HOOD COUNTY,Grade  5,555
2012-2013,11,HOOD COUNTY,Grade  6,552
2012-2013,11,HOOD COUNTY,Grade  7,587
2012-2013,11,HOOD COUNTY,Grade  8,573
2012-2013,11,HOOD COUNTY,Grade  9,623
2012-2013,11,HOOD COUNTY,Grade 10,562
2012-2013,11,HOOD COUNTY,Grade 11,484
2012-2013,11,HOOD COUNTY,Grade 12,466
2012-2013,8,HOPKINS COUNTY,Early Education,15
2012-2013,8,HOPKINS COUNTY,Pre-kindergarten,402
2012-2013,8,HOPKINS COUNTY,Kindergarten,519
2012-2013,8,HOPKINS COUNTY,Grade  1,486
2012-2013,8,HOPKINS COUNTY,Grade  2,465
2012-2013,8,HOPKINS COUNTY,Grade  3,484
2012-2013,8,HOPKINS COUNTY,Grade  4,462
2012-2013,8,HOPKINS COUNTY,Grade  5,507
2012-2013,8,HOPKINS COUNTY,Grade  6,500
2012-2013,8,HOPKINS COUNTY,Grade  7,471
2012-2013,8,HOPKINS COUNTY,Grade  8,482
2012-2013,8,HOPKINS COUNTY,Grade  9,468
2012-2013,8,HOPKINS COUNTY,Grade 10,460
2012-2013,8,HOPKINS COUNTY,Grade 11,416
2012-2013,8,HOPKINS COUNTY,Grade 12,431
2012-2013,6,HOUSTON COUNTY,Early Education,7
2012-2013,6,HOUSTON COUNTY,Pre-kindergarten,149
2012-2013,6,HOUSTON COUNTY,Kindergarten,234
2012-2013,6,HOUSTON COUNTY,Grade  1,237
2012-2013,6,HOUSTON COUNTY,Grade  2,210
2012-2013,6,HOUSTON COUNTY,Grade  3,214
2012-2013,6,HOUSTON COUNTY,Grade  4,231
2012-2013,6,HOUSTON COUNTY,Grade  5,201
2012-2013,6,HOUSTON COUNTY,Grade  6,202
2012-2013,6,HOUSTON COUNTY,Grade  7,223
2012-2013,6,HOUSTON COUNTY,Grade  8,230
2012-2013,6,HOUSTON COUNTY,Grade  9,266
2012-2013,6,HOUSTON COUNTY,Grade 10,206
2012-2013,6,HOUSTON COUNTY,Grade 11,189
2012-2013,6,HOUSTON COUNTY,Grade 12,197
2012-2013,18,HOWARD COUNTY,Early Education,13
2012-2013,18,HOWARD COUNTY,Pre-kindergarten,116
2012-2013,18,HOWARD COUNTY,Kindergarten,532
2012-2013,18,HOWARD COUNTY,Grade  1,466
2012-2013,18,HOWARD COUNTY,Grade  2,467
2012-2013,18,HOWARD COUNTY,Grade  3,484
2012-2013,18,HOWARD COUNTY,Grade  4,483
2012-2013,18,HOWARD COUNTY,Grade  5,469
2012-2013,18,HOWARD COUNTY,Grade  6,447
2012-2013,18,HOWARD COUNTY,Grade  7,413
2012-2013,18,HOWARD COUNTY,Grade  8,416
2012-2013,18,HOWARD COUNTY,Grade  9,402
2012-2013,18,HOWARD COUNTY,Grade 10,348
2012-2013,18,HOWARD COUNTY,Grade 11,341
2012-2013,18,HOWARD COUNTY,Grade 12,337
2012-2013,19,HUDSPETH COUNTY,Pre-kindergarten,30
2012-2013,19,HUDSPETH COUNTY,Kindergarten,47
2012-2013,19,HUDSPETH COUNTY,Grade  1,57
2012-2013,19,HUDSPETH COUNTY,Grade  2,44
2012-2013,19,HUDSPETH COUNTY,Grade  3,50
2012-2013,19,HUDSPETH COUNTY,Grade  4,57
2012-2013,19,HUDSPETH COUNTY,Grade  5,51
2012-2013,19,HUDSPETH COUNTY,Grade  6,46
2012-2013,19,HUDSPETH COUNTY,Grade  7,62
2012-2013,19,HUDSPETH COUNTY,Grade  8,51
2012-2013,19,HUDSPETH COUNTY,Grade  9,60
2012-2013,19,HUDSPETH COUNTY,Grade 10,50
2012-2013,19,HUDSPETH COUNTY,Grade 11,54
2012-2013,19,HUDSPETH COUNTY,Grade 12,53
2012-2013,10,HUNT COUNTY,Early Education,36
2012-2013,10,HUNT COUNTY,Pre-kindergarten,876
2012-2013,10,HUNT COUNTY,Kindergarten,1083
2012-2013,10,HUNT COUNTY,Grade  1,1055
2012-2013,10,HUNT COUNTY,Grade  2,1079
2012-2013,10,HUNT COUNTY,Grade  3,1034
2012-2013,10,HUNT COUNTY,Grade  4,1088
2012-2013,10,HUNT COUNTY,Grade  5,1093
2012-2013,10,HUNT COUNTY,Grade  6,1114
2012-2013,10,HUNT COUNTY,Grade  7,1070
2012-2013,10,HUNT COUNTY,Grade  8,1098
2012-2013,10,HUNT COUNTY,Grade  9,1099
2012-2013,10,HUNT COUNTY,Grade 10,947
2012-2013,10,HUNT COUNTY,Grade 11,921
2012-2013,10,HUNT COUNTY,Grade 12,861
2012-2013,16,HUTCHINSON COUNTY,Early Education,11
2012-2013,16,HUTCHINSON COUNTY,Pre-kindergarten,291
2012-2013,16,HUTCHINSON COUNTY,Kindergarten,341
2012-2013,16,HUTCHINSON COUNTY,Grade  1,324
2012-2013,16,HUTCHINSON COUNTY,Grade  2,320
2012-2013,16,HUTCHINSON COUNTY,Grade  3,336
2012-2013,16,HUTCHINSON COUNTY,Grade  4,307
2012-2013,16,HUTCHINSON COUNTY,Grade  5,312
2012-2013,16,HUTCHINSON COUNTY,Grade  6,317
2012-2013,16,HUTCHINSON COUNTY,Grade  7,308
2012-2013,16,HUTCHINSON COUNTY,Grade  8,332
2012-2013,16,HUTCHINSON COUNTY,Grade  9,328
2012-2013,16,HUTCHINSON COUNTY,Grade 10,329
2012-2013,16,HUTCHINSON COUNTY,Grade 11,260
2012-2013,16,HUTCHINSON COUNTY,Grade 12,269
2012-2013,15,IRION COUNTY,Early Education,-9999999
2012-2013,15,IRION COUNTY,Kindergarten,16
2012-2013,15,IRION COUNTY,Grade  1,14
2012-2013,15,IRION COUNTY,Grade  2,19
2012-2013,15,IRION COUNTY,Grade  3,22
2012-2013,15,IRION COUNTY,Grade  4,20
2012-2013,15,IRION COUNTY,Grade  5,28
2012-2013,15,IRION COUNTY,Grade  6,16
2012-2013,15,IRION COUNTY,Grade  7,30
2012-2013,15,IRION COUNTY,Grade  8,28
2012-2013,15,IRION COUNTY,Grade  9,25
2012-2013,15,IRION COUNTY,Grade 10,30
2012-2013,15,IRION COUNTY,Grade 11,29
2012-2013,15,IRION COUNTY,Grade 12,23
2012-2013,9,JACK COUNTY,Early Education,6
2012-2013,9,JACK COUNTY,Pre-kindergarten,66
2012-2013,9,JACK COUNTY,Kindergarten,127
2012-2013,9,JACK COUNTY,Grade  1,114
2012-2013,9,JACK COUNTY,Grade  2,109
2012-2013,9,JACK COUNTY,Grade  3,107
2012-2013,9,JACK COUNTY,Grade  4,119
2012-2013,9,JACK COUNTY,Grade  5,110
2012-2013,9,JACK COUNTY,Grade  6,115
2012-2013,9,JACK COUNTY,Grade  7,127
2012-2013,9,JACK COUNTY,Grade  8,127
2012-2013,9,JACK COUNTY,Grade  9,120
2012-2013,9,JACK COUNTY,Grade 10,115
2012-2013,9,JACK COUNTY,Grade 11,120
2012-2013,9,JACK COUNTY,Grade 12,102
2012-2013,3,JACKSON COUNTY,Early Education,23
2012-2013,3,JACKSON COUNTY,Pre-kindergarten,157
2012-2013,3,JACKSON COUNTY,Kindergarten,253
2012-2013,3,JACKSON COUNTY,Grade  1,257
2012-2013,3,JACKSON COUNTY,Grade  2,261
2012-2013,3,JACKSON COUNTY,Grade  3,235
2012-2013,3,JACKSON COUNTY,Grade  4,238
2012-2013,3,JACKSON COUNTY,Grade  5,266
2012-2013,3,JACKSON COUNTY,Grade  6,262
2012-2013,3,JACKSON COUNTY,Grade  7,255
2012-2013,3,JACKSON COUNTY,Grade  8,248
2012-2013,3,JACKSON COUNTY,Grade  9,262
2012-2013,3,JACKSON COUNTY,Grade 10,267
2012-2013,3,JACKSON COUNTY,Grade 11,227
2012-2013,3,JACKSON COUNTY,Grade 12,231
2012-2013,5,JASPER COUNTY,Early Education,25
2012-2013,5,JASPER COUNTY,Pre-kindergarten,283
2012-2013,5,JASPER COUNTY,Kindergarten,476
2012-2013,5,JASPER COUNTY,Grade  1,503
2012-2013,5,JASPER COUNTY,Grade  2,509
2012-2013,5,JASPER COUNTY,Grade  3,489
2012-2013,5,JASPER COUNTY,Grade  4,515
2012-2013,5,JASPER COUNTY,Grade  5,470
2012-2013,5,JASPER COUNTY,Grade  6,517
2012-2013,5,JASPER COUNTY,Grade  7,471
2012-2013,5,JASPER COUNTY,Grade  8,475
2012-2013,5,JASPER COUNTY,Grade  9,460
2012-2013,5,JASPER COUNTY,Grade 10,471
2012-2013,5,JASPER COUNTY,Grade 11,433
2012-2013,5,JASPER COUNTY,Grade 12,418
2012-2013,18,JEFF DAVIS COUNTY,Pre-kindergarten,16
2012-2013,18,JEFF DAVIS COUNTY,Kindergarten,13
2012-2013,18,JEFF DAVIS COUNTY,Grade  1,25
2012-2013,18,JEFF DAVIS COUNTY,Grade  2,23
2012-2013,18,JEFF DAVIS COUNTY,Grade  3,30
2012-2013,18,JEFF DAVIS COUNTY,Grade  4,18
2012-2013,18,JEFF DAVIS COUNTY,Grade  5,21
2012-2013,18,JEFF DAVIS COUNTY,Grade  6,19
2012-2013,18,JEFF DAVIS COUNTY,Grade  7,14
2012-2013,18,JEFF DAVIS COUNTY,Grade  8,22
2012-2013,18,JEFF DAVIS COUNTY,Grade  9,35
2012-2013,18,JEFF DAVIS COUNTY,Grade 10,44
2012-2013,18,JEFF DAVIS COUNTY,Grade 11,34
2012-2013,18,JEFF DAVIS COUNTY,Grade 12,29
2012-2013,5,JEFFERSON COUNTY,Early Education,340
2012-2013,5,JEFFERSON COUNTY,Pre-kindergarten,2512
2012-2013,5,JEFFERSON COUNTY,Kindergarten,3427
2012-2013,5,JEFFERSON COUNTY,Grade  1,3315
2012-2013,5,JEFFERSON COUNTY,Grade  2,3121
2012-2013,5,JEFFERSON COUNTY,Grade  3,2996
2012-2013,5,JEFFERSON COUNTY,Grade  4,3012
2012-2013,5,JEFFERSON COUNTY,Grade  5,2954
2012-2013,5,JEFFERSON COUNTY,Grade  6,2960
2012-2013,5,JEFFERSON COUNTY,Grade  7,3021
2012-2013,5,JEFFERSON COUNTY,Grade  8,2983
2012-2013,5,JEFFERSON COUNTY,Grade  9,3121
2012-2013,5,JEFFERSON COUNTY,Grade 10,2967
2012-2013,5,JEFFERSON COUNTY,Grade 11,2675
2012-2013,5,JEFFERSON COUNTY,Grade 12,2533
2012-2013,1,JIM HOGG COUNTY,Early Education,-9999999
2012-2013,1,JIM HOGG COUNTY,Pre-kindergarten,41
2012-2013,1,JIM HOGG COUNTY,Kindergarten,103
2012-2013,1,JIM HOGG COUNTY,Grade  1,105
2012-2013,1,JIM HOGG COUNTY,Grade  2,96
2012-2013,1,JIM HOGG COUNTY,Grade  3,86
2012-2013,1,JIM HOGG COUNTY,Grade  4,87
2012-2013,1,JIM HOGG COUNTY,Grade  5,82
2012-2013,1,JIM HOGG COUNTY,Grade  6,76
2012-2013,1,JIM HOGG COUNTY,Grade  7,76
2012-2013,1,JIM HOGG COUNTY,Grade  8,74
2012-2013,1,JIM HOGG COUNTY,Grade  9,88
2012-2013,1,JIM HOGG COUNTY,Grade 10,71
2012-2013,1,JIM HOGG COUNTY,Grade 11,64
2012-2013,1,JIM HOGG COUNTY,Grade 12,68
2012-2013,2,JIM WELLS COUNTY,Early Education,25
2012-2013,2,JIM WELLS COUNTY,Pre-kindergarten,423
2012-2013,2,JIM WELLS COUNTY,Kindergarten,687
2012-2013,2,JIM WELLS COUNTY,Grade  1,716
2012-2013,2,JIM WELLS COUNTY,Grade  2,658
2012-2013,2,JIM WELLS COUNTY,Grade  3,630
2012-2013,2,JIM WELLS COUNTY,Grade  4,633
2012-2013,2,JIM WELLS COUNTY,Grade  5,601
2012-2013,2,JIM WELLS COUNTY,Grade  6,614
2012-2013,2,JIM WELLS COUNTY,Grade  7,640
2012-2013,2,JIM WELLS COUNTY,Grade  8,652
2012-2013,2,JIM WELLS COUNTY,Grade  9,772
2012-2013,2,JIM WELLS COUNTY,Grade 10,528
2012-2013,2,JIM WELLS COUNTY,Grade 11,533
2012-2013,2,JIM WELLS COUNTY,Grade 12,526
2012-2013,11,JOHNSON COUNTY,Early Education,105
2012-2013,11,JOHNSON COUNTY,Pre-kindergarten,1024
2012-2013,11,JOHNSON COUNTY,Kindergarten,2468
2012-2013,11,JOHNSON COUNTY,Grade  1,2468
2012-2013,11,JOHNSON COUNTY,Grade  2,2477
2012-2013,11,JOHNSON COUNTY,Grade  3,2426
2012-2013,11,JOHNSON COUNTY,Grade  4,2354
2012-2013,11,JOHNSON COUNTY,Grade  5,2356
2012-2013,11,JOHNSON COUNTY,Grade  6,2437
2012-2013,11,JOHNSON COUNTY,Grade  7,2384
2012-2013,11,JOHNSON COUNTY,Grade  8,2371
2012-2013,11,JOHNSON COUNTY,Grade  9,2642
2012-2013,11,JOHNSON COUNTY,Grade 10,2441
2012-2013,11,JOHNSON COUNTY,Grade 11,2107
2012-2013,11,JOHNSON COUNTY,Grade 12,1941
2012-2013,14,JONES COUNTY,Early Education,-9999999
2012-2013,14,JONES COUNTY,Pre-kindergarten,171
2012-2013,14,JONES COUNTY,Kindergarten,194
2012-2013,14,JONES COUNTY,Grade  1,194
2012-2013,14,JONES COUNTY,Grade  2,217
2012-2013,14,JONES COUNTY,Grade  3,187
2012-2013,14,JONES COUNTY,Grade  4,180
2012-2013,14,JONES COUNTY,Grade  5,186
2012-2013,14,JONES COUNTY,Grade  6,211
2012-2013,14,JONES COUNTY,Grade  7,198
2012-2013,14,JONES COUNTY,Grade  8,181
2012-2013,14,JONES COUNTY,Grade  9,191
2012-2013,14,JONES COUNTY,Grade 10,199
2012-2013,14,JONES COUNTY,Grade 11,184
2012-2013,14,JONES COUNTY,Grade 12,176
2012-2013,3,KARNES COUNTY/03,Early Education,10
2012-2013,3,KARNES COUNTY/03,Pre-kindergarten,98
2012-2013,3,KARNES COUNTY/03,Kindergarten,157
2012-2013,3,KARNES COUNTY/03,Grade  1,172
2012-2013,3,KARNES COUNTY/03,Grade  2,166
2012-2013,3,KARNES COUNTY/03,Grade  3,148
2012-2013,3,KARNES COUNTY/03,Grade  4,141
2012-2013,3,KARNES COUNTY/03,Grade  5,143
2012-2013,3,KARNES COUNTY/03,Grade  6,151
2012-2013,3,KARNES COUNTY/03,Grade  7,161
2012-2013,3,KARNES COUNTY/03,Grade  8,124
2012-2013,3,KARNES COUNTY/03,Grade  9,146
2012-2013,3,KARNES COUNTY/03,Grade 10,153
2012-2013,3,KARNES COUNTY/03,Grade 11,124
2012-2013,3,KARNES COUNTY/03,Grade 12,132
2012-2013,20,KARNES COUNTY/20,Early Education,-9999999
2012-2013,20,KARNES COUNTY/20,Kindergarten,10
2012-2013,20,KARNES COUNTY/20,Grade  1,35
2012-2013,20,KARNES COUNTY/20,Grade  2,22
2012-2013,20,KARNES COUNTY/20,Grade  3,29
2012-2013,20,KARNES COUNTY/20,Grade  4,29
2012-2013,20,KARNES COUNTY/20,Grade  5,25
2012-2013,20,KARNES COUNTY/20,Grade  6,29
2012-2013,20,KARNES COUNTY/20,Grade  7,29
2012-2013,20,KARNES COUNTY/20,Grade  8,35
2012-2013,20,KARNES COUNTY/20,Grade  9,33
2012-2013,20,KARNES COUNTY/20,Grade 10,23
2012-2013,20,KARNES COUNTY/20,Grade 11,26
2012-2013,20,KARNES COUNTY/20,Grade 12,34
2012-2013,AL,KARNES COUNTY/ALL,Early Education,11
2012-2013,AL,KARNES COUNTY/ALL,Pre-kindergarten,98
2012-2013,AL,KARNES COUNTY/ALL,Kindergarten,167
2012-2013,AL,KARNES COUNTY/ALL,Grade  1,207
2012-2013,AL,KARNES COUNTY/ALL,Grade  2,188
2012-2013,AL,KARNES COUNTY/ALL,Grade  3,177
2012-2013,AL,KARNES COUNTY/ALL,Grade  4,170
2012-2013,AL,KARNES COUNTY/ALL,Grade  5,168
2012-2013,AL,KARNES COUNTY/ALL,Grade  6,180
2012-2013,AL,KARNES COUNTY/ALL,Grade  7,190
2012-2013,AL,KARNES COUNTY/ALL,Grade  8,159
2012-2013,AL,KARNES COUNTY/ALL,Grade  9,179
2012-2013,AL,KARNES COUNTY/ALL,Grade 10,176
2012-2013,AL,KARNES COUNTY/ALL,Grade 11,150
2012-2013,AL,KARNES COUNTY/ALL,Grade 12,166
2012-2013,10,KAUFMAN COUNTY,Early Education,79
2012-2013,10,KAUFMAN COUNTY,Pre-kindergarten,902
2012-2013,10,KAUFMAN COUNTY,Kindergarten,1958
2012-2013,10,KAUFMAN COUNTY,Grade  1,1941
2012-2013,10,KAUFMAN COUNTY,Grade  2,1845
2012-2013,10,KAUFMAN COUNTY,Grade  3,1798
2012-2013,10,KAUFMAN COUNTY,Grade  4,1891
2012-2013,10,KAUFMAN COUNTY,Grade  5,1925
2012-2013,10,KAUFMAN COUNTY,Grade  6,2027
2012-2013,10,KAUFMAN COUNTY,Grade  7,2007
2012-2013,10,KAUFMAN COUNTY,Grade  8,1925
2012-2013,10,KAUFMAN COUNTY,Grade  9,2011
2012-2013,10,KAUFMAN COUNTY,Grade 10,1888
2012-2013,10,KAUFMAN COUNTY,Grade 11,1704
2012-2013,10,KAUFMAN COUNTY,Grade 12,1545
2012-2013,13,KENDALL COUNTY/13,Pre-kindergarten,33
2012-2013,13,KENDALL COUNTY/13,Kindergarten,80
2012-2013,13,KENDALL COUNTY/13,Grade  1,90
2012-2013,13,KENDALL COUNTY/13,Grade  2,92
2012-2013,13,KENDALL COUNTY/13,Grade  3,68
2012-2013,13,KENDALL COUNTY/13,Grade  4,93
2012-2013,13,KENDALL COUNTY/13,Grade  5,79
2012-2013,13,KENDALL COUNTY/13,Grade  6,86
2012-2013,13,KENDALL COUNTY/13,Grade  7,85
2012-2013,13,KENDALL COUNTY/13,Grade  8,82
2012-2013,13,KENDALL COUNTY/13,Grade  9,78
2012-2013,13,KENDALL COUNTY/13,Grade 10,93
2012-2013,13,KENDALL COUNTY/13,Grade 11,82
2012-2013,13,KENDALL COUNTY/13,Grade 12,74
2012-2013,20,KENDALL COUNTY/20,Early Education,33
2012-2013,20,KENDALL COUNTY/20,Pre-kindergarten,37
2012-2013,20,KENDALL COUNTY/20,Kindergarten,452
2012-2013,20,KENDALL COUNTY/20,Grade  1,445
2012-2013,20,KENDALL COUNTY/20,Grade  2,480
2012-2013,20,KENDALL COUNTY/20,Grade  3,524
2012-2013,20,KENDALL COUNTY/20,Grade  4,488
2012-2013,20,KENDALL COUNTY/20,Grade  5,544
2012-2013,20,KENDALL COUNTY/20,Grade  6,557
2012-2013,20,KENDALL COUNTY/20,Grade  7,617
2012-2013,20,KENDALL COUNTY/20,Grade  8,612
2012-2013,20,KENDALL COUNTY/20,Grade  9,635
2012-2013,20,KENDALL COUNTY/20,Grade 10,592
2012-2013,20,KENDALL COUNTY/20,Grade 11,585
2012-2013,20,KENDALL COUNTY/20,Grade 12,563
2012-2013,AL,KENDALL COUNTY/ALL,Early Education,33
2012-2013,AL,KENDALL COUNTY/ALL,Pre-kindergarten,70
2012-2013,AL,KENDALL COUNTY/ALL,Kindergarten,532
2012-2013,AL,KENDALL COUNTY/ALL,Grade  1,535
2012-2013,AL,KENDALL COUNTY/ALL,Grade  2,572
2012-2013,AL,KENDALL COUNTY/ALL,Grade  3,592
2012-2013,AL,KENDALL COUNTY/ALL,Grade  4,581
2012-2013,AL,KENDALL COUNTY/ALL,Grade  5,623
2012-2013,AL,KENDALL COUNTY/ALL,Grade  6,643
2012-2013,AL,KENDALL COUNTY/ALL,Grade  7,702
2012-2013,AL,KENDALL COUNTY/ALL,Grade  8,694
2012-2013,AL,KENDALL COUNTY/ALL,Grade  9,713
2012-2013,AL,KENDALL COUNTY/ALL,Grade 10,685
2012-2013,AL,KENDALL COUNTY/ALL,Grade 11,667
2012-2013,AL,KENDALL COUNTY/ALL,Grade 12,637
2012-2013,2,KENEDY COUNTY,Pre-kindergarten,11
2012-2013,2,KENEDY COUNTY,Kindergarten,12
2012-2013,2,KENEDY COUNTY,Grade  1,10
2012-2013,2,KENEDY COUNTY,Grade  2,10
2012-2013,2,KENEDY COUNTY,Grade  3,13
2012-2013,2,KENEDY COUNTY,Grade  4,8
2012-2013,2,KENEDY COUNTY,Grade  5,9
2012-2013,2,KENEDY COUNTY,Grade  6,10
2012-2013,17,KENT COUNTY,Early Education,-9999999
2012-2013,17,KENT COUNTY,Pre-kindergarten,9
2012-2013,17,KENT COUNTY,Kindergarten,7
2012-2013,17,KENT COUNTY,Grade  1,8
2012-2013,17,KENT COUNTY,Grade  2,10
2012-2013,17,KENT COUNTY,Grade  3,15
2012-2013,17,KENT COUNTY,Grade  4,-9999999
2012-2013,17,KENT COUNTY,Grade  5,13
2012-2013,17,KENT COUNTY,Grade  6,13
2012-2013,17,KENT COUNTY,Grade  7,12
2012-2013,17,KENT COUNTY,Grade  8,9
2012-2013,17,KENT COUNTY,Grade  9,13
2012-2013,17,KENT COUNTY,Grade 10,10
2012-2013,17,KENT COUNTY,Grade 11,12
2012-2013,17,KENT COUNTY,Grade 12,9
2012-2013,20,KERR COUNTY,Early Education,10
2012-2013,20,KERR COUNTY,Pre-kindergarten,349
2012-2013,20,KERR COUNTY,Kindergarten,502
2012-2013,20,KERR COUNTY,Grade  1,505
2012-2013,20,KERR COUNTY,Grade  2,510
2012-2013,20,KERR COUNTY,Grade  3,499
2012-2013,20,KERR COUNTY,Grade  4,425
2012-2013,20,KERR COUNTY,Grade  5,514
2012-2013,20,KERR COUNTY,Grade  6,509
2012-2013,20,KERR COUNTY,Grade  7,494
2012-2013,20,KERR COUNTY,Grade  8,506
2012-2013,20,KERR COUNTY,Grade  9,521
2012-2013,20,KERR COUNTY,Grade 10,506
2012-2013,20,KERR COUNTY,Grade 11,423
2012-2013,20,KERR COUNTY,Grade 12,455
2012-2013,15,KIMBLE COUNTY,Pre-kindergarten,41
2012-2013,15,KIMBLE COUNTY,Kindergarten,52
2012-2013,15,KIMBLE COUNTY,Grade  1,51
2012-2013,15,KIMBLE COUNTY,Grade  2,46
2012-2013,15,KIMBLE COUNTY,Grade  3,47
2012-2013,15,KIMBLE COUNTY,Grade  4,43
2012-2013,15,KIMBLE COUNTY,Grade  5,46
2012-2013,15,KIMBLE COUNTY,Grade  6,55
2012-2013,15,KIMBLE COUNTY,Grade  7,47
2012-2013,15,KIMBLE COUNTY,Grade  8,56
2012-2013,15,KIMBLE COUNTY,Grade  9,52
2012-2013,15,KIMBLE COUNTY,Grade 10,37
2012-2013,15,KIMBLE COUNTY,Grade 11,56
2012-2013,15,KIMBLE COUNTY,Grade 12,49
2012-2013,17,KING COUNTY,Pre-kindergarten,-9999999
2012-2013,17,KING COUNTY,Kindergarten,-9999999
2012-2013,17,KING COUNTY,Grade  1,5
2012-2013,17,KING COUNTY,Grade  2,6
2012-2013,17,KING COUNTY,Grade  3,6
2012-2013,17,KING COUNTY,Grade  4,9
2012-2013,17,KING COUNTY,Grade  5,7
2012-2013,17,KING COUNTY,Grade  6,8
2012-2013,17,KING COUNTY,Grade  7,8
2012-2013,17,KING COUNTY,Grade  8,7
2012-2013,17,KING COUNTY,Grade  9,10
2012-2013,17,KING COUNTY,Grade 10,10
2012-2013,17,KING COUNTY,Grade 11,8
2012-2013,17,KING COUNTY,Grade 12,-9999999
2012-2013,20,KINNEY COUNTY,Early Education,-9999999
2012-2013,20,KINNEY COUNTY,Pre-kindergarten,32
2012-2013,20,KINNEY COUNTY,Kindergarten,42
2012-2013,20,KINNEY COUNTY,Grade  1,41
2012-2013,20,KINNEY COUNTY,Grade  2,46
2012-2013,20,KINNEY COUNTY,Grade  3,42
2012-2013,20,KINNEY COUNTY,Grade  4,43
2012-2013,20,KINNEY COUNTY,Grade  5,42
2012-2013,20,KINNEY COUNTY,Grade  6,41
2012-2013,20,KINNEY COUNTY,Grade  7,47
2012-2013,20,KINNEY COUNTY,Grade  8,58
2012-2013,20,KINNEY COUNTY,Grade  9,49
2012-2013,20,KINNEY COUNTY,Grade 10,45
2012-2013,20,KINNEY COUNTY,Grade 11,53
2012-2013,20,KINNEY COUNTY,Grade 12,39
2012-2013,2,KLEBERG COUNTY,Early Education,19
2012-2013,2,KLEBERG COUNTY,Pre-kindergarten,277
2012-2013,2,KLEBERG COUNTY,Kindergarten,402
2012-2013,2,KLEBERG COUNTY,Grade  1,416
2012-2013,2,KLEBERG COUNTY,Grade  2,390
2012-2013,2,KLEBERG COUNTY,Grade  3,382
2012-2013,2,KLEBERG COUNTY,Grade  4,357
2012-2013,2,KLEBERG COUNTY,Grade  5,362
2012-2013,2,KLEBERG COUNTY,Grade  6,369
2012-2013,2,KLEBERG COUNTY,Grade  7,392
2012-2013,2,KLEBERG COUNTY,Grade  8,358
2012-2013,2,KLEBERG COUNTY,Grade  9,488
2012-2013,2,KLEBERG COUNTY,Grade 10,358
2012-2013,2,KLEBERG COUNTY,Grade 11,302
2012-2013,2,KLEBERG COUNTY,Grade 12,347
2012-2013,9,KNOX COUNTY,Early Education,19
2012-2013,9,KNOX COUNTY,Pre-kindergarten,60
2012-2013,9,KNOX COUNTY,Kindergarten,70
2012-2013,9,KNOX COUNTY,Grade  1,47
2012-2013,9,KNOX COUNTY,Grade  2,56
2012-2013,9,KNOX COUNTY,Grade  3,40
2012-2013,9,KNOX COUNTY,Grade  4,51
2012-2013,9,KNOX COUNTY,Grade  5,55
2012-2013,9,KNOX COUNTY,Grade  6,47
2012-2013,9,KNOX COUNTY,Grade  7,46
2012-2013,9,KNOX COUNTY,Grade  8,69
2012-2013,9,KNOX COUNTY,Grade  9,55
2012-2013,9,KNOX COUNTY,Grade 10,43
2012-2013,9,KNOX COUNTY,Grade 11,48
2012-2013,9,KNOX COUNTY,Grade 12,49
2012-2013,20,LA SALLE COUNTY,Early Education,-9999999
2012-2013,20,LA SALLE COUNTY,Pre-kindergarten,101
2012-2013,20,LA SALLE COUNTY,Kindergarten,100
2012-2013,20,LA SALLE COUNTY,Grade  1,106
2012-2013,20,LA SALLE COUNTY,Grade  2,100
2012-2013,20,LA SALLE COUNTY,Grade  3,101
2012-2013,20,LA SALLE COUNTY,Grade  4,97
2012-2013,20,LA SALLE COUNTY,Grade  5,90
2012-2013,20,LA SALLE COUNTY,Grade  6,97
2012-2013,20,LA SALLE COUNTY,Grade  7,103
2012-2013,20,LA SALLE COUNTY,Grade  8,87
2012-2013,20,LA SALLE COUNTY,Grade  9,104
2012-2013,20,LA SALLE COUNTY,Grade 10,87
2012-2013,20,LA SALLE COUNTY,Grade 11,54
2012-2013,20,LA SALLE COUNTY,Grade 12,63
2012-2013,8,LAMAR COUNTY,Early Education,38
2012-2013,8,LAMAR COUNTY,Pre-kindergarten,451
2012-2013,8,LAMAR COUNTY,Kindergarten,673
2012-2013,8,LAMAR COUNTY,Grade  1,641
2012-2013,8,LAMAR COUNTY,Grade  2,669
2012-2013,8,LAMAR COUNTY,Grade  3,621
2012-2013,8,LAMAR COUNTY,Grade  4,591
2012-2013,8,LAMAR COUNTY,Grade  5,633
2012-2013,8,LAMAR COUNTY,Grade  6,629
2012-2013,8,LAMAR COUNTY,Grade  7,646
2012-2013,8,LAMAR COUNTY,Grade  8,641
2012-2013,8,LAMAR COUNTY,Grade  9,662
2012-2013,8,LAMAR COUNTY,Grade 10,616
2012-2013,8,LAMAR COUNTY,Grade 11,557
2012-2013,8,LAMAR COUNTY,Grade 12,572
2012-2013,17,LAMB COUNTY,Early Education,15
2012-2013,17,LAMB COUNTY,Pre-kindergarten,192
2012-2013,17,LAMB COUNTY,Kindergarten,221
2012-2013,17,LAMB COUNTY,Grade  1,273
2012-2013,17,LAMB COUNTY,Grade  2,229
2012-2013,17,LAMB COUNTY,Grade  3,219
2012-2013,17,LAMB COUNTY,Grade  4,224
2012-2013,17,LAMB COUNTY,Grade  5,246
2012-2013,17,LAMB COUNTY,Grade  6,227
2012-2013,17,LAMB COUNTY,Grade  7,233
2012-2013,17,LAMB COUNTY,Grade  8,195
2012-2013,17,LAMB COUNTY,Grade  9,222
2012-2013,17,LAMB COUNTY,Grade 10,235
2012-2013,17,LAMB COUNTY,Grade 11,211
2012-2013,17,LAMB COUNTY,Grade 12,197
2012-2013,12,LAMPASAS COUNTY,Early Education,11
2012-2013,12,LAMPASAS COUNTY,Pre-kindergarten,112
2012-2013,12,LAMPASAS COUNTY,Kindergarten,274
2012-2013,12,LAMPASAS COUNTY,Grade  1,272
2012-2013,12,LAMPASAS COUNTY,Grade  2,278
2012-2013,12,LAMPASAS COUNTY,Grade  3,260
2012-2013,12,LAMPASAS COUNTY,Grade  4,281
2012-2013,12,LAMPASAS COUNTY,Grade  5,276
2012-2013,12,LAMPASAS COUNTY,Grade  6,259
2012-2013,12,LAMPASAS COUNTY,Grade  7,307
2012-2013,12,LAMPASAS COUNTY,Grade  8,302
2012-2013,12,LAMPASAS COUNTY,Grade  9,287
2012-2013,12,LAMPASAS COUNTY,Grade 10,291
2012-2013,12,LAMPASAS COUNTY,Grade 11,287
2012-2013,12,LAMPASAS COUNTY,Grade 12,227
2012-2013,3,LAVACA COUNTY,Early Education,8
2012-2013,3,LAVACA COUNTY,Pre-kindergarten,120
2012-2013,3,LAVACA COUNTY,Kindergarten,192
2012-2013,3,LAVACA COUNTY,Grade  1,170
2012-2013,3,LAVACA COUNTY,Grade  2,170
2012-2013,3,LAVACA COUNTY,Grade  3,164
2012-2013,3,LAVACA COUNTY,Grade  4,182
2012-2013,3,LAVACA COUNTY,Grade  5,157
2012-2013,3,LAVACA COUNTY,Grade  6,163
2012-2013,3,LAVACA COUNTY,Grade  7,165
2012-2013,3,LAVACA COUNTY,Grade  8,161
2012-2013,3,LAVACA COUNTY,Grade  9,158
2012-2013,3,LAVACA COUNTY,Grade 10,140
2012-2013,3,LAVACA COUNTY,Grade 11,139
2012-2013,3,LAVACA COUNTY,Grade 12,140
2012-2013,13,LEE COUNTY,Early Education,15
2012-2013,13,LEE COUNTY,Pre-kindergarten,116
2012-2013,13,LEE COUNTY,Kindergarten,216
2012-2013,13,LEE COUNTY,Grade  1,221
2012-2013,13,LEE COUNTY,Grade  2,206
2012-2013,13,LEE COUNTY,Grade  3,215
2012-2013,13,LEE COUNTY,Grade  4,201
2012-2013,13,LEE COUNTY,Grade  5,199
2012-2013,13,LEE COUNTY,Grade  6,206
2012-2013,13,LEE COUNTY,Grade  7,221
2012-2013,13,LEE COUNTY,Grade  8,219
2012-2013,13,LEE COUNTY,Grade  9,283
2012-2013,13,LEE COUNTY,Grade 10,248
2012-2013,13,LEE COUNTY,Grade 11,229
2012-2013,13,LEE COUNTY,Grade 12,218
2012-2013,6,LEON COUNTY,Early Education,40
2012-2013,6,LEON COUNTY,Pre-kindergarten,127
2012-2013,6,LEON COUNTY,Kindergarten,211
2012-2013,6,LEON COUNTY,Grade  1,225
2012-2013,6,LEON COUNTY,Grade  2,249
2012-2013,6,LEON COUNTY,Grade  3,224
2012-2013,6,LEON COUNTY,Grade  4,196
2012-2013,6,LEON COUNTY,Grade  5,202
2012-2013,6,LEON COUNTY,Grade  6,257
2012-2013,6,LEON COUNTY,Grade  7,214
2012-2013,6,LEON COUNTY,Grade  8,220
2012-2013,6,LEON COUNTY,Grade  9,249
2012-2013,6,LEON COUNTY,Grade 10,232
2012-2013,6,LEON COUNTY,Grade 11,188
2012-2013,6,LEON COUNTY,Grade 12,224
2012-2013,4,LIBERTY COUNTY/04,Early Education,47
2012-2013,4,LIBERTY COUNTY/04,Pre-kindergarten,535
2012-2013,4,LIBERTY COUNTY/04,Kindergarten,1107
2012-2013,4,LIBERTY COUNTY/04,Grade  1,1093
2012-2013,4,LIBERTY COUNTY/04,Grade  2,1075
2012-2013,4,LIBERTY COUNTY/04,Grade  3,1083
2012-2013,4,LIBERTY COUNTY/04,Grade  4,1068
2012-2013,4,LIBERTY COUNTY/04,Grade  5,1035
2012-2013,4,LIBERTY COUNTY/04,Grade  6,1117
2012-2013,4,LIBERTY COUNTY/04,Grade  7,1105
2012-2013,4,LIBERTY COUNTY/04,Grade  8,1095
2012-2013,4,LIBERTY COUNTY/04,Grade  9,1174
2012-2013,4,LIBERTY COUNTY/04,Grade 10,946
2012-2013,4,LIBERTY COUNTY/04,Grade 11,890
2012-2013,4,LIBERTY COUNTY/04,Grade 12,811
2012-2013,5,LIBERTY COUNTY/05,Pre-kindergarten,21
2012-2013,5,LIBERTY COUNTY/05,Kindergarten,29
2012-2013,5,LIBERTY COUNTY/05,Grade  1,32
2012-2013,5,LIBERTY COUNTY/05,Grade  2,29
2012-2013,5,LIBERTY COUNTY/05,Grade  3,32
2012-2013,5,LIBERTY COUNTY/05,Grade  4,31
2012-2013,5,LIBERTY COUNTY/05,Grade  5,38
2012-2013,5,LIBERTY COUNTY/05,Grade  6,35
2012-2013,5,LIBERTY COUNTY/05,Grade  7,36
2012-2013,5,LIBERTY COUNTY/05,Grade  8,44
2012-2013,5,LIBERTY COUNTY/05,Grade  9,49
2012-2013,5,LIBERTY COUNTY/05,Grade 10,52
2012-2013,5,LIBERTY COUNTY/05,Grade 11,51
2012-2013,5,LIBERTY COUNTY/05,Grade 12,42
2012-2013,AL,LIBERTY COUNTY/ALL,Early Education,47
2012-2013,AL,LIBERTY COUNTY/ALL,Pre-kindergarten,556
2012-2013,AL,LIBERTY COUNTY/ALL,Kindergarten,1136
2012-2013,AL,LIBERTY COUNTY/ALL,Grade  1,1125
2012-2013,AL,LIBERTY COUNTY/ALL,Grade  2,1104
2012-2013,AL,LIBERTY COUNTY/ALL,Grade  3,1115
2012-2013,AL,LIBERTY COUNTY/ALL,Grade  4,1099
2012-2013,AL,LIBERTY COUNTY/ALL,Grade  5,1073
2012-2013,AL,LIBERTY COUNTY/ALL,Grade  6,1152
2012-2013,AL,LIBERTY COUNTY/ALL,Grade  7,1141
2012-2013,AL,LIBERTY COUNTY/ALL,Grade  8,1139
2012-2013,AL,LIBERTY COUNTY/ALL,Grade  9,1223
2012-2013,AL,LIBERTY COUNTY/ALL,Grade 10,998
2012-2013,AL,LIBERTY COUNTY/ALL,Grade 11,941
2012-2013,AL,LIBERTY COUNTY/ALL,Grade 12,853
2012-2013,12,LIMESTONE COUNTY,Early Education,6
2012-2013,12,LIMESTONE COUNTY,Pre-kindergarten,263
2012-2013,12,LIMESTONE COUNTY,Kindergarten,345
2012-2013,12,LIMESTONE COUNTY,Grade  1,323
2012-2013,12,LIMESTONE COUNTY,Grade  2,315
2012-2013,12,LIMESTONE COUNTY,Grade  3,280
2012-2013,12,LIMESTONE COUNTY,Grade  4,280
2012-2013,12,LIMESTONE COUNTY,Grade  5,294
2012-2013,12,LIMESTONE COUNTY,Grade  6,285
2012-2013,12,LIMESTONE COUNTY,Grade  7,270
2012-2013,12,LIMESTONE COUNTY,Grade  8,281
2012-2013,12,LIMESTONE COUNTY,Grade  9,318
2012-2013,12,LIMESTONE COUNTY,Grade 10,269
2012-2013,12,LIMESTONE COUNTY,Grade 11,300
2012-2013,12,LIMESTONE COUNTY,Grade 12,279
2012-2013,16,LIPSCOMB COUNTY,Early Education,-9999999
2012-2013,16,LIPSCOMB COUNTY,Pre-kindergarten,68
2012-2013,16,LIPSCOMB COUNTY,Kindergarten,69
2012-2013,16,LIPSCOMB COUNTY,Grade  1,61
2012-2013,16,LIPSCOMB COUNTY,Grade  2,64
2012-2013,16,LIPSCOMB COUNTY,Grade  3,77
2012-2013,16,LIPSCOMB COUNTY,Grade  4,49
2012-2013,16,LIPSCOMB COUNTY,Grade  5,57
2012-2013,16,LIPSCOMB COUNTY,Grade  6,55
2012-2013,16,LIPSCOMB COUNTY,Grade  7,58
2012-2013,16,LIPSCOMB COUNTY,Grade  8,62
2012-2013,16,LIPSCOMB COUNTY,Grade  9,61
2012-2013,16,LIPSCOMB COUNTY,Grade 10,59
2012-2013,16,LIPSCOMB COUNTY,Grade 11,60
2012-2013,16,LIPSCOMB COUNTY,Grade 12,62
2012-2013,2,LIVE OAK COUNTY,Early Education,11
2012-2013,2,LIVE OAK COUNTY,Pre-kindergarten,34
2012-2013,2,LIVE OAK COUNTY,Kindergarten,136
2012-2013,2,LIVE OAK COUNTY,Grade  1,118
2012-2013,2,LIVE OAK COUNTY,Grade  2,125
2012-2013,2,LIVE OAK COUNTY,Grade  3,128
2012-2013,2,LIVE OAK COUNTY,Grade  4,117
2012-2013,2,LIVE OAK COUNTY,Grade  5,145
2012-2013,2,LIVE OAK COUNTY,Grade  6,135
2012-2013,2,LIVE OAK COUNTY,Grade  7,153
2012-2013,2,LIVE OAK COUNTY,Grade  8,140
2012-2013,2,LIVE OAK COUNTY,Grade  9,136
2012-2013,2,LIVE OAK COUNTY,Grade 10,121
2012-2013,2,LIVE OAK COUNTY,Grade 11,118
2012-2013,2,LIVE OAK COUNTY,Grade 12,134
2012-2013,13,LLANO COUNTY,Early Education,7
2012-2013,13,LLANO COUNTY,Pre-kindergarten,83
2012-2013,13,LLANO COUNTY,Kindergarten,134
2012-2013,13,LLANO COUNTY,Grade  1,145
2012-2013,13,LLANO COUNTY,Grade  2,143
2012-2013,13,LLANO COUNTY,Grade  3,128
2012-2013,13,LLANO COUNTY,Grade  4,129
2012-2013,13,LLANO COUNTY,Grade  5,152
2012-2013,13,LLANO COUNTY,Grade  6,149
2012-2013,13,LLANO COUNTY,Grade  7,133
2012-2013,13,LLANO COUNTY,Grade  8,129
2012-2013,13,LLANO COUNTY,Grade  9,143
2012-2013,13,LLANO COUNTY,Grade 10,140
2012-2013,13,LLANO COUNTY,Grade 11,117
2012-2013,13,LLANO COUNTY,Grade 12,99
2012-2013,17,LUBBOCK COUNTY,Early Education,250
2012-2013,17,LUBBOCK COUNTY,Pre-kindergarten,2101
2012-2013,17,LUBBOCK COUNTY,Kindergarten,4326
2012-2013,17,LUBBOCK COUNTY,Grade  1,3977
2012-2013,17,LUBBOCK COUNTY,Grade  2,3911
2012-2013,17,LUBBOCK COUNTY,Grade  3,3738
2012-2013,17,LUBBOCK COUNTY,Grade  4,3682
2012-2013,17,LUBBOCK COUNTY,Grade  5,3626
2012-2013,17,LUBBOCK COUNTY,Grade  6,3608
2012-2013,17,LUBBOCK COUNTY,Grade  7,3525
2012-2013,17,LUBBOCK COUNTY,Grade  8,3399
2012-2013,17,LUBBOCK COUNTY,Grade  9,3563
2012-2013,17,LUBBOCK COUNTY,Grade 10,3229
2012-2013,17,LUBBOCK COUNTY,Grade 11,2877
2012-2013,17,LUBBOCK COUNTY,Grade 12,2865
2012-2013,17,LYNN COUNTY,Early Education,-9999999
2012-2013,17,LYNN COUNTY,Pre-kindergarten,94
2012-2013,17,LYNN COUNTY,Kindergarten,138
2012-2013,17,LYNN COUNTY,Grade  1,108
2012-2013,17,LYNN COUNTY,Grade  2,95
2012-2013,17,LYNN COUNTY,Grade  3,85
2012-2013,17,LYNN COUNTY,Grade  4,104
2012-2013,17,LYNN COUNTY,Grade  5,88
2012-2013,17,LYNN COUNTY,Grade  6,82
2012-2013,17,LYNN COUNTY,Grade  7,80
2012-2013,17,LYNN COUNTY,Grade  8,88
2012-2013,17,LYNN COUNTY,Grade  9,88
2012-2013,17,LYNN COUNTY,Grade 10,91
2012-2013,17,LYNN COUNTY,Grade 11,91
2012-2013,17,LYNN COUNTY,Grade 12,66
2012-2013,6,MADISON COUNTY,Early Education,6
2012-2013,6,MADISON COUNTY,Pre-kindergarten,180
2012-2013,6,MADISON COUNTY,Kindergarten,188
2012-2013,6,MADISON COUNTY,Grade  1,192
2012-2013,6,MADISON COUNTY,Grade  2,182
2012-2013,6,MADISON COUNTY,Grade  3,155
2012-2013,6,MADISON COUNTY,Grade  4,185
2012-2013,6,MADISON COUNTY,Grade  5,179
2012-2013,6,MADISON COUNTY,Grade  6,208
2012-2013,6,MADISON COUNTY,Grade  7,208
2012-2013,6,MADISON COUNTY,Grade  8,193
2012-2013,6,MADISON COUNTY,Grade  9,215
2012-2013,6,MADISON COUNTY,Grade 10,160
2012-2013,6,MADISON COUNTY,Grade 11,177
2012-2013,6,MADISON COUNTY,Grade 12,164
2012-2013,8,MARION COUNTY,Early Education,-9999999
2012-2013,8,MARION COUNTY,Pre-kindergarten,91
2012-2013,8,MARION COUNTY,Kindergarten,96
2012-2013,8,MARION COUNTY,Grade  1,83
2012-2013,8,MARION COUNTY,Grade  2,98
2012-2013,8,MARION COUNTY,Grade  3,83
2012-2013,8,MARION COUNTY,Grade  4,90
2012-2013,8,MARION COUNTY,Grade  5,88
2012-2013,8,MARION COUNTY,Grade  6,83
2012-2013,8,MARION COUNTY,Grade  7,73
2012-2013,8,MARION COUNTY,Grade  8,104
2012-2013,8,MARION COUNTY,Grade  9,95
2012-2013,8,MARION COUNTY,Grade 10,80
2012-2013,8,MARION COUNTY,Grade 11,87
2012-2013,8,MARION COUNTY,Grade 12,87
2012-2013,18,MARTIN COUNTY,Early Education,5
2012-2013,18,MARTIN COUNTY,Pre-kindergarten,15
2012-2013,18,MARTIN COUNTY,Kindergarten,86
2012-2013,18,MARTIN COUNTY,Grade  1,75
2012-2013,18,MARTIN COUNTY,Grade  2,102
2012-2013,18,MARTIN COUNTY,Grade  3,69
2012-2013,18,MARTIN COUNTY,Grade  4,81
2012-2013,18,MARTIN COUNTY,Grade  5,84
2012-2013,18,MARTIN COUNTY,Grade  6,91
2012-2013,18,MARTIN COUNTY,Grade  7,88
2012-2013,18,MARTIN COUNTY,Grade  8,86
2012-2013,18,MARTIN COUNTY,Grade  9,78
2012-2013,18,MARTIN COUNTY,Grade 10,82
2012-2013,18,MARTIN COUNTY,Grade 11,61
2012-2013,18,MARTIN COUNTY,Grade 12,70
2012-2013,15,MASON COUNTY,Early Education,-9999999
2012-2013,15,MASON COUNTY,Pre-kindergarten,58
2012-2013,15,MASON COUNTY,Kindergarten,50
2012-2013,15,MASON COUNTY,Grade  1,47
2012-2013,15,MASON COUNTY,Grade  2,50
2012-2013,15,MASON COUNTY,Grade  3,48
2012-2013,15,MASON COUNTY,Grade  4,49
2012-2013,15,MASON COUNTY,Grade  5,44
2012-2013,15,MASON COUNTY,Grade  6,49
2012-2013,15,MASON COUNTY,Grade  7,57
2012-2013,15,MASON COUNTY,Grade  8,55
2012-2013,15,MASON COUNTY,Grade  9,51
2012-2013,15,MASON COUNTY,Grade 10,51
2012-2013,15,MASON COUNTY,Grade 11,58
2012-2013,15,MASON COUNTY,Grade 12,46
2012-2013,3,MATAGORDA COUNTY,Early Education,14
2012-2013,3,MATAGORDA COUNTY,Pre-kindergarten,315
2012-2013,3,MATAGORDA COUNTY,Kindergarten,523
2012-2013,3,MATAGORDA COUNTY,Grade  1,540
2012-2013,3,MATAGORDA COUNTY,Grade  2,549
2012-2013,3,MATAGORDA COUNTY,Grade  3,484
2012-2013,3,MATAGORDA COUNTY,Grade  4,517
2012-2013,3,MATAGORDA COUNTY,Grade  5,495
2012-2013,3,MATAGORDA COUNTY,Grade  6,561
2012-2013,3,MATAGORDA COUNTY,Grade  7,519
2012-2013,3,MATAGORDA COUNTY,Grade  8,508
2012-2013,3,MATAGORDA COUNTY,Grade  9,623
2012-2013,3,MATAGORDA COUNTY,Grade 10,450
2012-2013,3,MATAGORDA COUNTY,Grade 11,446
2012-2013,3,MATAGORDA COUNTY,Grade 12,465
2012-2013,20,MAVERICK COUNTY,Early Education,90
2012-2013,20,MAVERICK COUNTY,Pre-kindergarten,639
2012-2013,20,MAVERICK COUNTY,Kindergarten,1089
2012-2013,20,MAVERICK COUNTY,Grade  1,1218
2012-2013,20,MAVERICK COUNTY,Grade  2,1142
2012-2013,20,MAVERICK COUNTY,Grade  3,1081
2012-2013,20,MAVERICK COUNTY,Grade  4,1059
2012-2013,20,MAVERICK COUNTY,Grade  5,1170
2012-2013,20,MAVERICK COUNTY,Grade  6,1134
2012-2013,20,MAVERICK COUNTY,Grade  7,1079
2012-2013,20,MAVERICK COUNTY,Grade  8,1165
2012-2013,20,MAVERICK COUNTY,Grade  9,1325
2012-2013,20,MAVERICK COUNTY,Grade 10,989
2012-2013,20,MAVERICK COUNTY,Grade 11,968
2012-2013,20,MAVERICK COUNTY,Grade 12,946
2012-2013,15,MCCULLOCH COUNTY,Early Education,10
2012-2013,15,MCCULLOCH COUNTY,Pre-kindergarten,54
2012-2013,15,MCCULLOCH COUNTY,Kindergarten,139
2012-2013,15,MCCULLOCH COUNTY,Grade  1,102
2012-2013,15,MCCULLOCH COUNTY,Grade  2,112
2012-2013,15,MCCULLOCH COUNTY,Grade  3,109
2012-2013,15,MCCULLOCH COUNTY,Grade  4,118
2012-2013,15,MCCULLOCH COUNTY,Grade  5,115
2012-2013,15,MCCULLOCH COUNTY,Grade  6,98
2012-2013,15,MCCULLOCH COUNTY,Grade  7,102
2012-2013,15,MCCULLOCH COUNTY,Grade  8,137
2012-2013,15,MCCULLOCH COUNTY,Grade  9,127
2012-2013,15,MCCULLOCH COUNTY,Grade 10,114
2012-2013,15,MCCULLOCH COUNTY,Grade 11,107
2012-2013,15,MCCULLOCH COUNTY,Grade 12,101
2012-2013,12,MCLENNAN COUNTY,Early Education,144
2012-2013,12,MCLENNAN COUNTY,Pre-kindergarten,1954
2012-2013,12,MCLENNAN COUNTY,Kindergarten,3566
2012-2013,12,MCLENNAN COUNTY,Grade  1,3677
2012-2013,12,MCLENNAN COUNTY,Grade  2,3512
2012-2013,12,MCLENNAN COUNTY,Grade  3,3432
2012-2013,12,MCLENNAN COUNTY,Grade  4,3596
2012-2013,12,MCLENNAN COUNTY,Grade  5,3432
2012-2013,12,MCLENNAN COUNTY,Grade  6,3654
2012-2013,12,MCLENNAN COUNTY,Grade  7,3646
2012-2013,12,MCLENNAN COUNTY,Grade  8,3483
2012-2013,12,MCLENNAN COUNTY,Grade  9,3665
2012-2013,12,MCLENNAN COUNTY,Grade 10,3065
2012-2013,12,MCLENNAN COUNTY,Grade 11,2922
2012-2013,12,MCLENNAN COUNTY,Grade 12,2686
2012-2013,2,MCMULLEN COUNTY,Pre-kindergarten,21
2012-2013,2,MCMULLEN COUNTY,Kindergarten,16
2012-2013,2,MCMULLEN COUNTY,Grade  1,18
2012-2013,2,MCMULLEN COUNTY,Grade  2,23
2012-2013,2,MCMULLEN COUNTY,Grade  3,19
2012-2013,2,MCMULLEN COUNTY,Grade  4,11
2012-2013,2,MCMULLEN COUNTY,Grade  5,17
2012-2013,2,MCMULLEN COUNTY,Grade  6,16
2012-2013,2,MCMULLEN COUNTY,Grade  7,19
2012-2013,2,MCMULLEN COUNTY,Grade  8,19
2012-2013,2,MCMULLEN COUNTY,Grade  9,21
2012-2013,2,MCMULLEN COUNTY,Grade 10,19
2012-2013,2,MCMULLEN COUNTY,Grade 11,13
2012-2013,2,MCMULLEN COUNTY,Grade 12,17
2012-2013,20,MEDINA COUNTY,Early Education,14
2012-2013,20,MEDINA COUNTY,Pre-kindergarten,423
2012-2013,20,MEDINA COUNTY,Kindergarten,627
2012-2013,20,MEDINA COUNTY,Grade  1,710
2012-2013,20,MEDINA COUNTY,Grade  2,676
2012-2013,20,MEDINA COUNTY,Grade  3,678
2012-2013,20,MEDINA COUNTY,Grade  4,684
2012-2013,20,MEDINA COUNTY,Grade  5,693
2012-2013,20,MEDINA COUNTY,Grade  6,710
2012-2013,20,MEDINA COUNTY,Grade  7,739
2012-2013,20,MEDINA COUNTY,Grade  8,693
2012-2013,20,MEDINA COUNTY,Grade  9,732
2012-2013,20,MEDINA COUNTY,Grade 10,635
2012-2013,20,MEDINA COUNTY,Grade 11,671
2012-2013,20,MEDINA COUNTY,Grade 12,623
2012-2013,15,MENARD COUNTY,Early Education,-9999999
2012-2013,15,MENARD COUNTY,Pre-kindergarten,26
2012-2013,15,MENARD COUNTY,Kindergarten,22
2012-2013,15,MENARD COUNTY,Grade  1,26
2012-2013,15,MENARD COUNTY,Grade  2,23
2012-2013,15,MENARD COUNTY,Grade  3,25
2012-2013,15,MENARD COUNTY,Grade  4,25
2012-2013,15,MENARD COUNTY,Grade  5,22
2012-2013,15,MENARD COUNTY,Grade  6,26
2012-2013,15,MENARD COUNTY,Grade  7,26
2012-2013,15,MENARD COUNTY,Grade  8,29
2012-2013,15,MENARD COUNTY,Grade  9,22
2012-2013,15,MENARD COUNTY,Grade 10,19
2012-2013,15,MENARD COUNTY,Grade 11,24
2012-2013,15,MENARD COUNTY,Grade 12,24
2012-2013,18,MIDLAND COUNTY,Early Education,114
2012-2013,18,MIDLAND COUNTY,Pre-kindergarten,823
2012-2013,18,MIDLAND COUNTY,Kindergarten,2220
2012-2013,18,MIDLAND COUNTY,Grade  1,2111
2012-2013,18,MIDLAND COUNTY,Grade  2,2093
2012-2013,18,MIDLAND COUNTY,Grade  3,1999
2012-2013,18,MIDLAND COUNTY,Grade  4,1981
2012-2013,18,MIDLAND COUNTY,Grade  5,1930
2012-2013,18,MIDLAND COUNTY,Grade  6,1965
2012-2013,18,MIDLAND COUNTY,Grade  7,1863
2012-2013,18,MIDLAND COUNTY,Grade  8,1828
2012-2013,18,MIDLAND COUNTY,Grade  9,2015
2012-2013,18,MIDLAND COUNTY,Grade 10,1767
2012-2013,18,MIDLAND COUNTY,Grade 11,1584
2012-2013,18,MIDLAND COUNTY,Grade 12,1398
2012-2013,6,MILAM COUNTY/06,Early Education,-9999999
2012-2013,6,MILAM COUNTY/06,Pre-kindergarten,265
2012-2013,6,MILAM COUNTY/06,Kindergarten,317
2012-2013,6,MILAM COUNTY/06,Grade  1,282
2012-2013,6,MILAM COUNTY/06,Grade  2,311
2012-2013,6,MILAM COUNTY/06,Grade  3,293
2012-2013,6,MILAM COUNTY/06,Grade  4,307
2012-2013,6,MILAM COUNTY/06,Grade  5,290
2012-2013,6,MILAM COUNTY/06,Grade  6,327
2012-2013,6,MILAM COUNTY/06,Grade  7,303
2012-2013,6,MILAM COUNTY/06,Grade  8,269
2012-2013,6,MILAM COUNTY/06,Grade  9,303
2012-2013,6,MILAM COUNTY/06,Grade 10,282
2012-2013,6,MILAM COUNTY/06,Grade 11,240
2012-2013,6,MILAM COUNTY/06,Grade 12,212
2012-2013,13,MILAM COUNTY/13,Early Education,-9999999
2012-2013,13,MILAM COUNTY/13,Pre-kindergarten,22
2012-2013,13,MILAM COUNTY/13,Kindergarten,41
2012-2013,13,MILAM COUNTY/13,Grade  1,30
2012-2013,13,MILAM COUNTY/13,Grade  2,39
2012-2013,13,MILAM COUNTY/13,Grade  3,40
2012-2013,13,MILAM COUNTY/13,Grade  4,41
2012-2013,13,MILAM COUNTY/13,Grade  5,39
2012-2013,13,MILAM COUNTY/13,Grade  6,48
2012-2013,13,MILAM COUNTY/13,Grade  7,51
2012-2013,13,MILAM COUNTY/13,Grade  8,32
2012-2013,13,MILAM COUNTY/13,Grade  9,44
2012-2013,13,MILAM COUNTY/13,Grade 10,47
2012-2013,13,MILAM COUNTY/13,Grade 11,52
2012-2013,13,MILAM COUNTY/13,Grade 12,51
2012-2013,AL,MILAM COUNTY/ALL,Early Education,6
2012-2013,AL,MILAM COUNTY/ALL,Pre-kindergarten,287
2012-2013,AL,MILAM COUNTY/ALL,Kindergarten,358
2012-2013,AL,MILAM COUNTY/ALL,Grade  1,312
2012-2013,AL,MILAM COUNTY/ALL,Grade  2,350
2012-2013,AL,MILAM COUNTY/ALL,Grade  3,333
2012-2013,AL,MILAM COUNTY/ALL,Grade  4,348
2012-2013,AL,MILAM COUNTY/ALL,Grade  5,329
2012-2013,AL,MILAM COUNTY/ALL,Grade  6,375
2012-2013,AL,MILAM COUNTY/ALL,Grade  7,354
2012-2013,AL,MILAM COUNTY/ALL,Grade  8,301
2012-2013,AL,MILAM COUNTY/ALL,Grade  9,347
2012-2013,AL,MILAM COUNTY/ALL,Grade 10,329
2012-2013,AL,MILAM COUNTY/ALL,Grade 11,292
2012-2013,AL,MILAM COUNTY/ALL,Grade 12,263
2012-2013,12,MILLS COUNTY,Pre-kindergarten,44
2012-2013,12,MILLS COUNTY,Kindergarten,66
2012-2013,12,MILLS COUNTY,Grade  1,55
2012-2013,12,MILLS COUNTY,Grade  2,56
2012-2013,12,MILLS COUNTY,Grade  3,59
2012-2013,12,MILLS COUNTY,Grade  4,48
2012-2013,12,MILLS COUNTY,Grade  5,63
2012-2013,12,MILLS COUNTY,Grade  6,62
2012-2013,12,MILLS COUNTY,Grade  7,61
2012-2013,12,MILLS COUNTY,Grade  8,67
2012-2013,12,MILLS COUNTY,Grade  9,60
2012-2013,12,MILLS COUNTY,Grade 10,67
2012-2013,12,MILLS COUNTY,Grade 11,68
2012-2013,12,MILLS COUNTY,Grade 12,69
2012-2013,14,MITCHELL COUNTY,Early Education,-9999999
2012-2013,14,MITCHELL COUNTY,Pre-kindergarten,128
2012-2013,14,MITCHELL COUNTY,Kindergarten,116
2012-2013,14,MITCHELL COUNTY,Grade  1,100
2012-2013,14,MITCHELL COUNTY,Grade  2,103
2012-2013,14,MITCHELL COUNTY,Grade  3,112
2012-2013,14,MITCHELL COUNTY,Grade  4,107
2012-2013,14,MITCHELL COUNTY,Grade  5,95
2012-2013,14,MITCHELL COUNTY,Grade  6,96
2012-2013,14,MITCHELL COUNTY,Grade  7,113
2012-2013,14,MITCHELL COUNTY,Grade  8,100
2012-2013,14,MITCHELL COUNTY,Grade  9,128
2012-2013,14,MITCHELL COUNTY,Grade 10,89
2012-2013,14,MITCHELL COUNTY,Grade 11,76
2012-2013,14,MITCHELL COUNTY,Grade 12,95
2012-2013,9,MONTAGUE COUNTY,Early Education,14
2012-2013,9,MONTAGUE COUNTY,Pre-kindergarten,207
2012-2013,9,MONTAGUE COUNTY,Kindergarten,278
2012-2013,9,MONTAGUE COUNTY,Grade  1,237
2012-2013,9,MONTAGUE COUNTY,Grade  2,256
2012-2013,9,MONTAGUE COUNTY,Grade  3,257
2012-2013,9,MONTAGUE COUNTY,Grade  4,230
2012-2013,9,MONTAGUE COUNTY,Grade  5,272
2012-2013,9,MONTAGUE COUNTY,Grade  6,253
2012-2013,9,MONTAGUE COUNTY,Grade  7,260
2012-2013,9,MONTAGUE COUNTY,Grade  8,226
2012-2013,9,MONTAGUE COUNTY,Grade  9,244
2012-2013,9,MONTAGUE COUNTY,Grade 10,246
2012-2013,9,MONTAGUE COUNTY,Grade 11,219
2012-2013,9,MONTAGUE COUNTY,Grade 12,195
2012-2013,6,MONTGOMERY COUNTY,Early Education,383
2012-2013,6,MONTGOMERY COUNTY,Pre-kindergarten,2828
2012-2013,6,MONTGOMERY COUNTY,Kindergarten,6966
2012-2013,6,MONTGOMERY COUNTY,Grade  1,7359
2012-2013,6,MONTGOMERY COUNTY,Grade  2,7314
2012-2013,6,MONTGOMERY COUNTY,Grade  3,7239
2012-2013,6,MONTGOMERY COUNTY,Grade  4,7250
2012-2013,6,MONTGOMERY COUNTY,Grade  5,7330
2012-2013,6,MONTGOMERY COUNTY,Grade  6,7246
2012-2013,6,MONTGOMERY COUNTY,Grade  7,7462
2012-2013,6,MONTGOMERY COUNTY,Grade  8,7268
2012-2013,6,MONTGOMERY COUNTY,Grade  9,7520
2012-2013,6,MONTGOMERY COUNTY,Grade 10,6715
2012-2013,6,MONTGOMERY COUNTY,Grade 11,6357
2012-2013,6,MONTGOMERY COUNTY,Grade 12,5893
2012-2013,16,MOORE COUNTY,Early Education,14
2012-2013,16,MOORE COUNTY,Pre-kindergarten,251
2012-2013,16,MOORE COUNTY,Kindergarten,454
2012-2013,16,MOORE COUNTY,Grade  1,416
2012-2013,16,MOORE COUNTY,Grade  2,456
2012-2013,16,MOORE COUNTY,Grade  3,423
2012-2013,16,MOORE COUNTY,Grade  4,375
2012-2013,16,MOORE COUNTY,Grade  5,384
2012-2013,16,MOORE COUNTY,Grade  6,368
2012-2013,16,MOORE COUNTY,Grade  7,363
2012-2013,16,MOORE COUNTY,Grade  8,377
2012-2013,16,MOORE COUNTY,Grade  9,380
2012-2013,16,MOORE COUNTY,Grade 10,321
2012-2013,16,MOORE COUNTY,Grade 11,338
2012-2013,16,MOORE COUNTY,Grade 12,290
2012-2013,8,MORRIS COUNTY,Early Education,12
2012-2013,8,MORRIS COUNTY,Pre-kindergarten,134
2012-2013,8,MORRIS COUNTY,Kindergarten,178
2012-2013,8,MORRIS COUNTY,Grade  1,180
2012-2013,8,MORRIS COUNTY,Grade  2,165
2012-2013,8,MORRIS COUNTY,Grade  3,154
2012-2013,8,MORRIS COUNTY,Grade  4,163
2012-2013,8,MORRIS COUNTY,Grade  5,135
2012-2013,8,MORRIS COUNTY,Grade  6,167
2012-2013,8,MORRIS COUNTY,Grade  7,140
2012-2013,8,MORRIS COUNTY,Grade  8,167
2012-2013,8,MORRIS COUNTY,Grade  9,181
2012-2013,8,MORRIS COUNTY,Grade 10,149
2012-2013,8,MORRIS COUNTY,Grade 11,143
2012-2013,8,MORRIS COUNTY,Grade 12,152
2012-2013,17,MOTLEY COUNTY,Pre-kindergarten,11
2012-2013,17,MOTLEY COUNTY,Kindergarten,15
2012-2013,17,MOTLEY COUNTY,Grade  1,15
2012-2013,17,MOTLEY COUNTY,Grade  2,11
2012-2013,17,MOTLEY COUNTY,Grade  3,12
2012-2013,17,MOTLEY COUNTY,Grade  4,11
2012-2013,17,MOTLEY COUNTY,Grade  5,11
2012-2013,17,MOTLEY COUNTY,Grade  6,17
2012-2013,17,MOTLEY COUNTY,Grade  7,13
2012-2013,17,MOTLEY COUNTY,Grade  8,14
2012-2013,17,MOTLEY COUNTY,Grade  9,15
2012-2013,17,MOTLEY COUNTY,Grade 10,20
2012-2013,17,MOTLEY COUNTY,Grade 11,12
2012-2013,17,MOTLEY COUNTY,Grade 12,11
2012-2013,7,NACOGDOCHES COUNTY,Early Education,27
2012-2013,7,NACOGDOCHES COUNTY,Pre-kindergarten,622
2012-2013,7,NACOGDOCHES COUNTY,Kindergarten,886
2012-2013,7,NACOGDOCHES COUNTY,Grade  1,837
2012-2013,7,NACOGDOCHES COUNTY,Grade  2,895
2012-2013,7,NACOGDOCHES COUNTY,Grade  3,827
2012-2013,7,NACOGDOCHES COUNTY,Grade  4,809
2012-2013,7,NACOGDOCHES COUNTY,Grade  5,824
2012-2013,7,NACOGDOCHES COUNTY,Grade  6,808
2012-2013,7,NACOGDOCHES COUNTY,Grade  7,812
2012-2013,7,NACOGDOCHES COUNTY,Grade  8,804
2012-2013,7,NACOGDOCHES COUNTY,Grade  9,855
2012-2013,7,NACOGDOCHES COUNTY,Grade 10,759
2012-2013,7,NACOGDOCHES COUNTY,Grade 11,723
2012-2013,7,NACOGDOCHES COUNTY,Grade 12,644
2012-2013,12,NAVARRO COUNTY,Early Education,28
2012-2013,12,NAVARRO COUNTY,Pre-kindergarten,374
2012-2013,12,NAVARRO COUNTY,Kindergarten,813
2012-2013,12,NAVARRO COUNTY,Grade  1,724
2012-2013,12,NAVARRO COUNTY,Grade  2,718
2012-2013,12,NAVARRO COUNTY,Grade  3,751
2012-2013,12,NAVARRO COUNTY,Grade  4,718
2012-2013,12,NAVARRO COUNTY,Grade  5,678
2012-2013,12,NAVARRO COUNTY,Grade  6,785
2012-2013,12,NAVARRO COUNTY,Grade  7,721
2012-2013,12,NAVARRO COUNTY,Grade  8,699
2012-2013,12,NAVARRO COUNTY,Grade  9,763
2012-2013,12,NAVARRO COUNTY,Grade 10,712
2012-2013,12,NAVARRO COUNTY,Grade 11,706
2012-2013,12,NAVARRO COUNTY,Grade 12,578
2012-2013,5,NEWTON COUNTY,Early Education,13
2012-2013,5,NEWTON COUNTY,Pre-kindergarten,71
2012-2013,5,NEWTON COUNTY,Kindergarten,149
2012-2013,5,NEWTON COUNTY,Grade  1,139
2012-2013,5,NEWTON COUNTY,Grade  2,150
2012-2013,5,NEWTON COUNTY,Grade  3,139
2012-2013,5,NEWTON COUNTY,Grade  4,126
2012-2013,5,NEWTON COUNTY,Grade  5,155
2012-2013,5,NEWTON COUNTY,Grade  6,173
2012-2013,5,NEWTON COUNTY,Grade  7,156
2012-2013,5,NEWTON COUNTY,Grade  8,154
2012-2013,5,NEWTON COUNTY,Grade  9,176
2012-2013,5,NEWTON COUNTY,Grade 10,153
2012-2013,5,NEWTON COUNTY,Grade 11,147
2012-2013,5,NEWTON COUNTY,Grade 12,134
2012-2013,14,NOLAN COUNTY,Early Education,60
2012-2013,14,NOLAN COUNTY,Pre-kindergarten,227
2012-2013,14,NOLAN COUNTY,Kindergarten,254
2012-2013,14,NOLAN COUNTY,Grade  1,242
2012-2013,14,NOLAN COUNTY,Grade  2,255
2012-2013,14,NOLAN COUNTY,Grade  3,220
2012-2013,14,NOLAN COUNTY,Grade  4,226
2012-2013,14,NOLAN COUNTY,Grade  5,218
2012-2013,14,NOLAN COUNTY,Grade  6,249
2012-2013,14,NOLAN COUNTY,Grade  7,196
2012-2013,14,NOLAN COUNTY,Grade  8,198
2012-2013,14,NOLAN COUNTY,Grade  9,218
2012-2013,14,NOLAN COUNTY,Grade 10,184
2012-2013,14,NOLAN COUNTY,Grade 11,177
2012-2013,14,NOLAN COUNTY,Grade 12,170
2012-2013,2,NUECES COUNTY,Early Education,223
2012-2013,2,NUECES COUNTY,Pre-kindergarten,2131
2012-2013,2,NUECES COUNTY,Kindergarten,4667
2012-2013,2,NUECES COUNTY,Grade  1,4964
2012-2013,2,NUECES COUNTY,Grade  2,4871
2012-2013,2,NUECES COUNTY,Grade  3,4680
2012-2013,2,NUECES COUNTY,Grade  4,4635
2012-2013,2,NUECES COUNTY,Grade  5,4795
2012-2013,2,NUECES COUNTY,Grade  6,4903
2012-2013,2,NUECES COUNTY,Grade  7,4911
2012-2013,2,NUECES COUNTY,Grade  8,4696
2012-2013,2,NUECES COUNTY,Grade  9,4919
2012-2013,2,NUECES COUNTY,Grade 10,4403
2012-2013,2,NUECES COUNTY,Grade 11,4042
2012-2013,2,NUECES COUNTY,Grade 12,3830
2012-2013,16,OCHILTREE COUNTY,Early Education,6
2012-2013,16,OCHILTREE COUNTY,Pre-kindergarten,138
2012-2013,16,OCHILTREE COUNTY,Kindergarten,179
2012-2013,16,OCHILTREE COUNTY,Grade  1,200
2012-2013,16,OCHILTREE COUNTY,Grade  2,213
2012-2013,16,OCHILTREE COUNTY,Grade  3,191
2012-2013,16,OCHILTREE COUNTY,Grade  4,182
2012-2013,16,OCHILTREE COUNTY,Grade  5,156
2012-2013,16,OCHILTREE COUNTY,Grade  6,194
2012-2013,16,OCHILTREE COUNTY,Grade  7,160
2012-2013,16,OCHILTREE COUNTY,Grade  8,184
2012-2013,16,OCHILTREE COUNTY,Grade  9,176
2012-2013,16,OCHILTREE COUNTY,Grade 10,132
2012-2013,16,OCHILTREE COUNTY,Grade 11,158
2012-2013,16,OCHILTREE COUNTY,Grade 12,129
2012-2013,16,OLDHAM COUNTY,Pre-kindergarten,16
2012-2013,16,OLDHAM COUNTY,Kindergarten,50
2012-2013,16,OLDHAM COUNTY,Grade  1,45
2012-2013,16,OLDHAM COUNTY,Grade  2,47
2012-2013,16,OLDHAM COUNTY,Grade  3,52
2012-2013,16,OLDHAM COUNTY,Grade  4,50
2012-2013,16,OLDHAM COUNTY,Grade  5,61
2012-2013,16,OLDHAM COUNTY,Grade  6,71
2012-2013,16,OLDHAM COUNTY,Grade  7,80
2012-2013,16,OLDHAM COUNTY,Grade  8,89
2012-2013,16,OLDHAM COUNTY,Grade  9,92
2012-2013,16,OLDHAM COUNTY,Grade 10,82
2012-2013,16,OLDHAM COUNTY,Grade 11,90
2012-2013,16,OLDHAM COUNTY,Grade 12,74
2012-2013,5,ORANGE COUNTY,Early Education,58
2012-2013,5,ORANGE COUNTY,Pre-kindergarten,663
2012-2013,5,ORANGE COUNTY,Kindergarten,1153
2012-2013,5,ORANGE COUNTY,Grade  1,1128
2012-2013,5,ORANGE COUNTY,Grade  2,1058
2012-2013,5,ORANGE COUNTY,Grade  3,1158
2012-2013,5,ORANGE COUNTY,Grade  4,1103
2012-2013,5,ORANGE COUNTY,Grade  5,1079
2012-2013,5,ORANGE COUNTY,Grade  6,1136
2012-2013,5,ORANGE COUNTY,Grade  7,1135
2012-2013,5,ORANGE COUNTY,Grade  8,1130
2012-2013,5,ORANGE COUNTY,Grade  9,1247
2012-2013,5,ORANGE COUNTY,Grade 10,1099
2012-2013,5,ORANGE COUNTY,Grade 11,1048
2012-2013,5,ORANGE COUNTY,Grade 12,1045
2012-2013,11,PALO PINTO COUNTY,Early Education,17
2012-2013,11,PALO PINTO COUNTY,Pre-kindergarten,262
2012-2013,11,PALO PINTO COUNTY,Kindergarten,394
2012-2013,11,PALO PINTO COUNTY,Grade  1,411
2012-2013,11,PALO PINTO COUNTY,Grade  2,356
2012-2013,11,PALO PINTO COUNTY,Grade  3,336
2012-2013,11,PALO PINTO COUNTY,Grade  4,346
2012-2013,11,PALO PINTO COUNTY,Grade  5,350
2012-2013,11,PALO PINTO COUNTY,Grade  6,393
2012-2013,11,PALO PINTO COUNTY,Grade  7,336
2012-2013,11,PALO PINTO COUNTY,Grade  8,346
2012-2013,11,PALO PINTO COUNTY,Grade  9,376
2012-2013,11,PALO PINTO COUNTY,Grade 10,338
2012-2013,11,PALO PINTO COUNTY,Grade 11,288
2012-2013,11,PALO PINTO COUNTY,Grade 12,320
2012-2013,7,PANOLA COUNTY,Early Education,26
2012-2013,7,PANOLA COUNTY,Pre-kindergarten,209
2012-2013,7,PANOLA COUNTY,Kindergarten,325
2012-2013,7,PANOLA COUNTY,Grade  1,280
2012-2013,7,PANOLA COUNTY,Grade  2,331
2012-2013,7,PANOLA COUNTY,Grade  3,280
2012-2013,7,PANOLA COUNTY,Grade  4,278
2012-2013,7,PANOLA COUNTY,Grade  5,296
2012-2013,7,PANOLA COUNTY,Grade  6,296
2012-2013,7,PANOLA COUNTY,Grade  7,318
2012-2013,7,PANOLA COUNTY,Grade  8,304
2012-2013,7,PANOLA COUNTY,Grade  9,338
2012-2013,7,PANOLA COUNTY,Grade 10,306
2012-2013,7,PANOLA COUNTY,Grade 11,271
2012-2013,7,PANOLA COUNTY,Grade 12,265
2012-2013,11,PARKER COUNTY,Early Education,91
2012-2013,11,PARKER COUNTY,Pre-kindergarten,451
2012-2013,11,PARKER COUNTY,Kindergarten,1442
2012-2013,11,PARKER COUNTY,Grade  1,1419
2012-2013,11,PARKER COUNTY,Grade  2,1468
2012-2013,11,PARKER COUNTY,Grade  3,1416
2012-2013,11,PARKER COUNTY,Grade  4,1489
2012-2013,11,PARKER COUNTY,Grade  5,1454
2012-2013,11,PARKER COUNTY,Grade  6,1524
2012-2013,11,PARKER COUNTY,Grade  7,1466
2012-2013,11,PARKER COUNTY,Grade  8,1542
2012-2013,11,PARKER COUNTY,Grade  9,1514
2012-2013,11,PARKER COUNTY,Grade 10,1504
2012-2013,11,PARKER COUNTY,Grade 11,1366
2012-2013,11,PARKER COUNTY,Grade 12,1319
2012-2013,16,PARMER COUNTY,Early Education,24
2012-2013,16,PARMER COUNTY,Pre-kindergarten,149
2012-2013,16,PARMER COUNTY,Kindergarten,179
2012-2013,16,PARMER COUNTY,Grade  1,203
2012-2013,16,PARMER COUNTY,Grade  2,170
2012-2013,16,PARMER COUNTY,Grade  3,169
2012-2013,16,PARMER COUNTY,Grade  4,187
2012-2013,16,PARMER COUNTY,Grade  5,181
2012-2013,16,PARMER COUNTY,Grade  6,184
2012-2013,16,PARMER COUNTY,Grade  7,185
2012-2013,16,PARMER COUNTY,Grade  8,169
2012-2013,16,PARMER COUNTY,Grade  9,170
2012-2013,16,PARMER COUNTY,Grade 10,154
2012-2013,16,PARMER COUNTY,Grade 11,170
2012-2013,16,PARMER COUNTY,Grade 12,161
2012-2013,18,PECOS COUNTY,Early Education,14
2012-2013,18,PECOS COUNTY,Pre-kindergarten,80
2012-2013,18,PECOS COUNTY,Kindergarten,284
2012-2013,18,PECOS COUNTY,Grade  1,232
2012-2013,18,PECOS COUNTY,Grade  2,256
2012-2013,18,PECOS COUNTY,Grade  3,261
2012-2013,18,PECOS COUNTY,Grade  4,210
2012-2013,18,PECOS COUNTY,Grade  5,200
2012-2013,18,PECOS COUNTY,Grade  6,235
2012-2013,18,PECOS COUNTY,Grade  7,205
2012-2013,18,PECOS COUNTY,Grade  8,229
2012-2013,18,PECOS COUNTY,Grade  9,234
2012-2013,18,PECOS COUNTY,Grade 10,207
2012-2013,18,PECOS COUNTY,Grade 11,196
2012-2013,18,PECOS COUNTY,Grade 12,218
2012-2013,6,POLK COUNTY,Early Education,19
2012-2013,6,POLK COUNTY,Pre-kindergarten,277
2012-2013,6,POLK COUNTY,Kindergarten,584
2012-2013,6,POLK COUNTY,Grade  1,574
2012-2013,6,POLK COUNTY,Grade  2,525
2012-2013,6,POLK COUNTY,Grade  3,490
2012-2013,6,POLK COUNTY,Grade  4,538
2012-2013,6,POLK COUNTY,Grade  5,528
2012-2013,6,POLK COUNTY,Grade  6,526
2012-2013,6,POLK COUNTY,Grade  7,503
2012-2013,6,POLK COUNTY,Grade  8,478
2012-2013,6,POLK COUNTY,Grade  9,549
2012-2013,6,POLK COUNTY,Grade 10,512
2012-2013,6,POLK COUNTY,Grade 11,445
2012-2013,6,POLK COUNTY,Grade 12,432
2012-2013,16,POTTER COUNTY,Early Education,221
2012-2013,16,POTTER COUNTY,Pre-kindergarten,2197
2012-2013,16,POTTER COUNTY,Kindergarten,3008
2012-2013,16,POTTER COUNTY,Grade  1,2935
2012-2013,16,POTTER COUNTY,Grade  2,2943
2012-2013,16,POTTER COUNTY,Grade  3,2843
2012-2013,16,POTTER COUNTY,Grade  4,2782
2012-2013,16,POTTER COUNTY,Grade  5,2705
2012-2013,16,POTTER COUNTY,Grade  6,2618
2012-2013,16,POTTER COUNTY,Grade  7,2539
2012-2013,16,POTTER COUNTY,Grade  8,2629
2012-2013,16,POTTER COUNTY,Grade  9,2996
2012-2013,16,POTTER COUNTY,Grade 10,2403
2012-2013,16,POTTER COUNTY,Grade 11,2343
2012-2013,16,POTTER COUNTY,Grade 12,2147
2012-2013,18,PRESIDIO COUNTY,Early Education,-9999999
2012-2013,18,PRESIDIO COUNTY,Pre-kindergarten,110
2012-2013,18,PRESIDIO COUNTY,Kindergarten,119
2012-2013,18,PRESIDIO COUNTY,Grade  1,110
2012-2013,18,PRESIDIO COUNTY,Grade  2,122
2012-2013,18,PRESIDIO COUNTY,Grade  3,129
2012-2013,18,PRESIDIO COUNTY,Grade  4,139
2012-2013,18,PRESIDIO COUNTY,Grade  5,124
2012-2013,18,PRESIDIO COUNTY,Grade  6,116
2012-2013,18,PRESIDIO COUNTY,Grade  7,137
2012-2013,18,PRESIDIO COUNTY,Grade  8,140
2012-2013,18,PRESIDIO COUNTY,Grade  9,152
2012-2013,18,PRESIDIO COUNTY,Grade 10,142
2012-2013,18,PRESIDIO COUNTY,Grade 11,111
2012-2013,18,PRESIDIO COUNTY,Grade 12,118
2012-2013,7,RAINS COUNTY,Early Education,6
2012-2013,7,RAINS COUNTY,Pre-kindergarten,35
2012-2013,7,RAINS COUNTY,Kindergarten,128
2012-2013,7,RAINS COUNTY,Grade  1,123
2012-2013,7,RAINS COUNTY,Grade  2,125
2012-2013,7,RAINS COUNTY,Grade  3,123
2012-2013,7,RAINS COUNTY,Grade  4,119
2012-2013,7,RAINS COUNTY,Grade  5,132
2012-2013,7,RAINS COUNTY,Grade  6,113
2012-2013,7,RAINS COUNTY,Grade  7,124
2012-2013,7,RAINS COUNTY,Grade  8,135
2012-2013,7,RAINS COUNTY,Grade  9,147
2012-2013,7,RAINS COUNTY,Grade 10,132
2012-2013,7,RAINS COUNTY,Grade 11,112
2012-2013,7,RAINS COUNTY,Grade 12,102
2012-2013,16,RANDALL COUNTY,Early Education,50
2012-2013,16,RANDALL COUNTY,Pre-kindergarten,129
2012-2013,16,RANDALL COUNTY,Kindergarten,710
2012-2013,16,RANDALL COUNTY,Grade  1,661
2012-2013,16,RANDALL COUNTY,Grade  2,673
2012-2013,16,RANDALL COUNTY,Grade  3,691
2012-2013,16,RANDALL COUNTY,Grade  4,708
2012-2013,16,RANDALL COUNTY,Grade  5,682
2012-2013,16,RANDALL COUNTY,Grade  6,728
2012-2013,16,RANDALL COUNTY,Grade  7,748
2012-2013,16,RANDALL COUNTY,Grade  8,702
2012-2013,16,RANDALL COUNTY,Grade  9,716
2012-2013,16,RANDALL COUNTY,Grade 10,688
2012-2013,16,RANDALL COUNTY,Grade 11,679
2012-2013,16,RANDALL COUNTY,Grade 12,659
2012-2013,18,REAGAN COUNTY,Early Education,-9999999
2012-2013,18,REAGAN COUNTY,Pre-kindergarten,63
2012-2013,18,REAGAN COUNTY,Kindergarten,67
2012-2013,18,REAGAN COUNTY,Grade  1,60
2012-2013,18,REAGAN COUNTY,Grade  2,58
2012-2013,18,REAGAN COUNTY,Grade  3,70
2012-2013,18,REAGAN COUNTY,Grade  4,83
2012-2013,18,REAGAN COUNTY,Grade  5,55
2012-2013,18,REAGAN COUNTY,Grade  6,60
2012-2013,18,REAGAN COUNTY,Grade  7,55
2012-2013,18,REAGAN COUNTY,Grade  8,62
2012-2013,18,REAGAN COUNTY,Grade  9,81
2012-2013,18,REAGAN COUNTY,Grade 10,64
2012-2013,18,REAGAN COUNTY,Grade 11,64
2012-2013,18,REAGAN COUNTY,Grade 12,43
2012-2013,20,REAL COUNTY,Kindergarten,25
2012-2013,20,REAL COUNTY,Grade  1,29
2012-2013,20,REAL COUNTY,Grade  2,28
2012-2013,20,REAL COUNTY,Grade  3,33
2012-2013,20,REAL COUNTY,Grade  4,30
2012-2013,20,REAL COUNTY,Grade  5,30
2012-2013,20,REAL COUNTY,Grade  6,36
2012-2013,20,REAL COUNTY,Grade  7,36
2012-2013,20,REAL COUNTY,Grade  8,36
2012-2013,20,REAL COUNTY,Grade  9,38
2012-2013,20,REAL COUNTY,Grade 10,42
2012-2013,20,REAL COUNTY,Grade 11,32
2012-2013,20,REAL COUNTY,Grade 12,34
2012-2013,8,RED RIVER COUNTY,Early Education,-9999999
2012-2013,8,RED RIVER COUNTY,Pre-kindergarten,149
2012-2013,8,RED RIVER COUNTY,Kindergarten,147
2012-2013,8,RED RIVER COUNTY,Grade  1,162
2012-2013,8,RED RIVER COUNTY,Grade  2,133
2012-2013,8,RED RIVER COUNTY,Grade  3,157
2012-2013,8,RED RIVER COUNTY,Grade  4,154
2012-2013,8,RED RIVER COUNTY,Grade  5,162
2012-2013,8,RED RIVER COUNTY,Grade  6,179
2012-2013,8,RED RIVER COUNTY,Grade  7,155
2012-2013,8,RED RIVER COUNTY,Grade  8,160
2012-2013,8,RED RIVER COUNTY,Grade  9,181
2012-2013,8,RED RIVER COUNTY,Grade 10,173
2012-2013,8,RED RIVER COUNTY,Grade 11,159
2012-2013,8,RED RIVER COUNTY,Grade 12,160
2012-2013,18,REEVES COUNTY,Early Education,6
2012-2013,18,REEVES COUNTY,Pre-kindergarten,104
2012-2013,18,REEVES COUNTY,Kindergarten,206
2012-2013,18,REEVES COUNTY,Grade  1,200
2012-2013,18,REEVES COUNTY,Grade  2,192
2012-2013,18,REEVES COUNTY,Grade  3,169
2012-2013,18,REEVES COUNTY,Grade  4,207
2012-2013,18,REEVES COUNTY,Grade  5,177
2012-2013,18,REEVES COUNTY,Grade  6,189
2012-2013,18,REEVES COUNTY,Grade  7,167
2012-2013,18,REEVES COUNTY,Grade  8,194
2012-2013,18,REEVES COUNTY,Grade  9,177
2012-2013,18,REEVES COUNTY,Grade 10,146
2012-2013,18,REEVES COUNTY,Grade 11,164
2012-2013,18,REEVES COUNTY,Grade 12,137
2012-2013,3,REFUGIO COUNTY,Early Education,20
2012-2013,3,REFUGIO COUNTY,Pre-kindergarten,58
2012-2013,3,REFUGIO COUNTY,Kindergarten,109
2012-2013,3,REFUGIO COUNTY,Grade  1,106
2012-2013,3,REFUGIO COUNTY,Grade  2,87
2012-2013,3,REFUGIO COUNTY,Grade  3,91
2012-2013,3,REFUGIO COUNTY,Grade  4,89
2012-2013,3,REFUGIO COUNTY,Grade  5,106
2012-2013,3,REFUGIO COUNTY,Grade  6,106
2012-2013,3,REFUGIO COUNTY,Grade  7,114
2012-2013,3,REFUGIO COUNTY,Grade  8,104
2012-2013,3,REFUGIO COUNTY,Grade  9,104
2012-2013,3,REFUGIO COUNTY,Grade 10,107
2012-2013,3,REFUGIO COUNTY,Grade 11,107
2012-2013,3,REFUGIO COUNTY,Grade 12,90
2012-2013,16,ROBERTS COUNTY,Pre-kindergarten,10
2012-2013,16,ROBERTS COUNTY,Kindergarten,19
2012-2013,16,ROBERTS COUNTY,Grade  1,16
2012-2013,16,ROBERTS COUNTY,Grade  2,12
2012-2013,16,ROBERTS COUNTY,Grade  3,13
2012-2013,16,ROBERTS COUNTY,Grade  4,16
2012-2013,16,ROBERTS COUNTY,Grade  5,14
2012-2013,16,ROBERTS COUNTY,Grade  6,22
2012-2013,16,ROBERTS COUNTY,Grade  7,16
2012-2013,16,ROBERTS COUNTY,Grade  8,12
2012-2013,16,ROBERTS COUNTY,Grade  9,20
2012-2013,16,ROBERTS COUNTY,Grade 10,16
2012-2013,16,ROBERTS COUNTY,Grade 11,14
2012-2013,16,ROBERTS COUNTY,Grade 12,15
2012-2013,6,ROBERTSON COUNTY,Early Education,5
2012-2013,6,ROBERTSON COUNTY,Pre-kindergarten,255
2012-2013,6,ROBERTSON COUNTY,Kindergarten,275
2012-2013,6,ROBERTSON COUNTY,Grade  1,263
2012-2013,6,ROBERTSON COUNTY,Grade  2,203
2012-2013,6,ROBERTSON COUNTY,Grade  3,239
2012-2013,6,ROBERTSON COUNTY,Grade  4,218
2012-2013,6,ROBERTSON COUNTY,Grade  5,200
2012-2013,6,ROBERTSON COUNTY,Grade  6,229
2012-2013,6,ROBERTSON COUNTY,Grade  7,252
2012-2013,6,ROBERTSON COUNTY,Grade  8,224
2012-2013,6,ROBERTSON COUNTY,Grade  9,210
2012-2013,6,ROBERTSON COUNTY,Grade 10,219
2012-2013,6,ROBERTSON COUNTY,Grade 11,213
2012-2013,6,ROBERTSON COUNTY,Grade 12,223
2012-2013,10,ROCKWALL COUNTY,Early Education,125
2012-2013,10,ROCKWALL COUNTY,Pre-kindergarten,414
2012-2013,10,ROCKWALL COUNTY,Kindergarten,1318
2012-2013,10,ROCKWALL COUNTY,Grade  1,1375
2012-2013,10,ROCKWALL COUNTY,Grade  2,1446
2012-2013,10,ROCKWALL COUNTY,Grade  3,1477
2012-2013,10,ROCKWALL COUNTY,Grade  4,1474
2012-2013,10,ROCKWALL COUNTY,Grade  5,1509
2012-2013,10,ROCKWALL COUNTY,Grade  6,1523
2012-2013,10,ROCKWALL COUNTY,Grade  7,1522
2012-2013,10,ROCKWALL COUNTY,Grade  8,1537
2012-2013,10,ROCKWALL COUNTY,Grade  9,1581
2012-2013,10,ROCKWALL COUNTY,Grade 10,1489
2012-2013,10,ROCKWALL COUNTY,Grade 11,1378
2012-2013,10,ROCKWALL COUNTY,Grade 12,1223
2012-2013,15,RUNNELS COUNTY,Early Education,12
2012-2013,15,RUNNELS COUNTY,Pre-kindergarten,115
2012-2013,15,RUNNELS COUNTY,Kindergarten,144
2012-2013,15,RUNNELS COUNTY,Grade  1,154
2012-2013,15,RUNNELS COUNTY,Grade  2,149
2012-2013,15,RUNNELS COUNTY,Grade  3,149
2012-2013,15,RUNNELS COUNTY,Grade  4,152
2012-2013,15,RUNNELS COUNTY,Grade  5,151
2012-2013,15,RUNNELS COUNTY,Grade  6,120
2012-2013,15,RUNNELS COUNTY,Grade  7,170
2012-2013,15,RUNNELS COUNTY,Grade  8,174
2012-2013,15,RUNNELS COUNTY,Grade  9,155
2012-2013,15,RUNNELS COUNTY,Grade 10,152
2012-2013,15,RUNNELS COUNTY,Grade 11,136
2012-2013,15,RUNNELS COUNTY,Grade 12,136
2012-2013,7,RUSK COUNTY,Early Education,8
2012-2013,7,RUSK COUNTY,Pre-kindergarten,397
2012-2013,7,RUSK COUNTY,Kindergarten,637
2012-2013,7,RUSK COUNTY,Grade  1,663
2012-2013,7,RUSK COUNTY,Grade  2,615
2012-2013,7,RUSK COUNTY,Grade  3,578
2012-2013,7,RUSK COUNTY,Grade  4,571
2012-2013,7,RUSK COUNTY,Grade  5,589
2012-2013,7,RUSK COUNTY,Grade  6,614
2012-2013,7,RUSK COUNTY,Grade  7,644
2012-2013,7,RUSK COUNTY,Grade  8,593
2012-2013,7,RUSK COUNTY,Grade  9,600
2012-2013,7,RUSK COUNTY,Grade 10,555
2012-2013,7,RUSK COUNTY,Grade 11,488
2012-2013,7,RUSK COUNTY,Grade 12,503
2012-2013,7,SABINE COUNTY,Early Education,6
2012-2013,7,SABINE COUNTY,Pre-kindergarten,100
2012-2013,7,SABINE COUNTY,Kindergarten,112
2012-2013,7,SABINE COUNTY,Grade  1,122
2012-2013,7,SABINE COUNTY,Grade  2,97
2012-2013,7,SABINE COUNTY,Grade  3,100
2012-2013,7,SABINE COUNTY,Grade  4,104
2012-2013,7,SABINE COUNTY,Grade  5,122
2012-2013,7,SABINE COUNTY,Grade  6,104
2012-2013,7,SABINE COUNTY,Grade  7,125
2012-2013,7,SABINE COUNTY,Grade  8,127
2012-2013,7,SABINE COUNTY,Grade  9,147
2012-2013,7,SABINE COUNTY,Grade 10,109
2012-2013,7,SABINE COUNTY,Grade 11,116
2012-2013,7,SABINE COUNTY,Grade 12,90
2012-2013,7,SAN AUGUSTINE COUNTY,Early Education,-9999999
2012-2013,7,SAN AUGUSTINE COUNTY,Pre-kindergarten,117
2012-2013,7,SAN AUGUSTINE COUNTY,Kindergarten,102
2012-2013,7,SAN AUGUSTINE COUNTY,Grade  1,100
2012-2013,7,SAN AUGUSTINE COUNTY,Grade  2,100
2012-2013,7,SAN AUGUSTINE COUNTY,Grade  3,79
2012-2013,7,SAN AUGUSTINE COUNTY,Grade  4,81
2012-2013,7,SAN AUGUSTINE COUNTY,Grade  5,108
2012-2013,7,SAN AUGUSTINE COUNTY,Grade  6,79
2012-2013,7,SAN AUGUSTINE COUNTY,Grade  7,92
2012-2013,7,SAN AUGUSTINE COUNTY,Grade  8,91
2012-2013,7,SAN AUGUSTINE COUNTY,Grade  9,93
2012-2013,7,SAN AUGUSTINE COUNTY,Grade 10,77
2012-2013,7,SAN AUGUSTINE COUNTY,Grade 11,56
2012-2013,7,SAN AUGUSTINE COUNTY,Grade 12,86
2012-2013,6,SAN JACINTO COUNTY,Early Education,14
2012-2013,6,SAN JACINTO COUNTY,Pre-kindergarten,155
2012-2013,6,SAN JACINTO COUNTY,Kindergarten,247
2012-2013,6,SAN JACINTO COUNTY,Grade  1,275
2012-2013,6,SAN JACINTO COUNTY,Grade  2,229
2012-2013,6,SAN JACINTO COUNTY,Grade  3,243
2012-2013,6,SAN JACINTO COUNTY,Grade  4,232
2012-2013,6,SAN JACINTO COUNTY,Grade  5,265
2012-2013,6,SAN JACINTO COUNTY,Grade  6,282
2012-2013,6,SAN JACINTO COUNTY,Grade  7,260
2012-2013,6,SAN JACINTO COUNTY,Grade  8,232
2012-2013,6,SAN JACINTO COUNTY,Grade  9,339
2012-2013,6,SAN JACINTO COUNTY,Grade 10,252
2012-2013,6,SAN JACINTO COUNTY,Grade 11,249
2012-2013,6,SAN JACINTO COUNTY,Grade 12,239
2012-2013,2,SAN PATRICIO COUNTY,Early Education,38
2012-2013,2,SAN PATRICIO COUNTY,Pre-kindergarten,532
2012-2013,2,SAN PATRICIO COUNTY,Kindergarten,1082
2012-2013,2,SAN PATRICIO COUNTY,Grade  1,1108
2012-2013,2,SAN PATRICIO COUNTY,Grade  2,1144
2012-2013,2,SAN PATRICIO COUNTY,Grade  3,1098
2012-2013,2,SAN PATRICIO COUNTY,Grade  4,1034
2012-2013,2,SAN PATRICIO COUNTY,Grade  5,1133
2012-2013,2,SAN PATRICIO COUNTY,Grade  6,1107
2012-2013,2,SAN PATRICIO COUNTY,Grade  7,1150
2012-2013,2,SAN PATRICIO COUNTY,Grade  8,1091
2012-2013,2,SAN PATRICIO COUNTY,Grade  9,1161
2012-2013,2,SAN PATRICIO COUNTY,Grade 10,1027
2012-2013,2,SAN PATRICIO COUNTY,Grade 11,1011
2012-2013,2,SAN PATRICIO COUNTY,Grade 12,899
2012-2013,15,SAN SABA COUNTY,Early Education,-9999999
2012-2013,15,SAN SABA COUNTY,Pre-kindergarten,73
2012-2013,15,SAN SABA COUNTY,Kindergarten,82
2012-2013,15,SAN SABA COUNTY,Grade  1,68
2012-2013,15,SAN SABA COUNTY,Grade  2,62
2012-2013,15,SAN SABA COUNTY,Grade  3,71
2012-2013,15,SAN SABA COUNTY,Grade  4,60
2012-2013,15,SAN SABA COUNTY,Grade  5,72
2012-2013,15,SAN SABA COUNTY,Grade  6,75
2012-2013,15,SAN SABA COUNTY,Grade  7,45
2012-2013,15,SAN SABA COUNTY,Grade  8,78
2012-2013,15,SAN SABA COUNTY,Grade  9,78
2012-2013,15,SAN SABA COUNTY,Grade 10,57
2012-2013,15,SAN SABA COUNTY,Grade 11,75
2012-2013,15,SAN SABA COUNTY,Grade 12,83
2012-2013,15,SCHLEICHER COUNTY,Early Education,-9999999
2012-2013,15,SCHLEICHER COUNTY,Pre-kindergarten,35
2012-2013,15,SCHLEICHER COUNTY,Kindergarten,43
2012-2013,15,SCHLEICHER COUNTY,Grade  1,40
2012-2013,15,SCHLEICHER COUNTY,Grade  2,46
2012-2013,15,SCHLEICHER COUNTY,Grade  3,48
2012-2013,15,SCHLEICHER COUNTY,Grade  4,47
2012-2013,15,SCHLEICHER COUNTY,Grade  5,48
2012-2013,15,SCHLEICHER COUNTY,Grade  6,37
2012-2013,15,SCHLEICHER COUNTY,Grade  7,35
2012-2013,15,SCHLEICHER COUNTY,Grade  8,47
2012-2013,15,SCHLEICHER COUNTY,Grade  9,47
2012-2013,15,SCHLEICHER COUNTY,Grade 10,40
2012-2013,15,SCHLEICHER COUNTY,Grade 11,27
2012-2013,15,SCHLEICHER COUNTY,Grade 12,42
2012-2013,14,SCURRY COUNTY,Early Education,26
2012-2013,14,SCURRY COUNTY,Pre-kindergarten,205
2012-2013,14,SCURRY COUNTY,Kindergarten,244
2012-2013,14,SCURRY COUNTY,Grade  1,291
2012-2013,14,SCURRY COUNTY,Grade  2,264
2012-2013,14,SCURRY COUNTY,Grade  3,271
2012-2013,14,SCURRY COUNTY,Grade  4,209
2012-2013,14,SCURRY COUNTY,Grade  5,232
2012-2013,14,SCURRY COUNTY,Grade  6,258
2012-2013,14,SCURRY COUNTY,Grade  7,234
2012-2013,14,SCURRY COUNTY,Grade  8,233
2012-2013,14,SCURRY COUNTY,Grade  9,211
2012-2013,14,SCURRY COUNTY,Grade 10,224
2012-2013,14,SCURRY COUNTY,Grade 11,206
2012-2013,14,SCURRY COUNTY,Grade 12,179
2012-2013,14,SHACKELFORD COUNTY,Early Education,-9999999
2012-2013,14,SHACKELFORD COUNTY,Pre-kindergarten,34
2012-2013,14,SHACKELFORD COUNTY,Kindergarten,49
2012-2013,14,SHACKELFORD COUNTY,Grade  1,47
2012-2013,14,SHACKELFORD COUNTY,Grade  2,34
2012-2013,14,SHACKELFORD COUNTY,Grade  3,34
2012-2013,14,SHACKELFORD COUNTY,Grade  4,36
2012-2013,14,SHACKELFORD COUNTY,Grade  5,54
2012-2013,14,SHACKELFORD COUNTY,Grade  6,49
2012-2013,14,SHACKELFORD COUNTY,Grade  7,56
2012-2013,14,SHACKELFORD COUNTY,Grade  8,45
2012-2013,14,SHACKELFORD COUNTY,Grade  9,46
2012-2013,14,SHACKELFORD COUNTY,Grade 10,43
2012-2013,14,SHACKELFORD COUNTY,Grade 11,36
2012-2013,14,SHACKELFORD COUNTY,Grade 12,62
2012-2013,7,SHELBY COUNTY,Early Education,14
2012-2013,7,SHELBY COUNTY,Pre-kindergarten,475
2012-2013,7,SHELBY COUNTY,Kindergarten,475
2012-2013,7,SHELBY COUNTY,Grade  1,461
2012-2013,7,SHELBY COUNTY,Grade  2,442
2012-2013,7,SHELBY COUNTY,Grade  3,412
2012-2013,7,SHELBY COUNTY,Grade  4,416
2012-2013,7,SHELBY COUNTY,Grade  5,413
2012-2013,7,SHELBY COUNTY,Grade  6,409
2012-2013,7,SHELBY COUNTY,Grade  7,406
2012-2013,7,SHELBY COUNTY,Grade  8,381
2012-2013,7,SHELBY COUNTY,Grade  9,399
2012-2013,7,SHELBY COUNTY,Grade 10,341
2012-2013,7,SHELBY COUNTY,Grade 11,321
2012-2013,7,SHELBY COUNTY,Grade 12,300
2012-2013,16,SHERMAN COUNTY,Early Education,6
2012-2013,16,SHERMAN COUNTY,Pre-kindergarten,60
2012-2013,16,SHERMAN COUNTY,Kindergarten,74
2012-2013,16,SHERMAN COUNTY,Grade  1,61
2012-2013,16,SHERMAN COUNTY,Grade  2,67
2012-2013,16,SHERMAN COUNTY,Grade  3,85
2012-2013,16,SHERMAN COUNTY,Grade  4,73
2012-2013,16,SHERMAN COUNTY,Grade  5,53
2012-2013,16,SHERMAN COUNTY,Grade  6,68
2012-2013,16,SHERMAN COUNTY,Grade  7,68
2012-2013,16,SHERMAN COUNTY,Grade  8,58
2012-2013,16,SHERMAN COUNTY,Grade  9,74
2012-2013,16,SHERMAN COUNTY,Grade 10,68
2012-2013,16,SHERMAN COUNTY,Grade 11,79
2012-2013,16,SHERMAN COUNTY,Grade 12,72
2012-2013,7,SMITH COUNTY,Early Education,147
2012-2013,7,SMITH COUNTY,Pre-kindergarten,1120
2012-2013,7,SMITH COUNTY,Kindergarten,2884
2012-2013,7,SMITH COUNTY,Grade  1,2889
2012-2013,7,SMITH COUNTY,Grade  2,2841
2012-2013,7,SMITH COUNTY,Grade  3,2862
2012-2013,7,SMITH COUNTY,Grade  4,2857
2012-2013,7,SMITH COUNTY,Grade  5,2775
2012-2013,7,SMITH COUNTY,Grade  6,2816
2012-2013,7,SMITH COUNTY,Grade  7,2744
2012-2013,7,SMITH COUNTY,Grade  8,2599
2012-2013,7,SMITH COUNTY,Grade  9,2815
2012-2013,7,SMITH COUNTY,Grade 10,2473
2012-2013,7,SMITH COUNTY,Grade 11,2238
2012-2013,7,SMITH COUNTY,Grade 12,2136
2012-2013,11,SOMERVELL COUNTY,Early Education,5
2012-2013,11,SOMERVELL COUNTY,Pre-kindergarten,66
2012-2013,11,SOMERVELL COUNTY,Kindergarten,135
2012-2013,11,SOMERVELL COUNTY,Grade  1,133
2012-2013,11,SOMERVELL COUNTY,Grade  2,116
2012-2013,11,SOMERVELL COUNTY,Grade  3,128
2012-2013,11,SOMERVELL COUNTY,Grade  4,134
2012-2013,11,SOMERVELL COUNTY,Grade  5,121
2012-2013,11,SOMERVELL COUNTY,Grade  6,135
2012-2013,11,SOMERVELL COUNTY,Grade  7,135
2012-2013,11,SOMERVELL COUNTY,Grade  8,129
2012-2013,11,SOMERVELL COUNTY,Grade  9,160
2012-2013,11,SOMERVELL COUNTY,Grade 10,167
2012-2013,11,SOMERVELL COUNTY,Grade 11,152
2012-2013,11,SOMERVELL COUNTY,Grade 12,198
2012-2013,1,STARR COUNTY,Early Education,48
2012-2013,1,STARR COUNTY,Pre-kindergarten,1039
2012-2013,1,STARR COUNTY,Kindergarten,1301
2012-2013,1,STARR COUNTY,Grade  1,1438
2012-2013,1,STARR COUNTY,Grade  2,1373
2012-2013,1,STARR COUNTY,Grade  3,1208
2012-2013,1,STARR COUNTY,Grade  4,1255
2012-2013,1,STARR COUNTY,Grade  5,1235
2012-2013,1,STARR COUNTY,Grade  6,1339
2012-2013,1,STARR COUNTY,Grade  7,1294
2012-2013,1,STARR COUNTY,Grade  8,1236
2012-2013,1,STARR COUNTY,Grade  9,1401
2012-2013,1,STARR COUNTY,Grade 10,1172
2012-2013,1,STARR COUNTY,Grade 11,1132
2012-2013,1,STARR COUNTY,Grade 12,1137
2012-2013,14,STEPHENS COUNTY,Early Education,-9999999
2012-2013,14,STEPHENS COUNTY,Pre-kindergarten,79
2012-2013,14,STEPHENS COUNTY,Kindergarten,126
2012-2013,14,STEPHENS COUNTY,Grade  1,128
2012-2013,14,STEPHENS COUNTY,Grade  2,122
2012-2013,14,STEPHENS COUNTY,Grade  3,118
2012-2013,14,STEPHENS COUNTY,Grade  4,110
2012-2013,14,STEPHENS COUNTY,Grade  5,110
2012-2013,14,STEPHENS COUNTY,Grade  6,105
2012-2013,14,STEPHENS COUNTY,Grade  7,115
2012-2013,14,STEPHENS COUNTY,Grade  8,103
2012-2013,14,STEPHENS COUNTY,Grade  9,103
2012-2013,14,STEPHENS COUNTY,Grade 10,97
2012-2013,14,STEPHENS COUNTY,Grade 11,71
2012-2013,14,STEPHENS COUNTY,Grade 12,71
2012-2013,15,STERLING COUNTY,Early Education,-9999999
2012-2013,15,STERLING COUNTY,Kindergarten,22
2012-2013,15,STERLING COUNTY,Grade  1,32
2012-2013,15,STERLING COUNTY,Grade  2,27
2012-2013,15,STERLING COUNTY,Grade  3,18
2012-2013,15,STERLING COUNTY,Grade  4,27
2012-2013,15,STERLING COUNTY,Grade  5,16
2012-2013,15,STERLING COUNTY,Grade  6,18
2012-2013,15,STERLING COUNTY,Grade  7,22
2012-2013,15,STERLING COUNTY,Grade  8,13
2012-2013,15,STERLING COUNTY,Grade  9,18
2012-2013,15,STERLING COUNTY,Grade 10,19
2012-2013,15,STERLING COUNTY,Grade 11,15
2012-2013,15,STERLING COUNTY,Grade 12,16
2012-2013,14,STONEWALL COUNTY,Early Education,-9999999
2012-2013,14,STONEWALL COUNTY,Pre-kindergarten,20
2012-2013,14,STONEWALL COUNTY,Kindergarten,19
2012-2013,14,STONEWALL COUNTY,Grade  1,23
2012-2013,14,STONEWALL COUNTY,Grade  2,17
2012-2013,14,STONEWALL COUNTY,Grade  3,18
2012-2013,14,STONEWALL COUNTY,Grade  4,26
2012-2013,14,STONEWALL COUNTY,Grade  5,22
2012-2013,14,STONEWALL COUNTY,Grade  6,18
2012-2013,14,STONEWALL COUNTY,Grade  7,11
2012-2013,14,STONEWALL COUNTY,Grade  8,17
2012-2013,14,STONEWALL COUNTY,Grade  9,21
2012-2013,14,STONEWALL COUNTY,Grade 10,10
2012-2013,14,STONEWALL COUNTY,Grade 11,14
2012-2013,14,STONEWALL COUNTY,Grade 12,16
2012-2013,15,SUTTON COUNTY,Early Education,-9999999
2012-2013,15,SUTTON COUNTY,Pre-kindergarten,72
2012-2013,15,SUTTON COUNTY,Kindergarten,58
2012-2013,15,SUTTON COUNTY,Grade  1,70
2012-2013,15,SUTTON COUNTY,Grade  2,64
2012-2013,15,SUTTON COUNTY,Grade  3,59
2012-2013,15,SUTTON COUNTY,Grade  4,64
2012-2013,15,SUTTON COUNTY,Grade  5,74
2012-2013,15,SUTTON COUNTY,Grade  6,71
2012-2013,15,SUTTON COUNTY,Grade  7,60
2012-2013,15,SUTTON COUNTY,Grade  8,82
2012-2013,15,SUTTON COUNTY,Grade  9,64
2012-2013,15,SUTTON COUNTY,Grade 10,64
2012-2013,15,SUTTON COUNTY,Grade 11,72
2012-2013,15,SUTTON COUNTY,Grade 12,57
2012-2013,16,SWISHER COUNTY,Early Education,6
2012-2013,16,SWISHER COUNTY,Pre-kindergarten,72
2012-2013,16,SWISHER COUNTY,Kindergarten,139
2012-2013,16,SWISHER COUNTY,Grade  1,124
2012-2013,16,SWISHER COUNTY,Grade  2,146
2012-2013,16,SWISHER COUNTY,Grade  3,133
2012-2013,16,SWISHER COUNTY,Grade  4,124
2012-2013,16,SWISHER COUNTY,Grade  5,114
2012-2013,16,SWISHER COUNTY,Grade  6,122
2012-2013,16,SWISHER COUNTY,Grade  7,117
2012-2013,16,SWISHER COUNTY,Grade  8,105
2012-2013,16,SWISHER COUNTY,Grade  9,111
2012-2013,16,SWISHER COUNTY,Grade 10,92
2012-2013,16,SWISHER COUNTY,Grade 11,91
2012-2013,16,SWISHER COUNTY,Grade 12,92
2012-2013,11,TARRANT COUNTY,Early Education,1558
2012-2013,11,TARRANT COUNTY,Pre-kindergarten,13670
2012-2013,11,TARRANT COUNTY,Kindergarten,27341
2012-2013,11,TARRANT COUNTY,Grade  1,28271
2012-2013,11,TARRANT COUNTY,Grade  2,27520
2012-2013,11,TARRANT COUNTY,Grade  3,27305
2012-2013,11,TARRANT COUNTY,Grade  4,26862
2012-2013,11,TARRANT COUNTY,Grade  5,26393
2012-2013,11,TARRANT COUNTY,Grade  6,26838
2012-2013,11,TARRANT COUNTY,Grade  7,26425
2012-2013,11,TARRANT COUNTY,Grade  8,25914
2012-2013,11,TARRANT COUNTY,Grade  9,28425
2012-2013,11,TARRANT COUNTY,Grade 10,24326
2012-2013,11,TARRANT COUNTY,Grade 11,22420
2012-2013,11,TARRANT COUNTY,Grade 12,20538
2012-2013,14,TAYLOR COUNTY,Early Education,222
2012-2013,14,TAYLOR COUNTY,Pre-kindergarten,1083
2012-2013,14,TAYLOR COUNTY,Kindergarten,2731
2012-2013,14,TAYLOR COUNTY,Grade  1,2791
2012-2013,14,TAYLOR COUNTY,Grade  2,2594
2012-2013,14,TAYLOR COUNTY,Grade  3,2663
2012-2013,14,TAYLOR COUNTY,Grade  4,2704
2012-2013,14,TAYLOR COUNTY,Grade  5,2550
2012-2013,14,TAYLOR COUNTY,Grade  6,2659
2012-2013,14,TAYLOR COUNTY,Grade  7,2824
2012-2013,14,TAYLOR COUNTY,Grade  8,2718
2012-2013,14,TAYLOR COUNTY,Grade  9,2668
2012-2013,14,TAYLOR COUNTY,Grade 10,2107
2012-2013,14,TAYLOR COUNTY,Grade 11,1813
2012-2013,14,TAYLOR COUNTY,Grade 12,1596
2012-2013,18,TERRELL COUNTY,Pre-kindergarten,6
2012-2013,18,TERRELL COUNTY,Kindergarten,12
2012-2013,18,TERRELL COUNTY,Grade  1,11
2012-2013,18,TERRELL COUNTY,Grade  2,7
2012-2013,18,TERRELL COUNTY,Grade  3,9
2012-2013,18,TERRELL COUNTY,Grade  4,7
2012-2013,18,TERRELL COUNTY,Grade  5,6
2012-2013,18,TERRELL COUNTY,Grade  6,9
2012-2013,18,TERRELL COUNTY,Grade  7,14
2012-2013,18,TERRELL COUNTY,Grade  8,6
2012-2013,18,TERRELL COUNTY,Grade  9,8
2012-2013,18,TERRELL COUNTY,Grade 10,9
2012-2013,18,TERRELL COUNTY,Grade 11,7
2012-2013,18,TERRELL COUNTY,Grade 12,5
2012-2013,17,TERRY COUNTY,Early Education,10
2012-2013,17,TERRY COUNTY,Pre-kindergarten,198
2012-2013,17,TERRY COUNTY,Kindergarten,196
2012-2013,17,TERRY COUNTY,Grade  1,186
2012-2013,17,TERRY COUNTY,Grade  2,174
2012-2013,17,TERRY COUNTY,Grade  3,177
2012-2013,17,TERRY COUNTY,Grade  4,188
2012-2013,17,TERRY COUNTY,Grade  5,173
2012-2013,17,TERRY COUNTY,Grade  6,164
2012-2013,17,TERRY COUNTY,Grade  7,177
2012-2013,17,TERRY COUNTY,Grade  8,167
2012-2013,17,TERRY COUNTY,Grade  9,161
2012-2013,17,TERRY COUNTY,Grade 10,156
2012-2013,17,TERRY COUNTY,Grade 11,119
2012-2013,17,TERRY COUNTY,Grade 12,148
2012-2013,9,THROCKMORTON COUNTY,Early Education,-9999999
2012-2013,9,THROCKMORTON COUNTY,Pre-kindergarten,18
2012-2013,9,THROCKMORTON COUNTY,Kindergarten,21
2012-2013,9,THROCKMORTON COUNTY,Grade  1,26
2012-2013,9,THROCKMORTON COUNTY,Grade  2,21
2012-2013,9,THROCKMORTON COUNTY,Grade  3,11
2012-2013,9,THROCKMORTON COUNTY,Grade  4,19
2012-2013,9,THROCKMORTON COUNTY,Grade  5,29
2012-2013,9,THROCKMORTON COUNTY,Grade  6,17
2012-2013,9,THROCKMORTON COUNTY,Grade  7,28
2012-2013,9,THROCKMORTON COUNTY,Grade  8,24
2012-2013,9,THROCKMORTON COUNTY,Grade  9,22
2012-2013,9,THROCKMORTON COUNTY,Grade 10,24
2012-2013,9,THROCKMORTON COUNTY,Grade 11,23
2012-2013,9,THROCKMORTON COUNTY,Grade 12,28
2012-2013,8,TITUS COUNTY,Early Education,94
2012-2013,8,TITUS COUNTY,Pre-kindergarten,584
2012-2013,8,TITUS COUNTY,Kindergarten,633
2012-2013,8,TITUS COUNTY,Grade  1,559
2012-2013,8,TITUS COUNTY,Grade  2,541
2012-2013,8,TITUS COUNTY,Grade  3,507
2012-2013,8,TITUS COUNTY,Grade  4,453
2012-2013,8,TITUS COUNTY,Grade  5,520
2012-2013,8,TITUS COUNTY,Grade  6,524
2012-2013,8,TITUS COUNTY,Grade  7,476
2012-2013,8,TITUS COUNTY,Grade  8,452
2012-2013,8,TITUS COUNTY,Grade  9,530
2012-2013,8,TITUS COUNTY,Grade 10,479
2012-2013,8,TITUS COUNTY,Grade 11,436
2012-2013,8,TITUS COUNTY,Grade 12,373
2012-2013,15,TOM GREEN COUNTY,Early Education,670
2012-2013,15,TOM GREEN COUNTY,Pre-kindergarten,334
2012-2013,15,TOM GREEN COUNTY,Kindergarten,1538
2012-2013,15,TOM GREEN COUNTY,Grade  1,1498
2012-2013,15,TOM GREEN COUNTY,Grade  2,1522
2012-2013,15,TOM GREEN COUNTY,Grade  3,1451
2012-2013,15,TOM GREEN COUNTY,Grade  4,1435
2012-2013,15,TOM GREEN COUNTY,Grade  5,1350
2012-2013,15,TOM GREEN COUNTY,Grade  6,1374
2012-2013,15,TOM GREEN COUNTY,Grade  7,1384
2012-2013,15,TOM GREEN COUNTY,Grade  8,1324
2012-2013,15,TOM GREEN COUNTY,Grade  9,1383
2012-2013,15,TOM GREEN COUNTY,Grade 10,1255
2012-2013,15,TOM GREEN COUNTY,Grade 11,1171
2012-2013,15,TOM GREEN COUNTY,Grade 12,1134
2012-2013,13,TRAVIS COUNTY,Early Education,804
2012-2013,13,TRAVIS COUNTY,Pre-kindergarten,7502
2012-2013,13,TRAVIS COUNTY,Kindergarten,13350
2012-2013,13,TRAVIS COUNTY,Grade  1,13162
2012-2013,13,TRAVIS COUNTY,Grade  2,12535
2012-2013,13,TRAVIS COUNTY,Grade  3,12359
2012-2013,13,TRAVIS COUNTY,Grade  4,12041
2012-2013,13,TRAVIS COUNTY,Grade  5,11826
2012-2013,13,TRAVIS COUNTY,Grade  6,11471
2012-2013,13,TRAVIS COUNTY,Grade  7,11192
2012-2013,13,TRAVIS COUNTY,Grade  8,10738
2012-2013,13,TRAVIS COUNTY,Grade  9,11688
2012-2013,13,TRAVIS COUNTY,Grade 10,9940
2012-2013,13,TRAVIS COUNTY,Grade 11,9219
2012-2013,13,TRAVIS COUNTY,Grade 12,8802
2012-2013,6,TRINITY COUNTY,Early Education,20
2012-2013,6,TRINITY COUNTY,Pre-kindergarten,134
2012-2013,6,TRINITY COUNTY,Kindergarten,159
2012-2013,6,TRINITY COUNTY,Grade  1,175
2012-2013,6,TRINITY COUNTY,Grade  2,160
2012-2013,6,TRINITY COUNTY,Grade  3,174
2012-2013,6,TRINITY COUNTY,Grade  4,178
2012-2013,6,TRINITY COUNTY,Grade  5,170
2012-2013,6,TRINITY COUNTY,Grade  6,183
2012-2013,6,TRINITY COUNTY,Grade  7,181
2012-2013,6,TRINITY COUNTY,Grade  8,165
2012-2013,6,TRINITY COUNTY,Grade  9,180
2012-2013,6,TRINITY COUNTY,Grade 10,174
2012-2013,6,TRINITY COUNTY,Grade 11,146
2012-2013,6,TRINITY COUNTY,Grade 12,144
2012-2013,5,TYLER COUNTY,Early Education,13
2012-2013,5,TYLER COUNTY,Pre-kindergarten,137
2012-2013,5,TYLER COUNTY,Kindergarten,262
2012-2013,5,TYLER COUNTY,Grade  1,289
2012-2013,5,TYLER COUNTY,Grade  2,267
2012-2013,5,TYLER COUNTY,Grade  3,263
2012-2013,5,TYLER COUNTY,Grade  4,258
2012-2013,5,TYLER COUNTY,Grade  5,288
2012-2013,5,TYLER COUNTY,Grade  6,262
2012-2013,5,TYLER COUNTY,Grade  7,285
2012-2013,5,TYLER COUNTY,Grade  8,272
2012-2013,5,TYLER COUNTY,Grade  9,272
2012-2013,5,TYLER COUNTY,Grade 10,236
2012-2013,5,TYLER COUNTY,Grade 11,228
2012-2013,5,TYLER COUNTY,Grade 12,236
2012-2013,7,UPSHUR COUNTY,Early Education,15
2012-2013,7,UPSHUR COUNTY,Pre-kindergarten,277
2012-2013,7,UPSHUR COUNTY,Kindergarten,553
2012-2013,7,UPSHUR COUNTY,Grade  1,585
2012-2013,7,UPSHUR COUNTY,Grade  2,524
2012-2013,7,UPSHUR COUNTY,Grade  3,492
2012-2013,7,UPSHUR COUNTY,Grade  4,533
2012-2013,7,UPSHUR COUNTY,Grade  5,538
2012-2013,7,UPSHUR COUNTY,Grade  6,539
2012-2013,7,UPSHUR COUNTY,Grade  7,530
2012-2013,7,UPSHUR COUNTY,Grade  8,531
2012-2013,7,UPSHUR COUNTY,Grade  9,525
2012-2013,7,UPSHUR COUNTY,Grade 10,527
2012-2013,7,UPSHUR COUNTY,Grade 11,486
2012-2013,7,UPSHUR COUNTY,Grade 12,464
2012-2013,18,UPTON COUNTY,Early Education,-9999999
2012-2013,18,UPTON COUNTY,Pre-kindergarten,52
2012-2013,18,UPTON COUNTY,Kindergarten,42
2012-2013,18,UPTON COUNTY,Grade  1,61
2012-2013,18,UPTON COUNTY,Grade  2,77
2012-2013,18,UPTON COUNTY,Grade  3,70
2012-2013,18,UPTON COUNTY,Grade  4,61
2012-2013,18,UPTON COUNTY,Grade  5,54
2012-2013,18,UPTON COUNTY,Grade  6,51
2012-2013,18,UPTON COUNTY,Grade  7,58
2012-2013,18,UPTON COUNTY,Grade  8,50
2012-2013,18,UPTON COUNTY,Grade  9,64
2012-2013,18,UPTON COUNTY,Grade 10,59
2012-2013,18,UPTON COUNTY,Grade 11,44
2012-2013,18,UPTON COUNTY,Grade 12,52
2012-2013,20,UVALDE COUNTY,Early Education,64
2012-2013,20,UVALDE COUNTY,Pre-kindergarten,391
2012-2013,20,UVALDE COUNTY,Kindergarten,413
2012-2013,20,UVALDE COUNTY,Grade  1,449
2012-2013,20,UVALDE COUNTY,Grade  2,429
2012-2013,20,UVALDE COUNTY,Grade  3,434
2012-2013,20,UVALDE COUNTY,Grade  4,403
2012-2013,20,UVALDE COUNTY,Grade  5,427
2012-2013,20,UVALDE COUNTY,Grade  6,456
2012-2013,20,UVALDE COUNTY,Grade  7,458
2012-2013,20,UVALDE COUNTY,Grade  8,470
2012-2013,20,UVALDE COUNTY,Grade  9,484
2012-2013,20,UVALDE COUNTY,Grade 10,410
2012-2013,20,UVALDE COUNTY,Grade 11,330
2012-2013,20,UVALDE COUNTY,Grade 12,336
2012-2013,15,VAL VERDE COUNTY,Early Education,143
2012-2013,15,VAL VERDE COUNTY,Pre-kindergarten,447
2012-2013,15,VAL VERDE COUNTY,Kindergarten,741
2012-2013,15,VAL VERDE COUNTY,Grade  1,847
2012-2013,15,VAL VERDE COUNTY,Grade  2,864
2012-2013,15,VAL VERDE COUNTY,Grade  3,842
2012-2013,15,VAL VERDE COUNTY,Grade  4,828
2012-2013,15,VAL VERDE COUNTY,Grade  5,809
2012-2013,15,VAL VERDE COUNTY,Grade  6,741
2012-2013,15,VAL VERDE COUNTY,Grade  7,767
2012-2013,15,VAL VERDE COUNTY,Grade  8,789
2012-2013,15,VAL VERDE COUNTY,Grade  9,780
2012-2013,15,VAL VERDE COUNTY,Grade 10,725
2012-2013,15,VAL VERDE COUNTY,Grade 11,665
2012-2013,15,VAL VERDE COUNTY,Grade 12,652
2012-2013,7,VAN ZANDT COUNTY/07,Early Education,8
2012-2013,7,VAN ZANDT COUNTY/07,Pre-kindergarten,238
2012-2013,7,VAN ZANDT COUNTY/07,Kindergarten,367
2012-2013,7,VAN ZANDT COUNTY/07,Grade  1,345
2012-2013,7,VAN ZANDT COUNTY/07,Grade  2,354
2012-2013,7,VAN ZANDT COUNTY/07,Grade  3,377
2012-2013,7,VAN ZANDT COUNTY/07,Grade  4,357
2012-2013,7,VAN ZANDT COUNTY/07,Grade  5,402
2012-2013,7,VAN ZANDT COUNTY/07,Grade  6,384
2012-2013,7,VAN ZANDT COUNTY/07,Grade  7,420
2012-2013,7,VAN ZANDT COUNTY/07,Grade  8,415
2012-2013,7,VAN ZANDT COUNTY/07,Grade  9,436
2012-2013,7,VAN ZANDT COUNTY/07,Grade 10,416
2012-2013,7,VAN ZANDT COUNTY/07,Grade 11,366
2012-2013,7,VAN ZANDT COUNTY/07,Grade 12,343
2012-2013,10,VAN ZANDT COUNTY/10,Early Education,7
2012-2013,10,VAN ZANDT COUNTY/10,Pre-kindergarten,150
2012-2013,10,VAN ZANDT COUNTY/10,Kindergarten,362
2012-2013,10,VAN ZANDT COUNTY/10,Grade  1,332
2012-2013,10,VAN ZANDT COUNTY/10,Grade  2,311
2012-2013,10,VAN ZANDT COUNTY/10,Grade  3,321
2012-2013,10,VAN ZANDT COUNTY/10,Grade  4,310
2012-2013,10,VAN ZANDT COUNTY/10,Grade  5,361
2012-2013,10,VAN ZANDT COUNTY/10,Grade  6,355
2012-2013,10,VAN ZANDT COUNTY/10,Grade  7,363
2012-2013,10,VAN ZANDT COUNTY/10,Grade  8,367
2012-2013,10,VAN ZANDT COUNTY/10,Grade  9,348
2012-2013,10,VAN ZANDT COUNTY/10,Grade 10,360
2012-2013,10,VAN ZANDT COUNTY/10,Grade 11,325
2012-2013,10,VAN ZANDT COUNTY/10,Grade 12,324
2012-2013,AL,VAN ZANDT COUNTY/ALL,Early Education,15
2012-2013,AL,VAN ZANDT COUNTY/ALL,Pre-kindergarten,388
2012-2013,AL,VAN ZANDT COUNTY/ALL,Kindergarten,729
2012-2013,AL,VAN ZANDT COUNTY/ALL,Grade  1,677
2012-2013,AL,VAN ZANDT COUNTY/ALL,Grade  2,665
2012-2013,AL,VAN ZANDT COUNTY/ALL,Grade  3,698
2012-2013,AL,VAN ZANDT COUNTY/ALL,Grade  4,667
2012-2013,AL,VAN ZANDT COUNTY/ALL,Grade  5,763
2012-2013,AL,VAN ZANDT COUNTY/ALL,Grade  6,739
2012-2013,AL,VAN ZANDT COUNTY/ALL,Grade  7,783
2012-2013,AL,VAN ZANDT COUNTY/ALL,Grade  8,782
2012-2013,AL,VAN ZANDT COUNTY/ALL,Grade  9,784
2012-2013,AL,VAN ZANDT COUNTY/ALL,Grade 10,776
2012-2013,AL,VAN ZANDT COUNTY/ALL,Grade 11,691
2012-2013,AL,VAN ZANDT COUNTY/ALL,Grade 12,667
2012-2013,3,VICTORIA COUNTY,Early Education,74
2012-2013,3,VICTORIA COUNTY,Pre-kindergarten,824
2012-2013,3,VICTORIA COUNTY,Kindergarten,1280
2012-2013,3,VICTORIA COUNTY,Grade  1,1271
2012-2013,3,VICTORIA COUNTY,Grade  2,1285
2012-2013,3,VICTORIA COUNTY,Grade  3,1203
2012-2013,3,VICTORIA COUNTY,Grade  4,1179
2012-2013,3,VICTORIA COUNTY,Grade  5,1147
2012-2013,3,VICTORIA COUNTY,Grade  6,1172
2012-2013,3,VICTORIA COUNTY,Grade  7,1067
2012-2013,3,VICTORIA COUNTY,Grade  8,1124
2012-2013,3,VICTORIA COUNTY,Grade  9,1183
2012-2013,3,VICTORIA COUNTY,Grade 10,932
2012-2013,3,VICTORIA COUNTY,Grade 11,935
2012-2013,3,VICTORIA COUNTY,Grade 12,846
2012-2013,6,WALKER COUNTY,Early Education,35
2012-2013,6,WALKER COUNTY,Pre-kindergarten,378
2012-2013,6,WALKER COUNTY,Kindergarten,539
2012-2013,6,WALKER COUNTY,Grade  1,581
2012-2013,6,WALKER COUNTY,Grade  2,527
2012-2013,6,WALKER COUNTY,Grade  3,515
2012-2013,6,WALKER COUNTY,Grade  4,516
2012-2013,6,WALKER COUNTY,Grade  5,544
2012-2013,6,WALKER COUNTY,Grade  6,520
2012-2013,6,WALKER COUNTY,Grade  7,544
2012-2013,6,WALKER COUNTY,Grade  8,476
2012-2013,6,WALKER COUNTY,Grade  9,674
2012-2013,6,WALKER COUNTY,Grade 10,510
2012-2013,6,WALKER COUNTY,Grade 11,504
2012-2013,6,WALKER COUNTY,Grade 12,476
2012-2013,4,WALLER COUNTY,Early Education,57
2012-2013,4,WALLER COUNTY,Pre-kindergarten,498
2012-2013,4,WALLER COUNTY,Kindergarten,816
2012-2013,4,WALLER COUNTY,Grade  1,731
2012-2013,4,WALLER COUNTY,Grade  2,703
2012-2013,4,WALLER COUNTY,Grade  3,673
2012-2013,4,WALLER COUNTY,Grade  4,626
2012-2013,4,WALLER COUNTY,Grade  5,691
2012-2013,4,WALLER COUNTY,Grade  6,734
2012-2013,4,WALLER COUNTY,Grade  7,706
2012-2013,4,WALLER COUNTY,Grade  8,663
2012-2013,4,WALLER COUNTY,Grade  9,793
2012-2013,4,WALLER COUNTY,Grade 10,544
2012-2013,4,WALLER COUNTY,Grade 11,572
2012-2013,4,WALLER COUNTY,Grade 12,547
2012-2013,18,WARD COUNTY,Early Education,15
2012-2013,18,WARD COUNTY,Pre-kindergarten,96
2012-2013,18,WARD COUNTY,Kindergarten,204
2012-2013,18,WARD COUNTY,Grade  1,182
2012-2013,18,WARD COUNTY,Grade  2,187
2012-2013,18,WARD COUNTY,Grade  3,186
2012-2013,18,WARD COUNTY,Grade  4,174
2012-2013,18,WARD COUNTY,Grade  5,158
2012-2013,18,WARD COUNTY,Grade  6,172
2012-2013,18,WARD COUNTY,Grade  7,168
2012-2013,18,WARD COUNTY,Grade  8,142
2012-2013,18,WARD COUNTY,Grade  9,175
2012-2013,18,WARD COUNTY,Grade 10,144
2012-2013,18,WARD COUNTY,Grade 11,156
2012-2013,18,WARD COUNTY,Grade 12,122
2012-2013,6,WASHINGTON COUNTY,Early Education,34
2012-2013,6,WASHINGTON COUNTY,Pre-kindergarten,284
2012-2013,6,WASHINGTON COUNTY,Kindergarten,395
2012-2013,6,WASHINGTON COUNTY,Grade  1,384
2012-2013,6,WASHINGTON COUNTY,Grade  2,400
2012-2013,6,WASHINGTON COUNTY,Grade  3,374
2012-2013,6,WASHINGTON COUNTY,Grade  4,355
2012-2013,6,WASHINGTON COUNTY,Grade  5,377
2012-2013,6,WASHINGTON COUNTY,Grade  6,406
2012-2013,6,WASHINGTON COUNTY,Grade  7,409
2012-2013,6,WASHINGTON COUNTY,Grade  8,389
2012-2013,6,WASHINGTON COUNTY,Grade  9,411
2012-2013,6,WASHINGTON COUNTY,Grade 10,397
2012-2013,6,WASHINGTON COUNTY,Grade 11,368
2012-2013,6,WASHINGTON COUNTY,Grade 12,346
2012-2013,1,WEBB COUNTY,Early Education,92
2012-2013,1,WEBB COUNTY,Pre-kindergarten,4121
2012-2013,1,WEBB COUNTY,Kindergarten,5042
2012-2013,1,WEBB COUNTY,Grade  1,5403
2012-2013,1,WEBB COUNTY,Grade  2,5301
2012-2013,1,WEBB COUNTY,Grade  3,5038
2012-2013,1,WEBB COUNTY,Grade  4,4964
2012-2013,1,WEBB COUNTY,Grade  5,5132
2012-2013,1,WEBB COUNTY,Grade  6,5004
2012-2013,1,WEBB COUNTY,Grade  7,4920
2012-2013,1,WEBB COUNTY,Grade  8,4883
2012-2013,1,WEBB COUNTY,Grade  9,5541
2012-2013,1,WEBB COUNTY,Grade 10,4492
2012-2013,1,WEBB COUNTY,Grade 11,4320
2012-2013,1,WEBB COUNTY,Grade 12,4284
2012-2013,3,WHARTON COUNTY,Early Education,23
2012-2013,3,WHARTON COUNTY,Pre-kindergarten,324
2012-2013,3,WHARTON COUNTY,Kindergarten,650
2012-2013,3,WHARTON COUNTY,Grade  1,617
2012-2013,3,WHARTON COUNTY,Grade  2,640
2012-2013,3,WHARTON COUNTY,Grade  3,632
2012-2013,3,WHARTON COUNTY,Grade  4,627
2012-2013,3,WHARTON COUNTY,Grade  5,629
2012-2013,3,WHARTON COUNTY,Grade  6,618
2012-2013,3,WHARTON COUNTY,Grade  7,603
2012-2013,3,WHARTON COUNTY,Grade  8,608
2012-2013,3,WHARTON COUNTY,Grade  9,681
2012-2013,3,WHARTON COUNTY,Grade 10,548
2012-2013,3,WHARTON COUNTY,Grade 11,554
2012-2013,3,WHARTON COUNTY,Grade 12,444
2012-2013,16,WHEELER COUNTY,Early Education,-9999999
2012-2013,16,WHEELER COUNTY,Pre-kindergarten,87
2012-2013,16,WHEELER COUNTY,Kindergarten,89
2012-2013,16,WHEELER COUNTY,Grade  1,92
2012-2013,16,WHEELER COUNTY,Grade  2,103
2012-2013,16,WHEELER COUNTY,Grade  3,86
2012-2013,16,WHEELER COUNTY,Grade  4,95
2012-2013,16,WHEELER COUNTY,Grade  5,75
2012-2013,16,WHEELER COUNTY,Grade  6,72
2012-2013,16,WHEELER COUNTY,Grade  7,75
2012-2013,16,WHEELER COUNTY,Grade  8,92
2012-2013,16,WHEELER COUNTY,Grade  9,73
2012-2013,16,WHEELER COUNTY,Grade 10,90
2012-2013,16,WHEELER COUNTY,Grade 11,76
2012-2013,16,WHEELER COUNTY,Grade 12,65
2012-2013,9,WICHITA COUNTY,Early Education,97
2012-2013,9,WICHITA COUNTY,Pre-kindergarten,1399
2012-2013,9,WICHITA COUNTY,Kindergarten,1722
2012-2013,9,WICHITA COUNTY,Grade  1,1691
2012-2013,9,WICHITA COUNTY,Grade  2,1589
2012-2013,9,WICHITA COUNTY,Grade  3,1636
2012-2013,9,WICHITA COUNTY,Grade  4,1525
2012-2013,9,WICHITA COUNTY,Grade  5,1609
2012-2013,9,WICHITA COUNTY,Grade  6,1553
2012-2013,9,WICHITA COUNTY,Grade  7,1431
2012-2013,9,WICHITA COUNTY,Grade  8,1494
2012-2013,9,WICHITA COUNTY,Grade  9,1578
2012-2013,9,WICHITA COUNTY,Grade 10,1464
2012-2013,9,WICHITA COUNTY,Grade 11,1417
2012-2013,9,WICHITA COUNTY,Grade 12,1257
2012-2013,9,WILBARGER COUNTY,Early Education,14
2012-2013,9,WILBARGER COUNTY,Pre-kindergarten,65
2012-2013,9,WILBARGER COUNTY,Kindergarten,177
2012-2013,9,WILBARGER COUNTY,Grade  1,211
2012-2013,9,WILBARGER COUNTY,Grade  2,205
2012-2013,9,WILBARGER COUNTY,Grade  3,187
2012-2013,9,WILBARGER COUNTY,Grade  4,200
2012-2013,9,WILBARGER COUNTY,Grade  5,183
2012-2013,9,WILBARGER COUNTY,Grade  6,183
2012-2013,9,WILBARGER COUNTY,Grade  7,179
2012-2013,9,WILBARGER COUNTY,Grade  8,144
2012-2013,9,WILBARGER COUNTY,Grade  9,196
2012-2013,9,WILBARGER COUNTY,Grade 10,172
2012-2013,9,WILBARGER COUNTY,Grade 11,168
2012-2013,9,WILBARGER COUNTY,Grade 12,161
2012-2013,1,WILLACY COUNTY,Early Education,35
2012-2013,1,WILLACY COUNTY,Pre-kindergarten,244
2012-2013,1,WILLACY COUNTY,Kindergarten,349
2012-2013,1,WILLACY COUNTY,Grade  1,331
2012-2013,1,WILLACY COUNTY,Grade  2,350
2012-2013,1,WILLACY COUNTY,Grade  3,354
2012-2013,1,WILLACY COUNTY,Grade  4,340
2012-2013,1,WILLACY COUNTY,Grade  5,355
2012-2013,1,WILLACY COUNTY,Grade  6,359
2012-2013,1,WILLACY COUNTY,Grade  7,304
2012-2013,1,WILLACY COUNTY,Grade  8,336
2012-2013,1,WILLACY COUNTY,Grade  9,324
2012-2013,1,WILLACY COUNTY,Grade 10,325
2012-2013,1,WILLACY COUNTY,Grade 11,296
2012-2013,1,WILLACY COUNTY,Grade 12,277
2012-2013,13,WILLIAMSON COUNTY,Early Education,760
2012-2013,13,WILLIAMSON COUNTY,Pre-kindergarten,2253
2012-2013,13,WILLIAMSON COUNTY,Kindergarten,7887
2012-2013,13,WILLIAMSON COUNTY,Grade  1,8043
2012-2013,13,WILLIAMSON COUNTY,Grade  2,8252
2012-2013,13,WILLIAMSON COUNTY,Grade  3,8315
2012-2013,13,WILLIAMSON COUNTY,Grade  4,8110
2012-2013,13,WILLIAMSON COUNTY,Grade  5,8144
2012-2013,13,WILLIAMSON COUNTY,Grade  6,8331
2012-2013,13,WILLIAMSON COUNTY,Grade  7,8271
2012-2013,13,WILLIAMSON COUNTY,Grade  8,8025
2012-2013,13,WILLIAMSON COUNTY,Grade  9,8300
2012-2013,13,WILLIAMSON COUNTY,Grade 10,7715
2012-2013,13,WILLIAMSON COUNTY,Grade 11,7159
2012-2013,13,WILLIAMSON COUNTY,Grade 12,6732
2012-2013,20,WILSON COUNTY,Early Education,33
2012-2013,20,WILSON COUNTY,Pre-kindergarten,173
2012-2013,20,WILSON COUNTY,Kindergarten,629
2012-2013,20,WILSON COUNTY,Grade  1,594
2012-2013,20,WILSON COUNTY,Grade  2,570
2012-2013,20,WILSON COUNTY,Grade  3,610
2012-2013,20,WILSON COUNTY,Grade  4,606
2012-2013,20,WILSON COUNTY,Grade  5,664
2012-2013,20,WILSON COUNTY,Grade  6,703
2012-2013,20,WILSON COUNTY,Grade  7,723
2012-2013,20,WILSON COUNTY,Grade  8,689
2012-2013,20,WILSON COUNTY,Grade  9,655
2012-2013,20,WILSON COUNTY,Grade 10,658
2012-2013,20,WILSON COUNTY,Grade 11,608
2012-2013,20,WILSON COUNTY,Grade 12,620
2012-2013,18,WINKLER COUNTY,Early Education,9
2012-2013,18,WINKLER COUNTY,Pre-kindergarten,111
2012-2013,18,WINKLER COUNTY,Kindergarten,156
2012-2013,18,WINKLER COUNTY,Grade  1,139
2012-2013,18,WINKLER COUNTY,Grade  2,148
2012-2013,18,WINKLER COUNTY,Grade  3,120
2012-2013,18,WINKLER COUNTY,Grade  4,126
2012-2013,18,WINKLER COUNTY,Grade  5,135
2012-2013,18,WINKLER COUNTY,Grade  6,124
2012-2013,18,WINKLER COUNTY,Grade  7,135
2012-2013,18,WINKLER COUNTY,Grade  8,108
2012-2013,18,WINKLER COUNTY,Grade  9,128
2012-2013,18,WINKLER COUNTY,Grade 10,121
2012-2013,18,WINKLER COUNTY,Grade 11,110
2012-2013,18,WINKLER COUNTY,Grade 12,92
2012-2013,11,WISE COUNTY,Early Education,29
2012-2013,11,WISE COUNTY,Pre-kindergarten,324
2012-2013,11,WISE COUNTY,Kindergarten,675
2012-2013,11,WISE COUNTY,Grade  1,664
2012-2013,11,WISE COUNTY,Grade  2,627
2012-2013,11,WISE COUNTY,Grade  3,610
2012-2013,11,WISE COUNTY,Grade  4,666
2012-2013,11,WISE COUNTY,Grade  5,667
2012-2013,11,WISE COUNTY,Grade  6,702
2012-2013,11,WISE COUNTY,Grade  7,720
2012-2013,11,WISE COUNTY,Grade  8,651
2012-2013,11,WISE COUNTY,Grade  9,714
2012-2013,11,WISE COUNTY,Grade 10,734
2012-2013,11,WISE COUNTY,Grade 11,627
2012-2013,11,WISE COUNTY,Grade 12,612
2012-2013,7,WOOD COUNTY,Early Education,9
2012-2013,7,WOOD COUNTY,Pre-kindergarten,263
2012-2013,7,WOOD COUNTY,Kindergarten,468
2012-2013,7,WOOD COUNTY,Grade  1,485
2012-2013,7,WOOD COUNTY,Grade  2,482
2012-2013,7,WOOD COUNTY,Grade  3,481
2012-2013,7,WOOD COUNTY,Grade  4,454
2012-2013,7,WOOD COUNTY,Grade  5,444
2012-2013,7,WOOD COUNTY,Grade  6,477
2012-2013,7,WOOD COUNTY,Grade  7,455
2012-2013,7,WOOD COUNTY,Grade  8,452
2012-2013,7,WOOD COUNTY,Grade  9,459
2012-2013,7,WOOD COUNTY,Grade 10,433
2012-2013,7,WOOD COUNTY,Grade 11,460
2012-2013,7,WOOD COUNTY,Grade 12,437
2012-2013,17,YOAKUM COUNTY,Early Education,6
2012-2013,17,YOAKUM COUNTY,Pre-kindergarten,148
2012-2013,17,YOAKUM COUNTY,Kindergarten,182
2012-2013,17,YOAKUM COUNTY,Grade  1,151
2012-2013,17,YOAKUM COUNTY,Grade  2,167
2012-2013,17,YOAKUM COUNTY,Grade  3,152
2012-2013,17,YOAKUM COUNTY,Grade  4,170
2012-2013,17,YOAKUM COUNTY,Grade  5,141
2012-2013,17,YOAKUM COUNTY,Grade  6,153
2012-2013,17,YOAKUM COUNTY,Grade  7,184
2012-2013,17,YOAKUM COUNTY,Grade  8,156
2012-2013,17,YOAKUM COUNTY,Grade  9,135
2012-2013,17,YOAKUM COUNTY,Grade 10,135
2012-2013,17,YOAKUM COUNTY,Grade 11,135
2012-2013,17,YOAKUM COUNTY,Grade 12,123
2012-2013,9,YOUNG COUNTY,Early Education,22
2012-2013,9,YOUNG COUNTY,Pre-kindergarten,171
2012-2013,9,YOUNG COUNTY,Kindergarten,237
2012-2013,9,YOUNG COUNTY,Grade  1,289
2012-2013,9,YOUNG COUNTY,Grade  2,245
2012-2013,9,YOUNG COUNTY,Grade  3,265
2012-2013,9,YOUNG COUNTY,Grade  4,252
2012-2013,9,YOUNG COUNTY,Grade  5,265
2012-2013,9,YOUNG COUNTY,Grade  6,260
2012-2013,9,YOUNG COUNTY,Grade  7,313
2012-2013,9,YOUNG COUNTY,Grade  8,264
2012-2013,9,YOUNG COUNTY,Grade  9,261
2012-2013,9,YOUNG COUNTY,Grade 10,235
2012-2013,9,YOUNG COUNTY,Grade 11,240
2012-2013,9,YOUNG COUNTY,Grade 12,202
2012-2013,1,ZAPATA COUNTY,Early Education,8
2012-2013,1,ZAPATA COUNTY,Pre-kindergarten,236
2012-2013,1,ZAPATA COUNTY,Kindergarten,293
2012-2013,1,ZAPATA COUNTY,Grade  1,317
2012-2013,1,ZAPATA COUNTY,Grade  2,268
2012-2013,1,ZAPATA COUNTY,Grade  3,279
2012-2013,1,ZAPATA COUNTY,Grade  4,252
2012-2013,1,ZAPATA COUNTY,Grade  5,247
2012-2013,1,ZAPATA COUNTY,Grade  6,245
2012-2013,1,ZAPATA COUNTY,Grade  7,245
2012-2013,1,ZAPATA COUNTY,Grade  8,259
2012-2013,1,ZAPATA COUNTY,Grade  9,262
2012-2013,1,ZAPATA COUNTY,Grade 10,227
2012-2013,1,ZAPATA COUNTY,Grade 11,219
2012-2013,1,ZAPATA COUNTY,Grade 12,240
2012-2013,20,ZAVALA COUNTY,Early Education,70
2012-2013,20,ZAVALA COUNTY,Pre-kindergarten,159
2012-2013,20,ZAVALA COUNTY,Kindergarten,192
2012-2013,20,ZAVALA COUNTY,Grade  1,191
2012-2013,20,ZAVALA COUNTY,Grade  2,217
2012-2013,20,ZAVALA COUNTY,Grade  3,162
2012-2013,20,ZAVALA COUNTY,Grade  4,178
2012-2013,20,ZAVALA COUNTY,Grade  5,199
2012-2013,20,ZAVALA COUNTY,Grade  6,185
2012-2013,20,ZAVALA COUNTY,Grade  7,165
2012-2013,20,ZAVALA COUNTY,Grade  8,189
2012-2013,20,ZAVALA COUNTY,Grade  9,200
2012-2013,20,ZAVALA COUNTY,Grade 10,126
2012-2013,20,ZAVALA COUNTY,Grade 11,147
2012-2013,20,ZAVALA COUNTY,Grade 12,176
,,,,
"STUDENT COUNTS LESS THAN 5 BUT NOT 0 AND RELATED INFORMATION ARE MASKED WITH """"-9999999"""" IN COMPLIANCE WITH FERPA.",,,,
