T E X A S  E D U C A T I O N  A G E N C Y,,,,
,,,,
PEIMS Student Enrollment Data for 2013-2014,,,,
,,,,
YEAR,REGION,COUNTY NAME,GRADE,ENROLLMENT
2013-2014,7,ANDERSON COUNTY,Early Education,52
2013-2014,7,ANDERSON COUNTY,Pre-kindergarten,374
2013-2014,7,ANDERSON COUNTY,Kindergarten,631
2013-2014,7,ANDERSON COUNTY,Grade  1,636
2013-2014,7,ANDERSON COUNTY,Grade  2,609
2013-2014,7,ANDERSON COUNTY,Grade  3,618
2013-2014,7,ANDERSON COUNTY,Grade  4,618
2013-2014,7,ANDERSON COUNTY,Grade  5,596
2013-2014,7,ANDERSON COUNTY,Grade  6,615
2013-2014,7,ANDERSON COUNTY,Grade  7,601
2013-2014,7,ANDERSON COUNTY,Grade  8,607
2013-2014,7,ANDERSON COUNTY,Grade  9,638
2013-2014,7,ANDERSON COUNTY,Grade 10,588
2013-2014,7,ANDERSON COUNTY,Grade 11,553
2013-2014,7,ANDERSON COUNTY,Grade 12,456
2013-2014,18,ANDREWS COUNTY,Early Education,9
2013-2014,18,ANDREWS COUNTY,Pre-kindergarten,139
2013-2014,18,ANDREWS COUNTY,Kindergarten,285
2013-2014,18,ANDREWS COUNTY,Grade  1,322
2013-2014,18,ANDREWS COUNTY,Grade  2,294
2013-2014,18,ANDREWS COUNTY,Grade  3,293
2013-2014,18,ANDREWS COUNTY,Grade  4,309
2013-2014,18,ANDREWS COUNTY,Grade  5,309
2013-2014,18,ANDREWS COUNTY,Grade  6,265
2013-2014,18,ANDREWS COUNTY,Grade  7,306
2013-2014,18,ANDREWS COUNTY,Grade  8,245
2013-2014,18,ANDREWS COUNTY,Grade  9,259
2013-2014,18,ANDREWS COUNTY,Grade 10,267
2013-2014,18,ANDREWS COUNTY,Grade 11,246
2013-2014,18,ANDREWS COUNTY,Grade 12,216
2013-2014,7,ANGELINA COUNTY,Early Education,87
2013-2014,7,ANGELINA COUNTY,Pre-kindergarten,1094
2013-2014,7,ANGELINA COUNTY,Kindergarten,1325
2013-2014,7,ANGELINA COUNTY,Grade  1,1444
2013-2014,7,ANGELINA COUNTY,Grade  2,1324
2013-2014,7,ANGELINA COUNTY,Grade  3,1237
2013-2014,7,ANGELINA COUNTY,Grade  4,1302
2013-2014,7,ANGELINA COUNTY,Grade  5,1206
2013-2014,7,ANGELINA COUNTY,Grade  6,1260
2013-2014,7,ANGELINA COUNTY,Grade  7,1269
2013-2014,7,ANGELINA COUNTY,Grade  8,1253
2013-2014,7,ANGELINA COUNTY,Grade  9,1379
2013-2014,7,ANGELINA COUNTY,Grade 10,1221
2013-2014,7,ANGELINA COUNTY,Grade 11,1116
2013-2014,7,ANGELINA COUNTY,Grade 12,1142
2013-2014,2,ARANSAS COUNTY,Early Education,5
2013-2014,2,ARANSAS COUNTY,Pre-kindergarten,68
2013-2014,2,ARANSAS COUNTY,Kindergarten,247
2013-2014,2,ARANSAS COUNTY,Grade  1,244
2013-2014,2,ARANSAS COUNTY,Grade  2,248
2013-2014,2,ARANSAS COUNTY,Grade  3,244
2013-2014,2,ARANSAS COUNTY,Grade  4,269
2013-2014,2,ARANSAS COUNTY,Grade  5,215
2013-2014,2,ARANSAS COUNTY,Grade  6,238
2013-2014,2,ARANSAS COUNTY,Grade  7,253
2013-2014,2,ARANSAS COUNTY,Grade  8,260
2013-2014,2,ARANSAS COUNTY,Grade  9,260
2013-2014,2,ARANSAS COUNTY,Grade 10,243
2013-2014,2,ARANSAS COUNTY,Grade 11,225
2013-2014,2,ARANSAS COUNTY,Grade 12,198
2013-2014,9,ARCHER COUNTY,Early Education,6
2013-2014,9,ARCHER COUNTY,Pre-kindergarten,37
2013-2014,9,ARCHER COUNTY,Kindergarten,123
2013-2014,9,ARCHER COUNTY,Grade  1,123
2013-2014,9,ARCHER COUNTY,Grade  2,115
2013-2014,9,ARCHER COUNTY,Grade  3,129
2013-2014,9,ARCHER COUNTY,Grade  4,139
2013-2014,9,ARCHER COUNTY,Grade  5,130
2013-2014,9,ARCHER COUNTY,Grade  6,138
2013-2014,9,ARCHER COUNTY,Grade  7,145
2013-2014,9,ARCHER COUNTY,Grade  8,157
2013-2014,9,ARCHER COUNTY,Grade  9,170
2013-2014,9,ARCHER COUNTY,Grade 10,150
2013-2014,9,ARCHER COUNTY,Grade 11,137
2013-2014,9,ARCHER COUNTY,Grade 12,142
2013-2014,16,ARMSTRONG COUNTY,Pre-kindergarten,16
2013-2014,16,ARMSTRONG COUNTY,Kindergarten,30
2013-2014,16,ARMSTRONG COUNTY,Grade  1,22
2013-2014,16,ARMSTRONG COUNTY,Grade  2,24
2013-2014,16,ARMSTRONG COUNTY,Grade  3,28
2013-2014,16,ARMSTRONG COUNTY,Grade  4,20
2013-2014,16,ARMSTRONG COUNTY,Grade  5,30
2013-2014,16,ARMSTRONG COUNTY,Grade  6,23
2013-2014,16,ARMSTRONG COUNTY,Grade  7,31
2013-2014,16,ARMSTRONG COUNTY,Grade  8,27
2013-2014,16,ARMSTRONG COUNTY,Grade  9,30
2013-2014,16,ARMSTRONG COUNTY,Grade 10,33
2013-2014,16,ARMSTRONG COUNTY,Grade 11,27
2013-2014,16,ARMSTRONG COUNTY,Grade 12,28
2013-2014,20,ATASCOSA COUNTY,Early Education,22
2013-2014,20,ATASCOSA COUNTY,Pre-kindergarten,424
2013-2014,20,ATASCOSA COUNTY,Kindergarten,647
2013-2014,20,ATASCOSA COUNTY,Grade  1,693
2013-2014,20,ATASCOSA COUNTY,Grade  2,674
2013-2014,20,ATASCOSA COUNTY,Grade  3,659
2013-2014,20,ATASCOSA COUNTY,Grade  4,683
2013-2014,20,ATASCOSA COUNTY,Grade  5,638
2013-2014,20,ATASCOSA COUNTY,Grade  6,689
2013-2014,20,ATASCOSA COUNTY,Grade  7,713
2013-2014,20,ATASCOSA COUNTY,Grade  8,696
2013-2014,20,ATASCOSA COUNTY,Grade  9,699
2013-2014,20,ATASCOSA COUNTY,Grade 10,681
2013-2014,20,ATASCOSA COUNTY,Grade 11,667
2013-2014,20,ATASCOSA COUNTY,Grade 12,553
2013-2014,6,AUSTIN COUNTY,Early Education,18
2013-2014,6,AUSTIN COUNTY,Pre-kindergarten,194
2013-2014,6,AUSTIN COUNTY,Kindergarten,439
2013-2014,6,AUSTIN COUNTY,Grade  1,450
2013-2014,6,AUSTIN COUNTY,Grade  2,395
2013-2014,6,AUSTIN COUNTY,Grade  3,404
2013-2014,6,AUSTIN COUNTY,Grade  4,403
2013-2014,6,AUSTIN COUNTY,Grade  5,452
2013-2014,6,AUSTIN COUNTY,Grade  6,412
2013-2014,6,AUSTIN COUNTY,Grade  7,453
2013-2014,6,AUSTIN COUNTY,Grade  8,459
2013-2014,6,AUSTIN COUNTY,Grade  9,442
2013-2014,6,AUSTIN COUNTY,Grade 10,433
2013-2014,6,AUSTIN COUNTY,Grade 11,375
2013-2014,6,AUSTIN COUNTY,Grade 12,386
2013-2014,17,BAILEY COUNTY,Early Education,21
2013-2014,17,BAILEY COUNTY,Pre-kindergarten,94
2013-2014,17,BAILEY COUNTY,Kindergarten,113
2013-2014,17,BAILEY COUNTY,Grade  1,121
2013-2014,17,BAILEY COUNTY,Grade  2,116
2013-2014,17,BAILEY COUNTY,Grade  3,116
2013-2014,17,BAILEY COUNTY,Grade  4,108
2013-2014,17,BAILEY COUNTY,Grade  5,101
2013-2014,17,BAILEY COUNTY,Grade  6,103
2013-2014,17,BAILEY COUNTY,Grade  7,117
2013-2014,17,BAILEY COUNTY,Grade  8,108
2013-2014,17,BAILEY COUNTY,Grade  9,87
2013-2014,17,BAILEY COUNTY,Grade 10,97
2013-2014,17,BAILEY COUNTY,Grade 11,97
2013-2014,17,BAILEY COUNTY,Grade 12,70
2013-2014,20,BANDERA COUNTY,Early Education,7
2013-2014,20,BANDERA COUNTY,Pre-kindergarten,130
2013-2014,20,BANDERA COUNTY,Kindergarten,195
2013-2014,20,BANDERA COUNTY,Grade  1,187
2013-2014,20,BANDERA COUNTY,Grade  2,165
2013-2014,20,BANDERA COUNTY,Grade  3,203
2013-2014,20,BANDERA COUNTY,Grade  4,173
2013-2014,20,BANDERA COUNTY,Grade  5,187
2013-2014,20,BANDERA COUNTY,Grade  6,179
2013-2014,20,BANDERA COUNTY,Grade  7,207
2013-2014,20,BANDERA COUNTY,Grade  8,198
2013-2014,20,BANDERA COUNTY,Grade  9,209
2013-2014,20,BANDERA COUNTY,Grade 10,228
2013-2014,20,BANDERA COUNTY,Grade 11,185
2013-2014,20,BANDERA COUNTY,Grade 12,191
2013-2014,13,BASTROP COUNTY,Early Education,48
2013-2014,13,BASTROP COUNTY,Pre-kindergarten,668
2013-2014,13,BASTROP COUNTY,Kindergarten,1100
2013-2014,13,BASTROP COUNTY,Grade  1,1170
2013-2014,13,BASTROP COUNTY,Grade  2,1195
2013-2014,13,BASTROP COUNTY,Grade  3,1173
2013-2014,13,BASTROP COUNTY,Grade  4,1169
2013-2014,13,BASTROP COUNTY,Grade  5,1142
2013-2014,13,BASTROP COUNTY,Grade  6,1172
2013-2014,13,BASTROP COUNTY,Grade  7,1203
2013-2014,13,BASTROP COUNTY,Grade  8,1210
2013-2014,13,BASTROP COUNTY,Grade  9,1373
2013-2014,13,BASTROP COUNTY,Grade 10,1188
2013-2014,13,BASTROP COUNTY,Grade 11,1021
2013-2014,13,BASTROP COUNTY,Grade 12,947
2013-2014,9,BAYLOR COUNTY,Early Education,-9999999
2013-2014,9,BAYLOR COUNTY,Pre-kindergarten,31
2013-2014,9,BAYLOR COUNTY,Kindergarten,35
2013-2014,9,BAYLOR COUNTY,Grade  1,40
2013-2014,9,BAYLOR COUNTY,Grade  2,43
2013-2014,9,BAYLOR COUNTY,Grade  3,52
2013-2014,9,BAYLOR COUNTY,Grade  4,43
2013-2014,9,BAYLOR COUNTY,Grade  5,45
2013-2014,9,BAYLOR COUNTY,Grade  6,37
2013-2014,9,BAYLOR COUNTY,Grade  7,46
2013-2014,9,BAYLOR COUNTY,Grade  8,40
2013-2014,9,BAYLOR COUNTY,Grade  9,49
2013-2014,9,BAYLOR COUNTY,Grade 10,39
2013-2014,9,BAYLOR COUNTY,Grade 11,39
2013-2014,9,BAYLOR COUNTY,Grade 12,28
2013-2014,2,BEE COUNTY,Early Education,17
2013-2014,2,BEE COUNTY,Pre-kindergarten,168
2013-2014,2,BEE COUNTY,Kindergarten,441
2013-2014,2,BEE COUNTY,Grade  1,461
2013-2014,2,BEE COUNTY,Grade  2,396
2013-2014,2,BEE COUNTY,Grade  3,402
2013-2014,2,BEE COUNTY,Grade  4,386
2013-2014,2,BEE COUNTY,Grade  5,414
2013-2014,2,BEE COUNTY,Grade  6,390
2013-2014,2,BEE COUNTY,Grade  7,417
2013-2014,2,BEE COUNTY,Grade  8,392
2013-2014,2,BEE COUNTY,Grade  9,440
2013-2014,2,BEE COUNTY,Grade 10,347
2013-2014,2,BEE COUNTY,Grade 11,286
2013-2014,2,BEE COUNTY,Grade 12,275
2013-2014,12,BELL COUNTY/12,Early Education,278
2013-2014,12,BELL COUNTY/12,Pre-kindergarten,4188
2013-2014,12,BELL COUNTY/12,Kindergarten,5757
2013-2014,12,BELL COUNTY/12,Grade  1,5941
2013-2014,12,BELL COUNTY/12,Grade  2,5501
2013-2014,12,BELL COUNTY/12,Grade  3,5244
2013-2014,12,BELL COUNTY/12,Grade  4,4957
2013-2014,12,BELL COUNTY/12,Grade  5,4993
2013-2014,12,BELL COUNTY/12,Grade  6,4922
2013-2014,12,BELL COUNTY/12,Grade  7,4858
2013-2014,12,BELL COUNTY/12,Grade  8,4805
2013-2014,12,BELL COUNTY/12,Grade  9,5224
2013-2014,12,BELL COUNTY/12,Grade 10,4353
2013-2014,12,BELL COUNTY/12,Grade 11,3846
2013-2014,12,BELL COUNTY/12,Grade 12,3556
2013-2014,13,BELL COUNTY/13,Pre-kindergarten,37
2013-2014,13,BELL COUNTY/13,Kindergarten,24
2013-2014,13,BELL COUNTY/13,Grade  1,39
2013-2014,13,BELL COUNTY/13,Grade  2,29
2013-2014,13,BELL COUNTY/13,Grade  3,27
2013-2014,13,BELL COUNTY/13,Grade  4,23
2013-2014,13,BELL COUNTY/13,Grade  5,29
2013-2014,13,BELL COUNTY/13,Grade  6,22
2013-2014,13,BELL COUNTY/13,Grade  7,28
2013-2014,13,BELL COUNTY/13,Grade  8,25
2013-2014,13,BELL COUNTY/13,Grade  9,31
2013-2014,13,BELL COUNTY/13,Grade 10,20
2013-2014,13,BELL COUNTY/13,Grade 11,29
2013-2014,13,BELL COUNTY/13,Grade 12,32
2013-2014,AL,BELL COUNTY/ALL,Early Education,278
2013-2014,AL,BELL COUNTY/ALL,Pre-kindergarten,4225
2013-2014,AL,BELL COUNTY/ALL,Kindergarten,5781
2013-2014,AL,BELL COUNTY/ALL,Grade  1,5980
2013-2014,AL,BELL COUNTY/ALL,Grade  2,5530
2013-2014,AL,BELL COUNTY/ALL,Grade  3,5271
2013-2014,AL,BELL COUNTY/ALL,Grade  4,4980
2013-2014,AL,BELL COUNTY/ALL,Grade  5,5022
2013-2014,AL,BELL COUNTY/ALL,Grade  6,4944
2013-2014,AL,BELL COUNTY/ALL,Grade  7,4886
2013-2014,AL,BELL COUNTY/ALL,Grade  8,4830
2013-2014,AL,BELL COUNTY/ALL,Grade  9,5255
2013-2014,AL,BELL COUNTY/ALL,Grade 10,4373
2013-2014,AL,BELL COUNTY/ALL,Grade 11,3875
2013-2014,AL,BELL COUNTY/ALL,Grade 12,3588
2013-2014,20,BEXAR COUNTY,Early Education,1338
2013-2014,20,BEXAR COUNTY,Pre-kindergarten,16945
2013-2014,20,BEXAR COUNTY,Kindergarten,25823
2013-2014,20,BEXAR COUNTY,Grade  1,27279
2013-2014,20,BEXAR COUNTY,Grade  2,26066
2013-2014,20,BEXAR COUNTY,Grade  3,26226
2013-2014,20,BEXAR COUNTY,Grade  4,25782
2013-2014,20,BEXAR COUNTY,Grade  5,25812
2013-2014,20,BEXAR COUNTY,Grade  6,24757
2013-2014,20,BEXAR COUNTY,Grade  7,25497
2013-2014,20,BEXAR COUNTY,Grade  8,25642
2013-2014,20,BEXAR COUNTY,Grade  9,27315
2013-2014,20,BEXAR COUNTY,Grade 10,24183
2013-2014,20,BEXAR COUNTY,Grade 11,21612
2013-2014,20,BEXAR COUNTY,Grade 12,20271
2013-2014,13,BLANCO COUNTY,Early Education,7
2013-2014,13,BLANCO COUNTY,Pre-kindergarten,27
2013-2014,13,BLANCO COUNTY,Kindergarten,113
2013-2014,13,BLANCO COUNTY,Grade  1,125
2013-2014,13,BLANCO COUNTY,Grade  2,125
2013-2014,13,BLANCO COUNTY,Grade  3,138
2013-2014,13,BLANCO COUNTY,Grade  4,131
2013-2014,13,BLANCO COUNTY,Grade  5,103
2013-2014,13,BLANCO COUNTY,Grade  6,134
2013-2014,13,BLANCO COUNTY,Grade  7,127
2013-2014,13,BLANCO COUNTY,Grade  8,144
2013-2014,13,BLANCO COUNTY,Grade  9,151
2013-2014,13,BLANCO COUNTY,Grade 10,127
2013-2014,13,BLANCO COUNTY,Grade 11,123
2013-2014,13,BLANCO COUNTY,Grade 12,106
2013-2014,17,BORDEN COUNTY,Early Education,-9999999
2013-2014,17,BORDEN COUNTY,Kindergarten,18
2013-2014,17,BORDEN COUNTY,Grade  1,16
2013-2014,17,BORDEN COUNTY,Grade  2,21
2013-2014,17,BORDEN COUNTY,Grade  3,19
2013-2014,17,BORDEN COUNTY,Grade  4,17
2013-2014,17,BORDEN COUNTY,Grade  5,27
2013-2014,17,BORDEN COUNTY,Grade  6,26
2013-2014,17,BORDEN COUNTY,Grade  7,20
2013-2014,17,BORDEN COUNTY,Grade  8,21
2013-2014,17,BORDEN COUNTY,Grade  9,19
2013-2014,17,BORDEN COUNTY,Grade 10,21
2013-2014,17,BORDEN COUNTY,Grade 11,16
2013-2014,17,BORDEN COUNTY,Grade 12,15
2013-2014,12,BOSQUE COUNTY,Early Education,-9999999
2013-2014,12,BOSQUE COUNTY,Pre-kindergarten,178
2013-2014,12,BOSQUE COUNTY,Kindergarten,215
2013-2014,12,BOSQUE COUNTY,Grade  1,224
2013-2014,12,BOSQUE COUNTY,Grade  2,214
2013-2014,12,BOSQUE COUNTY,Grade  3,218
2013-2014,12,BOSQUE COUNTY,Grade  4,197
2013-2014,12,BOSQUE COUNTY,Grade  5,192
2013-2014,12,BOSQUE COUNTY,Grade  6,222
2013-2014,12,BOSQUE COUNTY,Grade  7,210
2013-2014,12,BOSQUE COUNTY,Grade  8,226
2013-2014,12,BOSQUE COUNTY,Grade  9,252
2013-2014,12,BOSQUE COUNTY,Grade 10,203
2013-2014,12,BOSQUE COUNTY,Grade 11,206
2013-2014,12,BOSQUE COUNTY,Grade 12,196
2013-2014,8,BOWIE COUNTY,Early Education,47
2013-2014,8,BOWIE COUNTY,Pre-kindergarten,1161
2013-2014,8,BOWIE COUNTY,Kindergarten,1340
2013-2014,8,BOWIE COUNTY,Grade  1,1418
2013-2014,8,BOWIE COUNTY,Grade  2,1277
2013-2014,8,BOWIE COUNTY,Grade  3,1284
2013-2014,8,BOWIE COUNTY,Grade  4,1257
2013-2014,8,BOWIE COUNTY,Grade  5,1302
2013-2014,8,BOWIE COUNTY,Grade  6,1314
2013-2014,8,BOWIE COUNTY,Grade  7,1350
2013-2014,8,BOWIE COUNTY,Grade  8,1328
2013-2014,8,BOWIE COUNTY,Grade  9,1417
2013-2014,8,BOWIE COUNTY,Grade 10,1206
2013-2014,8,BOWIE COUNTY,Grade 11,1164
2013-2014,8,BOWIE COUNTY,Grade 12,1123
2013-2014,4,BRAZORIA COUNTY,Early Education,278
2013-2014,4,BRAZORIA COUNTY,Pre-kindergarten,2004
2013-2014,4,BRAZORIA COUNTY,Kindergarten,4871
2013-2014,4,BRAZORIA COUNTY,Grade  1,4880
2013-2014,4,BRAZORIA COUNTY,Grade  2,4974
2013-2014,4,BRAZORIA COUNTY,Grade  3,4911
2013-2014,4,BRAZORIA COUNTY,Grade  4,4782
2013-2014,4,BRAZORIA COUNTY,Grade  5,5011
2013-2014,4,BRAZORIA COUNTY,Grade  6,4944
2013-2014,4,BRAZORIA COUNTY,Grade  7,4910
2013-2014,4,BRAZORIA COUNTY,Grade  8,5037
2013-2014,4,BRAZORIA COUNTY,Grade  9,5164
2013-2014,4,BRAZORIA COUNTY,Grade 10,4759
2013-2014,4,BRAZORIA COUNTY,Grade 11,4415
2013-2014,4,BRAZORIA COUNTY,Grade 12,3772
2013-2014,6,BRAZOS COUNTY,Early Education,136
2013-2014,6,BRAZOS COUNTY,Pre-kindergarten,990
2013-2014,6,BRAZOS COUNTY,Kindergarten,2549
2013-2014,6,BRAZOS COUNTY,Grade  1,2563
2013-2014,6,BRAZOS COUNTY,Grade  2,2390
2013-2014,6,BRAZOS COUNTY,Grade  3,2356
2013-2014,6,BRAZOS COUNTY,Grade  4,2202
2013-2014,6,BRAZOS COUNTY,Grade  5,2225
2013-2014,6,BRAZOS COUNTY,Grade  6,2024
2013-2014,6,BRAZOS COUNTY,Grade  7,2101
2013-2014,6,BRAZOS COUNTY,Grade  8,2021
2013-2014,6,BRAZOS COUNTY,Grade  9,2404
2013-2014,6,BRAZOS COUNTY,Grade 10,1825
2013-2014,6,BRAZOS COUNTY,Grade 11,1630
2013-2014,6,BRAZOS COUNTY,Grade 12,1443
2013-2014,18,BREWSTER COUNTY,Early Education,-9999999
2013-2014,18,BREWSTER COUNTY,Pre-kindergarten,54
2013-2014,18,BREWSTER COUNTY,Kindergarten,78
2013-2014,18,BREWSTER COUNTY,Grade  1,99
2013-2014,18,BREWSTER COUNTY,Grade  2,112
2013-2014,18,BREWSTER COUNTY,Grade  3,85
2013-2014,18,BREWSTER COUNTY,Grade  4,99
2013-2014,18,BREWSTER COUNTY,Grade  5,91
2013-2014,18,BREWSTER COUNTY,Grade  6,79
2013-2014,18,BREWSTER COUNTY,Grade  7,81
2013-2014,18,BREWSTER COUNTY,Grade  8,107
2013-2014,18,BREWSTER COUNTY,Grade  9,85
2013-2014,18,BREWSTER COUNTY,Grade 10,90
2013-2014,18,BREWSTER COUNTY,Grade 11,69
2013-2014,18,BREWSTER COUNTY,Grade 12,82
2013-2014,16,BRISCOE COUNTY,Pre-kindergarten,13
2013-2014,16,BRISCOE COUNTY,Kindergarten,16
2013-2014,16,BRISCOE COUNTY,Grade  1,14
2013-2014,16,BRISCOE COUNTY,Grade  2,20
2013-2014,16,BRISCOE COUNTY,Grade  3,12
2013-2014,16,BRISCOE COUNTY,Grade  4,10
2013-2014,16,BRISCOE COUNTY,Grade  5,14
2013-2014,16,BRISCOE COUNTY,Grade  6,13
2013-2014,16,BRISCOE COUNTY,Grade  7,16
2013-2014,16,BRISCOE COUNTY,Grade  8,14
2013-2014,16,BRISCOE COUNTY,Grade  9,14
2013-2014,16,BRISCOE COUNTY,Grade 10,12
2013-2014,16,BRISCOE COUNTY,Grade 11,9
2013-2014,16,BRISCOE COUNTY,Grade 12,10
2013-2014,2,BROOKS COUNTY,Early Education,10
2013-2014,2,BROOKS COUNTY,Pre-kindergarten,78
2013-2014,2,BROOKS COUNTY,Kindergarten,125
2013-2014,2,BROOKS COUNTY,Grade  1,137
2013-2014,2,BROOKS COUNTY,Grade  2,133
2013-2014,2,BROOKS COUNTY,Grade  3,102
2013-2014,2,BROOKS COUNTY,Grade  4,119
2013-2014,2,BROOKS COUNTY,Grade  5,95
2013-2014,2,BROOKS COUNTY,Grade  6,102
2013-2014,2,BROOKS COUNTY,Grade  7,126
2013-2014,2,BROOKS COUNTY,Grade  8,117
2013-2014,2,BROOKS COUNTY,Grade  9,114
2013-2014,2,BROOKS COUNTY,Grade 10,109
2013-2014,2,BROOKS COUNTY,Grade 11,99
2013-2014,2,BROOKS COUNTY,Grade 12,76
2013-2014,15,BROWN COUNTY,Early Education,33
2013-2014,15,BROWN COUNTY,Pre-kindergarten,244
2013-2014,15,BROWN COUNTY,Kindergarten,500
2013-2014,15,BROWN COUNTY,Grade  1,532
2013-2014,15,BROWN COUNTY,Grade  2,452
2013-2014,15,BROWN COUNTY,Grade  3,499
2013-2014,15,BROWN COUNTY,Grade  4,489
2013-2014,15,BROWN COUNTY,Grade  5,482
2013-2014,15,BROWN COUNTY,Grade  6,511
2013-2014,15,BROWN COUNTY,Grade  7,527
2013-2014,15,BROWN COUNTY,Grade  8,518
2013-2014,15,BROWN COUNTY,Grade  9,540
2013-2014,15,BROWN COUNTY,Grade 10,468
2013-2014,15,BROWN COUNTY,Grade 11,413
2013-2014,15,BROWN COUNTY,Grade 12,402
2013-2014,6,BURLESON COUNTY,Early Education,7
2013-2014,6,BURLESON COUNTY,Pre-kindergarten,132
2013-2014,6,BURLESON COUNTY,Kindergarten,227
2013-2014,6,BURLESON COUNTY,Grade  1,220
2013-2014,6,BURLESON COUNTY,Grade  2,181
2013-2014,6,BURLESON COUNTY,Grade  3,227
2013-2014,6,BURLESON COUNTY,Grade  4,209
2013-2014,6,BURLESON COUNTY,Grade  5,191
2013-2014,6,BURLESON COUNTY,Grade  6,180
2013-2014,6,BURLESON COUNTY,Grade  7,209
2013-2014,6,BURLESON COUNTY,Grade  8,219
2013-2014,6,BURLESON COUNTY,Grade  9,218
2013-2014,6,BURLESON COUNTY,Grade 10,201
2013-2014,6,BURLESON COUNTY,Grade 11,185
2013-2014,6,BURLESON COUNTY,Grade 12,181
2013-2014,13,BURNET COUNTY,Early Education,28
2013-2014,13,BURNET COUNTY,Pre-kindergarten,251
2013-2014,13,BURNET COUNTY,Kindergarten,538
2013-2014,13,BURNET COUNTY,Grade  1,511
2013-2014,13,BURNET COUNTY,Grade  2,552
2013-2014,13,BURNET COUNTY,Grade  3,544
2013-2014,13,BURNET COUNTY,Grade  4,509
2013-2014,13,BURNET COUNTY,Grade  5,528
2013-2014,13,BURNET COUNTY,Grade  6,551
2013-2014,13,BURNET COUNTY,Grade  7,553
2013-2014,13,BURNET COUNTY,Grade  8,552
2013-2014,13,BURNET COUNTY,Grade  9,588
2013-2014,13,BURNET COUNTY,Grade 10,558
2013-2014,13,BURNET COUNTY,Grade 11,474
2013-2014,13,BURNET COUNTY,Grade 12,494
2013-2014,13,CALDWELL COUNTY,Early Education,22
2013-2014,13,CALDWELL COUNTY,Pre-kindergarten,334
2013-2014,13,CALDWELL COUNTY,Kindergarten,508
2013-2014,13,CALDWELL COUNTY,Grade  1,513
2013-2014,13,CALDWELL COUNTY,Grade  2,514
2013-2014,13,CALDWELL COUNTY,Grade  3,515
2013-2014,13,CALDWELL COUNTY,Grade  4,512
2013-2014,13,CALDWELL COUNTY,Grade  5,511
2013-2014,13,CALDWELL COUNTY,Grade  6,441
2013-2014,13,CALDWELL COUNTY,Grade  7,537
2013-2014,13,CALDWELL COUNTY,Grade  8,458
2013-2014,13,CALDWELL COUNTY,Grade  9,535
2013-2014,13,CALDWELL COUNTY,Grade 10,491
2013-2014,13,CALDWELL COUNTY,Grade 11,421
2013-2014,13,CALDWELL COUNTY,Grade 12,424
2013-2014,3,CALHOUN COUNTY,Early Education,8
2013-2014,3,CALHOUN COUNTY,Pre-kindergarten,196
2013-2014,3,CALHOUN COUNTY,Kindergarten,307
2013-2014,3,CALHOUN COUNTY,Grade  1,360
2013-2014,3,CALHOUN COUNTY,Grade  2,332
2013-2014,3,CALHOUN COUNTY,Grade  3,273
2013-2014,3,CALHOUN COUNTY,Grade  4,310
2013-2014,3,CALHOUN COUNTY,Grade  5,324
2013-2014,3,CALHOUN COUNTY,Grade  6,333
2013-2014,3,CALHOUN COUNTY,Grade  7,301
2013-2014,3,CALHOUN COUNTY,Grade  8,336
2013-2014,3,CALHOUN COUNTY,Grade  9,352
2013-2014,3,CALHOUN COUNTY,Grade 10,312
2013-2014,3,CALHOUN COUNTY,Grade 11,294
2013-2014,3,CALHOUN COUNTY,Grade 12,244
2013-2014,14,CALLAHAN COUNTY,Early Education,11
2013-2014,14,CALLAHAN COUNTY,Pre-kindergarten,93
2013-2014,14,CALLAHAN COUNTY,Kindergarten,179
2013-2014,14,CALLAHAN COUNTY,Grade  1,179
2013-2014,14,CALLAHAN COUNTY,Grade  2,174
2013-2014,14,CALLAHAN COUNTY,Grade  3,179
2013-2014,14,CALLAHAN COUNTY,Grade  4,195
2013-2014,14,CALLAHAN COUNTY,Grade  5,168
2013-2014,14,CALLAHAN COUNTY,Grade  6,205
2013-2014,14,CALLAHAN COUNTY,Grade  7,198
2013-2014,14,CALLAHAN COUNTY,Grade  8,193
2013-2014,14,CALLAHAN COUNTY,Grade  9,190
2013-2014,14,CALLAHAN COUNTY,Grade 10,177
2013-2014,14,CALLAHAN COUNTY,Grade 11,167
2013-2014,14,CALLAHAN COUNTY,Grade 12,147
2013-2014,1,CAMERON COUNTY,Early Education,278
2013-2014,1,CAMERON COUNTY,Pre-kindergarten,6386
2013-2014,1,CAMERON COUNTY,Kindergarten,7003
2013-2014,1,CAMERON COUNTY,Grade  1,7442
2013-2014,1,CAMERON COUNTY,Grade  2,7254
2013-2014,1,CAMERON COUNTY,Grade  3,7298
2013-2014,1,CAMERON COUNTY,Grade  4,7320
2013-2014,1,CAMERON COUNTY,Grade  5,7302
2013-2014,1,CAMERON COUNTY,Grade  6,7271
2013-2014,1,CAMERON COUNTY,Grade  7,7956
2013-2014,1,CAMERON COUNTY,Grade  8,7797
2013-2014,1,CAMERON COUNTY,Grade  9,9297
2013-2014,1,CAMERON COUNTY,Grade 10,7671
2013-2014,1,CAMERON COUNTY,Grade 11,6886
2013-2014,1,CAMERON COUNTY,Grade 12,6468
2013-2014,8,CAMP COUNTY,Early Education,13
2013-2014,8,CAMP COUNTY,Pre-kindergarten,75
2013-2014,8,CAMP COUNTY,Kindergarten,192
2013-2014,8,CAMP COUNTY,Grade  1,202
2013-2014,8,CAMP COUNTY,Grade  2,179
2013-2014,8,CAMP COUNTY,Grade  3,189
2013-2014,8,CAMP COUNTY,Grade  4,179
2013-2014,8,CAMP COUNTY,Grade  5,183
2013-2014,8,CAMP COUNTY,Grade  6,187
2013-2014,8,CAMP COUNTY,Grade  7,156
2013-2014,8,CAMP COUNTY,Grade  8,180
2013-2014,8,CAMP COUNTY,Grade  9,212
2013-2014,8,CAMP COUNTY,Grade 10,193
2013-2014,8,CAMP COUNTY,Grade 11,175
2013-2014,8,CAMP COUNTY,Grade 12,140
2013-2014,16,CARSON COUNTY,Early Education,-9999999
2013-2014,16,CARSON COUNTY,Pre-kindergarten,71
2013-2014,16,CARSON COUNTY,Kindergarten,72
2013-2014,16,CARSON COUNTY,Grade  1,81
2013-2014,16,CARSON COUNTY,Grade  2,88
2013-2014,16,CARSON COUNTY,Grade  3,79
2013-2014,16,CARSON COUNTY,Grade  4,97
2013-2014,16,CARSON COUNTY,Grade  5,100
2013-2014,16,CARSON COUNTY,Grade  6,87
2013-2014,16,CARSON COUNTY,Grade  7,83
2013-2014,16,CARSON COUNTY,Grade  8,81
2013-2014,16,CARSON COUNTY,Grade  9,96
2013-2014,16,CARSON COUNTY,Grade 10,88
2013-2014,16,CARSON COUNTY,Grade 11,76
2013-2014,16,CARSON COUNTY,Grade 12,88
2013-2014,8,CASS COUNTY,Early Education,19
2013-2014,8,CASS COUNTY,Pre-kindergarten,278
2013-2014,8,CASS COUNTY,Kindergarten,397
2013-2014,8,CASS COUNTY,Grade  1,419
2013-2014,8,CASS COUNTY,Grade  2,411
2013-2014,8,CASS COUNTY,Grade  3,393
2013-2014,8,CASS COUNTY,Grade  4,402
2013-2014,8,CASS COUNTY,Grade  5,412
2013-2014,8,CASS COUNTY,Grade  6,407
2013-2014,8,CASS COUNTY,Grade  7,417
2013-2014,8,CASS COUNTY,Grade  8,419
2013-2014,8,CASS COUNTY,Grade  9,452
2013-2014,8,CASS COUNTY,Grade 10,432
2013-2014,8,CASS COUNTY,Grade 11,403
2013-2014,8,CASS COUNTY,Grade 12,370
2013-2014,16,CASTRO COUNTY,Pre-kindergarten,131
2013-2014,16,CASTRO COUNTY,Kindergarten,125
2013-2014,16,CASTRO COUNTY,Grade  1,137
2013-2014,16,CASTRO COUNTY,Grade  2,114
2013-2014,16,CASTRO COUNTY,Grade  3,123
2013-2014,16,CASTRO COUNTY,Grade  4,128
2013-2014,16,CASTRO COUNTY,Grade  5,121
2013-2014,16,CASTRO COUNTY,Grade  6,112
2013-2014,16,CASTRO COUNTY,Grade  7,120
2013-2014,16,CASTRO COUNTY,Grade  8,137
2013-2014,16,CASTRO COUNTY,Grade  9,135
2013-2014,16,CASTRO COUNTY,Grade 10,116
2013-2014,16,CASTRO COUNTY,Grade 11,116
2013-2014,16,CASTRO COUNTY,Grade 12,93
2013-2014,4,CHAMBERS COUNTY/04,Early Education,27
2013-2014,4,CHAMBERS COUNTY/04,Pre-kindergarten,107
2013-2014,4,CHAMBERS COUNTY/04,Kindergarten,427
2013-2014,4,CHAMBERS COUNTY/04,Grade  1,440
2013-2014,4,CHAMBERS COUNTY/04,Grade  2,464
2013-2014,4,CHAMBERS COUNTY/04,Grade  3,436
2013-2014,4,CHAMBERS COUNTY/04,Grade  4,472
2013-2014,4,CHAMBERS COUNTY/04,Grade  5,433
2013-2014,4,CHAMBERS COUNTY/04,Grade  6,431
2013-2014,4,CHAMBERS COUNTY/04,Grade  7,449
2013-2014,4,CHAMBERS COUNTY/04,Grade  8,534
2013-2014,4,CHAMBERS COUNTY/04,Grade  9,496
2013-2014,4,CHAMBERS COUNTY/04,Grade 10,416
2013-2014,4,CHAMBERS COUNTY/04,Grade 11,401
2013-2014,4,CHAMBERS COUNTY/04,Grade 12,386
2013-2014,5,CHAMBERS COUNTY/05,Early Education,-9999999
2013-2014,5,CHAMBERS COUNTY/05,Pre-kindergarten,64
2013-2014,5,CHAMBERS COUNTY/05,Kindergarten,120
2013-2014,5,CHAMBERS COUNTY/05,Grade  1,101
2013-2014,5,CHAMBERS COUNTY/05,Grade  2,103
2013-2014,5,CHAMBERS COUNTY/05,Grade  3,119
2013-2014,5,CHAMBERS COUNTY/05,Grade  4,92
2013-2014,5,CHAMBERS COUNTY/05,Grade  5,87
2013-2014,5,CHAMBERS COUNTY/05,Grade  6,114
2013-2014,5,CHAMBERS COUNTY/05,Grade  7,114
2013-2014,5,CHAMBERS COUNTY/05,Grade  8,108
2013-2014,5,CHAMBERS COUNTY/05,Grade  9,94
2013-2014,5,CHAMBERS COUNTY/05,Grade 10,109
2013-2014,5,CHAMBERS COUNTY/05,Grade 11,81
2013-2014,5,CHAMBERS COUNTY/05,Grade 12,101
2013-2014,AL,CHAMBERS COUNTY/ALL,Early Education,30
2013-2014,AL,CHAMBERS COUNTY/ALL,Pre-kindergarten,171
2013-2014,AL,CHAMBERS COUNTY/ALL,Kindergarten,547
2013-2014,AL,CHAMBERS COUNTY/ALL,Grade  1,541
2013-2014,AL,CHAMBERS COUNTY/ALL,Grade  2,567
2013-2014,AL,CHAMBERS COUNTY/ALL,Grade  3,555
2013-2014,AL,CHAMBERS COUNTY/ALL,Grade  4,564
2013-2014,AL,CHAMBERS COUNTY/ALL,Grade  5,520
2013-2014,AL,CHAMBERS COUNTY/ALL,Grade  6,545
2013-2014,AL,CHAMBERS COUNTY/ALL,Grade  7,563
2013-2014,AL,CHAMBERS COUNTY/ALL,Grade  8,642
2013-2014,AL,CHAMBERS COUNTY/ALL,Grade  9,590
2013-2014,AL,CHAMBERS COUNTY/ALL,Grade 10,525
2013-2014,AL,CHAMBERS COUNTY/ALL,Grade 11,482
2013-2014,AL,CHAMBERS COUNTY/ALL,Grade 12,487
2013-2014,7,CHEROKEE COUNTY,Early Education,22
2013-2014,7,CHEROKEE COUNTY,Pre-kindergarten,539
2013-2014,7,CHEROKEE COUNTY,Kindergarten,664
2013-2014,7,CHEROKEE COUNTY,Grade  1,705
2013-2014,7,CHEROKEE COUNTY,Grade  2,686
2013-2014,7,CHEROKEE COUNTY,Grade  3,676
2013-2014,7,CHEROKEE COUNTY,Grade  4,601
2013-2014,7,CHEROKEE COUNTY,Grade  5,611
2013-2014,7,CHEROKEE COUNTY,Grade  6,644
2013-2014,7,CHEROKEE COUNTY,Grade  7,638
2013-2014,7,CHEROKEE COUNTY,Grade  8,609
2013-2014,7,CHEROKEE COUNTY,Grade  9,680
2013-2014,7,CHEROKEE COUNTY,Grade 10,596
2013-2014,7,CHEROKEE COUNTY,Grade 11,516
2013-2014,7,CHEROKEE COUNTY,Grade 12,462
2013-2014,16,CHILDRESS COUNTY,Early Education,-9999999
2013-2014,16,CHILDRESS COUNTY,Pre-kindergarten,36
2013-2014,16,CHILDRESS COUNTY,Kindergarten,82
2013-2014,16,CHILDRESS COUNTY,Grade  1,103
2013-2014,16,CHILDRESS COUNTY,Grade  2,81
2013-2014,16,CHILDRESS COUNTY,Grade  3,79
2013-2014,16,CHILDRESS COUNTY,Grade  4,85
2013-2014,16,CHILDRESS COUNTY,Grade  5,87
2013-2014,16,CHILDRESS COUNTY,Grade  6,101
2013-2014,16,CHILDRESS COUNTY,Grade  7,82
2013-2014,16,CHILDRESS COUNTY,Grade  8,61
2013-2014,16,CHILDRESS COUNTY,Grade  9,101
2013-2014,16,CHILDRESS COUNTY,Grade 10,71
2013-2014,16,CHILDRESS COUNTY,Grade 11,88
2013-2014,16,CHILDRESS COUNTY,Grade 12,71
2013-2014,9,CLAY COUNTY,Early Education,-9999999
2013-2014,9,CLAY COUNTY,Pre-kindergarten,89
2013-2014,9,CLAY COUNTY,Kindergarten,129
2013-2014,9,CLAY COUNTY,Grade  1,109
2013-2014,9,CLAY COUNTY,Grade  2,123
2013-2014,9,CLAY COUNTY,Grade  3,119
2013-2014,9,CLAY COUNTY,Grade  4,134
2013-2014,9,CLAY COUNTY,Grade  5,107
2013-2014,9,CLAY COUNTY,Grade  6,132
2013-2014,9,CLAY COUNTY,Grade  7,128
2013-2014,9,CLAY COUNTY,Grade  8,138
2013-2014,9,CLAY COUNTY,Grade  9,126
2013-2014,9,CLAY COUNTY,Grade 10,116
2013-2014,9,CLAY COUNTY,Grade 11,139
2013-2014,9,CLAY COUNTY,Grade 12,117
2013-2014,17,COCHRAN COUNTY,Pre-kindergarten,58
2013-2014,17,COCHRAN COUNTY,Kindergarten,83
2013-2014,17,COCHRAN COUNTY,Grade  1,69
2013-2014,17,COCHRAN COUNTY,Grade  2,54
2013-2014,17,COCHRAN COUNTY,Grade  3,48
2013-2014,17,COCHRAN COUNTY,Grade  4,66
2013-2014,17,COCHRAN COUNTY,Grade  5,58
2013-2014,17,COCHRAN COUNTY,Grade  6,64
2013-2014,17,COCHRAN COUNTY,Grade  7,49
2013-2014,17,COCHRAN COUNTY,Grade  8,43
2013-2014,17,COCHRAN COUNTY,Grade  9,65
2013-2014,17,COCHRAN COUNTY,Grade 10,58
2013-2014,17,COCHRAN COUNTY,Grade 11,52
2013-2014,17,COCHRAN COUNTY,Grade 12,52
2013-2014,15,COKE COUNTY,Early Education,-9999999
2013-2014,15,COKE COUNTY,Pre-kindergarten,24
2013-2014,15,COKE COUNTY,Kindergarten,46
2013-2014,15,COKE COUNTY,Grade  1,30
2013-2014,15,COKE COUNTY,Grade  2,34
2013-2014,15,COKE COUNTY,Grade  3,31
2013-2014,15,COKE COUNTY,Grade  4,32
2013-2014,15,COKE COUNTY,Grade  5,34
2013-2014,15,COKE COUNTY,Grade  6,35
2013-2014,15,COKE COUNTY,Grade  7,44
2013-2014,15,COKE COUNTY,Grade  8,44
2013-2014,15,COKE COUNTY,Grade  9,52
2013-2014,15,COKE COUNTY,Grade 10,35
2013-2014,15,COKE COUNTY,Grade 11,35
2013-2014,15,COKE COUNTY,Grade 12,36
2013-2014,15,COLEMAN COUNTY,Early Education,-9999999
2013-2014,15,COLEMAN COUNTY,Pre-kindergarten,47
2013-2014,15,COLEMAN COUNTY,Kindergarten,95
2013-2014,15,COLEMAN COUNTY,Grade  1,111
2013-2014,15,COLEMAN COUNTY,Grade  2,85
2013-2014,15,COLEMAN COUNTY,Grade  3,95
2013-2014,15,COLEMAN COUNTY,Grade  4,97
2013-2014,15,COLEMAN COUNTY,Grade  5,101
2013-2014,15,COLEMAN COUNTY,Grade  6,77
2013-2014,15,COLEMAN COUNTY,Grade  7,97
2013-2014,15,COLEMAN COUNTY,Grade  8,106
2013-2014,15,COLEMAN COUNTY,Grade  9,101
2013-2014,15,COLEMAN COUNTY,Grade 10,80
2013-2014,15,COLEMAN COUNTY,Grade 11,93
2013-2014,15,COLEMAN COUNTY,Grade 12,85
2013-2014,10,COLLIN COUNTY,Early Education,1433
2013-2014,10,COLLIN COUNTY,Pre-kindergarten,2798
2013-2014,10,COLLIN COUNTY,Kindergarten,13584
2013-2014,10,COLLIN COUNTY,Grade  1,14148
2013-2014,10,COLLIN COUNTY,Grade  2,14246
2013-2014,10,COLLIN COUNTY,Grade  3,14486
2013-2014,10,COLLIN COUNTY,Grade  4,14792
2013-2014,10,COLLIN COUNTY,Grade  5,14525
2013-2014,10,COLLIN COUNTY,Grade  6,14212
2013-2014,10,COLLIN COUNTY,Grade  7,14510
2013-2014,10,COLLIN COUNTY,Grade  8,14266
2013-2014,10,COLLIN COUNTY,Grade  9,14475
2013-2014,10,COLLIN COUNTY,Grade 10,13298
2013-2014,10,COLLIN COUNTY,Grade 11,12237
2013-2014,10,COLLIN COUNTY,Grade 12,11766
2013-2014,16,COLLINGSWORTH COUNTY,Early Education,6
2013-2014,16,COLLINGSWORTH COUNTY,Pre-kindergarten,44
2013-2014,16,COLLINGSWORTH COUNTY,Kindergarten,50
2013-2014,16,COLLINGSWORTH COUNTY,Grade  1,60
2013-2014,16,COLLINGSWORTH COUNTY,Grade  2,54
2013-2014,16,COLLINGSWORTH COUNTY,Grade  3,41
2013-2014,16,COLLINGSWORTH COUNTY,Grade  4,34
2013-2014,16,COLLINGSWORTH COUNTY,Grade  5,44
2013-2014,16,COLLINGSWORTH COUNTY,Grade  6,41
2013-2014,16,COLLINGSWORTH COUNTY,Grade  7,45
2013-2014,16,COLLINGSWORTH COUNTY,Grade  8,34
2013-2014,16,COLLINGSWORTH COUNTY,Grade  9,39
2013-2014,16,COLLINGSWORTH COUNTY,Grade 10,44
2013-2014,16,COLLINGSWORTH COUNTY,Grade 11,36
2013-2014,16,COLLINGSWORTH COUNTY,Grade 12,41
2013-2014,3,COLORADO COUNTY,Early Education,11
2013-2014,3,COLORADO COUNTY,Pre-kindergarten,189
2013-2014,3,COLORADO COUNTY,Kindergarten,278
2013-2014,3,COLORADO COUNTY,Grade  1,285
2013-2014,3,COLORADO COUNTY,Grade  2,255
2013-2014,3,COLORADO COUNTY,Grade  3,228
2013-2014,3,COLORADO COUNTY,Grade  4,232
2013-2014,3,COLORADO COUNTY,Grade  5,251
2013-2014,3,COLORADO COUNTY,Grade  6,231
2013-2014,3,COLORADO COUNTY,Grade  7,261
2013-2014,3,COLORADO COUNTY,Grade  8,288
2013-2014,3,COLORADO COUNTY,Grade  9,284
2013-2014,3,COLORADO COUNTY,Grade 10,247
2013-2014,3,COLORADO COUNTY,Grade 11,264
2013-2014,3,COLORADO COUNTY,Grade 12,235
2013-2014,13,COMAL COUNTY,Early Education,149
2013-2014,13,COMAL COUNTY,Pre-kindergarten,411
2013-2014,13,COMAL COUNTY,Kindergarten,2163
2013-2014,13,COMAL COUNTY,Grade  1,2068
2013-2014,13,COMAL COUNTY,Grade  2,2071
2013-2014,13,COMAL COUNTY,Grade  3,2096
2013-2014,13,COMAL COUNTY,Grade  4,2170
2013-2014,13,COMAL COUNTY,Grade  5,2186
2013-2014,13,COMAL COUNTY,Grade  6,2169
2013-2014,13,COMAL COUNTY,Grade  7,2166
2013-2014,13,COMAL COUNTY,Grade  8,2247
2013-2014,13,COMAL COUNTY,Grade  9,2312
2013-2014,13,COMAL COUNTY,Grade 10,2119
2013-2014,13,COMAL COUNTY,Grade 11,2073
2013-2014,13,COMAL COUNTY,Grade 12,1714
2013-2014,14,COMANCHE COUNTY,Early Education,7
2013-2014,14,COMANCHE COUNTY,Pre-kindergarten,112
2013-2014,14,COMANCHE COUNTY,Kindergarten,179
2013-2014,14,COMANCHE COUNTY,Grade  1,198
2013-2014,14,COMANCHE COUNTY,Grade  2,187
2013-2014,14,COMANCHE COUNTY,Grade  3,171
2013-2014,14,COMANCHE COUNTY,Grade  4,165
2013-2014,14,COMANCHE COUNTY,Grade  5,158
2013-2014,14,COMANCHE COUNTY,Grade  6,172
2013-2014,14,COMANCHE COUNTY,Grade  7,163
2013-2014,14,COMANCHE COUNTY,Grade  8,159
2013-2014,14,COMANCHE COUNTY,Grade  9,176
2013-2014,14,COMANCHE COUNTY,Grade 10,163
2013-2014,14,COMANCHE COUNTY,Grade 11,136
2013-2014,14,COMANCHE COUNTY,Grade 12,128
2013-2014,15,CONCHO COUNTY,Early Education,-9999999
2013-2014,15,CONCHO COUNTY,Pre-kindergarten,12
2013-2014,15,CONCHO COUNTY,Kindergarten,37
2013-2014,15,CONCHO COUNTY,Grade  1,36
2013-2014,15,CONCHO COUNTY,Grade  2,40
2013-2014,15,CONCHO COUNTY,Grade  3,31
2013-2014,15,CONCHO COUNTY,Grade  4,36
2013-2014,15,CONCHO COUNTY,Grade  5,27
2013-2014,15,CONCHO COUNTY,Grade  6,42
2013-2014,15,CONCHO COUNTY,Grade  7,30
2013-2014,15,CONCHO COUNTY,Grade  8,35
2013-2014,15,CONCHO COUNTY,Grade  9,38
2013-2014,15,CONCHO COUNTY,Grade 10,36
2013-2014,15,CONCHO COUNTY,Grade 11,39
2013-2014,15,CONCHO COUNTY,Grade 12,23
2013-2014,11,COOKE COUNTY,Early Education,23
2013-2014,11,COOKE COUNTY,Pre-kindergarten,220
2013-2014,11,COOKE COUNTY,Kindergarten,524
2013-2014,11,COOKE COUNTY,Grade  1,519
2013-2014,11,COOKE COUNTY,Grade  2,492
2013-2014,11,COOKE COUNTY,Grade  3,482
2013-2014,11,COOKE COUNTY,Grade  4,500
2013-2014,11,COOKE COUNTY,Grade  5,484
2013-2014,11,COOKE COUNTY,Grade  6,470
2013-2014,11,COOKE COUNTY,Grade  7,500
2013-2014,11,COOKE COUNTY,Grade  8,429
2013-2014,11,COOKE COUNTY,Grade  9,444
2013-2014,11,COOKE COUNTY,Grade 10,444
2013-2014,11,COOKE COUNTY,Grade 11,410
2013-2014,11,COOKE COUNTY,Grade 12,373
2013-2014,12,CORYELL COUNTY,Early Education,17
2013-2014,12,CORYELL COUNTY,Pre-kindergarten,983
2013-2014,12,CORYELL COUNTY,Kindergarten,834
2013-2014,12,CORYELL COUNTY,Grade  1,884
2013-2014,12,CORYELL COUNTY,Grade  2,827
2013-2014,12,CORYELL COUNTY,Grade  3,809
2013-2014,12,CORYELL COUNTY,Grade  4,806
2013-2014,12,CORYELL COUNTY,Grade  5,818
2013-2014,12,CORYELL COUNTY,Grade  6,850
2013-2014,12,CORYELL COUNTY,Grade  7,843
2013-2014,12,CORYELL COUNTY,Grade  8,813
2013-2014,12,CORYELL COUNTY,Grade  9,855
2013-2014,12,CORYELL COUNTY,Grade 10,862
2013-2014,12,CORYELL COUNTY,Grade 11,772
2013-2014,12,CORYELL COUNTY,Grade 12,715
2013-2014,17,COTTLE COUNTY,Pre-kindergarten,14
2013-2014,17,COTTLE COUNTY,Kindergarten,14
2013-2014,17,COTTLE COUNTY,Grade  1,11
2013-2014,17,COTTLE COUNTY,Grade  2,14
2013-2014,17,COTTLE COUNTY,Grade  3,19
2013-2014,17,COTTLE COUNTY,Grade  4,16
2013-2014,17,COTTLE COUNTY,Grade  5,24
2013-2014,17,COTTLE COUNTY,Grade  6,16
2013-2014,17,COTTLE COUNTY,Grade  7,17
2013-2014,17,COTTLE COUNTY,Grade  8,17
2013-2014,17,COTTLE COUNTY,Grade  9,12
2013-2014,17,COTTLE COUNTY,Grade 10,12
2013-2014,17,COTTLE COUNTY,Grade 11,9
2013-2014,17,COTTLE COUNTY,Grade 12,15
2013-2014,18,CRANE COUNTY,Early Education,-9999999
2013-2014,18,CRANE COUNTY,Pre-kindergarten,78
2013-2014,18,CRANE COUNTY,Kindergarten,100
2013-2014,18,CRANE COUNTY,Grade  1,78
2013-2014,18,CRANE COUNTY,Grade  2,83
2013-2014,18,CRANE COUNTY,Grade  3,91
2013-2014,18,CRANE COUNTY,Grade  4,74
2013-2014,18,CRANE COUNTY,Grade  5,88
2013-2014,18,CRANE COUNTY,Grade  6,73
2013-2014,18,CRANE COUNTY,Grade  7,96
2013-2014,18,CRANE COUNTY,Grade  8,95
2013-2014,18,CRANE COUNTY,Grade  9,97
2013-2014,18,CRANE COUNTY,Grade 10,78
2013-2014,18,CRANE COUNTY,Grade 11,59
2013-2014,18,CRANE COUNTY,Grade 12,56
2013-2014,15,CROCKETT COUNTY,Early Education,-9999999
2013-2014,15,CROCKETT COUNTY,Pre-kindergarten,44
2013-2014,15,CROCKETT COUNTY,Kindergarten,63
2013-2014,15,CROCKETT COUNTY,Grade  1,69
2013-2014,15,CROCKETT COUNTY,Grade  2,62
2013-2014,15,CROCKETT COUNTY,Grade  3,73
2013-2014,15,CROCKETT COUNTY,Grade  4,61
2013-2014,15,CROCKETT COUNTY,Grade  5,63
2013-2014,15,CROCKETT COUNTY,Grade  6,60
2013-2014,15,CROCKETT COUNTY,Grade  7,52
2013-2014,15,CROCKETT COUNTY,Grade  8,47
2013-2014,15,CROCKETT COUNTY,Grade  9,63
2013-2014,15,CROCKETT COUNTY,Grade 10,53
2013-2014,15,CROCKETT COUNTY,Grade 11,50
2013-2014,15,CROCKETT COUNTY,Grade 12,49
2013-2014,17,CROSBY COUNTY,Early Education,7
2013-2014,17,CROSBY COUNTY,Pre-kindergarten,95
2013-2014,17,CROSBY COUNTY,Kindergarten,94
2013-2014,17,CROSBY COUNTY,Grade  1,98
2013-2014,17,CROSBY COUNTY,Grade  2,83
2013-2014,17,CROSBY COUNTY,Grade  3,97
2013-2014,17,CROSBY COUNTY,Grade  4,82
2013-2014,17,CROSBY COUNTY,Grade  5,84
2013-2014,17,CROSBY COUNTY,Grade  6,71
2013-2014,17,CROSBY COUNTY,Grade  7,91
2013-2014,17,CROSBY COUNTY,Grade  8,88
2013-2014,17,CROSBY COUNTY,Grade  9,82
2013-2014,17,CROSBY COUNTY,Grade 10,92
2013-2014,17,CROSBY COUNTY,Grade 11,67
2013-2014,17,CROSBY COUNTY,Grade 12,64
2013-2014,18,CULBERSON COUNTY,Early Education,-9999999
2013-2014,18,CULBERSON COUNTY,Pre-kindergarten,38
2013-2014,18,CULBERSON COUNTY,Kindergarten,33
2013-2014,18,CULBERSON COUNTY,Grade  1,31
2013-2014,18,CULBERSON COUNTY,Grade  2,38
2013-2014,18,CULBERSON COUNTY,Grade  3,29
2013-2014,18,CULBERSON COUNTY,Grade  4,26
2013-2014,18,CULBERSON COUNTY,Grade  5,36
2013-2014,18,CULBERSON COUNTY,Grade  6,33
2013-2014,18,CULBERSON COUNTY,Grade  7,34
2013-2014,18,CULBERSON COUNTY,Grade  8,35
2013-2014,18,CULBERSON COUNTY,Grade  9,24
2013-2014,18,CULBERSON COUNTY,Grade 10,41
2013-2014,18,CULBERSON COUNTY,Grade 11,29
2013-2014,18,CULBERSON COUNTY,Grade 12,32
2013-2014,16,DALLAM COUNTY,Early Education,-9999999
2013-2014,16,DALLAM COUNTY,Pre-kindergarten,106
2013-2014,16,DALLAM COUNTY,Kindergarten,133
2013-2014,16,DALLAM COUNTY,Grade  1,156
2013-2014,16,DALLAM COUNTY,Grade  2,135
2013-2014,16,DALLAM COUNTY,Grade  3,135
2013-2014,16,DALLAM COUNTY,Grade  4,118
2013-2014,16,DALLAM COUNTY,Grade  5,133
2013-2014,16,DALLAM COUNTY,Grade  6,149
2013-2014,16,DALLAM COUNTY,Grade  7,143
2013-2014,16,DALLAM COUNTY,Grade  8,173
2013-2014,16,DALLAM COUNTY,Grade  9,151
2013-2014,16,DALLAM COUNTY,Grade 10,137
2013-2014,16,DALLAM COUNTY,Grade 11,139
2013-2014,16,DALLAM COUNTY,Grade 12,130
2013-2014,10,DALLAS COUNTY,Early Education,1426
2013-2014,10,DALLAS COUNTY,Pre-kindergarten,22883
2013-2014,10,DALLAS COUNTY,Kindergarten,38766
2013-2014,10,DALLAS COUNTY,Grade  1,39922
2013-2014,10,DALLAS COUNTY,Grade  2,38680
2013-2014,10,DALLAS COUNTY,Grade  3,37518
2013-2014,10,DALLAS COUNTY,Grade  4,36259
2013-2014,10,DALLAS COUNTY,Grade  5,36100
2013-2014,10,DALLAS COUNTY,Grade  6,34777
2013-2014,10,DALLAS COUNTY,Grade  7,35491
2013-2014,10,DALLAS COUNTY,Grade  8,34321
2013-2014,10,DALLAS COUNTY,Grade  9,37447
2013-2014,10,DALLAS COUNTY,Grade 10,33356
2013-2014,10,DALLAS COUNTY,Grade 11,31132
2013-2014,10,DALLAS COUNTY,Grade 12,28328
2013-2014,17,DAWSON COUNTY,Early Education,8
2013-2014,17,DAWSON COUNTY,Pre-kindergarten,176
2013-2014,17,DAWSON COUNTY,Kindergarten,201
2013-2014,17,DAWSON COUNTY,Grade  1,276
2013-2014,17,DAWSON COUNTY,Grade  2,245
2013-2014,17,DAWSON COUNTY,Grade  3,198
2013-2014,17,DAWSON COUNTY,Grade  4,177
2013-2014,17,DAWSON COUNTY,Grade  5,183
2013-2014,17,DAWSON COUNTY,Grade  6,181
2013-2014,17,DAWSON COUNTY,Grade  7,194
2013-2014,17,DAWSON COUNTY,Grade  8,210
2013-2014,17,DAWSON COUNTY,Grade  9,187
2013-2014,17,DAWSON COUNTY,Grade 10,167
2013-2014,17,DAWSON COUNTY,Grade 11,132
2013-2014,17,DAWSON COUNTY,Grade 12,155
2013-2014,16,DEAF SMITH COUNTY,Early Education,7
2013-2014,16,DEAF SMITH COUNTY,Pre-kindergarten,318
2013-2014,16,DEAF SMITH COUNTY,Kindergarten,359
2013-2014,16,DEAF SMITH COUNTY,Grade  1,351
2013-2014,16,DEAF SMITH COUNTY,Grade  2,336
2013-2014,16,DEAF SMITH COUNTY,Grade  3,305
2013-2014,16,DEAF SMITH COUNTY,Grade  4,309
2013-2014,16,DEAF SMITH COUNTY,Grade  5,313
2013-2014,16,DEAF SMITH COUNTY,Grade  6,316
2013-2014,16,DEAF SMITH COUNTY,Grade  7,323
2013-2014,16,DEAF SMITH COUNTY,Grade  8,308
2013-2014,16,DEAF SMITH COUNTY,Grade  9,341
2013-2014,16,DEAF SMITH COUNTY,Grade 10,307
2013-2014,16,DEAF SMITH COUNTY,Grade 11,243
2013-2014,16,DEAF SMITH COUNTY,Grade 12,249
2013-2014,8,DELTA COUNTY,Early Education,-9999999
2013-2014,8,DELTA COUNTY,Pre-kindergarten,77
2013-2014,8,DELTA COUNTY,Kindergarten,69
2013-2014,8,DELTA COUNTY,Grade  1,59
2013-2014,8,DELTA COUNTY,Grade  2,71
2013-2014,8,DELTA COUNTY,Grade  3,79
2013-2014,8,DELTA COUNTY,Grade  4,65
2013-2014,8,DELTA COUNTY,Grade  5,81
2013-2014,8,DELTA COUNTY,Grade  6,58
2013-2014,8,DELTA COUNTY,Grade  7,70
2013-2014,8,DELTA COUNTY,Grade  8,81
2013-2014,8,DELTA COUNTY,Grade  9,67
2013-2014,8,DELTA COUNTY,Grade 10,62
2013-2014,8,DELTA COUNTY,Grade 11,81
2013-2014,8,DELTA COUNTY,Grade 12,71
2013-2014,10,DENTON COUNTY/10,Kindergarten,75
2013-2014,10,DENTON COUNTY/10,Grade  1,75
2013-2014,10,DENTON COUNTY/10,Grade  2,75
2013-2014,10,DENTON COUNTY/10,Grade  3,50
2013-2014,10,DENTON COUNTY/10,Grade  4,50
2013-2014,10,DENTON COUNTY/10,Grade  5,50
2013-2014,10,DENTON COUNTY/10,Grade  6,50
2013-2014,11,DENTON COUNTY/11,Early Education,493
2013-2014,11,DENTON COUNTY/11,Pre-kindergarten,3187
2013-2014,11,DENTON COUNTY/11,Kindergarten,8689
2013-2014,11,DENTON COUNTY/11,Grade  1,9107
2013-2014,11,DENTON COUNTY/11,Grade  2,9220
2013-2014,11,DENTON COUNTY/11,Grade  3,9167
2013-2014,11,DENTON COUNTY/11,Grade  4,9258
2013-2014,11,DENTON COUNTY/11,Grade  5,9294
2013-2014,11,DENTON COUNTY/11,Grade  6,9280
2013-2014,11,DENTON COUNTY/11,Grade  7,9290
2013-2014,11,DENTON COUNTY/11,Grade  8,9340
2013-2014,11,DENTON COUNTY/11,Grade  9,9580
2013-2014,11,DENTON COUNTY/11,Grade 10,8841
2013-2014,11,DENTON COUNTY/11,Grade 11,8283
2013-2014,11,DENTON COUNTY/11,Grade 12,7689
2013-2014,AL,DENTON COUNTY/ALL,Early Education,493
2013-2014,AL,DENTON COUNTY/ALL,Pre-kindergarten,3187
2013-2014,AL,DENTON COUNTY/ALL,Kindergarten,8764
2013-2014,AL,DENTON COUNTY/ALL,Grade  1,9182
2013-2014,AL,DENTON COUNTY/ALL,Grade  2,9295
2013-2014,AL,DENTON COUNTY/ALL,Grade  3,9217
2013-2014,AL,DENTON COUNTY/ALL,Grade  4,9308
2013-2014,AL,DENTON COUNTY/ALL,Grade  5,9344
2013-2014,AL,DENTON COUNTY/ALL,Grade  6,9330
2013-2014,AL,DENTON COUNTY/ALL,Grade  7,9290
2013-2014,AL,DENTON COUNTY/ALL,Grade  8,9340
2013-2014,AL,DENTON COUNTY/ALL,Grade  9,9580
2013-2014,AL,DENTON COUNTY/ALL,Grade 10,8841
2013-2014,AL,DENTON COUNTY/ALL,Grade 11,8283
2013-2014,AL,DENTON COUNTY/ALL,Grade 12,7689
2013-2014,3,DEWITT COUNTY,Early Education,16
2013-2014,3,DEWITT COUNTY,Pre-kindergarten,266
2013-2014,3,DEWITT COUNTY,Kindergarten,341
2013-2014,3,DEWITT COUNTY,Grade  1,338
2013-2014,3,DEWITT COUNTY,Grade  2,340
2013-2014,3,DEWITT COUNTY,Grade  3,334
2013-2014,3,DEWITT COUNTY,Grade  4,304
2013-2014,3,DEWITT COUNTY,Grade  5,320
2013-2014,3,DEWITT COUNTY,Grade  6,343
2013-2014,3,DEWITT COUNTY,Grade  7,371
2013-2014,3,DEWITT COUNTY,Grade  8,368
2013-2014,3,DEWITT COUNTY,Grade  9,344
2013-2014,3,DEWITT COUNTY,Grade 10,326
2013-2014,3,DEWITT COUNTY,Grade 11,299
2013-2014,3,DEWITT COUNTY,Grade 12,283
2013-2014,17,DICKENS COUNTY,Pre-kindergarten,49
2013-2014,17,DICKENS COUNTY,Kindergarten,27
2013-2014,17,DICKENS COUNTY,Grade  1,23
2013-2014,17,DICKENS COUNTY,Grade  2,25
2013-2014,17,DICKENS COUNTY,Grade  3,27
2013-2014,17,DICKENS COUNTY,Grade  4,36
2013-2014,17,DICKENS COUNTY,Grade  5,23
2013-2014,17,DICKENS COUNTY,Grade  6,35
2013-2014,17,DICKENS COUNTY,Grade  7,35
2013-2014,17,DICKENS COUNTY,Grade  8,25
2013-2014,17,DICKENS COUNTY,Grade  9,29
2013-2014,17,DICKENS COUNTY,Grade 10,22
2013-2014,17,DICKENS COUNTY,Grade 11,20
2013-2014,17,DICKENS COUNTY,Grade 12,22
2013-2014,20,DIMMIT COUNTY,Early Education,-9999999
2013-2014,20,DIMMIT COUNTY,Pre-kindergarten,114
2013-2014,20,DIMMIT COUNTY,Kindergarten,210
2013-2014,20,DIMMIT COUNTY,Grade  1,203
2013-2014,20,DIMMIT COUNTY,Grade  2,203
2013-2014,20,DIMMIT COUNTY,Grade  3,192
2013-2014,20,DIMMIT COUNTY,Grade  4,188
2013-2014,20,DIMMIT COUNTY,Grade  5,177
2013-2014,20,DIMMIT COUNTY,Grade  6,166
2013-2014,20,DIMMIT COUNTY,Grade  7,190
2013-2014,20,DIMMIT COUNTY,Grade  8,172
2013-2014,20,DIMMIT COUNTY,Grade  9,201
2013-2014,20,DIMMIT COUNTY,Grade 10,181
2013-2014,20,DIMMIT COUNTY,Grade 11,141
2013-2014,20,DIMMIT COUNTY,Grade 12,117
2013-2014,16,DONLEY COUNTY,Early Education,-9999999
2013-2014,16,DONLEY COUNTY,Pre-kindergarten,37
2013-2014,16,DONLEY COUNTY,Kindergarten,43
2013-2014,16,DONLEY COUNTY,Grade  1,51
2013-2014,16,DONLEY COUNTY,Grade  2,44
2013-2014,16,DONLEY COUNTY,Grade  3,42
2013-2014,16,DONLEY COUNTY,Grade  4,36
2013-2014,16,DONLEY COUNTY,Grade  5,44
2013-2014,16,DONLEY COUNTY,Grade  6,25
2013-2014,16,DONLEY COUNTY,Grade  7,40
2013-2014,16,DONLEY COUNTY,Grade  8,45
2013-2014,16,DONLEY COUNTY,Grade  9,40
2013-2014,16,DONLEY COUNTY,Grade 10,45
2013-2014,16,DONLEY COUNTY,Grade 11,29
2013-2014,16,DONLEY COUNTY,Grade 12,46
2013-2014,2,DUVAL COUNTY,Early Education,5
2013-2014,2,DUVAL COUNTY,Pre-kindergarten,152
2013-2014,2,DUVAL COUNTY,Kindergarten,186
2013-2014,2,DUVAL COUNTY,Grade  1,211
2013-2014,2,DUVAL COUNTY,Grade  2,193
2013-2014,2,DUVAL COUNTY,Grade  3,184
2013-2014,2,DUVAL COUNTY,Grade  4,204
2013-2014,2,DUVAL COUNTY,Grade  5,192
2013-2014,2,DUVAL COUNTY,Grade  6,156
2013-2014,2,DUVAL COUNTY,Grade  7,180
2013-2014,2,DUVAL COUNTY,Grade  8,212
2013-2014,2,DUVAL COUNTY,Grade  9,191
2013-2014,2,DUVAL COUNTY,Grade 10,169
2013-2014,2,DUVAL COUNTY,Grade 11,162
2013-2014,2,DUVAL COUNTY,Grade 12,178
2013-2014,14,EASTLAND COUNTY,Early Education,17
2013-2014,14,EASTLAND COUNTY,Pre-kindergarten,111
2013-2014,14,EASTLAND COUNTY,Kindergarten,218
2013-2014,14,EASTLAND COUNTY,Grade  1,221
2013-2014,14,EASTLAND COUNTY,Grade  2,235
2013-2014,14,EASTLAND COUNTY,Grade  3,211
2013-2014,14,EASTLAND COUNTY,Grade  4,211
2013-2014,14,EASTLAND COUNTY,Grade  5,231
2013-2014,14,EASTLAND COUNTY,Grade  6,230
2013-2014,14,EASTLAND COUNTY,Grade  7,213
2013-2014,14,EASTLAND COUNTY,Grade  8,223
2013-2014,14,EASTLAND COUNTY,Grade  9,213
2013-2014,14,EASTLAND COUNTY,Grade 10,207
2013-2014,14,EASTLAND COUNTY,Grade 11,197
2013-2014,14,EASTLAND COUNTY,Grade 12,188
2013-2014,18,ECTOR COUNTY,Early Education,61
2013-2014,18,ECTOR COUNTY,Pre-kindergarten,1468
2013-2014,18,ECTOR COUNTY,Kindergarten,2675
2013-2014,18,ECTOR COUNTY,Grade  1,2735
2013-2014,18,ECTOR COUNTY,Grade  2,2627
2013-2014,18,ECTOR COUNTY,Grade  3,2516
2013-2014,18,ECTOR COUNTY,Grade  4,2452
2013-2014,18,ECTOR COUNTY,Grade  5,2443
2013-2014,18,ECTOR COUNTY,Grade  6,2349
2013-2014,18,ECTOR COUNTY,Grade  7,2452
2013-2014,18,ECTOR COUNTY,Grade  8,2126
2013-2014,18,ECTOR COUNTY,Grade  9,2536
2013-2014,18,ECTOR COUNTY,Grade 10,2291
2013-2014,18,ECTOR COUNTY,Grade 11,1892
2013-2014,18,ECTOR COUNTY,Grade 12,1413
2013-2014,15,EDWARDS COUNTY,Early Education,-9999999
2013-2014,15,EDWARDS COUNTY,Pre-kindergarten,39
2013-2014,15,EDWARDS COUNTY,Kindergarten,45
2013-2014,15,EDWARDS COUNTY,Grade  1,37
2013-2014,15,EDWARDS COUNTY,Grade  2,46
2013-2014,15,EDWARDS COUNTY,Grade  3,40
2013-2014,15,EDWARDS COUNTY,Grade  4,46
2013-2014,15,EDWARDS COUNTY,Grade  5,45
2013-2014,15,EDWARDS COUNTY,Grade  6,34
2013-2014,15,EDWARDS COUNTY,Grade  7,34
2013-2014,15,EDWARDS COUNTY,Grade  8,42
2013-2014,15,EDWARDS COUNTY,Grade  9,49
2013-2014,15,EDWARDS COUNTY,Grade 10,27
2013-2014,15,EDWARDS COUNTY,Grade 11,39
2013-2014,15,EDWARDS COUNTY,Grade 12,43
2013-2014,19,EL PASO COUNTY,Early Education,740
2013-2014,19,EL PASO COUNTY,Pre-kindergarten,7388
2013-2014,19,EL PASO COUNTY,Kindergarten,12706
2013-2014,19,EL PASO COUNTY,Grade  1,13689
2013-2014,19,EL PASO COUNTY,Grade  2,13080
2013-2014,19,EL PASO COUNTY,Grade  3,12968
2013-2014,19,EL PASO COUNTY,Grade  4,12996
2013-2014,19,EL PASO COUNTY,Grade  5,12885
2013-2014,19,EL PASO COUNTY,Grade  6,12569
2013-2014,19,EL PASO COUNTY,Grade  7,13424
2013-2014,19,EL PASO COUNTY,Grade  8,13267
2013-2014,19,EL PASO COUNTY,Grade  9,15471
2013-2014,19,EL PASO COUNTY,Grade 10,13577
2013-2014,19,EL PASO COUNTY,Grade 11,12452
2013-2014,19,EL PASO COUNTY,Grade 12,12420
2013-2014,10,ELLIS COUNTY,Early Education,135
2013-2014,10,ELLIS COUNTY,Pre-kindergarten,1107
2013-2014,10,ELLIS COUNTY,Kindergarten,2334
2013-2014,10,ELLIS COUNTY,Grade  1,2482
2013-2014,10,ELLIS COUNTY,Grade  2,2432
2013-2014,10,ELLIS COUNTY,Grade  3,2388
2013-2014,10,ELLIS COUNTY,Grade  4,2379
2013-2014,10,ELLIS COUNTY,Grade  5,2489
2013-2014,10,ELLIS COUNTY,Grade  6,2438
2013-2014,10,ELLIS COUNTY,Grade  7,2510
2013-2014,10,ELLIS COUNTY,Grade  8,2550
2013-2014,10,ELLIS COUNTY,Grade  9,2729
2013-2014,10,ELLIS COUNTY,Grade 10,2461
2013-2014,10,ELLIS COUNTY,Grade 11,2319
2013-2014,10,ELLIS COUNTY,Grade 12,2251
2013-2014,11,ERATH COUNTY,Early Education,21
2013-2014,11,ERATH COUNTY,Pre-kindergarten,223
2013-2014,11,ERATH COUNTY,Kindergarten,412
2013-2014,11,ERATH COUNTY,Grade  1,469
2013-2014,11,ERATH COUNTY,Grade  2,487
2013-2014,11,ERATH COUNTY,Grade  3,435
2013-2014,11,ERATH COUNTY,Grade  4,414
2013-2014,11,ERATH COUNTY,Grade  5,435
2013-2014,11,ERATH COUNTY,Grade  6,422
2013-2014,11,ERATH COUNTY,Grade  7,445
2013-2014,11,ERATH COUNTY,Grade  8,457
2013-2014,11,ERATH COUNTY,Grade  9,1405
2013-2014,11,ERATH COUNTY,Grade 10,1267
2013-2014,11,ERATH COUNTY,Grade 11,1246
2013-2014,11,ERATH COUNTY,Grade 12,1079
2013-2014,12,FALLS COUNTY,Early Education,5
2013-2014,12,FALLS COUNTY,Pre-kindergarten,146
2013-2014,12,FALLS COUNTY,Kindergarten,169
2013-2014,12,FALLS COUNTY,Grade  1,175
2013-2014,12,FALLS COUNTY,Grade  2,193
2013-2014,12,FALLS COUNTY,Grade  3,164
2013-2014,12,FALLS COUNTY,Grade  4,175
2013-2014,12,FALLS COUNTY,Grade  5,160
2013-2014,12,FALLS COUNTY,Grade  6,152
2013-2014,12,FALLS COUNTY,Grade  7,164
2013-2014,12,FALLS COUNTY,Grade  8,183
2013-2014,12,FALLS COUNTY,Grade  9,125
2013-2014,12,FALLS COUNTY,Grade 10,169
2013-2014,12,FALLS COUNTY,Grade 11,139
2013-2014,12,FALLS COUNTY,Grade 12,148
2013-2014,10,FANNIN COUNTY,Early Education,11
2013-2014,10,FANNIN COUNTY,Pre-kindergarten,325
2013-2014,10,FANNIN COUNTY,Kindergarten,393
2013-2014,10,FANNIN COUNTY,Grade  1,381
2013-2014,10,FANNIN COUNTY,Grade  2,393
2013-2014,10,FANNIN COUNTY,Grade  3,423
2013-2014,10,FANNIN COUNTY,Grade  4,370
2013-2014,10,FANNIN COUNTY,Grade  5,387
2013-2014,10,FANNIN COUNTY,Grade  6,368
2013-2014,10,FANNIN COUNTY,Grade  7,406
2013-2014,10,FANNIN COUNTY,Grade  8,400
2013-2014,10,FANNIN COUNTY,Grade  9,369
2013-2014,10,FANNIN COUNTY,Grade 10,376
2013-2014,10,FANNIN COUNTY,Grade 11,379
2013-2014,10,FANNIN COUNTY,Grade 12,374
2013-2014,13,FAYETTE COUNTY,Early Education,20
2013-2014,13,FAYETTE COUNTY,Pre-kindergarten,149
2013-2014,13,FAYETTE COUNTY,Kindergarten,265
2013-2014,13,FAYETTE COUNTY,Grade  1,267
2013-2014,13,FAYETTE COUNTY,Grade  2,268
2013-2014,13,FAYETTE COUNTY,Grade  3,269
2013-2014,13,FAYETTE COUNTY,Grade  4,251
2013-2014,13,FAYETTE COUNTY,Grade  5,257
2013-2014,13,FAYETTE COUNTY,Grade  6,271
2013-2014,13,FAYETTE COUNTY,Grade  7,292
2013-2014,13,FAYETTE COUNTY,Grade  8,273
2013-2014,13,FAYETTE COUNTY,Grade  9,285
2013-2014,13,FAYETTE COUNTY,Grade 10,313
2013-2014,13,FAYETTE COUNTY,Grade 11,270
2013-2014,13,FAYETTE COUNTY,Grade 12,280
2013-2014,14,FISHER COUNTY,Pre-kindergarten,52
2013-2014,14,FISHER COUNTY,Kindergarten,46
2013-2014,14,FISHER COUNTY,Grade  1,36
2013-2014,14,FISHER COUNTY,Grade  2,44
2013-2014,14,FISHER COUNTY,Grade  3,43
2013-2014,14,FISHER COUNTY,Grade  4,33
2013-2014,14,FISHER COUNTY,Grade  5,31
2013-2014,14,FISHER COUNTY,Grade  6,45
2013-2014,14,FISHER COUNTY,Grade  7,32
2013-2014,14,FISHER COUNTY,Grade  8,32
2013-2014,14,FISHER COUNTY,Grade  9,35
2013-2014,14,FISHER COUNTY,Grade 10,40
2013-2014,14,FISHER COUNTY,Grade 11,37
2013-2014,14,FISHER COUNTY,Grade 12,34
2013-2014,17,FLOYD COUNTY,Early Education,-9999999
2013-2014,17,FLOYD COUNTY,Pre-kindergarten,87
2013-2014,17,FLOYD COUNTY,Kindergarten,87
2013-2014,17,FLOYD COUNTY,Grade  1,102
2013-2014,17,FLOYD COUNTY,Grade  2,104
2013-2014,17,FLOYD COUNTY,Grade  3,97
2013-2014,17,FLOYD COUNTY,Grade  4,89
2013-2014,17,FLOYD COUNTY,Grade  5,95
2013-2014,17,FLOYD COUNTY,Grade  6,63
2013-2014,17,FLOYD COUNTY,Grade  7,85
2013-2014,17,FLOYD COUNTY,Grade  8,90
2013-2014,17,FLOYD COUNTY,Grade  9,94
2013-2014,17,FLOYD COUNTY,Grade 10,109
2013-2014,17,FLOYD COUNTY,Grade 11,77
2013-2014,17,FLOYD COUNTY,Grade 12,71
2013-2014,9,FOARD COUNTY,Early Education,-9999999
2013-2014,9,FOARD COUNTY,Pre-kindergarten,17
2013-2014,9,FOARD COUNTY,Kindergarten,18
2013-2014,9,FOARD COUNTY,Grade  1,10
2013-2014,9,FOARD COUNTY,Grade  2,21
2013-2014,9,FOARD COUNTY,Grade  3,13
2013-2014,9,FOARD COUNTY,Grade  4,20
2013-2014,9,FOARD COUNTY,Grade  5,17
2013-2014,9,FOARD COUNTY,Grade  6,14
2013-2014,9,FOARD COUNTY,Grade  7,17
2013-2014,9,FOARD COUNTY,Grade  8,14
2013-2014,9,FOARD COUNTY,Grade  9,15
2013-2014,9,FOARD COUNTY,Grade 10,14
2013-2014,9,FOARD COUNTY,Grade 11,17
2013-2014,9,FOARD COUNTY,Grade 12,15
2013-2014,4,FORT BEND COUNTY,Early Education,633
2013-2014,4,FORT BEND COUNTY,Pre-kindergarten,2354
2013-2014,4,FORT BEND COUNTY,Kindergarten,6995
2013-2014,4,FORT BEND COUNTY,Grade  1,7555
2013-2014,4,FORT BEND COUNTY,Grade  2,7511
2013-2014,4,FORT BEND COUNTY,Grade  3,7698
2013-2014,4,FORT BEND COUNTY,Grade  4,7731
2013-2014,4,FORT BEND COUNTY,Grade  5,7994
2013-2014,4,FORT BEND COUNTY,Grade  6,7805
2013-2014,4,FORT BEND COUNTY,Grade  7,8074
2013-2014,4,FORT BEND COUNTY,Grade  8,8144
2013-2014,4,FORT BEND COUNTY,Grade  9,8825
2013-2014,4,FORT BEND COUNTY,Grade 10,7988
2013-2014,4,FORT BEND COUNTY,Grade 11,7819
2013-2014,4,FORT BEND COUNTY,Grade 12,7196
2013-2014,8,FRANKLIN COUNTY,Early Education,-9999999
2013-2014,8,FRANKLIN COUNTY,Pre-kindergarten,58
2013-2014,8,FRANKLIN COUNTY,Kindergarten,148
2013-2014,8,FRANKLIN COUNTY,Grade  1,126
2013-2014,8,FRANKLIN COUNTY,Grade  2,122
2013-2014,8,FRANKLIN COUNTY,Grade  3,134
2013-2014,8,FRANKLIN COUNTY,Grade  4,144
2013-2014,8,FRANKLIN COUNTY,Grade  5,100
2013-2014,8,FRANKLIN COUNTY,Grade  6,136
2013-2014,8,FRANKLIN COUNTY,Grade  7,133
2013-2014,8,FRANKLIN COUNTY,Grade  8,114
2013-2014,8,FRANKLIN COUNTY,Grade  9,124
2013-2014,8,FRANKLIN COUNTY,Grade 10,96
2013-2014,8,FRANKLIN COUNTY,Grade 11,108
2013-2014,8,FRANKLIN COUNTY,Grade 12,101
2013-2014,12,FREESTONE COUNTY,Early Education,6
2013-2014,12,FREESTONE COUNTY,Pre-kindergarten,114
2013-2014,12,FREESTONE COUNTY,Kindergarten,292
2013-2014,12,FREESTONE COUNTY,Grade  1,320
2013-2014,12,FREESTONE COUNTY,Grade  2,285
2013-2014,12,FREESTONE COUNTY,Grade  3,267
2013-2014,12,FREESTONE COUNTY,Grade  4,267
2013-2014,12,FREESTONE COUNTY,Grade  5,282
2013-2014,12,FREESTONE COUNTY,Grade  6,272
2013-2014,12,FREESTONE COUNTY,Grade  7,296
2013-2014,12,FREESTONE COUNTY,Grade  8,309
2013-2014,12,FREESTONE COUNTY,Grade  9,272
2013-2014,12,FREESTONE COUNTY,Grade 10,249
2013-2014,12,FREESTONE COUNTY,Grade 11,217
2013-2014,12,FREESTONE COUNTY,Grade 12,224
2013-2014,20,FRIO COUNTY,Early Education,11
2013-2014,20,FRIO COUNTY,Pre-kindergarten,173
2013-2014,20,FRIO COUNTY,Kindergarten,285
2013-2014,20,FRIO COUNTY,Grade  1,247
2013-2014,20,FRIO COUNTY,Grade  2,267
2013-2014,20,FRIO COUNTY,Grade  3,252
2013-2014,20,FRIO COUNTY,Grade  4,230
2013-2014,20,FRIO COUNTY,Grade  5,226
2013-2014,20,FRIO COUNTY,Grade  6,261
2013-2014,20,FRIO COUNTY,Grade  7,265
2013-2014,20,FRIO COUNTY,Grade  8,264
2013-2014,20,FRIO COUNTY,Grade  9,268
2013-2014,20,FRIO COUNTY,Grade 10,223
2013-2014,20,FRIO COUNTY,Grade 11,189
2013-2014,20,FRIO COUNTY,Grade 12,174
2013-2014,17,GAINES COUNTY,Early Education,15
2013-2014,17,GAINES COUNTY,Pre-kindergarten,173
2013-2014,17,GAINES COUNTY,Kindergarten,282
2013-2014,17,GAINES COUNTY,Grade  1,263
2013-2014,17,GAINES COUNTY,Grade  2,283
2013-2014,17,GAINES COUNTY,Grade  3,257
2013-2014,17,GAINES COUNTY,Grade  4,266
2013-2014,17,GAINES COUNTY,Grade  5,273
2013-2014,17,GAINES COUNTY,Grade  6,252
2013-2014,17,GAINES COUNTY,Grade  7,247
2013-2014,17,GAINES COUNTY,Grade  8,258
2013-2014,17,GAINES COUNTY,Grade  9,240
2013-2014,17,GAINES COUNTY,Grade 10,231
2013-2014,17,GAINES COUNTY,Grade 11,204
2013-2014,17,GAINES COUNTY,Grade 12,198
2013-2014,4,GALVESTON COUNTY/04,Early Education,548
2013-2014,4,GALVESTON COUNTY/04,Pre-kindergarten,3311
2013-2014,4,GALVESTON COUNTY/04,Kindergarten,5685
2013-2014,4,GALVESTON COUNTY/04,Grade  1,5935
2013-2014,4,GALVESTON COUNTY/04,Grade  2,5819
2013-2014,4,GALVESTON COUNTY/04,Grade  3,5630
2013-2014,4,GALVESTON COUNTY/04,Grade  4,5789
2013-2014,4,GALVESTON COUNTY/04,Grade  5,5852
2013-2014,4,GALVESTON COUNTY/04,Grade  6,5868
2013-2014,4,GALVESTON COUNTY/04,Grade  7,5931
2013-2014,4,GALVESTON COUNTY/04,Grade  8,5956
2013-2014,4,GALVESTON COUNTY/04,Grade  9,6553
2013-2014,4,GALVESTON COUNTY/04,Grade 10,5982
2013-2014,4,GALVESTON COUNTY/04,Grade 11,5644
2013-2014,4,GALVESTON COUNTY/04,Grade 12,5107
2013-2014,5,GALVESTON COUNTY/05,Pre-kindergarten,-9999999
2013-2014,5,GALVESTON COUNTY/05,Kindergarten,10
2013-2014,5,GALVESTON COUNTY/05,Grade  1,6
2013-2014,5,GALVESTON COUNTY/05,Grade  2,15
2013-2014,5,GALVESTON COUNTY/05,Grade  3,-9999999
2013-2014,5,GALVESTON COUNTY/05,Grade  4,10
2013-2014,5,GALVESTON COUNTY/05,Grade  5,8
2013-2014,5,GALVESTON COUNTY/05,Grade  6,14
2013-2014,5,GALVESTON COUNTY/05,Grade  7,9
2013-2014,5,GALVESTON COUNTY/05,Grade  8,7
2013-2014,5,GALVESTON COUNTY/05,Grade  9,15
2013-2014,5,GALVESTON COUNTY/05,Grade 10,20
2013-2014,5,GALVESTON COUNTY/05,Grade 11,12
2013-2014,5,GALVESTON COUNTY/05,Grade 12,16
2013-2014,AL,GALVESTON COUNTY/ALL,Early Education,548
2013-2014,AL,GALVESTON COUNTY/ALL,Pre-kindergarten,3313
2013-2014,AL,GALVESTON COUNTY/ALL,Kindergarten,5695
2013-2014,AL,GALVESTON COUNTY/ALL,Grade  1,5941
2013-2014,AL,GALVESTON COUNTY/ALL,Grade  2,5834
2013-2014,AL,GALVESTON COUNTY/ALL,Grade  3,5634
2013-2014,AL,GALVESTON COUNTY/ALL,Grade  4,5799
2013-2014,AL,GALVESTON COUNTY/ALL,Grade  5,5860
2013-2014,AL,GALVESTON COUNTY/ALL,Grade  6,5882
2013-2014,AL,GALVESTON COUNTY/ALL,Grade  7,5940
2013-2014,AL,GALVESTON COUNTY/ALL,Grade  8,5963
2013-2014,AL,GALVESTON COUNTY/ALL,Grade  9,6568
2013-2014,AL,GALVESTON COUNTY/ALL,Grade 10,6002
2013-2014,AL,GALVESTON COUNTY/ALL,Grade 11,5656
2013-2014,AL,GALVESTON COUNTY/ALL,Grade 12,5123
2013-2014,17,GARZA COUNTY,Early Education,-9999999
2013-2014,17,GARZA COUNTY,Pre-kindergarten,85
2013-2014,17,GARZA COUNTY,Kindergarten,80
2013-2014,17,GARZA COUNTY,Grade  1,88
2013-2014,17,GARZA COUNTY,Grade  2,68
2013-2014,17,GARZA COUNTY,Grade  3,60
2013-2014,17,GARZA COUNTY,Grade  4,79
2013-2014,17,GARZA COUNTY,Grade  5,77
2013-2014,17,GARZA COUNTY,Grade  6,65
2013-2014,17,GARZA COUNTY,Grade  7,75
2013-2014,17,GARZA COUNTY,Grade  8,79
2013-2014,17,GARZA COUNTY,Grade  9,119
2013-2014,17,GARZA COUNTY,Grade 10,85
2013-2014,17,GARZA COUNTY,Grade 11,76
2013-2014,17,GARZA COUNTY,Grade 12,73
2013-2014,13,GILLESPIE COUNTY,Early Education,19
2013-2014,13,GILLESPIE COUNTY,Pre-kindergarten,64
2013-2014,13,GILLESPIE COUNTY,Kindergarten,251
2013-2014,13,GILLESPIE COUNTY,Grade  1,273
2013-2014,13,GILLESPIE COUNTY,Grade  2,232
2013-2014,13,GILLESPIE COUNTY,Grade  3,254
2013-2014,13,GILLESPIE COUNTY,Grade  4,261
2013-2014,13,GILLESPIE COUNTY,Grade  5,267
2013-2014,13,GILLESPIE COUNTY,Grade  6,242
2013-2014,13,GILLESPIE COUNTY,Grade  7,270
2013-2014,13,GILLESPIE COUNTY,Grade  8,250
2013-2014,13,GILLESPIE COUNTY,Grade  9,304
2013-2014,13,GILLESPIE COUNTY,Grade 10,299
2013-2014,13,GILLESPIE COUNTY,Grade 11,303
2013-2014,13,GILLESPIE COUNTY,Grade 12,272
2013-2014,18,GLASSCOCK COUNTY,Early Education,-9999999
2013-2014,18,GLASSCOCK COUNTY,Pre-kindergarten,15
2013-2014,18,GLASSCOCK COUNTY,Kindergarten,21
2013-2014,18,GLASSCOCK COUNTY,Grade  1,21
2013-2014,18,GLASSCOCK COUNTY,Grade  2,21
2013-2014,18,GLASSCOCK COUNTY,Grade  3,27
2013-2014,18,GLASSCOCK COUNTY,Grade  4,11
2013-2014,18,GLASSCOCK COUNTY,Grade  5,22
2013-2014,18,GLASSCOCK COUNTY,Grade  6,21
2013-2014,18,GLASSCOCK COUNTY,Grade  7,22
2013-2014,18,GLASSCOCK COUNTY,Grade  8,22
2013-2014,18,GLASSCOCK COUNTY,Grade  9,16
2013-2014,18,GLASSCOCK COUNTY,Grade 10,29
2013-2014,18,GLASSCOCK COUNTY,Grade 11,22
2013-2014,18,GLASSCOCK COUNTY,Grade 12,26
2013-2014,3,GOLIAD COUNTY,Early Education,25
2013-2014,3,GOLIAD COUNTY,Pre-kindergarten,33
2013-2014,3,GOLIAD COUNTY,Kindergarten,101
2013-2014,3,GOLIAD COUNTY,Grade  1,108
2013-2014,3,GOLIAD COUNTY,Grade  2,81
2013-2014,3,GOLIAD COUNTY,Grade  3,91
2013-2014,3,GOLIAD COUNTY,Grade  4,92
2013-2014,3,GOLIAD COUNTY,Grade  5,108
2013-2014,3,GOLIAD COUNTY,Grade  6,112
2013-2014,3,GOLIAD COUNTY,Grade  7,115
2013-2014,3,GOLIAD COUNTY,Grade  8,90
2013-2014,3,GOLIAD COUNTY,Grade  9,118
2013-2014,3,GOLIAD COUNTY,Grade 10,104
2013-2014,3,GOLIAD COUNTY,Grade 11,99
2013-2014,3,GOLIAD COUNTY,Grade 12,92
2013-2014,13,GONZALES COUNTY,Early Education,8
2013-2014,13,GONZALES COUNTY,Pre-kindergarten,251
2013-2014,13,GONZALES COUNTY,Kindergarten,322
2013-2014,13,GONZALES COUNTY,Grade  1,324
2013-2014,13,GONZALES COUNTY,Grade  2,357
2013-2014,13,GONZALES COUNTY,Grade  3,313
2013-2014,13,GONZALES COUNTY,Grade  4,317
2013-2014,13,GONZALES COUNTY,Grade  5,325
2013-2014,13,GONZALES COUNTY,Grade  6,293
2013-2014,13,GONZALES COUNTY,Grade  7,297
2013-2014,13,GONZALES COUNTY,Grade  8,284
2013-2014,13,GONZALES COUNTY,Grade  9,333
2013-2014,13,GONZALES COUNTY,Grade 10,250
2013-2014,13,GONZALES COUNTY,Grade 11,226
2013-2014,13,GONZALES COUNTY,Grade 12,234
2013-2014,16,GRAY COUNTY,Early Education,13
2013-2014,16,GRAY COUNTY,Pre-kindergarten,248
2013-2014,16,GRAY COUNTY,Kindergarten,362
2013-2014,16,GRAY COUNTY,Grade  1,343
2013-2014,16,GRAY COUNTY,Grade  2,329
2013-2014,16,GRAY COUNTY,Grade  3,327
2013-2014,16,GRAY COUNTY,Grade  4,301
2013-2014,16,GRAY COUNTY,Grade  5,326
2013-2014,16,GRAY COUNTY,Grade  6,294
2013-2014,16,GRAY COUNTY,Grade  7,278
2013-2014,16,GRAY COUNTY,Grade  8,304
2013-2014,16,GRAY COUNTY,Grade  9,269
2013-2014,16,GRAY COUNTY,Grade 10,273
2013-2014,16,GRAY COUNTY,Grade 11,268
2013-2014,16,GRAY COUNTY,Grade 12,243
2013-2014,10,GRAYSON COUNTY,Early Education,72
2013-2014,10,GRAYSON COUNTY,Pre-kindergarten,879
2013-2014,10,GRAYSON COUNTY,Kindergarten,1670
2013-2014,10,GRAYSON COUNTY,Grade  1,1673
2013-2014,10,GRAYSON COUNTY,Grade  2,1645
2013-2014,10,GRAYSON COUNTY,Grade  3,1644
2013-2014,10,GRAYSON COUNTY,Grade  4,1573
2013-2014,10,GRAYSON COUNTY,Grade  5,1539
2013-2014,10,GRAYSON COUNTY,Grade  6,1604
2013-2014,10,GRAYSON COUNTY,Grade  7,1667
2013-2014,10,GRAYSON COUNTY,Grade  8,1644
2013-2014,10,GRAYSON COUNTY,Grade  9,1657
2013-2014,10,GRAYSON COUNTY,Grade 10,1595
2013-2014,10,GRAYSON COUNTY,Grade 11,1414
2013-2014,10,GRAYSON COUNTY,Grade 12,1342
2013-2014,7,GREGG COUNTY,Early Education,64
2013-2014,7,GREGG COUNTY,Pre-kindergarten,1162
2013-2014,7,GREGG COUNTY,Kindergarten,1858
2013-2014,7,GREGG COUNTY,Grade  1,1998
2013-2014,7,GREGG COUNTY,Grade  2,1926
2013-2014,7,GREGG COUNTY,Grade  3,1837
2013-2014,7,GREGG COUNTY,Grade  4,1767
2013-2014,7,GREGG COUNTY,Grade  5,1783
2013-2014,7,GREGG COUNTY,Grade  6,1756
2013-2014,7,GREGG COUNTY,Grade  7,1704
2013-2014,7,GREGG COUNTY,Grade  8,1756
2013-2014,7,GREGG COUNTY,Grade  9,1733
2013-2014,7,GREGG COUNTY,Grade 10,1685
2013-2014,7,GREGG COUNTY,Grade 11,1521
2013-2014,7,GREGG COUNTY,Grade 12,1405
2013-2014,6,GRIMES COUNTY,Early Education,7
2013-2014,6,GRIMES COUNTY,Pre-kindergarten,284
2013-2014,6,GRIMES COUNTY,Kindergarten,338
2013-2014,6,GRIMES COUNTY,Grade  1,347
2013-2014,6,GRIMES COUNTY,Grade  2,341
2013-2014,6,GRIMES COUNTY,Grade  3,335
2013-2014,6,GRIMES COUNTY,Grade  4,328
2013-2014,6,GRIMES COUNTY,Grade  5,340
2013-2014,6,GRIMES COUNTY,Grade  6,327
2013-2014,6,GRIMES COUNTY,Grade  7,348
2013-2014,6,GRIMES COUNTY,Grade  8,298
2013-2014,6,GRIMES COUNTY,Grade  9,313
2013-2014,6,GRIMES COUNTY,Grade 10,321
2013-2014,6,GRIMES COUNTY,Grade 11,262
2013-2014,6,GRIMES COUNTY,Grade 12,258
2013-2014,13,GUADALUPE COUNTY/13,Early Education,26
2013-2014,13,GUADALUPE COUNTY/13,Pre-kindergarten,548
2013-2014,13,GUADALUPE COUNTY/13,Kindergarten,758
2013-2014,13,GUADALUPE COUNTY/13,Grade  1,783
2013-2014,13,GUADALUPE COUNTY/13,Grade  2,800
2013-2014,13,GUADALUPE COUNTY/13,Grade  3,783
2013-2014,13,GUADALUPE COUNTY/13,Grade  4,744
2013-2014,13,GUADALUPE COUNTY/13,Grade  5,714
2013-2014,13,GUADALUPE COUNTY/13,Grade  6,773
2013-2014,13,GUADALUPE COUNTY/13,Grade  7,777
2013-2014,13,GUADALUPE COUNTY/13,Grade  8,773
2013-2014,13,GUADALUPE COUNTY/13,Grade  9,872
2013-2014,13,GUADALUPE COUNTY/13,Grade 10,785
2013-2014,13,GUADALUPE COUNTY/13,Grade 11,700
2013-2014,13,GUADALUPE COUNTY/13,Grade 12,616
2013-2014,20,GUADALUPE COUNTY/20,Early Education,55
2013-2014,20,GUADALUPE COUNTY/20,Pre-kindergarten,299
2013-2014,20,GUADALUPE COUNTY/20,Kindergarten,937
2013-2014,20,GUADALUPE COUNTY/20,Grade  1,948
2013-2014,20,GUADALUPE COUNTY/20,Grade  2,916
2013-2014,20,GUADALUPE COUNTY/20,Grade  3,1080
2013-2014,20,GUADALUPE COUNTY/20,Grade  4,1050
2013-2014,20,GUADALUPE COUNTY/20,Grade  5,1038
2013-2014,20,GUADALUPE COUNTY/20,Grade  6,1087
2013-2014,20,GUADALUPE COUNTY/20,Grade  7,1044
2013-2014,20,GUADALUPE COUNTY/20,Grade  8,1166
2013-2014,20,GUADALUPE COUNTY/20,Grade  9,1278
2013-2014,20,GUADALUPE COUNTY/20,Grade 10,1148
2013-2014,20,GUADALUPE COUNTY/20,Grade 11,1077
2013-2014,20,GUADALUPE COUNTY/20,Grade 12,971
2013-2014,AL,GUADALUPE COUNTY/ALL,Early Education,81
2013-2014,AL,GUADALUPE COUNTY/ALL,Pre-kindergarten,847
2013-2014,AL,GUADALUPE COUNTY/ALL,Kindergarten,1695
2013-2014,AL,GUADALUPE COUNTY/ALL,Grade  1,1731
2013-2014,AL,GUADALUPE COUNTY/ALL,Grade  2,1716
2013-2014,AL,GUADALUPE COUNTY/ALL,Grade  3,1863
2013-2014,AL,GUADALUPE COUNTY/ALL,Grade  4,1794
2013-2014,AL,GUADALUPE COUNTY/ALL,Grade  5,1752
2013-2014,AL,GUADALUPE COUNTY/ALL,Grade  6,1860
2013-2014,AL,GUADALUPE COUNTY/ALL,Grade  7,1821
2013-2014,AL,GUADALUPE COUNTY/ALL,Grade  8,1939
2013-2014,AL,GUADALUPE COUNTY/ALL,Grade  9,2150
2013-2014,AL,GUADALUPE COUNTY/ALL,Grade 10,1933
2013-2014,AL,GUADALUPE COUNTY/ALL,Grade 11,1777
2013-2014,AL,GUADALUPE COUNTY/ALL,Grade 12,1587
2013-2014,17,HALE COUNTY,Early Education,29
2013-2014,17,HALE COUNTY,Pre-kindergarten,436
2013-2014,17,HALE COUNTY,Kindergarten,572
2013-2014,17,HALE COUNTY,Grade  1,639
2013-2014,17,HALE COUNTY,Grade  2,554
2013-2014,17,HALE COUNTY,Grade  3,538
2013-2014,17,HALE COUNTY,Grade  4,552
2013-2014,17,HALE COUNTY,Grade  5,536
2013-2014,17,HALE COUNTY,Grade  6,546
2013-2014,17,HALE COUNTY,Grade  7,535
2013-2014,17,HALE COUNTY,Grade  8,500
2013-2014,17,HALE COUNTY,Grade  9,553
2013-2014,17,HALE COUNTY,Grade 10,510
2013-2014,17,HALE COUNTY,Grade 11,456
2013-2014,17,HALE COUNTY,Grade 12,422
2013-2014,16,HALL COUNTY,Early Education,-9999999
2013-2014,16,HALL COUNTY,Pre-kindergarten,56
2013-2014,16,HALL COUNTY,Kindergarten,50
2013-2014,16,HALL COUNTY,Grade  1,43
2013-2014,16,HALL COUNTY,Grade  2,50
2013-2014,16,HALL COUNTY,Grade  3,51
2013-2014,16,HALL COUNTY,Grade  4,40
2013-2014,16,HALL COUNTY,Grade  5,56
2013-2014,16,HALL COUNTY,Grade  6,52
2013-2014,16,HALL COUNTY,Grade  7,55
2013-2014,16,HALL COUNTY,Grade  8,31
2013-2014,16,HALL COUNTY,Grade  9,61
2013-2014,16,HALL COUNTY,Grade 10,44
2013-2014,16,HALL COUNTY,Grade 11,54
2013-2014,16,HALL COUNTY,Grade 12,62
2013-2014,12,HAMILTON COUNTY,Early Education,8
2013-2014,12,HAMILTON COUNTY,Pre-kindergarten,71
2013-2014,12,HAMILTON COUNTY,Kindergarten,107
2013-2014,12,HAMILTON COUNTY,Grade  1,90
2013-2014,12,HAMILTON COUNTY,Grade  2,103
2013-2014,12,HAMILTON COUNTY,Grade  3,76
2013-2014,12,HAMILTON COUNTY,Grade  4,99
2013-2014,12,HAMILTON COUNTY,Grade  5,87
2013-2014,12,HAMILTON COUNTY,Grade  6,92
2013-2014,12,HAMILTON COUNTY,Grade  7,92
2013-2014,12,HAMILTON COUNTY,Grade  8,102
2013-2014,12,HAMILTON COUNTY,Grade  9,104
2013-2014,12,HAMILTON COUNTY,Grade 10,86
2013-2014,12,HAMILTON COUNTY,Grade 11,114
2013-2014,12,HAMILTON COUNTY,Grade 12,81
2013-2014,16,HANSFORD COUNTY,Early Education,-9999999
2013-2014,16,HANSFORD COUNTY,Pre-kindergarten,75
2013-2014,16,HANSFORD COUNTY,Kindergarten,111
2013-2014,16,HANSFORD COUNTY,Grade  1,105
2013-2014,16,HANSFORD COUNTY,Grade  2,108
2013-2014,16,HANSFORD COUNTY,Grade  3,122
2013-2014,16,HANSFORD COUNTY,Grade  4,120
2013-2014,16,HANSFORD COUNTY,Grade  5,104
2013-2014,16,HANSFORD COUNTY,Grade  6,96
2013-2014,16,HANSFORD COUNTY,Grade  7,109
2013-2014,16,HANSFORD COUNTY,Grade  8,106
2013-2014,16,HANSFORD COUNTY,Grade  9,86
2013-2014,16,HANSFORD COUNTY,Grade 10,88
2013-2014,16,HANSFORD COUNTY,Grade 11,97
2013-2014,16,HANSFORD COUNTY,Grade 12,89
2013-2014,9,HARDEMAN COUNTY,Early Education,-9999999
2013-2014,9,HARDEMAN COUNTY,Pre-kindergarten,57
2013-2014,9,HARDEMAN COUNTY,Kindergarten,51
2013-2014,9,HARDEMAN COUNTY,Grade  1,54
2013-2014,9,HARDEMAN COUNTY,Grade  2,57
2013-2014,9,HARDEMAN COUNTY,Grade  3,55
2013-2014,9,HARDEMAN COUNTY,Grade  4,54
2013-2014,9,HARDEMAN COUNTY,Grade  5,52
2013-2014,9,HARDEMAN COUNTY,Grade  6,48
2013-2014,9,HARDEMAN COUNTY,Grade  7,55
2013-2014,9,HARDEMAN COUNTY,Grade  8,54
2013-2014,9,HARDEMAN COUNTY,Grade  9,48
2013-2014,9,HARDEMAN COUNTY,Grade 10,54
2013-2014,9,HARDEMAN COUNTY,Grade 11,55
2013-2014,9,HARDEMAN COUNTY,Grade 12,52
2013-2014,5,HARDIN COUNTY,Early Education,52
2013-2014,5,HARDIN COUNTY,Pre-kindergarten,206
2013-2014,5,HARDIN COUNTY,Kindergarten,808
2013-2014,5,HARDIN COUNTY,Grade  1,863
2013-2014,5,HARDIN COUNTY,Grade  2,778
2013-2014,5,HARDIN COUNTY,Grade  3,773
2013-2014,5,HARDIN COUNTY,Grade  4,815
2013-2014,5,HARDIN COUNTY,Grade  5,734
2013-2014,5,HARDIN COUNTY,Grade  6,792
2013-2014,5,HARDIN COUNTY,Grade  7,834
2013-2014,5,HARDIN COUNTY,Grade  8,812
2013-2014,5,HARDIN COUNTY,Grade  9,811
2013-2014,5,HARDIN COUNTY,Grade 10,792
2013-2014,5,HARDIN COUNTY,Grade 11,712
2013-2014,5,HARDIN COUNTY,Grade 12,690
2013-2014,4,HARRIS COUNTY,Early Education,3515
2013-2014,4,HARRIS COUNTY,Pre-kindergarten,46088
2013-2014,4,HARRIS COUNTY,Kindergarten,66897
2013-2014,4,HARRIS COUNTY,Grade  1,70901
2013-2014,4,HARRIS COUNTY,Grade  2,66922
2013-2014,4,HARRIS COUNTY,Grade  3,66366
2013-2014,4,HARRIS COUNTY,Grade  4,64769
2013-2014,4,HARRIS COUNTY,Grade  5,64163
2013-2014,4,HARRIS COUNTY,Grade  6,62829
2013-2014,4,HARRIS COUNTY,Grade  7,63716
2013-2014,4,HARRIS COUNTY,Grade  8,62450
2013-2014,4,HARRIS COUNTY,Grade  9,67477
2013-2014,4,HARRIS COUNTY,Grade 10,59083
2013-2014,4,HARRIS COUNTY,Grade 11,53730
2013-2014,4,HARRIS COUNTY,Grade 12,49569
2013-2014,7,HARRISON COUNTY,Early Education,15
2013-2014,7,HARRISON COUNTY,Pre-kindergarten,536
2013-2014,7,HARRISON COUNTY,Kindergarten,994
2013-2014,7,HARRISON COUNTY,Grade  1,1051
2013-2014,7,HARRISON COUNTY,Grade  2,1049
2013-2014,7,HARRISON COUNTY,Grade  3,1019
2013-2014,7,HARRISON COUNTY,Grade  4,983
2013-2014,7,HARRISON COUNTY,Grade  5,967
2013-2014,7,HARRISON COUNTY,Grade  6,955
2013-2014,7,HARRISON COUNTY,Grade  7,1031
2013-2014,7,HARRISON COUNTY,Grade  8,979
2013-2014,7,HARRISON COUNTY,Grade  9,974
2013-2014,7,HARRISON COUNTY,Grade 10,930
2013-2014,7,HARRISON COUNTY,Grade 11,826
2013-2014,7,HARRISON COUNTY,Grade 12,808
2013-2014,16,HARTLEY COUNTY,Pre-kindergarten,9
2013-2014,16,HARTLEY COUNTY,Kindergarten,36
2013-2014,16,HARTLEY COUNTY,Grade  1,14
2013-2014,16,HARTLEY COUNTY,Grade  2,19
2013-2014,16,HARTLEY COUNTY,Grade  3,24
2013-2014,16,HARTLEY COUNTY,Grade  4,17
2013-2014,16,HARTLEY COUNTY,Grade  5,33
2013-2014,16,HARTLEY COUNTY,Grade  6,31
2013-2014,16,HARTLEY COUNTY,Grade  7,27
2013-2014,16,HARTLEY COUNTY,Grade  8,24
2013-2014,16,HARTLEY COUNTY,Grade  9,28
2013-2014,16,HARTLEY COUNTY,Grade 10,27
2013-2014,16,HARTLEY COUNTY,Grade 11,25
2013-2014,16,HARTLEY COUNTY,Grade 12,18
2013-2014,14,HASKELL COUNTY,Early Education,-9999999
2013-2014,14,HASKELL COUNTY,Pre-kindergarten,77
2013-2014,14,HASKELL COUNTY,Kindergarten,89
2013-2014,14,HASKELL COUNTY,Grade  1,63
2013-2014,14,HASKELL COUNTY,Grade  2,51
2013-2014,14,HASKELL COUNTY,Grade  3,57
2013-2014,14,HASKELL COUNTY,Grade  4,64
2013-2014,14,HASKELL COUNTY,Grade  5,73
2013-2014,14,HASKELL COUNTY,Grade  6,63
2013-2014,14,HASKELL COUNTY,Grade  7,61
2013-2014,14,HASKELL COUNTY,Grade  8,60
2013-2014,14,HASKELL COUNTY,Grade  9,64
2013-2014,14,HASKELL COUNTY,Grade 10,51
2013-2014,14,HASKELL COUNTY,Grade 11,58
2013-2014,14,HASKELL COUNTY,Grade 12,59
2013-2014,13,HAYS COUNTY,Early Education,178
2013-2014,13,HAYS COUNTY,Pre-kindergarten,1014
2013-2014,13,HAYS COUNTY,Kindergarten,2457
2013-2014,13,HAYS COUNTY,Grade  1,2478
2013-2014,13,HAYS COUNTY,Grade  2,2419
2013-2014,13,HAYS COUNTY,Grade  3,2520
2013-2014,13,HAYS COUNTY,Grade  4,2454
2013-2014,13,HAYS COUNTY,Grade  5,2440
2013-2014,13,HAYS COUNTY,Grade  6,2396
2013-2014,13,HAYS COUNTY,Grade  7,2529
2013-2014,13,HAYS COUNTY,Grade  8,2398
2013-2014,13,HAYS COUNTY,Grade  9,2575
2013-2014,13,HAYS COUNTY,Grade 10,2336
2013-2014,13,HAYS COUNTY,Grade 11,2091
2013-2014,13,HAYS COUNTY,Grade 12,2010
2013-2014,16,HEMPHILL COUNTY,Early Education,-9999999
2013-2014,16,HEMPHILL COUNTY,Pre-kindergarten,55
2013-2014,16,HEMPHILL COUNTY,Kindergarten,77
2013-2014,16,HEMPHILL COUNTY,Grade  1,99
2013-2014,16,HEMPHILL COUNTY,Grade  2,77
2013-2014,16,HEMPHILL COUNTY,Grade  3,86
2013-2014,16,HEMPHILL COUNTY,Grade  4,66
2013-2014,16,HEMPHILL COUNTY,Grade  5,71
2013-2014,16,HEMPHILL COUNTY,Grade  6,73
2013-2014,16,HEMPHILL COUNTY,Grade  7,73
2013-2014,16,HEMPHILL COUNTY,Grade  8,83
2013-2014,16,HEMPHILL COUNTY,Grade  9,65
2013-2014,16,HEMPHILL COUNTY,Grade 10,54
2013-2014,16,HEMPHILL COUNTY,Grade 11,47
2013-2014,16,HEMPHILL COUNTY,Grade 12,45
2013-2014,7,HENDERSON COUNTY,Early Education,27
2013-2014,7,HENDERSON COUNTY,Pre-kindergarten,467
2013-2014,7,HENDERSON COUNTY,Kindergarten,773
2013-2014,7,HENDERSON COUNTY,Grade  1,829
2013-2014,7,HENDERSON COUNTY,Grade  2,828
2013-2014,7,HENDERSON COUNTY,Grade  3,748
2013-2014,7,HENDERSON COUNTY,Grade  4,713
2013-2014,7,HENDERSON COUNTY,Grade  5,776
2013-2014,7,HENDERSON COUNTY,Grade  6,746
2013-2014,7,HENDERSON COUNTY,Grade  7,789
2013-2014,7,HENDERSON COUNTY,Grade  8,773
2013-2014,7,HENDERSON COUNTY,Grade  9,809
2013-2014,7,HENDERSON COUNTY,Grade 10,759
2013-2014,7,HENDERSON COUNTY,Grade 11,654
2013-2014,7,HENDERSON COUNTY,Grade 12,680
2013-2014,1,HIDALGO COUNTY,Early Education,594
2013-2014,1,HIDALGO COUNTY,Pre-kindergarten,12519
2013-2014,1,HIDALGO COUNTY,Kindergarten,16609
2013-2014,1,HIDALGO COUNTY,Grade  1,17616
2013-2014,1,HIDALGO COUNTY,Grade  2,17318
2013-2014,1,HIDALGO COUNTY,Grade  3,16814
2013-2014,1,HIDALGO COUNTY,Grade  4,16581
2013-2014,1,HIDALGO COUNTY,Grade  5,16441
2013-2014,1,HIDALGO COUNTY,Grade  6,16965
2013-2014,1,HIDALGO COUNTY,Grade  7,16911
2013-2014,1,HIDALGO COUNTY,Grade  8,16131
2013-2014,1,HIDALGO COUNTY,Grade  9,17703
2013-2014,1,HIDALGO COUNTY,Grade 10,14930
2013-2014,1,HIDALGO COUNTY,Grade 11,13033
2013-2014,1,HIDALGO COUNTY,Grade 12,12555
2013-2014,12,HILL COUNTY,Early Education,17
2013-2014,12,HILL COUNTY,Pre-kindergarten,465
2013-2014,12,HILL COUNTY,Kindergarten,466
2013-2014,12,HILL COUNTY,Grade  1,482
2013-2014,12,HILL COUNTY,Grade  2,465
2013-2014,12,HILL COUNTY,Grade  3,481
2013-2014,12,HILL COUNTY,Grade  4,433
2013-2014,12,HILL COUNTY,Grade  5,451
2013-2014,12,HILL COUNTY,Grade  6,463
2013-2014,12,HILL COUNTY,Grade  7,527
2013-2014,12,HILL COUNTY,Grade  8,458
2013-2014,12,HILL COUNTY,Grade  9,478
2013-2014,12,HILL COUNTY,Grade 10,449
2013-2014,12,HILL COUNTY,Grade 11,444
2013-2014,12,HILL COUNTY,Grade 12,414
2013-2014,17,HOCKLEY COUNTY,Early Education,42
2013-2014,17,HOCKLEY COUNTY,Pre-kindergarten,358
2013-2014,17,HOCKLEY COUNTY,Kindergarten,393
2013-2014,17,HOCKLEY COUNTY,Grade  1,401
2013-2014,17,HOCKLEY COUNTY,Grade  2,326
2013-2014,17,HOCKLEY COUNTY,Grade  3,366
2013-2014,17,HOCKLEY COUNTY,Grade  4,345
2013-2014,17,HOCKLEY COUNTY,Grade  5,347
2013-2014,17,HOCKLEY COUNTY,Grade  6,358
2013-2014,17,HOCKLEY COUNTY,Grade  7,371
2013-2014,17,HOCKLEY COUNTY,Grade  8,371
2013-2014,17,HOCKLEY COUNTY,Grade  9,362
2013-2014,17,HOCKLEY COUNTY,Grade 10,306
2013-2014,17,HOCKLEY COUNTY,Grade 11,304
2013-2014,17,HOCKLEY COUNTY,Grade 12,283
2013-2014,11,HOOD COUNTY,Early Education,46
2013-2014,11,HOOD COUNTY,Pre-kindergarten,229
2013-2014,11,HOOD COUNTY,Kindergarten,623
2013-2014,11,HOOD COUNTY,Grade  1,568
2013-2014,11,HOOD COUNTY,Grade  2,579
2013-2014,11,HOOD COUNTY,Grade  3,596
2013-2014,11,HOOD COUNTY,Grade  4,553
2013-2014,11,HOOD COUNTY,Grade  5,551
2013-2014,11,HOOD COUNTY,Grade  6,558
2013-2014,11,HOOD COUNTY,Grade  7,576
2013-2014,11,HOOD COUNTY,Grade  8,587
2013-2014,11,HOOD COUNTY,Grade  9,617
2013-2014,11,HOOD COUNTY,Grade 10,590
2013-2014,11,HOOD COUNTY,Grade 11,517
2013-2014,11,HOOD COUNTY,Grade 12,464
2013-2014,8,HOPKINS COUNTY,Early Education,9
2013-2014,8,HOPKINS COUNTY,Pre-kindergarten,403
2013-2014,8,HOPKINS COUNTY,Kindergarten,526
2013-2014,8,HOPKINS COUNTY,Grade  1,494
2013-2014,8,HOPKINS COUNTY,Grade  2,490
2013-2014,8,HOPKINS COUNTY,Grade  3,470
2013-2014,8,HOPKINS COUNTY,Grade  4,490
2013-2014,8,HOPKINS COUNTY,Grade  5,467
2013-2014,8,HOPKINS COUNTY,Grade  6,506
2013-2014,8,HOPKINS COUNTY,Grade  7,514
2013-2014,8,HOPKINS COUNTY,Grade  8,488
2013-2014,8,HOPKINS COUNTY,Grade  9,512
2013-2014,8,HOPKINS COUNTY,Grade 10,452
2013-2014,8,HOPKINS COUNTY,Grade 11,442
2013-2014,8,HOPKINS COUNTY,Grade 12,378
2013-2014,6,HOUSTON COUNTY,Early Education,-9999999
2013-2014,6,HOUSTON COUNTY,Pre-kindergarten,215
2013-2014,6,HOUSTON COUNTY,Kindergarten,211
2013-2014,6,HOUSTON COUNTY,Grade  1,259
2013-2014,6,HOUSTON COUNTY,Grade  2,221
2013-2014,6,HOUSTON COUNTY,Grade  3,200
2013-2014,6,HOUSTON COUNTY,Grade  4,215
2013-2014,6,HOUSTON COUNTY,Grade  5,234
2013-2014,6,HOUSTON COUNTY,Grade  6,213
2013-2014,6,HOUSTON COUNTY,Grade  7,217
2013-2014,6,HOUSTON COUNTY,Grade  8,224
2013-2014,6,HOUSTON COUNTY,Grade  9,234
2013-2014,6,HOUSTON COUNTY,Grade 10,251
2013-2014,6,HOUSTON COUNTY,Grade 11,194
2013-2014,6,HOUSTON COUNTY,Grade 12,193
2013-2014,18,HOWARD COUNTY,Early Education,18
2013-2014,18,HOWARD COUNTY,Pre-kindergarten,143
2013-2014,18,HOWARD COUNTY,Kindergarten,473
2013-2014,18,HOWARD COUNTY,Grade  1,528
2013-2014,18,HOWARD COUNTY,Grade  2,472
2013-2014,18,HOWARD COUNTY,Grade  3,462
2013-2014,18,HOWARD COUNTY,Grade  4,476
2013-2014,18,HOWARD COUNTY,Grade  5,477
2013-2014,18,HOWARD COUNTY,Grade  6,458
2013-2014,18,HOWARD COUNTY,Grade  7,443
2013-2014,18,HOWARD COUNTY,Grade  8,411
2013-2014,18,HOWARD COUNTY,Grade  9,403
2013-2014,18,HOWARD COUNTY,Grade 10,360
2013-2014,18,HOWARD COUNTY,Grade 11,320
2013-2014,18,HOWARD COUNTY,Grade 12,301
2013-2014,19,HUDSPETH COUNTY,Early Education,-9999999
2013-2014,19,HUDSPETH COUNTY,Pre-kindergarten,24
2013-2014,19,HUDSPETH COUNTY,Kindergarten,45
2013-2014,19,HUDSPETH COUNTY,Grade  1,45
2013-2014,19,HUDSPETH COUNTY,Grade  2,53
2013-2014,19,HUDSPETH COUNTY,Grade  3,34
2013-2014,19,HUDSPETH COUNTY,Grade  4,54
2013-2014,19,HUDSPETH COUNTY,Grade  5,52
2013-2014,19,HUDSPETH COUNTY,Grade  6,48
2013-2014,19,HUDSPETH COUNTY,Grade  7,52
2013-2014,19,HUDSPETH COUNTY,Grade  8,60
2013-2014,19,HUDSPETH COUNTY,Grade  9,49
2013-2014,19,HUDSPETH COUNTY,Grade 10,55
2013-2014,19,HUDSPETH COUNTY,Grade 11,44
2013-2014,19,HUDSPETH COUNTY,Grade 12,56
2013-2014,10,HUNT COUNTY,Early Education,29
2013-2014,10,HUNT COUNTY,Pre-kindergarten,806
2013-2014,10,HUNT COUNTY,Kindergarten,1172
2013-2014,10,HUNT COUNTY,Grade  1,1101
2013-2014,10,HUNT COUNTY,Grade  2,1027
2013-2014,10,HUNT COUNTY,Grade  3,1082
2013-2014,10,HUNT COUNTY,Grade  4,1036
2013-2014,10,HUNT COUNTY,Grade  5,1087
2013-2014,10,HUNT COUNTY,Grade  6,1096
2013-2014,10,HUNT COUNTY,Grade  7,1119
2013-2014,10,HUNT COUNTY,Grade  8,1084
2013-2014,10,HUNT COUNTY,Grade  9,1150
2013-2014,10,HUNT COUNTY,Grade 10,1016
2013-2014,10,HUNT COUNTY,Grade 11,912
2013-2014,10,HUNT COUNTY,Grade 12,887
2013-2014,16,HUTCHINSON COUNTY,Early Education,8
2013-2014,16,HUTCHINSON COUNTY,Pre-kindergarten,293
2013-2014,16,HUTCHINSON COUNTY,Kindergarten,321
2013-2014,16,HUTCHINSON COUNTY,Grade  1,359
2013-2014,16,HUTCHINSON COUNTY,Grade  2,316
2013-2014,16,HUTCHINSON COUNTY,Grade  3,327
2013-2014,16,HUTCHINSON COUNTY,Grade  4,317
2013-2014,16,HUTCHINSON COUNTY,Grade  5,318
2013-2014,16,HUTCHINSON COUNTY,Grade  6,309
2013-2014,16,HUTCHINSON COUNTY,Grade  7,298
2013-2014,16,HUTCHINSON COUNTY,Grade  8,311
2013-2014,16,HUTCHINSON COUNTY,Grade  9,336
2013-2014,16,HUTCHINSON COUNTY,Grade 10,302
2013-2014,16,HUTCHINSON COUNTY,Grade 11,307
2013-2014,16,HUTCHINSON COUNTY,Grade 12,264
2013-2014,15,IRION COUNTY,Kindergarten,21
2013-2014,15,IRION COUNTY,Grade  1,20
2013-2014,15,IRION COUNTY,Grade  2,15
2013-2014,15,IRION COUNTY,Grade  3,22
2013-2014,15,IRION COUNTY,Grade  4,28
2013-2014,15,IRION COUNTY,Grade  5,23
2013-2014,15,IRION COUNTY,Grade  6,30
2013-2014,15,IRION COUNTY,Grade  7,17
2013-2014,15,IRION COUNTY,Grade  8,31
2013-2014,15,IRION COUNTY,Grade  9,35
2013-2014,15,IRION COUNTY,Grade 10,24
2013-2014,15,IRION COUNTY,Grade 11,30
2013-2014,15,IRION COUNTY,Grade 12,26
2013-2014,9,JACK COUNTY,Early Education,5
2013-2014,9,JACK COUNTY,Pre-kindergarten,64
2013-2014,9,JACK COUNTY,Kindergarten,115
2013-2014,9,JACK COUNTY,Grade  1,126
2013-2014,9,JACK COUNTY,Grade  2,121
2013-2014,9,JACK COUNTY,Grade  3,117
2013-2014,9,JACK COUNTY,Grade  4,110
2013-2014,9,JACK COUNTY,Grade  5,112
2013-2014,9,JACK COUNTY,Grade  6,105
2013-2014,9,JACK COUNTY,Grade  7,122
2013-2014,9,JACK COUNTY,Grade  8,121
2013-2014,9,JACK COUNTY,Grade  9,123
2013-2014,9,JACK COUNTY,Grade 10,113
2013-2014,9,JACK COUNTY,Grade 11,105
2013-2014,9,JACK COUNTY,Grade 12,109
2013-2014,3,JACKSON COUNTY,Early Education,21
2013-2014,3,JACKSON COUNTY,Pre-kindergarten,135
2013-2014,3,JACKSON COUNTY,Kindergarten,292
2013-2014,3,JACKSON COUNTY,Grade  1,270
2013-2014,3,JACKSON COUNTY,Grade  2,261
2013-2014,3,JACKSON COUNTY,Grade  3,274
2013-2014,3,JACKSON COUNTY,Grade  4,245
2013-2014,3,JACKSON COUNTY,Grade  5,241
2013-2014,3,JACKSON COUNTY,Grade  6,275
2013-2014,3,JACKSON COUNTY,Grade  7,267
2013-2014,3,JACKSON COUNTY,Grade  8,260
2013-2014,3,JACKSON COUNTY,Grade  9,251
2013-2014,3,JACKSON COUNTY,Grade 10,256
2013-2014,3,JACKSON COUNTY,Grade 11,260
2013-2014,3,JACKSON COUNTY,Grade 12,223
2013-2014,5,JASPER COUNTY,Early Education,27
2013-2014,5,JASPER COUNTY,Pre-kindergarten,306
2013-2014,5,JASPER COUNTY,Kindergarten,483
2013-2014,5,JASPER COUNTY,Grade  1,483
2013-2014,5,JASPER COUNTY,Grade  2,487
2013-2014,5,JASPER COUNTY,Grade  3,494
2013-2014,5,JASPER COUNTY,Grade  4,469
2013-2014,5,JASPER COUNTY,Grade  5,508
2013-2014,5,JASPER COUNTY,Grade  6,461
2013-2014,5,JASPER COUNTY,Grade  7,506
2013-2014,5,JASPER COUNTY,Grade  8,469
2013-2014,5,JASPER COUNTY,Grade  9,495
2013-2014,5,JASPER COUNTY,Grade 10,433
2013-2014,5,JASPER COUNTY,Grade 11,425
2013-2014,5,JASPER COUNTY,Grade 12,421
2013-2014,18,JEFF DAVIS COUNTY,Pre-kindergarten,9
2013-2014,18,JEFF DAVIS COUNTY,Kindergarten,16
2013-2014,18,JEFF DAVIS COUNTY,Grade  1,15
2013-2014,18,JEFF DAVIS COUNTY,Grade  2,19
2013-2014,18,JEFF DAVIS COUNTY,Grade  3,22
2013-2014,18,JEFF DAVIS COUNTY,Grade  4,29
2013-2014,18,JEFF DAVIS COUNTY,Grade  5,21
2013-2014,18,JEFF DAVIS COUNTY,Grade  6,23
2013-2014,18,JEFF DAVIS COUNTY,Grade  7,16
2013-2014,18,JEFF DAVIS COUNTY,Grade  8,14
2013-2014,18,JEFF DAVIS COUNTY,Grade  9,19
2013-2014,18,JEFF DAVIS COUNTY,Grade 10,24
2013-2014,18,JEFF DAVIS COUNTY,Grade 11,21
2013-2014,18,JEFF DAVIS COUNTY,Grade 12,22
2013-2014,5,JEFFERSON COUNTY,Early Education,333
2013-2014,5,JEFFERSON COUNTY,Pre-kindergarten,2443
2013-2014,5,JEFFERSON COUNTY,Kindergarten,3244
2013-2014,5,JEFFERSON COUNTY,Grade  1,3453
2013-2014,5,JEFFERSON COUNTY,Grade  2,3236
2013-2014,5,JEFFERSON COUNTY,Grade  3,3085
2013-2014,5,JEFFERSON COUNTY,Grade  4,2962
2013-2014,5,JEFFERSON COUNTY,Grade  5,2958
2013-2014,5,JEFFERSON COUNTY,Grade  6,2911
2013-2014,5,JEFFERSON COUNTY,Grade  7,2952
2013-2014,5,JEFFERSON COUNTY,Grade  8,3000
2013-2014,5,JEFFERSON COUNTY,Grade  9,3167
2013-2014,5,JEFFERSON COUNTY,Grade 10,2935
2013-2014,5,JEFFERSON COUNTY,Grade 11,2682
2013-2014,5,JEFFERSON COUNTY,Grade 12,2575
2013-2014,1,JIM HOGG COUNTY,Early Education,-9999999
2013-2014,1,JIM HOGG COUNTY,Pre-kindergarten,48
2013-2014,1,JIM HOGG COUNTY,Kindergarten,91
2013-2014,1,JIM HOGG COUNTY,Grade  1,101
2013-2014,1,JIM HOGG COUNTY,Grade  2,92
2013-2014,1,JIM HOGG COUNTY,Grade  3,88
2013-2014,1,JIM HOGG COUNTY,Grade  4,77
2013-2014,1,JIM HOGG COUNTY,Grade  5,83
2013-2014,1,JIM HOGG COUNTY,Grade  6,84
2013-2014,1,JIM HOGG COUNTY,Grade  7,76
2013-2014,1,JIM HOGG COUNTY,Grade  8,80
2013-2014,1,JIM HOGG COUNTY,Grade  9,77
2013-2014,1,JIM HOGG COUNTY,Grade 10,77
2013-2014,1,JIM HOGG COUNTY,Grade 11,67
2013-2014,1,JIM HOGG COUNTY,Grade 12,56
2013-2014,2,JIM WELLS COUNTY,Early Education,22
2013-2014,2,JIM WELLS COUNTY,Pre-kindergarten,399
2013-2014,2,JIM WELLS COUNTY,Kindergarten,672
2013-2014,2,JIM WELLS COUNTY,Grade  1,741
2013-2014,2,JIM WELLS COUNTY,Grade  2,667
2013-2014,2,JIM WELLS COUNTY,Grade  3,657
2013-2014,2,JIM WELLS COUNTY,Grade  4,622
2013-2014,2,JIM WELLS COUNTY,Grade  5,611
2013-2014,2,JIM WELLS COUNTY,Grade  6,597
2013-2014,2,JIM WELLS COUNTY,Grade  7,621
2013-2014,2,JIM WELLS COUNTY,Grade  8,638
2013-2014,2,JIM WELLS COUNTY,Grade  9,783
2013-2014,2,JIM WELLS COUNTY,Grade 10,566
2013-2014,2,JIM WELLS COUNTY,Grade 11,506
2013-2014,2,JIM WELLS COUNTY,Grade 12,489
2013-2014,11,JOHNSON COUNTY,Early Education,90
2013-2014,11,JOHNSON COUNTY,Pre-kindergarten,973
2013-2014,11,JOHNSON COUNTY,Kindergarten,2414
2013-2014,11,JOHNSON COUNTY,Grade  1,2583
2013-2014,11,JOHNSON COUNTY,Grade  2,2450
2013-2014,11,JOHNSON COUNTY,Grade  3,2475
2013-2014,11,JOHNSON COUNTY,Grade  4,2422
2013-2014,11,JOHNSON COUNTY,Grade  5,2388
2013-2014,11,JOHNSON COUNTY,Grade  6,2386
2013-2014,11,JOHNSON COUNTY,Grade  7,2456
2013-2014,11,JOHNSON COUNTY,Grade  8,2430
2013-2014,11,JOHNSON COUNTY,Grade  9,2608
2013-2014,11,JOHNSON COUNTY,Grade 10,2423
2013-2014,11,JOHNSON COUNTY,Grade 11,2164
2013-2014,11,JOHNSON COUNTY,Grade 12,1979
2013-2014,14,JONES COUNTY,Pre-kindergarten,174
2013-2014,14,JONES COUNTY,Kindergarten,190
2013-2014,14,JONES COUNTY,Grade  1,198
2013-2014,14,JONES COUNTY,Grade  2,180
2013-2014,14,JONES COUNTY,Grade  3,226
2013-2014,14,JONES COUNTY,Grade  4,192
2013-2014,14,JONES COUNTY,Grade  5,200
2013-2014,14,JONES COUNTY,Grade  6,192
2013-2014,14,JONES COUNTY,Grade  7,224
2013-2014,14,JONES COUNTY,Grade  8,194
2013-2014,14,JONES COUNTY,Grade  9,181
2013-2014,14,JONES COUNTY,Grade 10,175
2013-2014,14,JONES COUNTY,Grade 11,195
2013-2014,14,JONES COUNTY,Grade 12,176
2013-2014,3,KARNES COUNTY/03,Early Education,-9999999
2013-2014,3,KARNES COUNTY/03,Pre-kindergarten,144
2013-2014,3,KARNES COUNTY/03,Kindergarten,142
2013-2014,3,KARNES COUNTY/03,Grade  1,159
2013-2014,3,KARNES COUNTY/03,Grade  2,177
2013-2014,3,KARNES COUNTY/03,Grade  3,166
2013-2014,3,KARNES COUNTY/03,Grade  4,147
2013-2014,3,KARNES COUNTY/03,Grade  5,156
2013-2014,3,KARNES COUNTY/03,Grade  6,154
2013-2014,3,KARNES COUNTY/03,Grade  7,167
2013-2014,3,KARNES COUNTY/03,Grade  8,164
2013-2014,3,KARNES COUNTY/03,Grade  9,124
2013-2014,3,KARNES COUNTY/03,Grade 10,136
2013-2014,3,KARNES COUNTY/03,Grade 11,141
2013-2014,3,KARNES COUNTY/03,Grade 12,115
2013-2014,20,KARNES COUNTY/20,Early Education,-9999999
2013-2014,20,KARNES COUNTY/20,Kindergarten,28
2013-2014,20,KARNES COUNTY/20,Grade  1,12
2013-2014,20,KARNES COUNTY/20,Grade  2,33
2013-2014,20,KARNES COUNTY/20,Grade  3,21
2013-2014,20,KARNES COUNTY/20,Grade  4,29
2013-2014,20,KARNES COUNTY/20,Grade  5,27
2013-2014,20,KARNES COUNTY/20,Grade  6,29
2013-2014,20,KARNES COUNTY/20,Grade  7,28
2013-2014,20,KARNES COUNTY/20,Grade  8,28
2013-2014,20,KARNES COUNTY/20,Grade  9,35
2013-2014,20,KARNES COUNTY/20,Grade 10,34
2013-2014,20,KARNES COUNTY/20,Grade 11,25
2013-2014,20,KARNES COUNTY/20,Grade 12,27
2013-2014,AL,KARNES COUNTY/ALL,Early Education,7
2013-2014,AL,KARNES COUNTY/ALL,Pre-kindergarten,144
2013-2014,AL,KARNES COUNTY/ALL,Kindergarten,170
2013-2014,AL,KARNES COUNTY/ALL,Grade  1,171
2013-2014,AL,KARNES COUNTY/ALL,Grade  2,210
2013-2014,AL,KARNES COUNTY/ALL,Grade  3,187
2013-2014,AL,KARNES COUNTY/ALL,Grade  4,176
2013-2014,AL,KARNES COUNTY/ALL,Grade  5,183
2013-2014,AL,KARNES COUNTY/ALL,Grade  6,183
2013-2014,AL,KARNES COUNTY/ALL,Grade  7,195
2013-2014,AL,KARNES COUNTY/ALL,Grade  8,192
2013-2014,AL,KARNES COUNTY/ALL,Grade  9,159
2013-2014,AL,KARNES COUNTY/ALL,Grade 10,170
2013-2014,AL,KARNES COUNTY/ALL,Grade 11,166
2013-2014,AL,KARNES COUNTY/ALL,Grade 12,142
2013-2014,10,KAUFMAN COUNTY,Early Education,66
2013-2014,10,KAUFMAN COUNTY,Pre-kindergarten,882
2013-2014,10,KAUFMAN COUNTY,Kindergarten,1913
2013-2014,10,KAUFMAN COUNTY,Grade  1,2006
2013-2014,10,KAUFMAN COUNTY,Grade  2,1966
2013-2014,10,KAUFMAN COUNTY,Grade  3,1856
2013-2014,10,KAUFMAN COUNTY,Grade  4,1788
2013-2014,10,KAUFMAN COUNTY,Grade  5,1938
2013-2014,10,KAUFMAN COUNTY,Grade  6,1952
2013-2014,10,KAUFMAN COUNTY,Grade  7,2042
2013-2014,10,KAUFMAN COUNTY,Grade  8,2027
2013-2014,10,KAUFMAN COUNTY,Grade  9,1995
2013-2014,10,KAUFMAN COUNTY,Grade 10,1897
2013-2014,10,KAUFMAN COUNTY,Grade 11,1756
2013-2014,10,KAUFMAN COUNTY,Grade 12,1580
2013-2014,13,KENDALL COUNTY/13,Early Education,-9999999
2013-2014,13,KENDALL COUNTY/13,Pre-kindergarten,29
2013-2014,13,KENDALL COUNTY/13,Kindergarten,84
2013-2014,13,KENDALL COUNTY/13,Grade  1,93
2013-2014,13,KENDALL COUNTY/13,Grade  2,84
2013-2014,13,KENDALL COUNTY/13,Grade  3,90
2013-2014,13,KENDALL COUNTY/13,Grade  4,69
2013-2014,13,KENDALL COUNTY/13,Grade  5,94
2013-2014,13,KENDALL COUNTY/13,Grade  6,83
2013-2014,13,KENDALL COUNTY/13,Grade  7,85
2013-2014,13,KENDALL COUNTY/13,Grade  8,83
2013-2014,13,KENDALL COUNTY/13,Grade  9,87
2013-2014,13,KENDALL COUNTY/13,Grade 10,71
2013-2014,13,KENDALL COUNTY/13,Grade 11,87
2013-2014,13,KENDALL COUNTY/13,Grade 12,75
2013-2014,20,KENDALL COUNTY/20,Early Education,47
2013-2014,20,KENDALL COUNTY/20,Pre-kindergarten,38
2013-2014,20,KENDALL COUNTY/20,Kindergarten,443
2013-2014,20,KENDALL COUNTY/20,Grade  1,477
2013-2014,20,KENDALL COUNTY/20,Grade  2,455
2013-2014,20,KENDALL COUNTY/20,Grade  3,532
2013-2014,20,KENDALL COUNTY/20,Grade  4,540
2013-2014,20,KENDALL COUNTY/20,Grade  5,526
2013-2014,20,KENDALL COUNTY/20,Grade  6,583
2013-2014,20,KENDALL COUNTY/20,Grade  7,602
2013-2014,20,KENDALL COUNTY/20,Grade  8,648
2013-2014,20,KENDALL COUNTY/20,Grade  9,667
2013-2014,20,KENDALL COUNTY/20,Grade 10,630
2013-2014,20,KENDALL COUNTY/20,Grade 11,572
2013-2014,20,KENDALL COUNTY/20,Grade 12,566
2013-2014,AL,KENDALL COUNTY/ALL,Early Education,49
2013-2014,AL,KENDALL COUNTY/ALL,Pre-kindergarten,67
2013-2014,AL,KENDALL COUNTY/ALL,Kindergarten,527
2013-2014,AL,KENDALL COUNTY/ALL,Grade  1,570
2013-2014,AL,KENDALL COUNTY/ALL,Grade  2,539
2013-2014,AL,KENDALL COUNTY/ALL,Grade  3,622
2013-2014,AL,KENDALL COUNTY/ALL,Grade  4,609
2013-2014,AL,KENDALL COUNTY/ALL,Grade  5,620
2013-2014,AL,KENDALL COUNTY/ALL,Grade  6,666
2013-2014,AL,KENDALL COUNTY/ALL,Grade  7,687
2013-2014,AL,KENDALL COUNTY/ALL,Grade  8,731
2013-2014,AL,KENDALL COUNTY/ALL,Grade  9,754
2013-2014,AL,KENDALL COUNTY/ALL,Grade 10,701
2013-2014,AL,KENDALL COUNTY/ALL,Grade 11,659
2013-2014,AL,KENDALL COUNTY/ALL,Grade 12,641
2013-2014,2,KENEDY COUNTY,Pre-kindergarten,12
2013-2014,2,KENEDY COUNTY,Kindergarten,8
2013-2014,2,KENEDY COUNTY,Grade  1,13
2013-2014,2,KENEDY COUNTY,Grade  2,11
2013-2014,2,KENEDY COUNTY,Grade  3,8
2013-2014,2,KENEDY COUNTY,Grade  4,13
2013-2014,2,KENEDY COUNTY,Grade  5,7
2013-2014,2,KENEDY COUNTY,Grade  6,10
2013-2014,17,KENT COUNTY,Early Education,-9999999
2013-2014,17,KENT COUNTY,Pre-kindergarten,8
2013-2014,17,KENT COUNTY,Kindergarten,9
2013-2014,17,KENT COUNTY,Grade  1,8
2013-2014,17,KENT COUNTY,Grade  2,7
2013-2014,17,KENT COUNTY,Grade  3,9
2013-2014,17,KENT COUNTY,Grade  4,10
2013-2014,17,KENT COUNTY,Grade  5,7
2013-2014,17,KENT COUNTY,Grade  6,13
2013-2014,17,KENT COUNTY,Grade  7,12
2013-2014,17,KENT COUNTY,Grade  8,11
2013-2014,17,KENT COUNTY,Grade  9,9
2013-2014,17,KENT COUNTY,Grade 10,12
2013-2014,17,KENT COUNTY,Grade 11,8
2013-2014,17,KENT COUNTY,Grade 12,13
2013-2014,20,KERR COUNTY,Early Education,16
2013-2014,20,KERR COUNTY,Pre-kindergarten,382
2013-2014,20,KERR COUNTY,Kindergarten,508
2013-2014,20,KERR COUNTY,Grade  1,510
2013-2014,20,KERR COUNTY,Grade  2,511
2013-2014,20,KERR COUNTY,Grade  3,503
2013-2014,20,KERR COUNTY,Grade  4,499
2013-2014,20,KERR COUNTY,Grade  5,432
2013-2014,20,KERR COUNTY,Grade  6,525
2013-2014,20,KERR COUNTY,Grade  7,496
2013-2014,20,KERR COUNTY,Grade  8,498
2013-2014,20,KERR COUNTY,Grade  9,538
2013-2014,20,KERR COUNTY,Grade 10,506
2013-2014,20,KERR COUNTY,Grade 11,455
2013-2014,20,KERR COUNTY,Grade 12,409
2013-2014,15,KIMBLE COUNTY,Early Education,-9999999
2013-2014,15,KIMBLE COUNTY,Pre-kindergarten,40
2013-2014,15,KIMBLE COUNTY,Kindergarten,43
2013-2014,15,KIMBLE COUNTY,Grade  1,49
2013-2014,15,KIMBLE COUNTY,Grade  2,46
2013-2014,15,KIMBLE COUNTY,Grade  3,49
2013-2014,15,KIMBLE COUNTY,Grade  4,48
2013-2014,15,KIMBLE COUNTY,Grade  5,41
2013-2014,15,KIMBLE COUNTY,Grade  6,40
2013-2014,15,KIMBLE COUNTY,Grade  7,55
2013-2014,15,KIMBLE COUNTY,Grade  8,49
2013-2014,15,KIMBLE COUNTY,Grade  9,55
2013-2014,15,KIMBLE COUNTY,Grade 10,54
2013-2014,15,KIMBLE COUNTY,Grade 11,41
2013-2014,15,KIMBLE COUNTY,Grade 12,54
2013-2014,17,KING COUNTY,Pre-kindergarten,7
2013-2014,17,KING COUNTY,Kindergarten,6
2013-2014,17,KING COUNTY,Grade  1,6
2013-2014,17,KING COUNTY,Grade  2,6
2013-2014,17,KING COUNTY,Grade  3,6
2013-2014,17,KING COUNTY,Grade  4,8
2013-2014,17,KING COUNTY,Grade  5,11
2013-2014,17,KING COUNTY,Grade  6,8
2013-2014,17,KING COUNTY,Grade  7,8
2013-2014,17,KING COUNTY,Grade  8,9
2013-2014,17,KING COUNTY,Grade  9,8
2013-2014,17,KING COUNTY,Grade 10,10
2013-2014,17,KING COUNTY,Grade 11,12
2013-2014,17,KING COUNTY,Grade 12,8
2013-2014,20,KINNEY COUNTY,Early Education,-9999999
2013-2014,20,KINNEY COUNTY,Pre-kindergarten,27
2013-2014,20,KINNEY COUNTY,Kindergarten,45
2013-2014,20,KINNEY COUNTY,Grade  1,49
2013-2014,20,KINNEY COUNTY,Grade  2,46
2013-2014,20,KINNEY COUNTY,Grade  3,32
2013-2014,20,KINNEY COUNTY,Grade  4,44
2013-2014,20,KINNEY COUNTY,Grade  5,43
2013-2014,20,KINNEY COUNTY,Grade  6,44
2013-2014,20,KINNEY COUNTY,Grade  7,42
2013-2014,20,KINNEY COUNTY,Grade  8,56
2013-2014,20,KINNEY COUNTY,Grade  9,62
2013-2014,20,KINNEY COUNTY,Grade 10,49
2013-2014,20,KINNEY COUNTY,Grade 11,45
2013-2014,20,KINNEY COUNTY,Grade 12,55
2013-2014,2,KLEBERG COUNTY,Early Education,12
2013-2014,2,KLEBERG COUNTY,Pre-kindergarten,286
2013-2014,2,KLEBERG COUNTY,Kindergarten,410
2013-2014,2,KLEBERG COUNTY,Grade  1,413
2013-2014,2,KLEBERG COUNTY,Grade  2,381
2013-2014,2,KLEBERG COUNTY,Grade  3,377
2013-2014,2,KLEBERG COUNTY,Grade  4,369
2013-2014,2,KLEBERG COUNTY,Grade  5,343
2013-2014,2,KLEBERG COUNTY,Grade  6,361
2013-2014,2,KLEBERG COUNTY,Grade  7,378
2013-2014,2,KLEBERG COUNTY,Grade  8,381
2013-2014,2,KLEBERG COUNTY,Grade  9,449
2013-2014,2,KLEBERG COUNTY,Grade 10,372
2013-2014,2,KLEBERG COUNTY,Grade 11,313
2013-2014,2,KLEBERG COUNTY,Grade 12,302
2013-2014,9,KNOX COUNTY,Early Education,15
2013-2014,9,KNOX COUNTY,Pre-kindergarten,53
2013-2014,9,KNOX COUNTY,Kindergarten,78
2013-2014,9,KNOX COUNTY,Grade  1,70
2013-2014,9,KNOX COUNTY,Grade  2,45
2013-2014,9,KNOX COUNTY,Grade  3,52
2013-2014,9,KNOX COUNTY,Grade  4,45
2013-2014,9,KNOX COUNTY,Grade  5,48
2013-2014,9,KNOX COUNTY,Grade  6,60
2013-2014,9,KNOX COUNTY,Grade  7,55
2013-2014,9,KNOX COUNTY,Grade  8,49
2013-2014,9,KNOX COUNTY,Grade  9,73
2013-2014,9,KNOX COUNTY,Grade 10,56
2013-2014,9,KNOX COUNTY,Grade 11,40
2013-2014,9,KNOX COUNTY,Grade 12,48
2013-2014,20,LA SALLE COUNTY,Early Education,-9999999
2013-2014,20,LA SALLE COUNTY,Pre-kindergarten,107
2013-2014,20,LA SALLE COUNTY,Kindergarten,113
2013-2014,20,LA SALLE COUNTY,Grade  1,104
2013-2014,20,LA SALLE COUNTY,Grade  2,98
2013-2014,20,LA SALLE COUNTY,Grade  3,109
2013-2014,20,LA SALLE COUNTY,Grade  4,106
2013-2014,20,LA SALLE COUNTY,Grade  5,101
2013-2014,20,LA SALLE COUNTY,Grade  6,97
2013-2014,20,LA SALLE COUNTY,Grade  7,107
2013-2014,20,LA SALLE COUNTY,Grade  8,113
2013-2014,20,LA SALLE COUNTY,Grade  9,85
2013-2014,20,LA SALLE COUNTY,Grade 10,99
2013-2014,20,LA SALLE COUNTY,Grade 11,73
2013-2014,20,LA SALLE COUNTY,Grade 12,53
2013-2014,8,LAMAR COUNTY,Early Education,45
2013-2014,8,LAMAR COUNTY,Pre-kindergarten,463
2013-2014,8,LAMAR COUNTY,Kindergarten,649
2013-2014,8,LAMAR COUNTY,Grade  1,691
2013-2014,8,LAMAR COUNTY,Grade  2,650
2013-2014,8,LAMAR COUNTY,Grade  3,649
2013-2014,8,LAMAR COUNTY,Grade  4,604
2013-2014,8,LAMAR COUNTY,Grade  5,596
2013-2014,8,LAMAR COUNTY,Grade  6,638
2013-2014,8,LAMAR COUNTY,Grade  7,630
2013-2014,8,LAMAR COUNTY,Grade  8,658
2013-2014,8,LAMAR COUNTY,Grade  9,699
2013-2014,8,LAMAR COUNTY,Grade 10,607
2013-2014,8,LAMAR COUNTY,Grade 11,561
2013-2014,8,LAMAR COUNTY,Grade 12,543
2013-2014,17,LAMB COUNTY,Early Education,13
2013-2014,17,LAMB COUNTY,Pre-kindergarten,179
2013-2014,17,LAMB COUNTY,Kindergarten,236
2013-2014,17,LAMB COUNTY,Grade  1,214
2013-2014,17,LAMB COUNTY,Grade  2,260
2013-2014,17,LAMB COUNTY,Grade  3,214
2013-2014,17,LAMB COUNTY,Grade  4,220
2013-2014,17,LAMB COUNTY,Grade  5,213
2013-2014,17,LAMB COUNTY,Grade  6,233
2013-2014,17,LAMB COUNTY,Grade  7,225
2013-2014,17,LAMB COUNTY,Grade  8,216
2013-2014,17,LAMB COUNTY,Grade  9,207
2013-2014,17,LAMB COUNTY,Grade 10,202
2013-2014,17,LAMB COUNTY,Grade 11,217
2013-2014,17,LAMB COUNTY,Grade 12,194
2013-2014,12,LAMPASAS COUNTY,Early Education,7
2013-2014,12,LAMPASAS COUNTY,Pre-kindergarten,116
2013-2014,12,LAMPASAS COUNTY,Kindergarten,279
2013-2014,12,LAMPASAS COUNTY,Grade  1,274
2013-2014,12,LAMPASAS COUNTY,Grade  2,268
2013-2014,12,LAMPASAS COUNTY,Grade  3,282
2013-2014,12,LAMPASAS COUNTY,Grade  4,246
2013-2014,12,LAMPASAS COUNTY,Grade  5,280
2013-2014,12,LAMPASAS COUNTY,Grade  6,269
2013-2014,12,LAMPASAS COUNTY,Grade  7,271
2013-2014,12,LAMPASAS COUNTY,Grade  8,303
2013-2014,12,LAMPASAS COUNTY,Grade  9,306
2013-2014,12,LAMPASAS COUNTY,Grade 10,267
2013-2014,12,LAMPASAS COUNTY,Grade 11,275
2013-2014,12,LAMPASAS COUNTY,Grade 12,257
2013-2014,3,LAVACA COUNTY,Early Education,7
2013-2014,3,LAVACA COUNTY,Pre-kindergarten,131
2013-2014,3,LAVACA COUNTY,Kindergarten,176
2013-2014,3,LAVACA COUNTY,Grade  1,190
2013-2014,3,LAVACA COUNTY,Grade  2,179
2013-2014,3,LAVACA COUNTY,Grade  3,155
2013-2014,3,LAVACA COUNTY,Grade  4,172
2013-2014,3,LAVACA COUNTY,Grade  5,182
2013-2014,3,LAVACA COUNTY,Grade  6,161
2013-2014,3,LAVACA COUNTY,Grade  7,167
2013-2014,3,LAVACA COUNTY,Grade  8,160
2013-2014,3,LAVACA COUNTY,Grade  9,166
2013-2014,3,LAVACA COUNTY,Grade 10,153
2013-2014,3,LAVACA COUNTY,Grade 11,134
2013-2014,3,LAVACA COUNTY,Grade 12,131
2013-2014,13,LEE COUNTY,Early Education,13
2013-2014,13,LEE COUNTY,Pre-kindergarten,125
2013-2014,13,LEE COUNTY,Kindergarten,229
2013-2014,13,LEE COUNTY,Grade  1,218
2013-2014,13,LEE COUNTY,Grade  2,225
2013-2014,13,LEE COUNTY,Grade  3,204
2013-2014,13,LEE COUNTY,Grade  4,233
2013-2014,13,LEE COUNTY,Grade  5,208
2013-2014,13,LEE COUNTY,Grade  6,206
2013-2014,13,LEE COUNTY,Grade  7,199
2013-2014,13,LEE COUNTY,Grade  8,234
2013-2014,13,LEE COUNTY,Grade  9,260
2013-2014,13,LEE COUNTY,Grade 10,257
2013-2014,13,LEE COUNTY,Grade 11,241
2013-2014,13,LEE COUNTY,Grade 12,210
2013-2014,6,LEON COUNTY,Early Education,46
2013-2014,6,LEON COUNTY,Pre-kindergarten,134
2013-2014,6,LEON COUNTY,Kindergarten,219
2013-2014,6,LEON COUNTY,Grade  1,225
2013-2014,6,LEON COUNTY,Grade  2,220
2013-2014,6,LEON COUNTY,Grade  3,239
2013-2014,6,LEON COUNTY,Grade  4,220
2013-2014,6,LEON COUNTY,Grade  5,200
2013-2014,6,LEON COUNTY,Grade  6,196
2013-2014,6,LEON COUNTY,Grade  7,258
2013-2014,6,LEON COUNTY,Grade  8,221
2013-2014,6,LEON COUNTY,Grade  9,237
2013-2014,6,LEON COUNTY,Grade 10,245
2013-2014,6,LEON COUNTY,Grade 11,233
2013-2014,6,LEON COUNTY,Grade 12,193
2013-2014,4,LIBERTY COUNTY/04,Early Education,53
2013-2014,4,LIBERTY COUNTY/04,Pre-kindergarten,551
2013-2014,4,LIBERTY COUNTY/04,Kindergarten,1091
2013-2014,4,LIBERTY COUNTY/04,Grade  1,1163
2013-2014,4,LIBERTY COUNTY/04,Grade  2,1095
2013-2014,4,LIBERTY COUNTY/04,Grade  3,1031
2013-2014,4,LIBERTY COUNTY/04,Grade  4,1068
2013-2014,4,LIBERTY COUNTY/04,Grade  5,1076
2013-2014,4,LIBERTY COUNTY/04,Grade  6,1073
2013-2014,4,LIBERTY COUNTY/04,Grade  7,1149
2013-2014,4,LIBERTY COUNTY/04,Grade  8,1105
2013-2014,4,LIBERTY COUNTY/04,Grade  9,1147
2013-2014,4,LIBERTY COUNTY/04,Grade 10,1105
2013-2014,4,LIBERTY COUNTY/04,Grade 11,840
2013-2014,4,LIBERTY COUNTY/04,Grade 12,800
2013-2014,5,LIBERTY COUNTY/05,Pre-kindergarten,26
2013-2014,5,LIBERTY COUNTY/05,Kindergarten,24
2013-2014,5,LIBERTY COUNTY/05,Grade  1,27
2013-2014,5,LIBERTY COUNTY/05,Grade  2,32
2013-2014,5,LIBERTY COUNTY/05,Grade  3,30
2013-2014,5,LIBERTY COUNTY/05,Grade  4,32
2013-2014,5,LIBERTY COUNTY/05,Grade  5,37
2013-2014,5,LIBERTY COUNTY/05,Grade  6,33
2013-2014,5,LIBERTY COUNTY/05,Grade  7,33
2013-2014,5,LIBERTY COUNTY/05,Grade  8,38
2013-2014,5,LIBERTY COUNTY/05,Grade  9,50
2013-2014,5,LIBERTY COUNTY/05,Grade 10,48
2013-2014,5,LIBERTY COUNTY/05,Grade 11,47
2013-2014,5,LIBERTY COUNTY/05,Grade 12,42
2013-2014,AL,LIBERTY COUNTY/ALL,Early Education,53
2013-2014,AL,LIBERTY COUNTY/ALL,Pre-kindergarten,577
2013-2014,AL,LIBERTY COUNTY/ALL,Kindergarten,1115
2013-2014,AL,LIBERTY COUNTY/ALL,Grade  1,1190
2013-2014,AL,LIBERTY COUNTY/ALL,Grade  2,1127
2013-2014,AL,LIBERTY COUNTY/ALL,Grade  3,1061
2013-2014,AL,LIBERTY COUNTY/ALL,Grade  4,1100
2013-2014,AL,LIBERTY COUNTY/ALL,Grade  5,1113
2013-2014,AL,LIBERTY COUNTY/ALL,Grade  6,1106
2013-2014,AL,LIBERTY COUNTY/ALL,Grade  7,1182
2013-2014,AL,LIBERTY COUNTY/ALL,Grade  8,1143
2013-2014,AL,LIBERTY COUNTY/ALL,Grade  9,1197
2013-2014,AL,LIBERTY COUNTY/ALL,Grade 10,1153
2013-2014,AL,LIBERTY COUNTY/ALL,Grade 11,887
2013-2014,AL,LIBERTY COUNTY/ALL,Grade 12,842
2013-2014,12,LIMESTONE COUNTY,Early Education,13
2013-2014,12,LIMESTONE COUNTY,Pre-kindergarten,342
2013-2014,12,LIMESTONE COUNTY,Kindergarten,305
2013-2014,12,LIMESTONE COUNTY,Grade  1,338
2013-2014,12,LIMESTONE COUNTY,Grade  2,322
2013-2014,12,LIMESTONE COUNTY,Grade  3,297
2013-2014,12,LIMESTONE COUNTY,Grade  4,276
2013-2014,12,LIMESTONE COUNTY,Grade  5,285
2013-2014,12,LIMESTONE COUNTY,Grade  6,299
2013-2014,12,LIMESTONE COUNTY,Grade  7,294
2013-2014,12,LIMESTONE COUNTY,Grade  8,281
2013-2014,12,LIMESTONE COUNTY,Grade  9,298
2013-2014,12,LIMESTONE COUNTY,Grade 10,291
2013-2014,12,LIMESTONE COUNTY,Grade 11,251
2013-2014,12,LIMESTONE COUNTY,Grade 12,288
2013-2014,16,LIPSCOMB COUNTY,Early Education,6
2013-2014,16,LIPSCOMB COUNTY,Pre-kindergarten,58
2013-2014,16,LIPSCOMB COUNTY,Kindergarten,69
2013-2014,16,LIPSCOMB COUNTY,Grade  1,71
2013-2014,16,LIPSCOMB COUNTY,Grade  2,54
2013-2014,16,LIPSCOMB COUNTY,Grade  3,68
2013-2014,16,LIPSCOMB COUNTY,Grade  4,72
2013-2014,16,LIPSCOMB COUNTY,Grade  5,50
2013-2014,16,LIPSCOMB COUNTY,Grade  6,57
2013-2014,16,LIPSCOMB COUNTY,Grade  7,54
2013-2014,16,LIPSCOMB COUNTY,Grade  8,59
2013-2014,16,LIPSCOMB COUNTY,Grade  9,52
2013-2014,16,LIPSCOMB COUNTY,Grade 10,64
2013-2014,16,LIPSCOMB COUNTY,Grade 11,53
2013-2014,16,LIPSCOMB COUNTY,Grade 12,61
2013-2014,2,LIVE OAK COUNTY,Early Education,9
2013-2014,2,LIVE OAK COUNTY,Pre-kindergarten,51
2013-2014,2,LIVE OAK COUNTY,Kindergarten,138
2013-2014,2,LIVE OAK COUNTY,Grade  1,129
2013-2014,2,LIVE OAK COUNTY,Grade  2,120
2013-2014,2,LIVE OAK COUNTY,Grade  3,120
2013-2014,2,LIVE OAK COUNTY,Grade  4,131
2013-2014,2,LIVE OAK COUNTY,Grade  5,121
2013-2014,2,LIVE OAK COUNTY,Grade  6,145
2013-2014,2,LIVE OAK COUNTY,Grade  7,144
2013-2014,2,LIVE OAK COUNTY,Grade  8,153
2013-2014,2,LIVE OAK COUNTY,Grade  9,146
2013-2014,2,LIVE OAK COUNTY,Grade 10,126
2013-2014,2,LIVE OAK COUNTY,Grade 11,120
2013-2014,2,LIVE OAK COUNTY,Grade 12,113
2013-2014,13,LLANO COUNTY,Early Education,-9999999
2013-2014,13,LLANO COUNTY,Pre-kindergarten,62
2013-2014,13,LLANO COUNTY,Kindergarten,155
2013-2014,13,LLANO COUNTY,Grade  1,130
2013-2014,13,LLANO COUNTY,Grade  2,151
2013-2014,13,LLANO COUNTY,Grade  3,136
2013-2014,13,LLANO COUNTY,Grade  4,139
2013-2014,13,LLANO COUNTY,Grade  5,134
2013-2014,13,LLANO COUNTY,Grade  6,147
2013-2014,13,LLANO COUNTY,Grade  7,149
2013-2014,13,LLANO COUNTY,Grade  8,123
2013-2014,13,LLANO COUNTY,Grade  9,136
2013-2014,13,LLANO COUNTY,Grade 10,119
2013-2014,13,LLANO COUNTY,Grade 11,122
2013-2014,13,LLANO COUNTY,Grade 12,120
2013-2014,17,LUBBOCK COUNTY,Early Education,247
2013-2014,17,LUBBOCK COUNTY,Pre-kindergarten,2114
2013-2014,17,LUBBOCK COUNTY,Kindergarten,4304
2013-2014,17,LUBBOCK COUNTY,Grade  1,4433
2013-2014,17,LUBBOCK COUNTY,Grade  2,3859
2013-2014,17,LUBBOCK COUNTY,Grade  3,3894
2013-2014,17,LUBBOCK COUNTY,Grade  4,3714
2013-2014,17,LUBBOCK COUNTY,Grade  5,3719
2013-2014,17,LUBBOCK COUNTY,Grade  6,3573
2013-2014,17,LUBBOCK COUNTY,Grade  7,3613
2013-2014,17,LUBBOCK COUNTY,Grade  8,3566
2013-2014,17,LUBBOCK COUNTY,Grade  9,3487
2013-2014,17,LUBBOCK COUNTY,Grade 10,3325
2013-2014,17,LUBBOCK COUNTY,Grade 11,2963
2013-2014,17,LUBBOCK COUNTY,Grade 12,2796
2013-2014,17,LYNN COUNTY,Early Education,5
2013-2014,17,LYNN COUNTY,Pre-kindergarten,97
2013-2014,17,LYNN COUNTY,Kindergarten,113
2013-2014,17,LYNN COUNTY,Grade  1,143
2013-2014,17,LYNN COUNTY,Grade  2,105
2013-2014,17,LYNN COUNTY,Grade  3,102
2013-2014,17,LYNN COUNTY,Grade  4,88
2013-2014,17,LYNN COUNTY,Grade  5,105
2013-2014,17,LYNN COUNTY,Grade  6,81
2013-2014,17,LYNN COUNTY,Grade  7,89
2013-2014,17,LYNN COUNTY,Grade  8,78
2013-2014,17,LYNN COUNTY,Grade  9,97
2013-2014,17,LYNN COUNTY,Grade 10,79
2013-2014,17,LYNN COUNTY,Grade 11,87
2013-2014,17,LYNN COUNTY,Grade 12,95
2013-2014,6,MADISON COUNTY,Early Education,6
2013-2014,6,MADISON COUNTY,Pre-kindergarten,197
2013-2014,6,MADISON COUNTY,Kindergarten,199
2013-2014,6,MADISON COUNTY,Grade  1,214
2013-2014,6,MADISON COUNTY,Grade  2,180
2013-2014,6,MADISON COUNTY,Grade  3,184
2013-2014,6,MADISON COUNTY,Grade  4,159
2013-2014,6,MADISON COUNTY,Grade  5,202
2013-2014,6,MADISON COUNTY,Grade  6,186
2013-2014,6,MADISON COUNTY,Grade  7,220
2013-2014,6,MADISON COUNTY,Grade  8,206
2013-2014,6,MADISON COUNTY,Grade  9,197
2013-2014,6,MADISON COUNTY,Grade 10,199
2013-2014,6,MADISON COUNTY,Grade 11,156
2013-2014,6,MADISON COUNTY,Grade 12,183
2013-2014,8,MARION COUNTY,Early Education,-9999999
2013-2014,8,MARION COUNTY,Pre-kindergarten,83
2013-2014,8,MARION COUNTY,Kindergarten,94
2013-2014,8,MARION COUNTY,Grade  1,102
2013-2014,8,MARION COUNTY,Grade  2,74
2013-2014,8,MARION COUNTY,Grade  3,98
2013-2014,8,MARION COUNTY,Grade  4,87
2013-2014,8,MARION COUNTY,Grade  5,98
2013-2014,8,MARION COUNTY,Grade  6,75
2013-2014,8,MARION COUNTY,Grade  7,78
2013-2014,8,MARION COUNTY,Grade  8,73
2013-2014,8,MARION COUNTY,Grade  9,105
2013-2014,8,MARION COUNTY,Grade 10,87
2013-2014,8,MARION COUNTY,Grade 11,75
2013-2014,8,MARION COUNTY,Grade 12,82
2013-2014,18,MARTIN COUNTY,Early Education,-9999999
2013-2014,18,MARTIN COUNTY,Pre-kindergarten,28
2013-2014,18,MARTIN COUNTY,Kindergarten,106
2013-2014,18,MARTIN COUNTY,Grade  1,88
2013-2014,18,MARTIN COUNTY,Grade  2,79
2013-2014,18,MARTIN COUNTY,Grade  3,94
2013-2014,18,MARTIN COUNTY,Grade  4,79
2013-2014,18,MARTIN COUNTY,Grade  5,86
2013-2014,18,MARTIN COUNTY,Grade  6,82
2013-2014,18,MARTIN COUNTY,Grade  7,91
2013-2014,18,MARTIN COUNTY,Grade  8,93
2013-2014,18,MARTIN COUNTY,Grade  9,81
2013-2014,18,MARTIN COUNTY,Grade 10,70
2013-2014,18,MARTIN COUNTY,Grade 11,75
2013-2014,18,MARTIN COUNTY,Grade 12,59
2013-2014,15,MASON COUNTY,Early Education,-9999999
2013-2014,15,MASON COUNTY,Pre-kindergarten,42
2013-2014,15,MASON COUNTY,Kindergarten,61
2013-2014,15,MASON COUNTY,Grade  1,44
2013-2014,15,MASON COUNTY,Grade  2,55
2013-2014,15,MASON COUNTY,Grade  3,52
2013-2014,15,MASON COUNTY,Grade  4,51
2013-2014,15,MASON COUNTY,Grade  5,44
2013-2014,15,MASON COUNTY,Grade  6,43
2013-2014,15,MASON COUNTY,Grade  7,50
2013-2014,15,MASON COUNTY,Grade  8,58
2013-2014,15,MASON COUNTY,Grade  9,56
2013-2014,15,MASON COUNTY,Grade 10,50
2013-2014,15,MASON COUNTY,Grade 11,48
2013-2014,15,MASON COUNTY,Grade 12,51
2013-2014,3,MATAGORDA COUNTY,Early Education,8
2013-2014,3,MATAGORDA COUNTY,Pre-kindergarten,312
2013-2014,3,MATAGORDA COUNTY,Kindergarten,574
2013-2014,3,MATAGORDA COUNTY,Grade  1,569
2013-2014,3,MATAGORDA COUNTY,Grade  2,522
2013-2014,3,MATAGORDA COUNTY,Grade  3,546
2013-2014,3,MATAGORDA COUNTY,Grade  4,474
2013-2014,3,MATAGORDA COUNTY,Grade  5,524
2013-2014,3,MATAGORDA COUNTY,Grade  6,501
2013-2014,3,MATAGORDA COUNTY,Grade  7,556
2013-2014,3,MATAGORDA COUNTY,Grade  8,515
2013-2014,3,MATAGORDA COUNTY,Grade  9,554
2013-2014,3,MATAGORDA COUNTY,Grade 10,510
2013-2014,3,MATAGORDA COUNTY,Grade 11,431
2013-2014,3,MATAGORDA COUNTY,Grade 12,426
2013-2014,20,MAVERICK COUNTY,Early Education,87
2013-2014,20,MAVERICK COUNTY,Pre-kindergarten,621
2013-2014,20,MAVERICK COUNTY,Kindergarten,1100
2013-2014,20,MAVERICK COUNTY,Grade  1,1215
2013-2014,20,MAVERICK COUNTY,Grade  2,1136
2013-2014,20,MAVERICK COUNTY,Grade  3,1093
2013-2014,20,MAVERICK COUNTY,Grade  4,1089
2013-2014,20,MAVERICK COUNTY,Grade  5,1089
2013-2014,20,MAVERICK COUNTY,Grade  6,1151
2013-2014,20,MAVERICK COUNTY,Grade  7,1200
2013-2014,20,MAVERICK COUNTY,Grade  8,1079
2013-2014,20,MAVERICK COUNTY,Grade  9,1392
2013-2014,20,MAVERICK COUNTY,Grade 10,1110
2013-2014,20,MAVERICK COUNTY,Grade 11,867
2013-2014,20,MAVERICK COUNTY,Grade 12,888
2013-2014,15,MCCULLOCH COUNTY,Early Education,8
2013-2014,15,MCCULLOCH COUNTY,Pre-kindergarten,65
2013-2014,15,MCCULLOCH COUNTY,Kindergarten,118
2013-2014,15,MCCULLOCH COUNTY,Grade  1,132
2013-2014,15,MCCULLOCH COUNTY,Grade  2,109
2013-2014,15,MCCULLOCH COUNTY,Grade  3,108
2013-2014,15,MCCULLOCH COUNTY,Grade  4,109
2013-2014,15,MCCULLOCH COUNTY,Grade  5,113
2013-2014,15,MCCULLOCH COUNTY,Grade  6,116
2013-2014,15,MCCULLOCH COUNTY,Grade  7,106
2013-2014,15,MCCULLOCH COUNTY,Grade  8,105
2013-2014,15,MCCULLOCH COUNTY,Grade  9,138
2013-2014,15,MCCULLOCH COUNTY,Grade 10,126
2013-2014,15,MCCULLOCH COUNTY,Grade 11,101
2013-2014,15,MCCULLOCH COUNTY,Grade 12,103
2013-2014,12,MCLENNAN COUNTY,Early Education,140
2013-2014,12,MCLENNAN COUNTY,Pre-kindergarten,1811
2013-2014,12,MCLENNAN COUNTY,Kindergarten,3585
2013-2014,12,MCLENNAN COUNTY,Grade  1,3700
2013-2014,12,MCLENNAN COUNTY,Grade  2,3625
2013-2014,12,MCLENNAN COUNTY,Grade  3,3542
2013-2014,12,MCLENNAN COUNTY,Grade  4,3399
2013-2014,12,MCLENNAN COUNTY,Grade  5,3589
2013-2014,12,MCLENNAN COUNTY,Grade  6,3494
2013-2014,12,MCLENNAN COUNTY,Grade  7,3595
2013-2014,12,MCLENNAN COUNTY,Grade  8,3604
2013-2014,12,MCLENNAN COUNTY,Grade  9,3641
2013-2014,12,MCLENNAN COUNTY,Grade 10,3319
2013-2014,12,MCLENNAN COUNTY,Grade 11,2819
2013-2014,12,MCLENNAN COUNTY,Grade 12,2669
2013-2014,2,MCMULLEN COUNTY,Early Education,-9999999
2013-2014,2,MCMULLEN COUNTY,Pre-kindergarten,14
2013-2014,2,MCMULLEN COUNTY,Kindergarten,18
2013-2014,2,MCMULLEN COUNTY,Grade  1,15
2013-2014,2,MCMULLEN COUNTY,Grade  2,14
2013-2014,2,MCMULLEN COUNTY,Grade  3,24
2013-2014,2,MCMULLEN COUNTY,Grade  4,21
2013-2014,2,MCMULLEN COUNTY,Grade  5,14
2013-2014,2,MCMULLEN COUNTY,Grade  6,18
2013-2014,2,MCMULLEN COUNTY,Grade  7,16
2013-2014,2,MCMULLEN COUNTY,Grade  8,19
2013-2014,2,MCMULLEN COUNTY,Grade  9,18
2013-2014,2,MCMULLEN COUNTY,Grade 10,22
2013-2014,2,MCMULLEN COUNTY,Grade 11,17
2013-2014,2,MCMULLEN COUNTY,Grade 12,14
2013-2014,20,MEDINA COUNTY,Early Education,16
2013-2014,20,MEDINA COUNTY,Pre-kindergarten,423
2013-2014,20,MEDINA COUNTY,Kindergarten,668
2013-2014,20,MEDINA COUNTY,Grade  1,685
2013-2014,20,MEDINA COUNTY,Grade  2,717
2013-2014,20,MEDINA COUNTY,Grade  3,712
2013-2014,20,MEDINA COUNTY,Grade  4,706
2013-2014,20,MEDINA COUNTY,Grade  5,701
2013-2014,20,MEDINA COUNTY,Grade  6,708
2013-2014,20,MEDINA COUNTY,Grade  7,725
2013-2014,20,MEDINA COUNTY,Grade  8,752
2013-2014,20,MEDINA COUNTY,Grade  9,715
2013-2014,20,MEDINA COUNTY,Grade 10,675
2013-2014,20,MEDINA COUNTY,Grade 11,600
2013-2014,20,MEDINA COUNTY,Grade 12,658
2013-2014,15,MENARD COUNTY,Pre-kindergarten,16
2013-2014,15,MENARD COUNTY,Kindergarten,27
2013-2014,15,MENARD COUNTY,Grade  1,22
2013-2014,15,MENARD COUNTY,Grade  2,26
2013-2014,15,MENARD COUNTY,Grade  3,24
2013-2014,15,MENARD COUNTY,Grade  4,23
2013-2014,15,MENARD COUNTY,Grade  5,24
2013-2014,15,MENARD COUNTY,Grade  6,22
2013-2014,15,MENARD COUNTY,Grade  7,25
2013-2014,15,MENARD COUNTY,Grade  8,22
2013-2014,15,MENARD COUNTY,Grade  9,23
2013-2014,15,MENARD COUNTY,Grade 10,17
2013-2014,15,MENARD COUNTY,Grade 11,21
2013-2014,15,MENARD COUNTY,Grade 12,25
2013-2014,18,MIDLAND COUNTY,Early Education,120
2013-2014,18,MIDLAND COUNTY,Pre-kindergarten,768
2013-2014,18,MIDLAND COUNTY,Kindergarten,2196
2013-2014,18,MIDLAND COUNTY,Grade  1,2271
2013-2014,18,MIDLAND COUNTY,Grade  2,2097
2013-2014,18,MIDLAND COUNTY,Grade  3,2059
2013-2014,18,MIDLAND COUNTY,Grade  4,1975
2013-2014,18,MIDLAND COUNTY,Grade  5,2035
2013-2014,18,MIDLAND COUNTY,Grade  6,1880
2013-2014,18,MIDLAND COUNTY,Grade  7,1966
2013-2014,18,MIDLAND COUNTY,Grade  8,1887
2013-2014,18,MIDLAND COUNTY,Grade  9,2020
2013-2014,18,MIDLAND COUNTY,Grade 10,1811
2013-2014,18,MIDLAND COUNTY,Grade 11,1562
2013-2014,18,MIDLAND COUNTY,Grade 12,1381
2013-2014,6,MILAM COUNTY/06,Early Education,5
2013-2014,6,MILAM COUNTY/06,Pre-kindergarten,261
2013-2014,6,MILAM COUNTY/06,Kindergarten,320
2013-2014,6,MILAM COUNTY/06,Grade  1,329
2013-2014,6,MILAM COUNTY/06,Grade  2,272
2013-2014,6,MILAM COUNTY/06,Grade  3,313
2013-2014,6,MILAM COUNTY/06,Grade  4,286
2013-2014,6,MILAM COUNTY/06,Grade  5,309
2013-2014,6,MILAM COUNTY/06,Grade  6,277
2013-2014,6,MILAM COUNTY/06,Grade  7,325
2013-2014,6,MILAM COUNTY/06,Grade  8,302
2013-2014,6,MILAM COUNTY/06,Grade  9,278
2013-2014,6,MILAM COUNTY/06,Grade 10,264
2013-2014,6,MILAM COUNTY/06,Grade 11,252
2013-2014,6,MILAM COUNTY/06,Grade 12,251
2013-2014,13,MILAM COUNTY/13,Early Education,-9999999
2013-2014,13,MILAM COUNTY/13,Pre-kindergarten,22
2013-2014,13,MILAM COUNTY/13,Kindergarten,38
2013-2014,13,MILAM COUNTY/13,Grade  1,44
2013-2014,13,MILAM COUNTY/13,Grade  2,37
2013-2014,13,MILAM COUNTY/13,Grade  3,41
2013-2014,13,MILAM COUNTY/13,Grade  4,50
2013-2014,13,MILAM COUNTY/13,Grade  5,46
2013-2014,13,MILAM COUNTY/13,Grade  6,46
2013-2014,13,MILAM COUNTY/13,Grade  7,54
2013-2014,13,MILAM COUNTY/13,Grade  8,57
2013-2014,13,MILAM COUNTY/13,Grade  9,35
2013-2014,13,MILAM COUNTY/13,Grade 10,48
2013-2014,13,MILAM COUNTY/13,Grade 11,52
2013-2014,13,MILAM COUNTY/13,Grade 12,50
2013-2014,AL,MILAM COUNTY/ALL,Early Education,6
2013-2014,AL,MILAM COUNTY/ALL,Pre-kindergarten,283
2013-2014,AL,MILAM COUNTY/ALL,Kindergarten,358
2013-2014,AL,MILAM COUNTY/ALL,Grade  1,373
2013-2014,AL,MILAM COUNTY/ALL,Grade  2,309
2013-2014,AL,MILAM COUNTY/ALL,Grade  3,354
2013-2014,AL,MILAM COUNTY/ALL,Grade  4,336
2013-2014,AL,MILAM COUNTY/ALL,Grade  5,355
2013-2014,AL,MILAM COUNTY/ALL,Grade  6,323
2013-2014,AL,MILAM COUNTY/ALL,Grade  7,379
2013-2014,AL,MILAM COUNTY/ALL,Grade  8,359
2013-2014,AL,MILAM COUNTY/ALL,Grade  9,313
2013-2014,AL,MILAM COUNTY/ALL,Grade 10,312
2013-2014,AL,MILAM COUNTY/ALL,Grade 11,304
2013-2014,AL,MILAM COUNTY/ALL,Grade 12,301
2013-2014,12,MILLS COUNTY,Early Education,-9999999
2013-2014,12,MILLS COUNTY,Pre-kindergarten,43
2013-2014,12,MILLS COUNTY,Kindergarten,58
2013-2014,12,MILLS COUNTY,Grade  1,59
2013-2014,12,MILLS COUNTY,Grade  2,56
2013-2014,12,MILLS COUNTY,Grade  3,56
2013-2014,12,MILLS COUNTY,Grade  4,65
2013-2014,12,MILLS COUNTY,Grade  5,43
2013-2014,12,MILLS COUNTY,Grade  6,61
2013-2014,12,MILLS COUNTY,Grade  7,70
2013-2014,12,MILLS COUNTY,Grade  8,61
2013-2014,12,MILLS COUNTY,Grade  9,94
2013-2014,12,MILLS COUNTY,Grade 10,71
2013-2014,12,MILLS COUNTY,Grade 11,61
2013-2014,12,MILLS COUNTY,Grade 12,68
2013-2014,14,MITCHELL COUNTY,Early Education,-9999999
2013-2014,14,MITCHELL COUNTY,Pre-kindergarten,130
2013-2014,14,MITCHELL COUNTY,Kindergarten,116
2013-2014,14,MITCHELL COUNTY,Grade  1,113
2013-2014,14,MITCHELL COUNTY,Grade  2,101
2013-2014,14,MITCHELL COUNTY,Grade  3,97
2013-2014,14,MITCHELL COUNTY,Grade  4,105
2013-2014,14,MITCHELL COUNTY,Grade  5,101
2013-2014,14,MITCHELL COUNTY,Grade  6,88
2013-2014,14,MITCHELL COUNTY,Grade  7,103
2013-2014,14,MITCHELL COUNTY,Grade  8,113
2013-2014,14,MITCHELL COUNTY,Grade  9,112
2013-2014,14,MITCHELL COUNTY,Grade 10,120
2013-2014,14,MITCHELL COUNTY,Grade 11,82
2013-2014,14,MITCHELL COUNTY,Grade 12,72
2013-2014,9,MONTAGUE COUNTY,Early Education,18
2013-2014,9,MONTAGUE COUNTY,Pre-kindergarten,177
2013-2014,9,MONTAGUE COUNTY,Kindergarten,263
2013-2014,9,MONTAGUE COUNTY,Grade  1,266
2013-2014,9,MONTAGUE COUNTY,Grade  2,235
2013-2014,9,MONTAGUE COUNTY,Grade  3,246
2013-2014,9,MONTAGUE COUNTY,Grade  4,257
2013-2014,9,MONTAGUE COUNTY,Grade  5,240
2013-2014,9,MONTAGUE COUNTY,Grade  6,267
2013-2014,9,MONTAGUE COUNTY,Grade  7,254
2013-2014,9,MONTAGUE COUNTY,Grade  8,257
2013-2014,9,MONTAGUE COUNTY,Grade  9,240
2013-2014,9,MONTAGUE COUNTY,Grade 10,225
2013-2014,9,MONTAGUE COUNTY,Grade 11,227
2013-2014,9,MONTAGUE COUNTY,Grade 12,205
2013-2014,6,MONTGOMERY COUNTY,Early Education,369
2013-2014,6,MONTGOMERY COUNTY,Pre-kindergarten,2789
2013-2014,6,MONTGOMERY COUNTY,Kindergarten,7084
2013-2014,6,MONTGOMERY COUNTY,Grade  1,7643
2013-2014,6,MONTGOMERY COUNTY,Grade  2,7503
2013-2014,6,MONTGOMERY COUNTY,Grade  3,7517
2013-2014,6,MONTGOMERY COUNTY,Grade  4,7364
2013-2014,6,MONTGOMERY COUNTY,Grade  5,7456
2013-2014,6,MONTGOMERY COUNTY,Grade  6,7465
2013-2014,6,MONTGOMERY COUNTY,Grade  7,7548
2013-2014,6,MONTGOMERY COUNTY,Grade  8,7633
2013-2014,6,MONTGOMERY COUNTY,Grade  9,7868
2013-2014,6,MONTGOMERY COUNTY,Grade 10,7180
2013-2014,6,MONTGOMERY COUNTY,Grade 11,6263
2013-2014,6,MONTGOMERY COUNTY,Grade 12,6168
2013-2014,16,MOORE COUNTY,Early Education,8
2013-2014,16,MOORE COUNTY,Pre-kindergarten,237
2013-2014,16,MOORE COUNTY,Kindergarten,410
2013-2014,16,MOORE COUNTY,Grade  1,453
2013-2014,16,MOORE COUNTY,Grade  2,386
2013-2014,16,MOORE COUNTY,Grade  3,421
2013-2014,16,MOORE COUNTY,Grade  4,387
2013-2014,16,MOORE COUNTY,Grade  5,388
2013-2014,16,MOORE COUNTY,Grade  6,360
2013-2014,16,MOORE COUNTY,Grade  7,365
2013-2014,16,MOORE COUNTY,Grade  8,358
2013-2014,16,MOORE COUNTY,Grade  9,388
2013-2014,16,MOORE COUNTY,Grade 10,363
2013-2014,16,MOORE COUNTY,Grade 11,298
2013-2014,16,MOORE COUNTY,Grade 12,309
2013-2014,8,MORRIS COUNTY,Early Education,13
2013-2014,8,MORRIS COUNTY,Pre-kindergarten,115
2013-2014,8,MORRIS COUNTY,Kindergarten,189
2013-2014,8,MORRIS COUNTY,Grade  1,175
2013-2014,8,MORRIS COUNTY,Grade  2,167
2013-2014,8,MORRIS COUNTY,Grade  3,150
2013-2014,8,MORRIS COUNTY,Grade  4,148
2013-2014,8,MORRIS COUNTY,Grade  5,162
2013-2014,8,MORRIS COUNTY,Grade  6,128
2013-2014,8,MORRIS COUNTY,Grade  7,150
2013-2014,8,MORRIS COUNTY,Grade  8,133
2013-2014,8,MORRIS COUNTY,Grade  9,174
2013-2014,8,MORRIS COUNTY,Grade 10,153
2013-2014,8,MORRIS COUNTY,Grade 11,136
2013-2014,8,MORRIS COUNTY,Grade 12,138
2013-2014,17,MOTLEY COUNTY,Early Education,-9999999
2013-2014,17,MOTLEY COUNTY,Pre-kindergarten,11
2013-2014,17,MOTLEY COUNTY,Kindergarten,11
2013-2014,17,MOTLEY COUNTY,Grade  1,14
2013-2014,17,MOTLEY COUNTY,Grade  2,11
2013-2014,17,MOTLEY COUNTY,Grade  3,10
2013-2014,17,MOTLEY COUNTY,Grade  4,11
2013-2014,17,MOTLEY COUNTY,Grade  5,11
2013-2014,17,MOTLEY COUNTY,Grade  6,10
2013-2014,17,MOTLEY COUNTY,Grade  7,14
2013-2014,17,MOTLEY COUNTY,Grade  8,12
2013-2014,17,MOTLEY COUNTY,Grade  9,8
2013-2014,17,MOTLEY COUNTY,Grade 10,13
2013-2014,17,MOTLEY COUNTY,Grade 11,15
2013-2014,17,MOTLEY COUNTY,Grade 12,12
2013-2014,7,NACOGDOCHES COUNTY,Early Education,15
2013-2014,7,NACOGDOCHES COUNTY,Pre-kindergarten,650
2013-2014,7,NACOGDOCHES COUNTY,Kindergarten,932
2013-2014,7,NACOGDOCHES COUNTY,Grade  1,912
2013-2014,7,NACOGDOCHES COUNTY,Grade  2,844
2013-2014,7,NACOGDOCHES COUNTY,Grade  3,862
2013-2014,7,NACOGDOCHES COUNTY,Grade  4,821
2013-2014,7,NACOGDOCHES COUNTY,Grade  5,816
2013-2014,7,NACOGDOCHES COUNTY,Grade  6,816
2013-2014,7,NACOGDOCHES COUNTY,Grade  7,807
2013-2014,7,NACOGDOCHES COUNTY,Grade  8,819
2013-2014,7,NACOGDOCHES COUNTY,Grade  9,830
2013-2014,7,NACOGDOCHES COUNTY,Grade 10,742
2013-2014,7,NACOGDOCHES COUNTY,Grade 11,738
2013-2014,7,NACOGDOCHES COUNTY,Grade 12,652
2013-2014,12,NAVARRO COUNTY,Early Education,30
2013-2014,12,NAVARRO COUNTY,Pre-kindergarten,374
2013-2014,12,NAVARRO COUNTY,Kindergarten,716
2013-2014,12,NAVARRO COUNTY,Grade  1,842
2013-2014,12,NAVARRO COUNTY,Grade  2,724
2013-2014,12,NAVARRO COUNTY,Grade  3,725
2013-2014,12,NAVARRO COUNTY,Grade  4,743
2013-2014,12,NAVARRO COUNTY,Grade  5,742
2013-2014,12,NAVARRO COUNTY,Grade  6,692
2013-2014,12,NAVARRO COUNTY,Grade  7,783
2013-2014,12,NAVARRO COUNTY,Grade  8,734
2013-2014,12,NAVARRO COUNTY,Grade  9,782
2013-2014,12,NAVARRO COUNTY,Grade 10,729
2013-2014,12,NAVARRO COUNTY,Grade 11,668
2013-2014,12,NAVARRO COUNTY,Grade 12,657
2013-2014,5,NEWTON COUNTY,Early Education,5
2013-2014,5,NEWTON COUNTY,Pre-kindergarten,96
2013-2014,5,NEWTON COUNTY,Kindergarten,130
2013-2014,5,NEWTON COUNTY,Grade  1,146
2013-2014,5,NEWTON COUNTY,Grade  2,138
2013-2014,5,NEWTON COUNTY,Grade  3,140
2013-2014,5,NEWTON COUNTY,Grade  4,133
2013-2014,5,NEWTON COUNTY,Grade  5,135
2013-2014,5,NEWTON COUNTY,Grade  6,154
2013-2014,5,NEWTON COUNTY,Grade  7,177
2013-2014,5,NEWTON COUNTY,Grade  8,150
2013-2014,5,NEWTON COUNTY,Grade  9,168
2013-2014,5,NEWTON COUNTY,Grade 10,165
2013-2014,5,NEWTON COUNTY,Grade 11,145
2013-2014,5,NEWTON COUNTY,Grade 12,140
2013-2014,14,NOLAN COUNTY,Early Education,56
2013-2014,14,NOLAN COUNTY,Pre-kindergarten,187
2013-2014,14,NOLAN COUNTY,Kindergarten,266
2013-2014,14,NOLAN COUNTY,Grade  1,253
2013-2014,14,NOLAN COUNTY,Grade  2,254
2013-2014,14,NOLAN COUNTY,Grade  3,256
2013-2014,14,NOLAN COUNTY,Grade  4,224
2013-2014,14,NOLAN COUNTY,Grade  5,227
2013-2014,14,NOLAN COUNTY,Grade  6,210
2013-2014,14,NOLAN COUNTY,Grade  7,261
2013-2014,14,NOLAN COUNTY,Grade  8,180
2013-2014,14,NOLAN COUNTY,Grade  9,232
2013-2014,14,NOLAN COUNTY,Grade 10,204
2013-2014,14,NOLAN COUNTY,Grade 11,169
2013-2014,14,NOLAN COUNTY,Grade 12,161
2013-2014,2,NUECES COUNTY,Early Education,177
2013-2014,2,NUECES COUNTY,Pre-kindergarten,2069
2013-2014,2,NUECES COUNTY,Kindergarten,4611
2013-2014,2,NUECES COUNTY,Grade  1,5051
2013-2014,2,NUECES COUNTY,Grade  2,4864
2013-2014,2,NUECES COUNTY,Grade  3,4845
2013-2014,2,NUECES COUNTY,Grade  4,4636
2013-2014,2,NUECES COUNTY,Grade  5,4742
2013-2014,2,NUECES COUNTY,Grade  6,4807
2013-2014,2,NUECES COUNTY,Grade  7,4905
2013-2014,2,NUECES COUNTY,Grade  8,4901
2013-2014,2,NUECES COUNTY,Grade  9,5115
2013-2014,2,NUECES COUNTY,Grade 10,4379
2013-2014,2,NUECES COUNTY,Grade 11,4059
2013-2014,2,NUECES COUNTY,Grade 12,3831
2013-2014,16,OCHILTREE COUNTY,Early Education,-9999999
2013-2014,16,OCHILTREE COUNTY,Pre-kindergarten,107
2013-2014,16,OCHILTREE COUNTY,Kindergarten,195
2013-2014,16,OCHILTREE COUNTY,Grade  1,212
2013-2014,16,OCHILTREE COUNTY,Grade  2,200
2013-2014,16,OCHILTREE COUNTY,Grade  3,203
2013-2014,16,OCHILTREE COUNTY,Grade  4,191
2013-2014,16,OCHILTREE COUNTY,Grade  5,188
2013-2014,16,OCHILTREE COUNTY,Grade  6,163
2013-2014,16,OCHILTREE COUNTY,Grade  7,195
2013-2014,16,OCHILTREE COUNTY,Grade  8,154
2013-2014,16,OCHILTREE COUNTY,Grade  9,207
2013-2014,16,OCHILTREE COUNTY,Grade 10,136
2013-2014,16,OCHILTREE COUNTY,Grade 11,120
2013-2014,16,OCHILTREE COUNTY,Grade 12,159
2013-2014,16,OLDHAM COUNTY,Early Education,-9999999
2013-2014,16,OLDHAM COUNTY,Pre-kindergarten,15
2013-2014,16,OLDHAM COUNTY,Kindergarten,42
2013-2014,16,OLDHAM COUNTY,Grade  1,45
2013-2014,16,OLDHAM COUNTY,Grade  2,45
2013-2014,16,OLDHAM COUNTY,Grade  3,53
2013-2014,16,OLDHAM COUNTY,Grade  4,45
2013-2014,16,OLDHAM COUNTY,Grade  5,61
2013-2014,16,OLDHAM COUNTY,Grade  6,68
2013-2014,16,OLDHAM COUNTY,Grade  7,76
2013-2014,16,OLDHAM COUNTY,Grade  8,84
2013-2014,16,OLDHAM COUNTY,Grade  9,88
2013-2014,16,OLDHAM COUNTY,Grade 10,95
2013-2014,16,OLDHAM COUNTY,Grade 11,79
2013-2014,16,OLDHAM COUNTY,Grade 12,79
2013-2014,5,ORANGE COUNTY,Early Education,49
2013-2014,5,ORANGE COUNTY,Pre-kindergarten,670
2013-2014,5,ORANGE COUNTY,Kindergarten,1146
2013-2014,5,ORANGE COUNTY,Grade  1,1208
2013-2014,5,ORANGE COUNTY,Grade  2,1113
2013-2014,5,ORANGE COUNTY,Grade  3,1051
2013-2014,5,ORANGE COUNTY,Grade  4,1147
2013-2014,5,ORANGE COUNTY,Grade  5,1100
2013-2014,5,ORANGE COUNTY,Grade  6,1096
2013-2014,5,ORANGE COUNTY,Grade  7,1136
2013-2014,5,ORANGE COUNTY,Grade  8,1132
2013-2014,5,ORANGE COUNTY,Grade  9,1224
2013-2014,5,ORANGE COUNTY,Grade 10,1099
2013-2014,5,ORANGE COUNTY,Grade 11,1007
2013-2014,5,ORANGE COUNTY,Grade 12,1026
2013-2014,11,PALO PINTO COUNTY,Early Education,21
2013-2014,11,PALO PINTO COUNTY,Pre-kindergarten,256
2013-2014,11,PALO PINTO COUNTY,Kindergarten,319
2013-2014,11,PALO PINTO COUNTY,Grade  1,374
2013-2014,11,PALO PINTO COUNTY,Grade  2,402
2013-2014,11,PALO PINTO COUNTY,Grade  3,327
2013-2014,11,PALO PINTO COUNTY,Grade  4,319
2013-2014,11,PALO PINTO COUNTY,Grade  5,337
2013-2014,11,PALO PINTO COUNTY,Grade  6,329
2013-2014,11,PALO PINTO COUNTY,Grade  7,377
2013-2014,11,PALO PINTO COUNTY,Grade  8,331
2013-2014,11,PALO PINTO COUNTY,Grade  9,378
2013-2014,11,PALO PINTO COUNTY,Grade 10,345
2013-2014,11,PALO PINTO COUNTY,Grade 11,327
2013-2014,11,PALO PINTO COUNTY,Grade 12,265
2013-2014,7,PANOLA COUNTY,Early Education,14
2013-2014,7,PANOLA COUNTY,Pre-kindergarten,173
2013-2014,7,PANOLA COUNTY,Kindergarten,325
2013-2014,7,PANOLA COUNTY,Grade  1,326
2013-2014,7,PANOLA COUNTY,Grade  2,282
2013-2014,7,PANOLA COUNTY,Grade  3,319
2013-2014,7,PANOLA COUNTY,Grade  4,272
2013-2014,7,PANOLA COUNTY,Grade  5,276
2013-2014,7,PANOLA COUNTY,Grade  6,287
2013-2014,7,PANOLA COUNTY,Grade  7,301
2013-2014,7,PANOLA COUNTY,Grade  8,338
2013-2014,7,PANOLA COUNTY,Grade  9,317
2013-2014,7,PANOLA COUNTY,Grade 10,300
2013-2014,7,PANOLA COUNTY,Grade 11,274
2013-2014,7,PANOLA COUNTY,Grade 12,249
2013-2014,11,PARKER COUNTY,Early Education,78
2013-2014,11,PARKER COUNTY,Pre-kindergarten,420
2013-2014,11,PARKER COUNTY,Kindergarten,1561
2013-2014,11,PARKER COUNTY,Grade  1,1488
2013-2014,11,PARKER COUNTY,Grade  2,1443
2013-2014,11,PARKER COUNTY,Grade  3,1501
2013-2014,11,PARKER COUNTY,Grade  4,1438
2013-2014,11,PARKER COUNTY,Grade  5,1565
2013-2014,11,PARKER COUNTY,Grade  6,1460
2013-2014,11,PARKER COUNTY,Grade  7,1547
2013-2014,11,PARKER COUNTY,Grade  8,1468
2013-2014,11,PARKER COUNTY,Grade  9,1652
2013-2014,11,PARKER COUNTY,Grade 10,1436
2013-2014,11,PARKER COUNTY,Grade 11,1432
2013-2014,11,PARKER COUNTY,Grade 12,1276
2013-2014,16,PARMER COUNTY,Early Education,24
2013-2014,16,PARMER COUNTY,Pre-kindergarten,167
2013-2014,16,PARMER COUNTY,Kindergarten,159
2013-2014,16,PARMER COUNTY,Grade  1,164
2013-2014,16,PARMER COUNTY,Grade  2,197
2013-2014,16,PARMER COUNTY,Grade  3,161
2013-2014,16,PARMER COUNTY,Grade  4,173
2013-2014,16,PARMER COUNTY,Grade  5,175
2013-2014,16,PARMER COUNTY,Grade  6,169
2013-2014,16,PARMER COUNTY,Grade  7,183
2013-2014,16,PARMER COUNTY,Grade  8,176
2013-2014,16,PARMER COUNTY,Grade  9,164
2013-2014,16,PARMER COUNTY,Grade 10,163
2013-2014,16,PARMER COUNTY,Grade 11,143
2013-2014,16,PARMER COUNTY,Grade 12,159
2013-2014,18,PECOS COUNTY,Early Education,19
2013-2014,18,PECOS COUNTY,Pre-kindergarten,103
2013-2014,18,PECOS COUNTY,Kindergarten,252
2013-2014,18,PECOS COUNTY,Grade  1,285
2013-2014,18,PECOS COUNTY,Grade  2,238
2013-2014,18,PECOS COUNTY,Grade  3,254
2013-2014,18,PECOS COUNTY,Grade  4,253
2013-2014,18,PECOS COUNTY,Grade  5,207
2013-2014,18,PECOS COUNTY,Grade  6,202
2013-2014,18,PECOS COUNTY,Grade  7,236
2013-2014,18,PECOS COUNTY,Grade  8,223
2013-2014,18,PECOS COUNTY,Grade  9,250
2013-2014,18,PECOS COUNTY,Grade 10,222
2013-2014,18,PECOS COUNTY,Grade 11,211
2013-2014,18,PECOS COUNTY,Grade 12,183
2013-2014,6,POLK COUNTY,Early Education,21
2013-2014,6,POLK COUNTY,Pre-kindergarten,279
2013-2014,6,POLK COUNTY,Kindergarten,512
2013-2014,6,POLK COUNTY,Grade  1,578
2013-2014,6,POLK COUNTY,Grade  2,551
2013-2014,6,POLK COUNTY,Grade  3,515
2013-2014,6,POLK COUNTY,Grade  4,485
2013-2014,6,POLK COUNTY,Grade  5,521
2013-2014,6,POLK COUNTY,Grade  6,533
2013-2014,6,POLK COUNTY,Grade  7,514
2013-2014,6,POLK COUNTY,Grade  8,491
2013-2014,6,POLK COUNTY,Grade  9,530
2013-2014,6,POLK COUNTY,Grade 10,495
2013-2014,6,POLK COUNTY,Grade 11,465
2013-2014,6,POLK COUNTY,Grade 12,388
2013-2014,16,POTTER COUNTY,Early Education,208
2013-2014,16,POTTER COUNTY,Pre-kindergarten,2165
2013-2014,16,POTTER COUNTY,Kindergarten,3030
2013-2014,16,POTTER COUNTY,Grade  1,2969
2013-2014,16,POTTER COUNTY,Grade  2,2879
2013-2014,16,POTTER COUNTY,Grade  3,2868
2013-2014,16,POTTER COUNTY,Grade  4,2787
2013-2014,16,POTTER COUNTY,Grade  5,2737
2013-2014,16,POTTER COUNTY,Grade  6,2588
2013-2014,16,POTTER COUNTY,Grade  7,2613
2013-2014,16,POTTER COUNTY,Grade  8,2534
2013-2014,16,POTTER COUNTY,Grade  9,3118
2013-2014,16,POTTER COUNTY,Grade 10,2396
2013-2014,16,POTTER COUNTY,Grade 11,2307
2013-2014,16,POTTER COUNTY,Grade 12,2265
2013-2014,18,PRESIDIO COUNTY,Early Education,-9999999
2013-2014,18,PRESIDIO COUNTY,Pre-kindergarten,129
2013-2014,18,PRESIDIO COUNTY,Kindergarten,131
2013-2014,18,PRESIDIO COUNTY,Grade  1,116
2013-2014,18,PRESIDIO COUNTY,Grade  2,108
2013-2014,18,PRESIDIO COUNTY,Grade  3,121
2013-2014,18,PRESIDIO COUNTY,Grade  4,124
2013-2014,18,PRESIDIO COUNTY,Grade  5,138
2013-2014,18,PRESIDIO COUNTY,Grade  6,113
2013-2014,18,PRESIDIO COUNTY,Grade  7,130
2013-2014,18,PRESIDIO COUNTY,Grade  8,127
2013-2014,18,PRESIDIO COUNTY,Grade  9,147
2013-2014,18,PRESIDIO COUNTY,Grade 10,143
2013-2014,18,PRESIDIO COUNTY,Grade 11,124
2013-2014,18,PRESIDIO COUNTY,Grade 12,109
2013-2014,7,RAINS COUNTY,Early Education,7
2013-2014,7,RAINS COUNTY,Pre-kindergarten,43
2013-2014,7,RAINS COUNTY,Kindergarten,119
2013-2014,7,RAINS COUNTY,Grade  1,125
2013-2014,7,RAINS COUNTY,Grade  2,110
2013-2014,7,RAINS COUNTY,Grade  3,114
2013-2014,7,RAINS COUNTY,Grade  4,126
2013-2014,7,RAINS COUNTY,Grade  5,121
2013-2014,7,RAINS COUNTY,Grade  6,132
2013-2014,7,RAINS COUNTY,Grade  7,110
2013-2014,7,RAINS COUNTY,Grade  8,129
2013-2014,7,RAINS COUNTY,Grade  9,139
2013-2014,7,RAINS COUNTY,Grade 10,129
2013-2014,7,RAINS COUNTY,Grade 11,121
2013-2014,7,RAINS COUNTY,Grade 12,95
2013-2014,16,RANDALL COUNTY,Early Education,52
2013-2014,16,RANDALL COUNTY,Pre-kindergarten,157
2013-2014,16,RANDALL COUNTY,Kindergarten,708
2013-2014,16,RANDALL COUNTY,Grade  1,708
2013-2014,16,RANDALL COUNTY,Grade  2,703
2013-2014,16,RANDALL COUNTY,Grade  3,692
2013-2014,16,RANDALL COUNTY,Grade  4,724
2013-2014,16,RANDALL COUNTY,Grade  5,746
2013-2014,16,RANDALL COUNTY,Grade  6,700
2013-2014,16,RANDALL COUNTY,Grade  7,711
2013-2014,16,RANDALL COUNTY,Grade  8,744
2013-2014,16,RANDALL COUNTY,Grade  9,711
2013-2014,16,RANDALL COUNTY,Grade 10,726
2013-2014,16,RANDALL COUNTY,Grade 11,668
2013-2014,16,RANDALL COUNTY,Grade 12,670
2013-2014,18,REAGAN COUNTY,Pre-kindergarten,64
2013-2014,18,REAGAN COUNTY,Kindergarten,74
2013-2014,18,REAGAN COUNTY,Grade  1,72
2013-2014,18,REAGAN COUNTY,Grade  2,68
2013-2014,18,REAGAN COUNTY,Grade  3,62
2013-2014,18,REAGAN COUNTY,Grade  4,65
2013-2014,18,REAGAN COUNTY,Grade  5,81
2013-2014,18,REAGAN COUNTY,Grade  6,63
2013-2014,18,REAGAN COUNTY,Grade  7,57
2013-2014,18,REAGAN COUNTY,Grade  8,57
2013-2014,18,REAGAN COUNTY,Grade  9,64
2013-2014,18,REAGAN COUNTY,Grade 10,80
2013-2014,18,REAGAN COUNTY,Grade 11,53
2013-2014,18,REAGAN COUNTY,Grade 12,58
2013-2014,20,REAL COUNTY,Early Education,-9999999
2013-2014,20,REAL COUNTY,Kindergarten,24
2013-2014,20,REAL COUNTY,Grade  1,24
2013-2014,20,REAL COUNTY,Grade  2,33
2013-2014,20,REAL COUNTY,Grade  3,30
2013-2014,20,REAL COUNTY,Grade  4,38
2013-2014,20,REAL COUNTY,Grade  5,36
2013-2014,20,REAL COUNTY,Grade  6,36
2013-2014,20,REAL COUNTY,Grade  7,43
2013-2014,20,REAL COUNTY,Grade  8,36
2013-2014,20,REAL COUNTY,Grade  9,53
2013-2014,20,REAL COUNTY,Grade 10,38
2013-2014,20,REAL COUNTY,Grade 11,33
2013-2014,20,REAL COUNTY,Grade 12,33
2013-2014,8,RED RIVER COUNTY,Early Education,-9999999
2013-2014,8,RED RIVER COUNTY,Pre-kindergarten,137
2013-2014,8,RED RIVER COUNTY,Kindergarten,189
2013-2014,8,RED RIVER COUNTY,Grade  1,150
2013-2014,8,RED RIVER COUNTY,Grade  2,168
2013-2014,8,RED RIVER COUNTY,Grade  3,133
2013-2014,8,RED RIVER COUNTY,Grade  4,145
2013-2014,8,RED RIVER COUNTY,Grade  5,160
2013-2014,8,RED RIVER COUNTY,Grade  6,155
2013-2014,8,RED RIVER COUNTY,Grade  7,171
2013-2014,8,RED RIVER COUNTY,Grade  8,153
2013-2014,8,RED RIVER COUNTY,Grade  9,150
2013-2014,8,RED RIVER COUNTY,Grade 10,170
2013-2014,8,RED RIVER COUNTY,Grade 11,161
2013-2014,8,RED RIVER COUNTY,Grade 12,147
2013-2014,18,REEVES COUNTY,Early Education,-9999999
2013-2014,18,REEVES COUNTY,Pre-kindergarten,99
2013-2014,18,REEVES COUNTY,Kindergarten,222
2013-2014,18,REEVES COUNTY,Grade  1,232
2013-2014,18,REEVES COUNTY,Grade  2,192
2013-2014,18,REEVES COUNTY,Grade  3,181
2013-2014,18,REEVES COUNTY,Grade  4,174
2013-2014,18,REEVES COUNTY,Grade  5,214
2013-2014,18,REEVES COUNTY,Grade  6,180
2013-2014,18,REEVES COUNTY,Grade  7,184
2013-2014,18,REEVES COUNTY,Grade  8,172
2013-2014,18,REEVES COUNTY,Grade  9,198
2013-2014,18,REEVES COUNTY,Grade 10,152
2013-2014,18,REEVES COUNTY,Grade 11,139
2013-2014,18,REEVES COUNTY,Grade 12,149
2013-2014,3,REFUGIO COUNTY,Early Education,13
2013-2014,3,REFUGIO COUNTY,Pre-kindergarten,35
2013-2014,3,REFUGIO COUNTY,Kindergarten,134
2013-2014,3,REFUGIO COUNTY,Grade  1,118
2013-2014,3,REFUGIO COUNTY,Grade  2,104
2013-2014,3,REFUGIO COUNTY,Grade  3,88
2013-2014,3,REFUGIO COUNTY,Grade  4,103
2013-2014,3,REFUGIO COUNTY,Grade  5,92
2013-2014,3,REFUGIO COUNTY,Grade  6,104
2013-2014,3,REFUGIO COUNTY,Grade  7,114
2013-2014,3,REFUGIO COUNTY,Grade  8,109
2013-2014,3,REFUGIO COUNTY,Grade  9,100
2013-2014,3,REFUGIO COUNTY,Grade 10,101
2013-2014,3,REFUGIO COUNTY,Grade 11,95
2013-2014,3,REFUGIO COUNTY,Grade 12,101
2013-2014,16,ROBERTS COUNTY,Pre-kindergarten,10
2013-2014,16,ROBERTS COUNTY,Kindergarten,16
2013-2014,16,ROBERTS COUNTY,Grade  1,18
2013-2014,16,ROBERTS COUNTY,Grade  2,18
2013-2014,16,ROBERTS COUNTY,Grade  3,12
2013-2014,16,ROBERTS COUNTY,Grade  4,14
2013-2014,16,ROBERTS COUNTY,Grade  5,12
2013-2014,16,ROBERTS COUNTY,Grade  6,12
2013-2014,16,ROBERTS COUNTY,Grade  7,23
2013-2014,16,ROBERTS COUNTY,Grade  8,17
2013-2014,16,ROBERTS COUNTY,Grade  9,13
2013-2014,16,ROBERTS COUNTY,Grade 10,18
2013-2014,16,ROBERTS COUNTY,Grade 11,14
2013-2014,16,ROBERTS COUNTY,Grade 12,15
2013-2014,6,ROBERTSON COUNTY,Early Education,-9999999
2013-2014,6,ROBERTSON COUNTY,Pre-kindergarten,231
2013-2014,6,ROBERTSON COUNTY,Kindergarten,255
2013-2014,6,ROBERTSON COUNTY,Grade  1,278
2013-2014,6,ROBERTSON COUNTY,Grade  2,255
2013-2014,6,ROBERTSON COUNTY,Grade  3,206
2013-2014,6,ROBERTSON COUNTY,Grade  4,239
2013-2014,6,ROBERTSON COUNTY,Grade  5,220
2013-2014,6,ROBERTSON COUNTY,Grade  6,209
2013-2014,6,ROBERTSON COUNTY,Grade  7,247
2013-2014,6,ROBERTSON COUNTY,Grade  8,244
2013-2014,6,ROBERTSON COUNTY,Grade  9,239
2013-2014,6,ROBERTSON COUNTY,Grade 10,205
2013-2014,6,ROBERTSON COUNTY,Grade 11,199
2013-2014,6,ROBERTSON COUNTY,Grade 12,195
2013-2014,10,ROCKWALL COUNTY,Early Education,115
2013-2014,10,ROCKWALL COUNTY,Pre-kindergarten,385
2013-2014,10,ROCKWALL COUNTY,Kindergarten,1332
2013-2014,10,ROCKWALL COUNTY,Grade  1,1415
2013-2014,10,ROCKWALL COUNTY,Grade  2,1417
2013-2014,10,ROCKWALL COUNTY,Grade  3,1481
2013-2014,10,ROCKWALL COUNTY,Grade  4,1518
2013-2014,10,ROCKWALL COUNTY,Grade  5,1484
2013-2014,10,ROCKWALL COUNTY,Grade  6,1542
2013-2014,10,ROCKWALL COUNTY,Grade  7,1585
2013-2014,10,ROCKWALL COUNTY,Grade  8,1553
2013-2014,10,ROCKWALL COUNTY,Grade  9,1639
2013-2014,10,ROCKWALL COUNTY,Grade 10,1459
2013-2014,10,ROCKWALL COUNTY,Grade 11,1421
2013-2014,10,ROCKWALL COUNTY,Grade 12,1295
2013-2014,15,RUNNELS COUNTY,Early Education,5
2013-2014,15,RUNNELS COUNTY,Pre-kindergarten,105
2013-2014,15,RUNNELS COUNTY,Kindergarten,153
2013-2014,15,RUNNELS COUNTY,Grade  1,156
2013-2014,15,RUNNELS COUNTY,Grade  2,156
2013-2014,15,RUNNELS COUNTY,Grade  3,167
2013-2014,15,RUNNELS COUNTY,Grade  4,152
2013-2014,15,RUNNELS COUNTY,Grade  5,158
2013-2014,15,RUNNELS COUNTY,Grade  6,158
2013-2014,15,RUNNELS COUNTY,Grade  7,133
2013-2014,15,RUNNELS COUNTY,Grade  8,159
2013-2014,15,RUNNELS COUNTY,Grade  9,169
2013-2014,15,RUNNELS COUNTY,Grade 10,148
2013-2014,15,RUNNELS COUNTY,Grade 11,136
2013-2014,15,RUNNELS COUNTY,Grade 12,127
2013-2014,7,RUSK COUNTY,Early Education,7
2013-2014,7,RUSK COUNTY,Pre-kindergarten,417
2013-2014,7,RUSK COUNTY,Kindergarten,638
2013-2014,7,RUSK COUNTY,Grade  1,675
2013-2014,7,RUSK COUNTY,Grade  2,651
2013-2014,7,RUSK COUNTY,Grade  3,600
2013-2014,7,RUSK COUNTY,Grade  4,599
2013-2014,7,RUSK COUNTY,Grade  5,609
2013-2014,7,RUSK COUNTY,Grade  6,576
2013-2014,7,RUSK COUNTY,Grade  7,618
2013-2014,7,RUSK COUNTY,Grade  8,646
2013-2014,7,RUSK COUNTY,Grade  9,610
2013-2014,7,RUSK COUNTY,Grade 10,579
2013-2014,7,RUSK COUNTY,Grade 11,524
2013-2014,7,RUSK COUNTY,Grade 12,501
2013-2014,7,SABINE COUNTY,Early Education,5
2013-2014,7,SABINE COUNTY,Pre-kindergarten,82
2013-2014,7,SABINE COUNTY,Kindergarten,123
2013-2014,7,SABINE COUNTY,Grade  1,126
2013-2014,7,SABINE COUNTY,Grade  2,113
2013-2014,7,SABINE COUNTY,Grade  3,108
2013-2014,7,SABINE COUNTY,Grade  4,95
2013-2014,7,SABINE COUNTY,Grade  5,117
2013-2014,7,SABINE COUNTY,Grade  6,112
2013-2014,7,SABINE COUNTY,Grade  7,103
2013-2014,7,SABINE COUNTY,Grade  8,124
2013-2014,7,SABINE COUNTY,Grade  9,136
2013-2014,7,SABINE COUNTY,Grade 10,126
2013-2014,7,SABINE COUNTY,Grade 11,106
2013-2014,7,SABINE COUNTY,Grade 12,108
2013-2014,7,SAN AUGUSTINE COUNTY,Early Education,-9999999
2013-2014,7,SAN AUGUSTINE COUNTY,Pre-kindergarten,116
2013-2014,7,SAN AUGUSTINE COUNTY,Kindergarten,87
2013-2014,7,SAN AUGUSTINE COUNTY,Grade  1,106
2013-2014,7,SAN AUGUSTINE COUNTY,Grade  2,95
2013-2014,7,SAN AUGUSTINE COUNTY,Grade  3,94
2013-2014,7,SAN AUGUSTINE COUNTY,Grade  4,73
2013-2014,7,SAN AUGUSTINE COUNTY,Grade  5,88
2013-2014,7,SAN AUGUSTINE COUNTY,Grade  6,95
2013-2014,7,SAN AUGUSTINE COUNTY,Grade  7,81
2013-2014,7,SAN AUGUSTINE COUNTY,Grade  8,82
2013-2014,7,SAN AUGUSTINE COUNTY,Grade  9,88
2013-2014,7,SAN AUGUSTINE COUNTY,Grade 10,87
2013-2014,7,SAN AUGUSTINE COUNTY,Grade 11,74
2013-2014,7,SAN AUGUSTINE COUNTY,Grade 12,53
2013-2014,6,SAN JACINTO COUNTY,Early Education,-9999999
2013-2014,6,SAN JACINTO COUNTY,Pre-kindergarten,168
2013-2014,6,SAN JACINTO COUNTY,Kindergarten,251
2013-2014,6,SAN JACINTO COUNTY,Grade  1,265
2013-2014,6,SAN JACINTO COUNTY,Grade  2,258
2013-2014,6,SAN JACINTO COUNTY,Grade  3,241
2013-2014,6,SAN JACINTO COUNTY,Grade  4,232
2013-2014,6,SAN JACINTO COUNTY,Grade  5,226
2013-2014,6,SAN JACINTO COUNTY,Grade  6,256
2013-2014,6,SAN JACINTO COUNTY,Grade  7,279
2013-2014,6,SAN JACINTO COUNTY,Grade  8,263
2013-2014,6,SAN JACINTO COUNTY,Grade  9,260
2013-2014,6,SAN JACINTO COUNTY,Grade 10,274
2013-2014,6,SAN JACINTO COUNTY,Grade 11,239
2013-2014,6,SAN JACINTO COUNTY,Grade 12,216
2013-2014,2,SAN PATRICIO COUNTY,Early Education,29
2013-2014,2,SAN PATRICIO COUNTY,Pre-kindergarten,576
2013-2014,2,SAN PATRICIO COUNTY,Kindergarten,1122
2013-2014,2,SAN PATRICIO COUNTY,Grade  1,1126
2013-2014,2,SAN PATRICIO COUNTY,Grade  2,1087
2013-2014,2,SAN PATRICIO COUNTY,Grade  3,1125
2013-2014,2,SAN PATRICIO COUNTY,Grade  4,1116
2013-2014,2,SAN PATRICIO COUNTY,Grade  5,1056
2013-2014,2,SAN PATRICIO COUNTY,Grade  6,1089
2013-2014,2,SAN PATRICIO COUNTY,Grade  7,1151
2013-2014,2,SAN PATRICIO COUNTY,Grade  8,1152
2013-2014,2,SAN PATRICIO COUNTY,Grade  9,1112
2013-2014,2,SAN PATRICIO COUNTY,Grade 10,1075
2013-2014,2,SAN PATRICIO COUNTY,Grade 11,971
2013-2014,2,SAN PATRICIO COUNTY,Grade 12,904
2013-2014,15,SAN SABA COUNTY,Early Education,-9999999
2013-2014,15,SAN SABA COUNTY,Pre-kindergarten,57
2013-2014,15,SAN SABA COUNTY,Kindergarten,70
2013-2014,15,SAN SABA COUNTY,Grade  1,88
2013-2014,15,SAN SABA COUNTY,Grade  2,66
2013-2014,15,SAN SABA COUNTY,Grade  3,62
2013-2014,15,SAN SABA COUNTY,Grade  4,70
2013-2014,15,SAN SABA COUNTY,Grade  5,62
2013-2014,15,SAN SABA COUNTY,Grade  6,67
2013-2014,15,SAN SABA COUNTY,Grade  7,77
2013-2014,15,SAN SABA COUNTY,Grade  8,46
2013-2014,15,SAN SABA COUNTY,Grade  9,86
2013-2014,15,SAN SABA COUNTY,Grade 10,76
2013-2014,15,SAN SABA COUNTY,Grade 11,59
2013-2014,15,SAN SABA COUNTY,Grade 12,71
2013-2014,15,SCHLEICHER COUNTY,Early Education,7
2013-2014,15,SCHLEICHER COUNTY,Pre-kindergarten,25
2013-2014,15,SCHLEICHER COUNTY,Kindergarten,58
2013-2014,15,SCHLEICHER COUNTY,Grade  1,49
2013-2014,15,SCHLEICHER COUNTY,Grade  2,36
2013-2014,15,SCHLEICHER COUNTY,Grade  3,42
2013-2014,15,SCHLEICHER COUNTY,Grade  4,52
2013-2014,15,SCHLEICHER COUNTY,Grade  5,46
2013-2014,15,SCHLEICHER COUNTY,Grade  6,47
2013-2014,15,SCHLEICHER COUNTY,Grade  7,41
2013-2014,15,SCHLEICHER COUNTY,Grade  8,35
2013-2014,15,SCHLEICHER COUNTY,Grade  9,50
2013-2014,15,SCHLEICHER COUNTY,Grade 10,40
2013-2014,15,SCHLEICHER COUNTY,Grade 11,37
2013-2014,15,SCHLEICHER COUNTY,Grade 12,25
2013-2014,14,SCURRY COUNTY,Early Education,14
2013-2014,14,SCURRY COUNTY,Pre-kindergarten,202
2013-2014,14,SCURRY COUNTY,Kindergarten,251
2013-2014,14,SCURRY COUNTY,Grade  1,244
2013-2014,14,SCURRY COUNTY,Grade  2,276
2013-2014,14,SCURRY COUNTY,Grade  3,236
2013-2014,14,SCURRY COUNTY,Grade  4,258
2013-2014,14,SCURRY COUNTY,Grade  5,209
2013-2014,14,SCURRY COUNTY,Grade  6,230
2013-2014,14,SCURRY COUNTY,Grade  7,247
2013-2014,14,SCURRY COUNTY,Grade  8,233
2013-2014,14,SCURRY COUNTY,Grade  9,240
2013-2014,14,SCURRY COUNTY,Grade 10,205
2013-2014,14,SCURRY COUNTY,Grade 11,213
2013-2014,14,SCURRY COUNTY,Grade 12,192
2013-2014,14,SHACKELFORD COUNTY,Early Education,-9999999
2013-2014,14,SHACKELFORD COUNTY,Pre-kindergarten,30
2013-2014,14,SHACKELFORD COUNTY,Kindergarten,51
2013-2014,14,SHACKELFORD COUNTY,Grade  1,48
2013-2014,14,SHACKELFORD COUNTY,Grade  2,48
2013-2014,14,SHACKELFORD COUNTY,Grade  3,34
2013-2014,14,SHACKELFORD COUNTY,Grade  4,34
2013-2014,14,SHACKELFORD COUNTY,Grade  5,36
2013-2014,14,SHACKELFORD COUNTY,Grade  6,52
2013-2014,14,SHACKELFORD COUNTY,Grade  7,50
2013-2014,14,SHACKELFORD COUNTY,Grade  8,51
2013-2014,14,SHACKELFORD COUNTY,Grade  9,42
2013-2014,14,SHACKELFORD COUNTY,Grade 10,45
2013-2014,14,SHACKELFORD COUNTY,Grade 11,40
2013-2014,14,SHACKELFORD COUNTY,Grade 12,36
2013-2014,7,SHELBY COUNTY,Early Education,19
2013-2014,7,SHELBY COUNTY,Pre-kindergarten,479
2013-2014,7,SHELBY COUNTY,Kindergarten,404
2013-2014,7,SHELBY COUNTY,Grade  1,471
2013-2014,7,SHELBY COUNTY,Grade  2,441
2013-2014,7,SHELBY COUNTY,Grade  3,421
2013-2014,7,SHELBY COUNTY,Grade  4,399
2013-2014,7,SHELBY COUNTY,Grade  5,414
2013-2014,7,SHELBY COUNTY,Grade  6,399
2013-2014,7,SHELBY COUNTY,Grade  7,409
2013-2014,7,SHELBY COUNTY,Grade  8,420
2013-2014,7,SHELBY COUNTY,Grade  9,389
2013-2014,7,SHELBY COUNTY,Grade 10,381
2013-2014,7,SHELBY COUNTY,Grade 11,307
2013-2014,7,SHELBY COUNTY,Grade 12,308
2013-2014,16,SHERMAN COUNTY,Early Education,-9999999
2013-2014,16,SHERMAN COUNTY,Pre-kindergarten,66
2013-2014,16,SHERMAN COUNTY,Kindergarten,78
2013-2014,16,SHERMAN COUNTY,Grade  1,75
2013-2014,16,SHERMAN COUNTY,Grade  2,64
2013-2014,16,SHERMAN COUNTY,Grade  3,75
2013-2014,16,SHERMAN COUNTY,Grade  4,88
2013-2014,16,SHERMAN COUNTY,Grade  5,77
2013-2014,16,SHERMAN COUNTY,Grade  6,54
2013-2014,16,SHERMAN COUNTY,Grade  7,75
2013-2014,16,SHERMAN COUNTY,Grade  8,75
2013-2014,16,SHERMAN COUNTY,Grade  9,59
2013-2014,16,SHERMAN COUNTY,Grade 10,76
2013-2014,16,SHERMAN COUNTY,Grade 11,66
2013-2014,16,SHERMAN COUNTY,Grade 12,75
2013-2014,7,SMITH COUNTY,Early Education,116
2013-2014,7,SMITH COUNTY,Pre-kindergarten,1157
2013-2014,7,SMITH COUNTY,Kindergarten,2817
2013-2014,7,SMITH COUNTY,Grade  1,2975
2013-2014,7,SMITH COUNTY,Grade  2,2884
2013-2014,7,SMITH COUNTY,Grade  3,2877
2013-2014,7,SMITH COUNTY,Grade  4,2849
2013-2014,7,SMITH COUNTY,Grade  5,2929
2013-2014,7,SMITH COUNTY,Grade  6,2745
2013-2014,7,SMITH COUNTY,Grade  7,2881
2013-2014,7,SMITH COUNTY,Grade  8,2772
2013-2014,7,SMITH COUNTY,Grade  9,2814
2013-2014,7,SMITH COUNTY,Grade 10,2502
2013-2014,7,SMITH COUNTY,Grade 11,2282
2013-2014,7,SMITH COUNTY,Grade 12,2131
2013-2014,11,SOMERVELL COUNTY,Early Education,-9999999
2013-2014,11,SOMERVELL COUNTY,Pre-kindergarten,66
2013-2014,11,SOMERVELL COUNTY,Kindergarten,131
2013-2014,11,SOMERVELL COUNTY,Grade  1,137
2013-2014,11,SOMERVELL COUNTY,Grade  2,129
2013-2014,11,SOMERVELL COUNTY,Grade  3,129
2013-2014,11,SOMERVELL COUNTY,Grade  4,127
2013-2014,11,SOMERVELL COUNTY,Grade  5,133
2013-2014,11,SOMERVELL COUNTY,Grade  6,121
2013-2014,11,SOMERVELL COUNTY,Grade  7,128
2013-2014,11,SOMERVELL COUNTY,Grade  8,140
2013-2014,11,SOMERVELL COUNTY,Grade  9,135
2013-2014,11,SOMERVELL COUNTY,Grade 10,165
2013-2014,11,SOMERVELL COUNTY,Grade 11,147
2013-2014,11,SOMERVELL COUNTY,Grade 12,170
2013-2014,1,STARR COUNTY,Early Education,44
2013-2014,1,STARR COUNTY,Pre-kindergarten,1148
2013-2014,1,STARR COUNTY,Kindergarten,1218
2013-2014,1,STARR COUNTY,Grade  1,1358
2013-2014,1,STARR COUNTY,Grade  2,1441
2013-2014,1,STARR COUNTY,Grade  3,1299
2013-2014,1,STARR COUNTY,Grade  4,1205
2013-2014,1,STARR COUNTY,Grade  5,1265
2013-2014,1,STARR COUNTY,Grade  6,1234
2013-2014,1,STARR COUNTY,Grade  7,1346
2013-2014,1,STARR COUNTY,Grade  8,1306
2013-2014,1,STARR COUNTY,Grade  9,1394
2013-2014,1,STARR COUNTY,Grade 10,1183
2013-2014,1,STARR COUNTY,Grade 11,1100
2013-2014,1,STARR COUNTY,Grade 12,1117
2013-2014,14,STEPHENS COUNTY,Early Education,5
2013-2014,14,STEPHENS COUNTY,Pre-kindergarten,84
2013-2014,14,STEPHENS COUNTY,Kindergarten,114
2013-2014,14,STEPHENS COUNTY,Grade  1,135
2013-2014,14,STEPHENS COUNTY,Grade  2,132
2013-2014,14,STEPHENS COUNTY,Grade  3,111
2013-2014,14,STEPHENS COUNTY,Grade  4,121
2013-2014,14,STEPHENS COUNTY,Grade  5,108
2013-2014,14,STEPHENS COUNTY,Grade  6,102
2013-2014,14,STEPHENS COUNTY,Grade  7,110
2013-2014,14,STEPHENS COUNTY,Grade  8,118
2013-2014,14,STEPHENS COUNTY,Grade  9,116
2013-2014,14,STEPHENS COUNTY,Grade 10,98
2013-2014,14,STEPHENS COUNTY,Grade 11,95
2013-2014,14,STEPHENS COUNTY,Grade 12,65
2013-2014,15,STERLING COUNTY,Pre-kindergarten,15
2013-2014,15,STERLING COUNTY,Kindergarten,20
2013-2014,15,STERLING COUNTY,Grade  1,26
2013-2014,15,STERLING COUNTY,Grade  2,30
2013-2014,15,STERLING COUNTY,Grade  3,29
2013-2014,15,STERLING COUNTY,Grade  4,22
2013-2014,15,STERLING COUNTY,Grade  5,30
2013-2014,15,STERLING COUNTY,Grade  6,20
2013-2014,15,STERLING COUNTY,Grade  7,20
2013-2014,15,STERLING COUNTY,Grade  8,26
2013-2014,15,STERLING COUNTY,Grade  9,15
2013-2014,15,STERLING COUNTY,Grade 10,20
2013-2014,15,STERLING COUNTY,Grade 11,23
2013-2014,15,STERLING COUNTY,Grade 12,18
2013-2014,14,STONEWALL COUNTY,Early Education,-9999999
2013-2014,14,STONEWALL COUNTY,Pre-kindergarten,16
2013-2014,14,STONEWALL COUNTY,Kindergarten,15
2013-2014,14,STONEWALL COUNTY,Grade  1,23
2013-2014,14,STONEWALL COUNTY,Grade  2,21
2013-2014,14,STONEWALL COUNTY,Grade  3,16
2013-2014,14,STONEWALL COUNTY,Grade  4,18
2013-2014,14,STONEWALL COUNTY,Grade  5,21
2013-2014,14,STONEWALL COUNTY,Grade  6,21
2013-2014,14,STONEWALL COUNTY,Grade  7,16
2013-2014,14,STONEWALL COUNTY,Grade  8,11
2013-2014,14,STONEWALL COUNTY,Grade  9,18
2013-2014,14,STONEWALL COUNTY,Grade 10,23
2013-2014,14,STONEWALL COUNTY,Grade 11,10
2013-2014,14,STONEWALL COUNTY,Grade 12,11
2013-2014,15,SUTTON COUNTY,Pre-kindergarten,72
2013-2014,15,SUTTON COUNTY,Kindergarten,70
2013-2014,15,SUTTON COUNTY,Grade  1,57
2013-2014,15,SUTTON COUNTY,Grade  2,69
2013-2014,15,SUTTON COUNTY,Grade  3,64
2013-2014,15,SUTTON COUNTY,Grade  4,67
2013-2014,15,SUTTON COUNTY,Grade  5,62
2013-2014,15,SUTTON COUNTY,Grade  6,73
2013-2014,15,SUTTON COUNTY,Grade  7,71
2013-2014,15,SUTTON COUNTY,Grade  8,57
2013-2014,15,SUTTON COUNTY,Grade  9,87
2013-2014,15,SUTTON COUNTY,Grade 10,66
2013-2014,15,SUTTON COUNTY,Grade 11,64
2013-2014,15,SUTTON COUNTY,Grade 12,69
2013-2014,16,SWISHER COUNTY,Early Education,6
2013-2014,16,SWISHER COUNTY,Pre-kindergarten,65
2013-2014,16,SWISHER COUNTY,Kindergarten,118
2013-2014,16,SWISHER COUNTY,Grade  1,128
2013-2014,16,SWISHER COUNTY,Grade  2,118
2013-2014,16,SWISHER COUNTY,Grade  3,138
2013-2014,16,SWISHER COUNTY,Grade  4,118
2013-2014,16,SWISHER COUNTY,Grade  5,123
2013-2014,16,SWISHER COUNTY,Grade  6,107
2013-2014,16,SWISHER COUNTY,Grade  7,116
2013-2014,16,SWISHER COUNTY,Grade  8,115
2013-2014,16,SWISHER COUNTY,Grade  9,119
2013-2014,16,SWISHER COUNTY,Grade 10,105
2013-2014,16,SWISHER COUNTY,Grade 11,90
2013-2014,16,SWISHER COUNTY,Grade 12,93
2013-2014,11,TARRANT COUNTY,Early Education,1476
2013-2014,11,TARRANT COUNTY,Pre-kindergarten,13592
2013-2014,11,TARRANT COUNTY,Kindergarten,27204
2013-2014,11,TARRANT COUNTY,Grade  1,28510
2013-2014,11,TARRANT COUNTY,Grade  2,27914
2013-2014,11,TARRANT COUNTY,Grade  3,27316
2013-2014,11,TARRANT COUNTY,Grade  4,27256
2013-2014,11,TARRANT COUNTY,Grade  5,26837
2013-2014,11,TARRANT COUNTY,Grade  6,26380
2013-2014,11,TARRANT COUNTY,Grade  7,26912
2013-2014,11,TARRANT COUNTY,Grade  8,26492
2013-2014,11,TARRANT COUNTY,Grade  9,28815
2013-2014,11,TARRANT COUNTY,Grade 10,24920
2013-2014,11,TARRANT COUNTY,Grade 11,22779
2013-2014,11,TARRANT COUNTY,Grade 12,20723
2013-2014,14,TAYLOR COUNTY,Early Education,200
2013-2014,14,TAYLOR COUNTY,Pre-kindergarten,1044
2013-2014,14,TAYLOR COUNTY,Kindergarten,2959
2013-2014,14,TAYLOR COUNTY,Grade  1,2936
2013-2014,14,TAYLOR COUNTY,Grade  2,2752
2013-2014,14,TAYLOR COUNTY,Grade  3,2901
2013-2014,14,TAYLOR COUNTY,Grade  4,2733
2013-2014,14,TAYLOR COUNTY,Grade  5,2795
2013-2014,14,TAYLOR COUNTY,Grade  6,2703
2013-2014,14,TAYLOR COUNTY,Grade  7,2908
2013-2014,14,TAYLOR COUNTY,Grade  8,2974
2013-2014,14,TAYLOR COUNTY,Grade  9,3095
2013-2014,14,TAYLOR COUNTY,Grade 10,2385
2013-2014,14,TAYLOR COUNTY,Grade 11,2078
2013-2014,14,TAYLOR COUNTY,Grade 12,1629
2013-2014,18,TERRELL COUNTY,Pre-kindergarten,12
2013-2014,18,TERRELL COUNTY,Kindergarten,8
2013-2014,18,TERRELL COUNTY,Grade  1,11
2013-2014,18,TERRELL COUNTY,Grade  2,9
2013-2014,18,TERRELL COUNTY,Grade  3,9
2013-2014,18,TERRELL COUNTY,Grade  4,11
2013-2014,18,TERRELL COUNTY,Grade  5,8
2013-2014,18,TERRELL COUNTY,Grade  6,10
2013-2014,18,TERRELL COUNTY,Grade  7,9
2013-2014,18,TERRELL COUNTY,Grade  8,14
2013-2014,18,TERRELL COUNTY,Grade  9,9
2013-2014,18,TERRELL COUNTY,Grade 10,9
2013-2014,18,TERRELL COUNTY,Grade 11,11
2013-2014,18,TERRELL COUNTY,Grade 12,10
2013-2014,17,TERRY COUNTY,Early Education,12
2013-2014,17,TERRY COUNTY,Pre-kindergarten,204
2013-2014,17,TERRY COUNTY,Kindergarten,195
2013-2014,17,TERRY COUNTY,Grade  1,192
2013-2014,17,TERRY COUNTY,Grade  2,168
2013-2014,17,TERRY COUNTY,Grade  3,167
2013-2014,17,TERRY COUNTY,Grade  4,176
2013-2014,17,TERRY COUNTY,Grade  5,182
2013-2014,17,TERRY COUNTY,Grade  6,161
2013-2014,17,TERRY COUNTY,Grade  7,161
2013-2014,17,TERRY COUNTY,Grade  8,169
2013-2014,17,TERRY COUNTY,Grade  9,162
2013-2014,17,TERRY COUNTY,Grade 10,168
2013-2014,17,TERRY COUNTY,Grade 11,138
2013-2014,17,TERRY COUNTY,Grade 12,110
2013-2014,9,THROCKMORTON COUNTY,Early Education,-9999999
2013-2014,9,THROCKMORTON COUNTY,Pre-kindergarten,12
2013-2014,9,THROCKMORTON COUNTY,Kindergarten,25
2013-2014,9,THROCKMORTON COUNTY,Grade  1,19
2013-2014,9,THROCKMORTON COUNTY,Grade  2,21
2013-2014,9,THROCKMORTON COUNTY,Grade  3,21
2013-2014,9,THROCKMORTON COUNTY,Grade  4,15
2013-2014,9,THROCKMORTON COUNTY,Grade  5,19
2013-2014,9,THROCKMORTON COUNTY,Grade  6,30
2013-2014,9,THROCKMORTON COUNTY,Grade  7,18
2013-2014,9,THROCKMORTON COUNTY,Grade  8,21
2013-2014,9,THROCKMORTON COUNTY,Grade  9,25
2013-2014,9,THROCKMORTON COUNTY,Grade 10,18
2013-2014,9,THROCKMORTON COUNTY,Grade 11,22
2013-2014,9,THROCKMORTON COUNTY,Grade 12,22
2013-2014,8,TITUS COUNTY,Early Education,78
2013-2014,8,TITUS COUNTY,Pre-kindergarten,550
2013-2014,8,TITUS COUNTY,Kindergarten,593
2013-2014,8,TITUS COUNTY,Grade  1,606
2013-2014,8,TITUS COUNTY,Grade  2,544
2013-2014,8,TITUS COUNTY,Grade  3,530
2013-2014,8,TITUS COUNTY,Grade  4,483
2013-2014,8,TITUS COUNTY,Grade  5,481
2013-2014,8,TITUS COUNTY,Grade  6,466
2013-2014,8,TITUS COUNTY,Grade  7,516
2013-2014,8,TITUS COUNTY,Grade  8,480
2013-2014,8,TITUS COUNTY,Grade  9,473
2013-2014,8,TITUS COUNTY,Grade 10,470
2013-2014,8,TITUS COUNTY,Grade 11,439
2013-2014,8,TITUS COUNTY,Grade 12,396
2013-2014,15,TOM GREEN COUNTY,Early Education,519
2013-2014,15,TOM GREEN COUNTY,Pre-kindergarten,380
2013-2014,15,TOM GREEN COUNTY,Kindergarten,1612
2013-2014,15,TOM GREEN COUNTY,Grade  1,1600
2013-2014,15,TOM GREEN COUNTY,Grade  2,1522
2013-2014,15,TOM GREEN COUNTY,Grade  3,1534
2013-2014,15,TOM GREEN COUNTY,Grade  4,1453
2013-2014,15,TOM GREEN COUNTY,Grade  5,1421
2013-2014,15,TOM GREEN COUNTY,Grade  6,1349
2013-2014,15,TOM GREEN COUNTY,Grade  7,1403
2013-2014,15,TOM GREEN COUNTY,Grade  8,1411
2013-2014,15,TOM GREEN COUNTY,Grade  9,1431
2013-2014,15,TOM GREEN COUNTY,Grade 10,1335
2013-2014,15,TOM GREEN COUNTY,Grade 11,1227
2013-2014,15,TOM GREEN COUNTY,Grade 12,1154
2013-2014,13,TRAVIS COUNTY,Early Education,748
2013-2014,13,TRAVIS COUNTY,Pre-kindergarten,7582
2013-2014,13,TRAVIS COUNTY,Kindergarten,13273
2013-2014,13,TRAVIS COUNTY,Grade  1,13476
2013-2014,13,TRAVIS COUNTY,Grade  2,12881
2013-2014,13,TRAVIS COUNTY,Grade  3,12257
2013-2014,13,TRAVIS COUNTY,Grade  4,12188
2013-2014,13,TRAVIS COUNTY,Grade  5,11975
2013-2014,13,TRAVIS COUNTY,Grade  6,11466
2013-2014,13,TRAVIS COUNTY,Grade  7,11344
2013-2014,13,TRAVIS COUNTY,Grade  8,11188
2013-2014,13,TRAVIS COUNTY,Grade  9,11664
2013-2014,13,TRAVIS COUNTY,Grade 10,10382
2013-2014,13,TRAVIS COUNTY,Grade 11,9244
2013-2014,13,TRAVIS COUNTY,Grade 12,8958
2013-2014,6,TRINITY COUNTY,Early Education,9
2013-2014,6,TRINITY COUNTY,Pre-kindergarten,125
2013-2014,6,TRINITY COUNTY,Kindergarten,171
2013-2014,6,TRINITY COUNTY,Grade  1,166
2013-2014,6,TRINITY COUNTY,Grade  2,164
2013-2014,6,TRINITY COUNTY,Grade  3,141
2013-2014,6,TRINITY COUNTY,Grade  4,162
2013-2014,6,TRINITY COUNTY,Grade  5,172
2013-2014,6,TRINITY COUNTY,Grade  6,159
2013-2014,6,TRINITY COUNTY,Grade  7,177
2013-2014,6,TRINITY COUNTY,Grade  8,175
2013-2014,6,TRINITY COUNTY,Grade  9,165
2013-2014,6,TRINITY COUNTY,Grade 10,172
2013-2014,6,TRINITY COUNTY,Grade 11,160
2013-2014,6,TRINITY COUNTY,Grade 12,133
2013-2014,5,TYLER COUNTY,Early Education,17
2013-2014,5,TYLER COUNTY,Pre-kindergarten,146
2013-2014,5,TYLER COUNTY,Kindergarten,241
2013-2014,5,TYLER COUNTY,Grade  1,292
2013-2014,5,TYLER COUNTY,Grade  2,265
2013-2014,5,TYLER COUNTY,Grade  3,285
2013-2014,5,TYLER COUNTY,Grade  4,265
2013-2014,5,TYLER COUNTY,Grade  5,246
2013-2014,5,TYLER COUNTY,Grade  6,286
2013-2014,5,TYLER COUNTY,Grade  7,259
2013-2014,5,TYLER COUNTY,Grade  8,273
2013-2014,5,TYLER COUNTY,Grade  9,286
2013-2014,5,TYLER COUNTY,Grade 10,263
2013-2014,5,TYLER COUNTY,Grade 11,219
2013-2014,5,TYLER COUNTY,Grade 12,225
2013-2014,7,UPSHUR COUNTY,Early Education,21
2013-2014,7,UPSHUR COUNTY,Pre-kindergarten,263
2013-2014,7,UPSHUR COUNTY,Kindergarten,547
2013-2014,7,UPSHUR COUNTY,Grade  1,560
2013-2014,7,UPSHUR COUNTY,Grade  2,555
2013-2014,7,UPSHUR COUNTY,Grade  3,538
2013-2014,7,UPSHUR COUNTY,Grade  4,494
2013-2014,7,UPSHUR COUNTY,Grade  5,554
2013-2014,7,UPSHUR COUNTY,Grade  6,546
2013-2014,7,UPSHUR COUNTY,Grade  7,539
2013-2014,7,UPSHUR COUNTY,Grade  8,537
2013-2014,7,UPSHUR COUNTY,Grade  9,546
2013-2014,7,UPSHUR COUNTY,Grade 10,479
2013-2014,7,UPSHUR COUNTY,Grade 11,492
2013-2014,7,UPSHUR COUNTY,Grade 12,459
2013-2014,18,UPTON COUNTY,Pre-kindergarten,45
2013-2014,18,UPTON COUNTY,Kindergarten,64
2013-2014,18,UPTON COUNTY,Grade  1,37
2013-2014,18,UPTON COUNTY,Grade  2,53
2013-2014,18,UPTON COUNTY,Grade  3,90
2013-2014,18,UPTON COUNTY,Grade  4,69
2013-2014,18,UPTON COUNTY,Grade  5,62
2013-2014,18,UPTON COUNTY,Grade  6,53
2013-2014,18,UPTON COUNTY,Grade  7,55
2013-2014,18,UPTON COUNTY,Grade  8,50
2013-2014,18,UPTON COUNTY,Grade  9,53
2013-2014,18,UPTON COUNTY,Grade 10,58
2013-2014,18,UPTON COUNTY,Grade 11,68
2013-2014,18,UPTON COUNTY,Grade 12,50
2013-2014,20,UVALDE COUNTY,Early Education,59
2013-2014,20,UVALDE COUNTY,Pre-kindergarten,419
2013-2014,20,UVALDE COUNTY,Kindergarten,454
2013-2014,20,UVALDE COUNTY,Grade  1,428
2013-2014,20,UVALDE COUNTY,Grade  2,431
2013-2014,20,UVALDE COUNTY,Grade  3,431
2013-2014,20,UVALDE COUNTY,Grade  4,424
2013-2014,20,UVALDE COUNTY,Grade  5,418
2013-2014,20,UVALDE COUNTY,Grade  6,402
2013-2014,20,UVALDE COUNTY,Grade  7,468
2013-2014,20,UVALDE COUNTY,Grade  8,459
2013-2014,20,UVALDE COUNTY,Grade  9,529
2013-2014,20,UVALDE COUNTY,Grade 10,390
2013-2014,20,UVALDE COUNTY,Grade 11,372
2013-2014,20,UVALDE COUNTY,Grade 12,316
2013-2014,15,VAL VERDE COUNTY,Early Education,33
2013-2014,15,VAL VERDE COUNTY,Pre-kindergarten,548
2013-2014,15,VAL VERDE COUNTY,Kindergarten,884
2013-2014,15,VAL VERDE COUNTY,Grade  1,806
2013-2014,15,VAL VERDE COUNTY,Grade  2,832
2013-2014,15,VAL VERDE COUNTY,Grade  3,890
2013-2014,15,VAL VERDE COUNTY,Grade  4,838
2013-2014,15,VAL VERDE COUNTY,Grade  5,839
2013-2014,15,VAL VERDE COUNTY,Grade  6,753
2013-2014,15,VAL VERDE COUNTY,Grade  7,769
2013-2014,15,VAL VERDE COUNTY,Grade  8,763
2013-2014,15,VAL VERDE COUNTY,Grade  9,831
2013-2014,15,VAL VERDE COUNTY,Grade 10,782
2013-2014,15,VAL VERDE COUNTY,Grade 11,689
2013-2014,15,VAL VERDE COUNTY,Grade 12,607
2013-2014,7,VAN ZANDT COUNTY/07,Early Education,7
2013-2014,7,VAN ZANDT COUNTY/07,Pre-kindergarten,246
2013-2014,7,VAN ZANDT COUNTY/07,Kindergarten,368
2013-2014,7,VAN ZANDT COUNTY/07,Grade  1,382
2013-2014,7,VAN ZANDT COUNTY/07,Grade  2,346
2013-2014,7,VAN ZANDT COUNTY/07,Grade  3,358
2013-2014,7,VAN ZANDT COUNTY/07,Grade  4,379
2013-2014,7,VAN ZANDT COUNTY/07,Grade  5,377
2013-2014,7,VAN ZANDT COUNTY/07,Grade  6,403
2013-2014,7,VAN ZANDT COUNTY/07,Grade  7,396
2013-2014,7,VAN ZANDT COUNTY/07,Grade  8,432
2013-2014,7,VAN ZANDT COUNTY/07,Grade  9,438
2013-2014,7,VAN ZANDT COUNTY/07,Grade 10,442
2013-2014,7,VAN ZANDT COUNTY/07,Grade 11,402
2013-2014,7,VAN ZANDT COUNTY/07,Grade 12,351
2013-2014,10,VAN ZANDT COUNTY/10,Early Education,5
2013-2014,10,VAN ZANDT COUNTY/10,Pre-kindergarten,164
2013-2014,10,VAN ZANDT COUNTY/10,Kindergarten,321
2013-2014,10,VAN ZANDT COUNTY/10,Grade  1,360
2013-2014,10,VAN ZANDT COUNTY/10,Grade  2,340
2013-2014,10,VAN ZANDT COUNTY/10,Grade  3,317
2013-2014,10,VAN ZANDT COUNTY/10,Grade  4,326
2013-2014,10,VAN ZANDT COUNTY/10,Grade  5,295
2013-2014,10,VAN ZANDT COUNTY/10,Grade  6,360
2013-2014,10,VAN ZANDT COUNTY/10,Grade  7,366
2013-2014,10,VAN ZANDT COUNTY/10,Grade  8,339
2013-2014,10,VAN ZANDT COUNTY/10,Grade  9,388
2013-2014,10,VAN ZANDT COUNTY/10,Grade 10,318
2013-2014,10,VAN ZANDT COUNTY/10,Grade 11,324
2013-2014,10,VAN ZANDT COUNTY/10,Grade 12,304
2013-2014,AL,VAN ZANDT COUNTY/ALL,Early Education,12
2013-2014,AL,VAN ZANDT COUNTY/ALL,Pre-kindergarten,410
2013-2014,AL,VAN ZANDT COUNTY/ALL,Kindergarten,689
2013-2014,AL,VAN ZANDT COUNTY/ALL,Grade  1,742
2013-2014,AL,VAN ZANDT COUNTY/ALL,Grade  2,686
2013-2014,AL,VAN ZANDT COUNTY/ALL,Grade  3,675
2013-2014,AL,VAN ZANDT COUNTY/ALL,Grade  4,705
2013-2014,AL,VAN ZANDT COUNTY/ALL,Grade  5,672
2013-2014,AL,VAN ZANDT COUNTY/ALL,Grade  6,763
2013-2014,AL,VAN ZANDT COUNTY/ALL,Grade  7,762
2013-2014,AL,VAN ZANDT COUNTY/ALL,Grade  8,771
2013-2014,AL,VAN ZANDT COUNTY/ALL,Grade  9,826
2013-2014,AL,VAN ZANDT COUNTY/ALL,Grade 10,760
2013-2014,AL,VAN ZANDT COUNTY/ALL,Grade 11,726
2013-2014,AL,VAN ZANDT COUNTY/ALL,Grade 12,655
2013-2014,3,VICTORIA COUNTY,Early Education,80
2013-2014,3,VICTORIA COUNTY,Pre-kindergarten,669
2013-2014,3,VICTORIA COUNTY,Kindergarten,1327
2013-2014,3,VICTORIA COUNTY,Grade  1,1299
2013-2014,3,VICTORIA COUNTY,Grade  2,1237
2013-2014,3,VICTORIA COUNTY,Grade  3,1256
2013-2014,3,VICTORIA COUNTY,Grade  4,1186
2013-2014,3,VICTORIA COUNTY,Grade  5,1172
2013-2014,3,VICTORIA COUNTY,Grade  6,1120
2013-2014,3,VICTORIA COUNTY,Grade  7,1166
2013-2014,3,VICTORIA COUNTY,Grade  8,1061
2013-2014,3,VICTORIA COUNTY,Grade  9,1290
2013-2014,3,VICTORIA COUNTY,Grade 10,1042
2013-2014,3,VICTORIA COUNTY,Grade 11,852
2013-2014,3,VICTORIA COUNTY,Grade 12,813
2013-2014,6,WALKER COUNTY,Early Education,43
2013-2014,6,WALKER COUNTY,Pre-kindergarten,436
2013-2014,6,WALKER COUNTY,Kindergarten,523
2013-2014,6,WALKER COUNTY,Grade  1,586
2013-2014,6,WALKER COUNTY,Grade  2,570
2013-2014,6,WALKER COUNTY,Grade  3,526
2013-2014,6,WALKER COUNTY,Grade  4,519
2013-2014,6,WALKER COUNTY,Grade  5,494
2013-2014,6,WALKER COUNTY,Grade  6,526
2013-2014,6,WALKER COUNTY,Grade  7,536
2013-2014,6,WALKER COUNTY,Grade  8,562
2013-2014,6,WALKER COUNTY,Grade  9,622
2013-2014,6,WALKER COUNTY,Grade 10,587
2013-2014,6,WALKER COUNTY,Grade 11,472
2013-2014,6,WALKER COUNTY,Grade 12,482
2013-2014,4,WALLER COUNTY,Early Education,22
2013-2014,4,WALLER COUNTY,Pre-kindergarten,505
2013-2014,4,WALLER COUNTY,Kindergarten,816
2013-2014,4,WALLER COUNTY,Grade  1,811
2013-2014,4,WALLER COUNTY,Grade  2,746
2013-2014,4,WALLER COUNTY,Grade  3,701
2013-2014,4,WALLER COUNTY,Grade  4,657
2013-2014,4,WALLER COUNTY,Grade  5,666
2013-2014,4,WALLER COUNTY,Grade  6,699
2013-2014,4,WALLER COUNTY,Grade  7,745
2013-2014,4,WALLER COUNTY,Grade  8,739
2013-2014,4,WALLER COUNTY,Grade  9,837
2013-2014,4,WALLER COUNTY,Grade 10,598
2013-2014,4,WALLER COUNTY,Grade 11,558
2013-2014,4,WALLER COUNTY,Grade 12,553
2013-2014,18,WARD COUNTY,Early Education,11
2013-2014,18,WARD COUNTY,Pre-kindergarten,72
2013-2014,18,WARD COUNTY,Kindergarten,202
2013-2014,18,WARD COUNTY,Grade  1,212
2013-2014,18,WARD COUNTY,Grade  2,173
2013-2014,18,WARD COUNTY,Grade  3,187
2013-2014,18,WARD COUNTY,Grade  4,200
2013-2014,18,WARD COUNTY,Grade  5,174
2013-2014,18,WARD COUNTY,Grade  6,181
2013-2014,18,WARD COUNTY,Grade  7,165
2013-2014,18,WARD COUNTY,Grade  8,173
2013-2014,18,WARD COUNTY,Grade  9,182
2013-2014,18,WARD COUNTY,Grade 10,135
2013-2014,18,WARD COUNTY,Grade 11,132
2013-2014,18,WARD COUNTY,Grade 12,145
2013-2014,6,WASHINGTON COUNTY,Early Education,23
2013-2014,6,WASHINGTON COUNTY,Pre-kindergarten,286
2013-2014,6,WASHINGTON COUNTY,Kindergarten,355
2013-2014,6,WASHINGTON COUNTY,Grade  1,404
2013-2014,6,WASHINGTON COUNTY,Grade  2,370
2013-2014,6,WASHINGTON COUNTY,Grade  3,384
2013-2014,6,WASHINGTON COUNTY,Grade  4,372
2013-2014,6,WASHINGTON COUNTY,Grade  5,355
2013-2014,6,WASHINGTON COUNTY,Grade  6,371
2013-2014,6,WASHINGTON COUNTY,Grade  7,420
2013-2014,6,WASHINGTON COUNTY,Grade  8,409
2013-2014,6,WASHINGTON COUNTY,Grade  9,407
2013-2014,6,WASHINGTON COUNTY,Grade 10,386
2013-2014,6,WASHINGTON COUNTY,Grade 11,356
2013-2014,6,WASHINGTON COUNTY,Grade 12,357
2013-2014,1,WEBB COUNTY,Early Education,141
2013-2014,1,WEBB COUNTY,Pre-kindergarten,4098
2013-2014,1,WEBB COUNTY,Kindergarten,4979
2013-2014,1,WEBB COUNTY,Grade  1,5573
2013-2014,1,WEBB COUNTY,Grade  2,5293
2013-2014,1,WEBB COUNTY,Grade  3,5231
2013-2014,1,WEBB COUNTY,Grade  4,4955
2013-2014,1,WEBB COUNTY,Grade  5,4988
2013-2014,1,WEBB COUNTY,Grade  6,5060
2013-2014,1,WEBB COUNTY,Grade  7,5064
2013-2014,1,WEBB COUNTY,Grade  8,4968
2013-2014,1,WEBB COUNTY,Grade  9,5731
2013-2014,1,WEBB COUNTY,Grade 10,4726
2013-2014,1,WEBB COUNTY,Grade 11,4115
2013-2014,1,WEBB COUNTY,Grade 12,4355
2013-2014,3,WHARTON COUNTY,Early Education,27
2013-2014,3,WHARTON COUNTY,Pre-kindergarten,294
2013-2014,3,WHARTON COUNTY,Kindergarten,597
2013-2014,3,WHARTON COUNTY,Grade  1,687
2013-2014,3,WHARTON COUNTY,Grade  2,621
2013-2014,3,WHARTON COUNTY,Grade  3,661
2013-2014,3,WHARTON COUNTY,Grade  4,635
2013-2014,3,WHARTON COUNTY,Grade  5,625
2013-2014,3,WHARTON COUNTY,Grade  6,635
2013-2014,3,WHARTON COUNTY,Grade  7,625
2013-2014,3,WHARTON COUNTY,Grade  8,599
2013-2014,3,WHARTON COUNTY,Grade  9,725
2013-2014,3,WHARTON COUNTY,Grade 10,558
2013-2014,3,WHARTON COUNTY,Grade 11,497
2013-2014,3,WHARTON COUNTY,Grade 12,508
2013-2014,16,WHEELER COUNTY,Early Education,-9999999
2013-2014,16,WHEELER COUNTY,Pre-kindergarten,94
2013-2014,16,WHEELER COUNTY,Kindergarten,90
2013-2014,16,WHEELER COUNTY,Grade  1,85
2013-2014,16,WHEELER COUNTY,Grade  2,85
2013-2014,16,WHEELER COUNTY,Grade  3,103
2013-2014,16,WHEELER COUNTY,Grade  4,93
2013-2014,16,WHEELER COUNTY,Grade  5,93
2013-2014,16,WHEELER COUNTY,Grade  6,77
2013-2014,16,WHEELER COUNTY,Grade  7,75
2013-2014,16,WHEELER COUNTY,Grade  8,67
2013-2014,16,WHEELER COUNTY,Grade  9,96
2013-2014,16,WHEELER COUNTY,Grade 10,75
2013-2014,16,WHEELER COUNTY,Grade 11,80
2013-2014,16,WHEELER COUNTY,Grade 12,72
2013-2014,9,WICHITA COUNTY,Early Education,133
2013-2014,9,WICHITA COUNTY,Pre-kindergarten,1338
2013-2014,9,WICHITA COUNTY,Kindergarten,1713
2013-2014,9,WICHITA COUNTY,Grade  1,1731
2013-2014,9,WICHITA COUNTY,Grade  2,1657
2013-2014,9,WICHITA COUNTY,Grade  3,1513
2013-2014,9,WICHITA COUNTY,Grade  4,1581
2013-2014,9,WICHITA COUNTY,Grade  5,1552
2013-2014,9,WICHITA COUNTY,Grade  6,1555
2013-2014,9,WICHITA COUNTY,Grade  7,1507
2013-2014,9,WICHITA COUNTY,Grade  8,1438
2013-2014,9,WICHITA COUNTY,Grade  9,1500
2013-2014,9,WICHITA COUNTY,Grade 10,1479
2013-2014,9,WICHITA COUNTY,Grade 11,1385
2013-2014,9,WICHITA COUNTY,Grade 12,1322
2013-2014,9,WILBARGER COUNTY,Early Education,12
2013-2014,9,WILBARGER COUNTY,Pre-kindergarten,90
2013-2014,9,WILBARGER COUNTY,Kindergarten,197
2013-2014,9,WILBARGER COUNTY,Grade  1,166
2013-2014,9,WILBARGER COUNTY,Grade  2,199
2013-2014,9,WILBARGER COUNTY,Grade  3,202
2013-2014,9,WILBARGER COUNTY,Grade  4,174
2013-2014,9,WILBARGER COUNTY,Grade  5,191
2013-2014,9,WILBARGER COUNTY,Grade  6,173
2013-2014,9,WILBARGER COUNTY,Grade  7,181
2013-2014,9,WILBARGER COUNTY,Grade  8,179
2013-2014,9,WILBARGER COUNTY,Grade  9,153
2013-2014,9,WILBARGER COUNTY,Grade 10,174
2013-2014,9,WILBARGER COUNTY,Grade 11,160
2013-2014,9,WILBARGER COUNTY,Grade 12,146
2013-2014,1,WILLACY COUNTY,Early Education,7
2013-2014,1,WILLACY COUNTY,Pre-kindergarten,230
2013-2014,1,WILLACY COUNTY,Kindergarten,334
2013-2014,1,WILLACY COUNTY,Grade  1,352
2013-2014,1,WILLACY COUNTY,Grade  2,340
2013-2014,1,WILLACY COUNTY,Grade  3,330
2013-2014,1,WILLACY COUNTY,Grade  4,343
2013-2014,1,WILLACY COUNTY,Grade  5,329
2013-2014,1,WILLACY COUNTY,Grade  6,344
2013-2014,1,WILLACY COUNTY,Grade  7,355
2013-2014,1,WILLACY COUNTY,Grade  8,296
2013-2014,1,WILLACY COUNTY,Grade  9,343
2013-2014,1,WILLACY COUNTY,Grade 10,299
2013-2014,1,WILLACY COUNTY,Grade 11,312
2013-2014,1,WILLACY COUNTY,Grade 12,292
2013-2014,13,WILLIAMSON COUNTY,Early Education,775
2013-2014,13,WILLIAMSON COUNTY,Pre-kindergarten,2102
2013-2014,13,WILLIAMSON COUNTY,Kindergarten,8143
2013-2014,13,WILLIAMSON COUNTY,Grade  1,8262
2013-2014,13,WILLIAMSON COUNTY,Grade  2,8261
2013-2014,13,WILLIAMSON COUNTY,Grade  3,8450
2013-2014,13,WILLIAMSON COUNTY,Grade  4,8569
2013-2014,13,WILLIAMSON COUNTY,Grade  5,8354
2013-2014,13,WILLIAMSON COUNTY,Grade  6,8326
2013-2014,13,WILLIAMSON COUNTY,Grade  7,8482
2013-2014,13,WILLIAMSON COUNTY,Grade  8,8384
2013-2014,13,WILLIAMSON COUNTY,Grade  9,8518
2013-2014,13,WILLIAMSON COUNTY,Grade 10,8121
2013-2014,13,WILLIAMSON COUNTY,Grade 11,7479
2013-2014,13,WILLIAMSON COUNTY,Grade 12,6877
2013-2014,20,WILSON COUNTY,Early Education,26
2013-2014,20,WILSON COUNTY,Pre-kindergarten,181
2013-2014,20,WILSON COUNTY,Kindergarten,564
2013-2014,20,WILSON COUNTY,Grade  1,658
2013-2014,20,WILSON COUNTY,Grade  2,594
2013-2014,20,WILSON COUNTY,Grade  3,595
2013-2014,20,WILSON COUNTY,Grade  4,626
2013-2014,20,WILSON COUNTY,Grade  5,632
2013-2014,20,WILSON COUNTY,Grade  6,678
2013-2014,20,WILSON COUNTY,Grade  7,705
2013-2014,20,WILSON COUNTY,Grade  8,751
2013-2014,20,WILSON COUNTY,Grade  9,740
2013-2014,20,WILSON COUNTY,Grade 10,635
2013-2014,20,WILSON COUNTY,Grade 11,644
2013-2014,20,WILSON COUNTY,Grade 12,569
2013-2014,18,WINKLER COUNTY,Early Education,7
2013-2014,18,WINKLER COUNTY,Pre-kindergarten,113
2013-2014,18,WINKLER COUNTY,Kindergarten,166
2013-2014,18,WINKLER COUNTY,Grade  1,171
2013-2014,18,WINKLER COUNTY,Grade  2,140
2013-2014,18,WINKLER COUNTY,Grade  3,142
2013-2014,18,WINKLER COUNTY,Grade  4,126
2013-2014,18,WINKLER COUNTY,Grade  5,139
2013-2014,18,WINKLER COUNTY,Grade  6,129
2013-2014,18,WINKLER COUNTY,Grade  7,122
2013-2014,18,WINKLER COUNTY,Grade  8,135
2013-2014,18,WINKLER COUNTY,Grade  9,115
2013-2014,18,WINKLER COUNTY,Grade 10,120
2013-2014,18,WINKLER COUNTY,Grade 11,113
2013-2014,18,WINKLER COUNTY,Grade 12,103
2013-2014,11,WISE COUNTY,Early Education,18
2013-2014,11,WISE COUNTY,Pre-kindergarten,296
2013-2014,11,WISE COUNTY,Kindergarten,677
2013-2014,11,WISE COUNTY,Grade  1,698
2013-2014,11,WISE COUNTY,Grade  2,615
2013-2014,11,WISE COUNTY,Grade  3,614
2013-2014,11,WISE COUNTY,Grade  4,601
2013-2014,11,WISE COUNTY,Grade  5,677
2013-2014,11,WISE COUNTY,Grade  6,649
2013-2014,11,WISE COUNTY,Grade  7,706
2013-2014,11,WISE COUNTY,Grade  8,714
2013-2014,11,WISE COUNTY,Grade  9,679
2013-2014,11,WISE COUNTY,Grade 10,682
2013-2014,11,WISE COUNTY,Grade 11,671
2013-2014,11,WISE COUNTY,Grade 12,606
2013-2014,7,WOOD COUNTY,Early Education,14
2013-2014,7,WOOD COUNTY,Pre-kindergarten,299
2013-2014,7,WOOD COUNTY,Kindergarten,460
2013-2014,7,WOOD COUNTY,Grade  1,480
2013-2014,7,WOOD COUNTY,Grade  2,453
2013-2014,7,WOOD COUNTY,Grade  3,495
2013-2014,7,WOOD COUNTY,Grade  4,478
2013-2014,7,WOOD COUNTY,Grade  5,455
2013-2014,7,WOOD COUNTY,Grade  6,429
2013-2014,7,WOOD COUNTY,Grade  7,480
2013-2014,7,WOOD COUNTY,Grade  8,444
2013-2014,7,WOOD COUNTY,Grade  9,472
2013-2014,7,WOOD COUNTY,Grade 10,422
2013-2014,7,WOOD COUNTY,Grade 11,416
2013-2014,7,WOOD COUNTY,Grade 12,397
2013-2014,17,YOAKUM COUNTY,Early Education,5
2013-2014,17,YOAKUM COUNTY,Pre-kindergarten,134
2013-2014,17,YOAKUM COUNTY,Kindergarten,188
2013-2014,17,YOAKUM COUNTY,Grade  1,190
2013-2014,17,YOAKUM COUNTY,Grade  2,150
2013-2014,17,YOAKUM COUNTY,Grade  3,154
2013-2014,17,YOAKUM COUNTY,Grade  4,148
2013-2014,17,YOAKUM COUNTY,Grade  5,182
2013-2014,17,YOAKUM COUNTY,Grade  6,134
2013-2014,17,YOAKUM COUNTY,Grade  7,168
2013-2014,17,YOAKUM COUNTY,Grade  8,177
2013-2014,17,YOAKUM COUNTY,Grade  9,158
2013-2014,17,YOAKUM COUNTY,Grade 10,148
2013-2014,17,YOAKUM COUNTY,Grade 11,121
2013-2014,17,YOAKUM COUNTY,Grade 12,130
2013-2014,9,YOUNG COUNTY,Early Education,23
2013-2014,9,YOUNG COUNTY,Pre-kindergarten,153
2013-2014,9,YOUNG COUNTY,Kindergarten,267
2013-2014,9,YOUNG COUNTY,Grade  1,247
2013-2014,9,YOUNG COUNTY,Grade  2,256
2013-2014,9,YOUNG COUNTY,Grade  3,242
2013-2014,9,YOUNG COUNTY,Grade  4,263
2013-2014,9,YOUNG COUNTY,Grade  5,261
2013-2014,9,YOUNG COUNTY,Grade  6,268
2013-2014,9,YOUNG COUNTY,Grade  7,253
2013-2014,9,YOUNG COUNTY,Grade  8,292
2013-2014,9,YOUNG COUNTY,Grade  9,291
2013-2014,9,YOUNG COUNTY,Grade 10,244
2013-2014,9,YOUNG COUNTY,Grade 11,225
2013-2014,9,YOUNG COUNTY,Grade 12,223
2013-2014,1,ZAPATA COUNTY,Early Education,14
2013-2014,1,ZAPATA COUNTY,Pre-kindergarten,250
2013-2014,1,ZAPATA COUNTY,Kindergarten,304
2013-2014,1,ZAPATA COUNTY,Grade  1,296
2013-2014,1,ZAPATA COUNTY,Grade  2,297
2013-2014,1,ZAPATA COUNTY,Grade  3,266
2013-2014,1,ZAPATA COUNTY,Grade  4,277
2013-2014,1,ZAPATA COUNTY,Grade  5,245
2013-2014,1,ZAPATA COUNTY,Grade  6,246
2013-2014,1,ZAPATA COUNTY,Grade  7,243
2013-2014,1,ZAPATA COUNTY,Grade  8,243
2013-2014,1,ZAPATA COUNTY,Grade  9,255
2013-2014,1,ZAPATA COUNTY,Grade 10,249
2013-2014,1,ZAPATA COUNTY,Grade 11,213
2013-2014,1,ZAPATA COUNTY,Grade 12,223
2013-2014,20,ZAVALA COUNTY,Early Education,54
2013-2014,20,ZAVALA COUNTY,Pre-kindergarten,151
2013-2014,20,ZAVALA COUNTY,Kindergarten,201
2013-2014,20,ZAVALA COUNTY,Grade  1,196
2013-2014,20,ZAVALA COUNTY,Grade  2,186
2013-2014,20,ZAVALA COUNTY,Grade  3,202
2013-2014,20,ZAVALA COUNTY,Grade  4,156
2013-2014,20,ZAVALA COUNTY,Grade  5,184
2013-2014,20,ZAVALA COUNTY,Grade  6,192
2013-2014,20,ZAVALA COUNTY,Grade  7,189
2013-2014,20,ZAVALA COUNTY,Grade  8,174
2013-2014,20,ZAVALA COUNTY,Grade  9,212
2013-2014,20,ZAVALA COUNTY,Grade 10,172
2013-2014,20,ZAVALA COUNTY,Grade 11,127
2013-2014,20,ZAVALA COUNTY,Grade 12,150
,,,,
"STUDENT COUNTS LESS THAN 5 BUT NOT 0 AND RELATED INFORMATION ARE MASKED WITH """"-9999999"""" IN COMPLIANCE WITH FERPA.",,,,
