T E X A S  E D U C A T I O N  A G E N C Y,,,,
,,,,
PEIMS Student Enrollment Data for 2014-2015,,,,
,,,,
YEAR ,REGION,COUNTY,GRADE,ENROLLMENT
2014-2015,7,ANDERSON COUNTY,Early Education,13
2014-2015,7,ANDERSON COUNTY,Pre-kindergarten,360
2014-2015,7,ANDERSON COUNTY,Kindergarten,688
2014-2015,7,ANDERSON COUNTY,Grade  1,631
2014-2015,7,ANDERSON COUNTY,Grade  2,633
2014-2015,7,ANDERSON COUNTY,Grade  3,594
2014-2015,7,ANDERSON COUNTY,Grade  4,605
2014-2015,7,ANDERSON COUNTY,Grade  5,610
2014-2015,7,ANDERSON COUNTY,Grade  6,588
2014-2015,7,ANDERSON COUNTY,Grade  7,614
2014-2015,7,ANDERSON COUNTY,Grade  8,625
2014-2015,7,ANDERSON COUNTY,Grade  9,645
2014-2015,7,ANDERSON COUNTY,Grade 10,640
2014-2015,7,ANDERSON COUNTY,Grade 11,564
2014-2015,7,ANDERSON COUNTY,Grade 12,495
2014-2015,18,ANDREWS COUNTY,Early Education,12
2014-2015,18,ANDREWS COUNTY,Pre-kindergarten,113
2014-2015,18,ANDREWS COUNTY,Kindergarten,334
2014-2015,18,ANDREWS COUNTY,Grade  1,317
2014-2015,18,ANDREWS COUNTY,Grade  2,340
2014-2015,18,ANDREWS COUNTY,Grade  3,305
2014-2015,18,ANDREWS COUNTY,Grade  4,320
2014-2015,18,ANDREWS COUNTY,Grade  5,316
2014-2015,18,ANDREWS COUNTY,Grade  6,340
2014-2015,18,ANDREWS COUNTY,Grade  7,274
2014-2015,18,ANDREWS COUNTY,Grade  8,310
2014-2015,18,ANDREWS COUNTY,Grade  9,268
2014-2015,18,ANDREWS COUNTY,Grade 10,267
2014-2015,18,ANDREWS COUNTY,Grade 11,267
2014-2015,18,ANDREWS COUNTY,Grade 12,232
2014-2015,7,ANGELINA COUNTY,Early Education,38
2014-2015,7,ANGELINA COUNTY,Pre-kindergarten,1082
2014-2015,7,ANGELINA COUNTY,Kindergarten,1276
2014-2015,7,ANGELINA COUNTY,Grade  1,1406
2014-2015,7,ANGELINA COUNTY,Grade  2,1407
2014-2015,7,ANGELINA COUNTY,Grade  3,1318
2014-2015,7,ANGELINA COUNTY,Grade  4,1225
2014-2015,7,ANGELINA COUNTY,Grade  5,1315
2014-2015,7,ANGELINA COUNTY,Grade  6,1212
2014-2015,7,ANGELINA COUNTY,Grade  7,1276
2014-2015,7,ANGELINA COUNTY,Grade  8,1246
2014-2015,7,ANGELINA COUNTY,Grade  9,1359
2014-2015,7,ANGELINA COUNTY,Grade 10,1260
2014-2015,7,ANGELINA COUNTY,Grade 11,1168
2014-2015,7,ANGELINA COUNTY,Grade 12,1075
2014-2015,2,ARANSAS COUNTY,Early Education,6
2014-2015,2,ARANSAS COUNTY,Pre-kindergarten,70
2014-2015,2,ARANSAS COUNTY,Kindergarten,237
2014-2015,2,ARANSAS COUNTY,Grade  1,258
2014-2015,2,ARANSAS COUNTY,Grade  2,242
2014-2015,2,ARANSAS COUNTY,Grade  3,257
2014-2015,2,ARANSAS COUNTY,Grade  4,248
2014-2015,2,ARANSAS COUNTY,Grade  5,261
2014-2015,2,ARANSAS COUNTY,Grade  6,225
2014-2015,2,ARANSAS COUNTY,Grade  7,251
2014-2015,2,ARANSAS COUNTY,Grade  8,255
2014-2015,2,ARANSAS COUNTY,Grade  9,257
2014-2015,2,ARANSAS COUNTY,Grade 10,249
2014-2015,2,ARANSAS COUNTY,Grade 11,220
2014-2015,2,ARANSAS COUNTY,Grade 12,218
2014-2015,9,ARCHER COUNTY,Early Education,5
2014-2015,9,ARCHER COUNTY,Pre-kindergarten,55
2014-2015,9,ARCHER COUNTY,Kindergarten,108
2014-2015,9,ARCHER COUNTY,Grade  1,126
2014-2015,9,ARCHER COUNTY,Grade  2,128
2014-2015,9,ARCHER COUNTY,Grade  3,130
2014-2015,9,ARCHER COUNTY,Grade  4,134
2014-2015,9,ARCHER COUNTY,Grade  5,146
2014-2015,9,ARCHER COUNTY,Grade  6,137
2014-2015,9,ARCHER COUNTY,Grade  7,145
2014-2015,9,ARCHER COUNTY,Grade  8,138
2014-2015,9,ARCHER COUNTY,Grade  9,158
2014-2015,9,ARCHER COUNTY,Grade 10,162
2014-2015,9,ARCHER COUNTY,Grade 11,137
2014-2015,9,ARCHER COUNTY,Grade 12,136
2014-2015,16,ARMSTRONG COUNTY,Pre-kindergarten,18
2014-2015,16,ARMSTRONG COUNTY,Kindergarten,27
2014-2015,16,ARMSTRONG COUNTY,Grade  1,23
2014-2015,16,ARMSTRONG COUNTY,Grade  2,23
2014-2015,16,ARMSTRONG COUNTY,Grade  3,24
2014-2015,16,ARMSTRONG COUNTY,Grade  4,26
2014-2015,16,ARMSTRONG COUNTY,Grade  5,18
2014-2015,16,ARMSTRONG COUNTY,Grade  6,32
2014-2015,16,ARMSTRONG COUNTY,Grade  7,23
2014-2015,16,ARMSTRONG COUNTY,Grade  8,33
2014-2015,16,ARMSTRONG COUNTY,Grade  9,25
2014-2015,16,ARMSTRONG COUNTY,Grade 10,31
2014-2015,16,ARMSTRONG COUNTY,Grade 11,30
2014-2015,16,ARMSTRONG COUNTY,Grade 12,24
2014-2015,20,ATASCOSA COUNTY,Early Education,20
2014-2015,20,ATASCOSA COUNTY,Pre-kindergarten,414
2014-2015,20,ATASCOSA COUNTY,Kindergarten,677
2014-2015,20,ATASCOSA COUNTY,Grade  1,682
2014-2015,20,ATASCOSA COUNTY,Grade  2,727
2014-2015,20,ATASCOSA COUNTY,Grade  3,656
2014-2015,20,ATASCOSA COUNTY,Grade  4,654
2014-2015,20,ATASCOSA COUNTY,Grade  5,696
2014-2015,20,ATASCOSA COUNTY,Grade  6,641
2014-2015,20,ATASCOSA COUNTY,Grade  7,694
2014-2015,20,ATASCOSA COUNTY,Grade  8,705
2014-2015,20,ATASCOSA COUNTY,Grade  9,719
2014-2015,20,ATASCOSA COUNTY,Grade 10,641
2014-2015,20,ATASCOSA COUNTY,Grade 11,629
2014-2015,20,ATASCOSA COUNTY,Grade 12,635
2014-2015,6,AUSTIN COUNTY,Early Education,23
2014-2015,6,AUSTIN COUNTY,Pre-kindergarten,167
2014-2015,6,AUSTIN COUNTY,Kindergarten,429
2014-2015,6,AUSTIN COUNTY,Grade  1,454
2014-2015,6,AUSTIN COUNTY,Grade  2,421
2014-2015,6,AUSTIN COUNTY,Grade  3,398
2014-2015,6,AUSTIN COUNTY,Grade  4,412
2014-2015,6,AUSTIN COUNTY,Grade  5,415
2014-2015,6,AUSTIN COUNTY,Grade  6,452
2014-2015,6,AUSTIN COUNTY,Grade  7,434
2014-2015,6,AUSTIN COUNTY,Grade  8,464
2014-2015,6,AUSTIN COUNTY,Grade  9,497
2014-2015,6,AUSTIN COUNTY,Grade 10,445
2014-2015,6,AUSTIN COUNTY,Grade 11,419
2014-2015,6,AUSTIN COUNTY,Grade 12,374
2014-2015,17,BAILEY COUNTY,Early Education,11
2014-2015,17,BAILEY COUNTY,Pre-kindergarten,88
2014-2015,17,BAILEY COUNTY,Kindergarten,113
2014-2015,17,BAILEY COUNTY,Grade  1,115
2014-2015,17,BAILEY COUNTY,Grade  2,113
2014-2015,17,BAILEY COUNTY,Grade  3,106
2014-2015,17,BAILEY COUNTY,Grade  4,113
2014-2015,17,BAILEY COUNTY,Grade  5,101
2014-2015,17,BAILEY COUNTY,Grade  6,91
2014-2015,17,BAILEY COUNTY,Grade  7,99
2014-2015,17,BAILEY COUNTY,Grade  8,110
2014-2015,17,BAILEY COUNTY,Grade  9,101
2014-2015,17,BAILEY COUNTY,Grade 10,82
2014-2015,17,BAILEY COUNTY,Grade 11,87
2014-2015,17,BAILEY COUNTY,Grade 12,93
2014-2015,20,BANDERA COUNTY,Early Education,14
2014-2015,20,BANDERA COUNTY,Pre-kindergarten,119
2014-2015,20,BANDERA COUNTY,Kindergarten,166
2014-2015,20,BANDERA COUNTY,Grade  1,205
2014-2015,20,BANDERA COUNTY,Grade  2,184
2014-2015,20,BANDERA COUNTY,Grade  3,168
2014-2015,20,BANDERA COUNTY,Grade  4,197
2014-2015,20,BANDERA COUNTY,Grade  5,177
2014-2015,20,BANDERA COUNTY,Grade  6,176
2014-2015,20,BANDERA COUNTY,Grade  7,184
2014-2015,20,BANDERA COUNTY,Grade  8,199
2014-2015,20,BANDERA COUNTY,Grade  9,200
2014-2015,20,BANDERA COUNTY,Grade 10,183
2014-2015,20,BANDERA COUNTY,Grade 11,213
2014-2015,20,BANDERA COUNTY,Grade 12,164
2014-2015,13,BASTROP COUNTY,Early Education,59
2014-2015,13,BASTROP COUNTY,Pre-kindergarten,635
2014-2015,13,BASTROP COUNTY,Kindergarten,1153
2014-2015,13,BASTROP COUNTY,Grade  1,1183
2014-2015,13,BASTROP COUNTY,Grade  2,1223
2014-2015,13,BASTROP COUNTY,Grade  3,1247
2014-2015,13,BASTROP COUNTY,Grade  4,1180
2014-2015,13,BASTROP COUNTY,Grade  5,1202
2014-2015,13,BASTROP COUNTY,Grade  6,1176
2014-2015,13,BASTROP COUNTY,Grade  7,1212
2014-2015,13,BASTROP COUNTY,Grade  8,1231
2014-2015,13,BASTROP COUNTY,Grade  9,1480
2014-2015,13,BASTROP COUNTY,Grade 10,1127
2014-2015,13,BASTROP COUNTY,Grade 11,1113
2014-2015,13,BASTROP COUNTY,Grade 12,953
2014-2015,9,BAYLOR COUNTY,Early Education,-9999999
2014-2015,9,BAYLOR COUNTY,Pre-kindergarten,25
2014-2015,9,BAYLOR COUNTY,Kindergarten,53
2014-2015,9,BAYLOR COUNTY,Grade  1,43
2014-2015,9,BAYLOR COUNTY,Grade  2,39
2014-2015,9,BAYLOR COUNTY,Grade  3,46
2014-2015,9,BAYLOR COUNTY,Grade  4,58
2014-2015,9,BAYLOR COUNTY,Grade  5,46
2014-2015,9,BAYLOR COUNTY,Grade  6,40
2014-2015,9,BAYLOR COUNTY,Grade  7,35
2014-2015,9,BAYLOR COUNTY,Grade  8,44
2014-2015,9,BAYLOR COUNTY,Grade  9,39
2014-2015,9,BAYLOR COUNTY,Grade 10,49
2014-2015,9,BAYLOR COUNTY,Grade 11,38
2014-2015,9,BAYLOR COUNTY,Grade 12,35
2014-2015,2,BEE COUNTY,Early Education,20
2014-2015,2,BEE COUNTY,Pre-kindergarten,219
2014-2015,2,BEE COUNTY,Kindergarten,406
2014-2015,2,BEE COUNTY,Grade  1,456
2014-2015,2,BEE COUNTY,Grade  2,437
2014-2015,2,BEE COUNTY,Grade  3,418
2014-2015,2,BEE COUNTY,Grade  4,393
2014-2015,2,BEE COUNTY,Grade  5,375
2014-2015,2,BEE COUNTY,Grade  6,389
2014-2015,2,BEE COUNTY,Grade  7,396
2014-2015,2,BEE COUNTY,Grade  8,423
2014-2015,2,BEE COUNTY,Grade  9,422
2014-2015,2,BEE COUNTY,Grade 10,376
2014-2015,2,BEE COUNTY,Grade 11,302
2014-2015,2,BEE COUNTY,Grade 12,268
2014-2015,12,BELL COUNTY/12,Early Education,271
2014-2015,12,BELL COUNTY/12,Pre-kindergarten,4525
2014-2015,12,BELL COUNTY/12,Kindergarten,5634
2014-2015,12,BELL COUNTY/12,Grade  1,6049
2014-2015,12,BELL COUNTY/12,Grade  2,5714
2014-2015,12,BELL COUNTY/12,Grade  3,5462
2014-2015,12,BELL COUNTY/12,Grade  4,5223
2014-2015,12,BELL COUNTY/12,Grade  5,4934
2014-2015,12,BELL COUNTY/12,Grade  6,4970
2014-2015,12,BELL COUNTY/12,Grade  7,4962
2014-2015,12,BELL COUNTY/12,Grade  8,4873
2014-2015,12,BELL COUNTY/12,Grade  9,5728
2014-2015,12,BELL COUNTY/12,Grade 10,4873
2014-2015,12,BELL COUNTY/12,Grade 11,4466
2014-2015,12,BELL COUNTY/12,Grade 12,4049
2014-2015,13,BELL COUNTY/13,Early Education,-9999999
2014-2015,13,BELL COUNTY/13,Pre-kindergarten,38
2014-2015,13,BELL COUNTY/13,Kindergarten,32
2014-2015,13,BELL COUNTY/13,Grade  1,22
2014-2015,13,BELL COUNTY/13,Grade  2,39
2014-2015,13,BELL COUNTY/13,Grade  3,24
2014-2015,13,BELL COUNTY/13,Grade  4,25
2014-2015,13,BELL COUNTY/13,Grade  5,23
2014-2015,13,BELL COUNTY/13,Grade  6,30
2014-2015,13,BELL COUNTY/13,Grade  7,23
2014-2015,13,BELL COUNTY/13,Grade  8,26
2014-2015,13,BELL COUNTY/13,Grade  9,31
2014-2015,13,BELL COUNTY/13,Grade 10,32
2014-2015,13,BELL COUNTY/13,Grade 11,21
2014-2015,13,BELL COUNTY/13,Grade 12,28
2014-2015,AL,BELL COUNTY/ALL,Early Education,272
2014-2015,AL,BELL COUNTY/ALL,Pre-kindergarten,4563
2014-2015,AL,BELL COUNTY/ALL,Kindergarten,5666
2014-2015,AL,BELL COUNTY/ALL,Grade  1,6071
2014-2015,AL,BELL COUNTY/ALL,Grade  2,5753
2014-2015,AL,BELL COUNTY/ALL,Grade  3,5486
2014-2015,AL,BELL COUNTY/ALL,Grade  4,5248
2014-2015,AL,BELL COUNTY/ALL,Grade  5,4957
2014-2015,AL,BELL COUNTY/ALL,Grade  6,5000
2014-2015,AL,BELL COUNTY/ALL,Grade  7,4985
2014-2015,AL,BELL COUNTY/ALL,Grade  8,4899
2014-2015,AL,BELL COUNTY/ALL,Grade  9,5759
2014-2015,AL,BELL COUNTY/ALL,Grade 10,4905
2014-2015,AL,BELL COUNTY/ALL,Grade 11,4487
2014-2015,AL,BELL COUNTY/ALL,Grade 12,4077
2014-2015,20,BEXAR COUNTY,Early Education,1412
2014-2015,20,BEXAR COUNTY,Pre-kindergarten,16895
2014-2015,20,BEXAR COUNTY,Kindergarten,25532
2014-2015,20,BEXAR COUNTY,Grade  1,27472
2014-2015,20,BEXAR COUNTY,Grade  2,27135
2014-2015,20,BEXAR COUNTY,Grade  3,26498
2014-2015,20,BEXAR COUNTY,Grade  4,26310
2014-2015,20,BEXAR COUNTY,Grade  5,26532
2014-2015,20,BEXAR COUNTY,Grade  6,25326
2014-2015,20,BEXAR COUNTY,Grade  7,25435
2014-2015,20,BEXAR COUNTY,Grade  8,25974
2014-2015,20,BEXAR COUNTY,Grade  9,28373
2014-2015,20,BEXAR COUNTY,Grade 10,24677
2014-2015,20,BEXAR COUNTY,Grade 11,22543
2014-2015,20,BEXAR COUNTY,Grade 12,20142
2014-2015,13,BLANCO COUNTY,Early Education,13
2014-2015,13,BLANCO COUNTY,Pre-kindergarten,32
2014-2015,13,BLANCO COUNTY,Kindergarten,100
2014-2015,13,BLANCO COUNTY,Grade  1,110
2014-2015,13,BLANCO COUNTY,Grade  2,126
2014-2015,13,BLANCO COUNTY,Grade  3,120
2014-2015,13,BLANCO COUNTY,Grade  4,146
2014-2015,13,BLANCO COUNTY,Grade  5,134
2014-2015,13,BLANCO COUNTY,Grade  6,108
2014-2015,13,BLANCO COUNTY,Grade  7,143
2014-2015,13,BLANCO COUNTY,Grade  8,130
2014-2015,13,BLANCO COUNTY,Grade  9,142
2014-2015,13,BLANCO COUNTY,Grade 10,138
2014-2015,13,BLANCO COUNTY,Grade 11,121
2014-2015,13,BLANCO COUNTY,Grade 12,118
2014-2015,17,BORDEN COUNTY,Kindergarten,19
2014-2015,17,BORDEN COUNTY,Grade  1,16
2014-2015,17,BORDEN COUNTY,Grade  2,17
2014-2015,17,BORDEN COUNTY,Grade  3,21
2014-2015,17,BORDEN COUNTY,Grade  4,19
2014-2015,17,BORDEN COUNTY,Grade  5,15
2014-2015,17,BORDEN COUNTY,Grade  6,25
2014-2015,17,BORDEN COUNTY,Grade  7,24
2014-2015,17,BORDEN COUNTY,Grade  8,19
2014-2015,17,BORDEN COUNTY,Grade  9,22
2014-2015,17,BORDEN COUNTY,Grade 10,19
2014-2015,17,BORDEN COUNTY,Grade 11,19
2014-2015,17,BORDEN COUNTY,Grade 12,14
2014-2015,12,BOSQUE COUNTY,Early Education,-9999999
2014-2015,12,BOSQUE COUNTY,Pre-kindergarten,161
2014-2015,12,BOSQUE COUNTY,Kindergarten,204
2014-2015,12,BOSQUE COUNTY,Grade  1,223
2014-2015,12,BOSQUE COUNTY,Grade  2,218
2014-2015,12,BOSQUE COUNTY,Grade  3,189
2014-2015,12,BOSQUE COUNTY,Grade  4,210
2014-2015,12,BOSQUE COUNTY,Grade  5,197
2014-2015,12,BOSQUE COUNTY,Grade  6,190
2014-2015,12,BOSQUE COUNTY,Grade  7,224
2014-2015,12,BOSQUE COUNTY,Grade  8,209
2014-2015,12,BOSQUE COUNTY,Grade  9,241
2014-2015,12,BOSQUE COUNTY,Grade 10,243
2014-2015,12,BOSQUE COUNTY,Grade 11,191
2014-2015,12,BOSQUE COUNTY,Grade 12,208
2014-2015,8,BOWIE COUNTY,Early Education,43
2014-2015,8,BOWIE COUNTY,Pre-kindergarten,1139
2014-2015,8,BOWIE COUNTY,Kindergarten,1386
2014-2015,8,BOWIE COUNTY,Grade  1,1370
2014-2015,8,BOWIE COUNTY,Grade  2,1362
2014-2015,8,BOWIE COUNTY,Grade  3,1293
2014-2015,8,BOWIE COUNTY,Grade  4,1276
2014-2015,8,BOWIE COUNTY,Grade  5,1278
2014-2015,8,BOWIE COUNTY,Grade  6,1299
2014-2015,8,BOWIE COUNTY,Grade  7,1298
2014-2015,8,BOWIE COUNTY,Grade  8,1304
2014-2015,8,BOWIE COUNTY,Grade  9,1330
2014-2015,8,BOWIE COUNTY,Grade 10,1282
2014-2015,8,BOWIE COUNTY,Grade 11,1159
2014-2015,8,BOWIE COUNTY,Grade 12,1092
2014-2015,4,BRAZORIA COUNTY,Early Education,280
2014-2015,4,BRAZORIA COUNTY,Pre-kindergarten,1957
2014-2015,4,BRAZORIA COUNTY,Kindergarten,4922
2014-2015,4,BRAZORIA COUNTY,Grade  1,5184
2014-2015,4,BRAZORIA COUNTY,Grade  2,5044
2014-2015,4,BRAZORIA COUNTY,Grade  3,5077
2014-2015,4,BRAZORIA COUNTY,Grade  4,4990
2014-2015,4,BRAZORIA COUNTY,Grade  5,4917
2014-2015,4,BRAZORIA COUNTY,Grade  6,5079
2014-2015,4,BRAZORIA COUNTY,Grade  7,5046
2014-2015,4,BRAZORIA COUNTY,Grade  8,4970
2014-2015,4,BRAZORIA COUNTY,Grade  9,5598
2014-2015,4,BRAZORIA COUNTY,Grade 10,4847
2014-2015,4,BRAZORIA COUNTY,Grade 11,4631
2014-2015,4,BRAZORIA COUNTY,Grade 12,3979
2014-2015,6,BRAZOS COUNTY,Early Education,217
2014-2015,6,BRAZOS COUNTY,Pre-kindergarten,1030
2014-2015,6,BRAZOS COUNTY,Kindergarten,2494
2014-2015,6,BRAZOS COUNTY,Grade  1,2721
2014-2015,6,BRAZOS COUNTY,Grade  2,2494
2014-2015,6,BRAZOS COUNTY,Grade  3,2337
2014-2015,6,BRAZOS COUNTY,Grade  4,2362
2014-2015,6,BRAZOS COUNTY,Grade  5,2183
2014-2015,6,BRAZOS COUNTY,Grade  6,2144
2014-2015,6,BRAZOS COUNTY,Grade  7,2009
2014-2015,6,BRAZOS COUNTY,Grade  8,2119
2014-2015,6,BRAZOS COUNTY,Grade  9,2369
2014-2015,6,BRAZOS COUNTY,Grade 10,2031
2014-2015,6,BRAZOS COUNTY,Grade 11,1685
2014-2015,6,BRAZOS COUNTY,Grade 12,1601
2014-2015,18,BREWSTER COUNTY,Early Education,-9999999
2014-2015,18,BREWSTER COUNTY,Pre-kindergarten,55
2014-2015,18,BREWSTER COUNTY,Kindergarten,81
2014-2015,18,BREWSTER COUNTY,Grade  1,86
2014-2015,18,BREWSTER COUNTY,Grade  2,91
2014-2015,18,BREWSTER COUNTY,Grade  3,105
2014-2015,18,BREWSTER COUNTY,Grade  4,80
2014-2015,18,BREWSTER COUNTY,Grade  5,99
2014-2015,18,BREWSTER COUNTY,Grade  6,94
2014-2015,18,BREWSTER COUNTY,Grade  7,75
2014-2015,18,BREWSTER COUNTY,Grade  8,84
2014-2015,18,BREWSTER COUNTY,Grade  9,99
2014-2015,18,BREWSTER COUNTY,Grade 10,75
2014-2015,18,BREWSTER COUNTY,Grade 11,79
2014-2015,18,BREWSTER COUNTY,Grade 12,67
2014-2015,16,BRISCOE COUNTY,Pre-kindergarten,7
2014-2015,16,BRISCOE COUNTY,Kindergarten,13
2014-2015,16,BRISCOE COUNTY,Grade  1,16
2014-2015,16,BRISCOE COUNTY,Grade  2,12
2014-2015,16,BRISCOE COUNTY,Grade  3,20
2014-2015,16,BRISCOE COUNTY,Grade  4,11
2014-2015,16,BRISCOE COUNTY,Grade  5,9
2014-2015,16,BRISCOE COUNTY,Grade  6,18
2014-2015,16,BRISCOE COUNTY,Grade  7,13
2014-2015,16,BRISCOE COUNTY,Grade  8,17
2014-2015,16,BRISCOE COUNTY,Grade  9,15
2014-2015,16,BRISCOE COUNTY,Grade 10,13
2014-2015,16,BRISCOE COUNTY,Grade 11,13
2014-2015,16,BRISCOE COUNTY,Grade 12,8
2014-2015,2,BROOKS COUNTY,Early Education,11
2014-2015,2,BROOKS COUNTY,Pre-kindergarten,78
2014-2015,2,BROOKS COUNTY,Kindergarten,106
2014-2015,2,BROOKS COUNTY,Grade  1,126
2014-2015,2,BROOKS COUNTY,Grade  2,129
2014-2015,2,BROOKS COUNTY,Grade  3,129
2014-2015,2,BROOKS COUNTY,Grade  4,111
2014-2015,2,BROOKS COUNTY,Grade  5,110
2014-2015,2,BROOKS COUNTY,Grade  6,94
2014-2015,2,BROOKS COUNTY,Grade  7,108
2014-2015,2,BROOKS COUNTY,Grade  8,119
2014-2015,2,BROOKS COUNTY,Grade  9,121
2014-2015,2,BROOKS COUNTY,Grade 10,104
2014-2015,2,BROOKS COUNTY,Grade 11,105
2014-2015,2,BROOKS COUNTY,Grade 12,88
2014-2015,15,BROWN COUNTY,Early Education,29
2014-2015,15,BROWN COUNTY,Pre-kindergarten,302
2014-2015,15,BROWN COUNTY,Kindergarten,491
2014-2015,15,BROWN COUNTY,Grade  1,509
2014-2015,15,BROWN COUNTY,Grade  2,513
2014-2015,15,BROWN COUNTY,Grade  3,466
2014-2015,15,BROWN COUNTY,Grade  4,504
2014-2015,15,BROWN COUNTY,Grade  5,502
2014-2015,15,BROWN COUNTY,Grade  6,480
2014-2015,15,BROWN COUNTY,Grade  7,529
2014-2015,15,BROWN COUNTY,Grade  8,534
2014-2015,15,BROWN COUNTY,Grade  9,556
2014-2015,15,BROWN COUNTY,Grade 10,492
2014-2015,15,BROWN COUNTY,Grade 11,458
2014-2015,15,BROWN COUNTY,Grade 12,378
2014-2015,6,BURLESON COUNTY,Early Education,-9999999
2014-2015,6,BURLESON COUNTY,Pre-kindergarten,114
2014-2015,6,BURLESON COUNTY,Kindergarten,198
2014-2015,6,BURLESON COUNTY,Grade  1,228
2014-2015,6,BURLESON COUNTY,Grade  2,219
2014-2015,6,BURLESON COUNTY,Grade  3,187
2014-2015,6,BURLESON COUNTY,Grade  4,226
2014-2015,6,BURLESON COUNTY,Grade  5,195
2014-2015,6,BURLESON COUNTY,Grade  6,184
2014-2015,6,BURLESON COUNTY,Grade  7,184
2014-2015,6,BURLESON COUNTY,Grade  8,213
2014-2015,6,BURLESON COUNTY,Grade  9,233
2014-2015,6,BURLESON COUNTY,Grade 10,207
2014-2015,6,BURLESON COUNTY,Grade 11,193
2014-2015,6,BURLESON COUNTY,Grade 12,174
2014-2015,13,BURNET COUNTY,Early Education,25
2014-2015,13,BURNET COUNTY,Pre-kindergarten,253
2014-2015,13,BURNET COUNTY,Kindergarten,493
2014-2015,13,BURNET COUNTY,Grade  1,550
2014-2015,13,BURNET COUNTY,Grade  2,523
2014-2015,13,BURNET COUNTY,Grade  3,567
2014-2015,13,BURNET COUNTY,Grade  4,545
2014-2015,13,BURNET COUNTY,Grade  5,511
2014-2015,13,BURNET COUNTY,Grade  6,508
2014-2015,13,BURNET COUNTY,Grade  7,554
2014-2015,13,BURNET COUNTY,Grade  8,549
2014-2015,13,BURNET COUNTY,Grade  9,590
2014-2015,13,BURNET COUNTY,Grade 10,554
2014-2015,13,BURNET COUNTY,Grade 11,512
2014-2015,13,BURNET COUNTY,Grade 12,470
2014-2015,13,CALDWELL COUNTY,Early Education,21
2014-2015,13,CALDWELL COUNTY,Pre-kindergarten,323
2014-2015,13,CALDWELL COUNTY,Kindergarten,499
2014-2015,13,CALDWELL COUNTY,Grade  1,560
2014-2015,13,CALDWELL COUNTY,Grade  2,530
2014-2015,13,CALDWELL COUNTY,Grade  3,508
2014-2015,13,CALDWELL COUNTY,Grade  4,529
2014-2015,13,CALDWELL COUNTY,Grade  5,542
2014-2015,13,CALDWELL COUNTY,Grade  6,504
2014-2015,13,CALDWELL COUNTY,Grade  7,455
2014-2015,13,CALDWELL COUNTY,Grade  8,549
2014-2015,13,CALDWELL COUNTY,Grade  9,493
2014-2015,13,CALDWELL COUNTY,Grade 10,542
2014-2015,13,CALDWELL COUNTY,Grade 11,445
2014-2015,13,CALDWELL COUNTY,Grade 12,412
2014-2015,3,CALHOUN COUNTY,Early Education,7
2014-2015,3,CALHOUN COUNTY,Pre-kindergarten,189
2014-2015,3,CALHOUN COUNTY,Kindergarten,298
2014-2015,3,CALHOUN COUNTY,Grade  1,320
2014-2015,3,CALHOUN COUNTY,Grade  2,352
2014-2015,3,CALHOUN COUNTY,Grade  3,316
2014-2015,3,CALHOUN COUNTY,Grade  4,270
2014-2015,3,CALHOUN COUNTY,Grade  5,309
2014-2015,3,CALHOUN COUNTY,Grade  6,312
2014-2015,3,CALHOUN COUNTY,Grade  7,341
2014-2015,3,CALHOUN COUNTY,Grade  8,299
2014-2015,3,CALHOUN COUNTY,Grade  9,343
2014-2015,3,CALHOUN COUNTY,Grade 10,321
2014-2015,3,CALHOUN COUNTY,Grade 11,300
2014-2015,3,CALHOUN COUNTY,Grade 12,247
2014-2015,14,CALLAHAN COUNTY,Early Education,9
2014-2015,14,CALLAHAN COUNTY,Pre-kindergarten,116
2014-2015,14,CALLAHAN COUNTY,Kindergarten,187
2014-2015,14,CALLAHAN COUNTY,Grade  1,179
2014-2015,14,CALLAHAN COUNTY,Grade  2,197
2014-2015,14,CALLAHAN COUNTY,Grade  3,186
2014-2015,14,CALLAHAN COUNTY,Grade  4,181
2014-2015,14,CALLAHAN COUNTY,Grade  5,188
2014-2015,14,CALLAHAN COUNTY,Grade  6,176
2014-2015,14,CALLAHAN COUNTY,Grade  7,204
2014-2015,14,CALLAHAN COUNTY,Grade  8,208
2014-2015,14,CALLAHAN COUNTY,Grade  9,194
2014-2015,14,CALLAHAN COUNTY,Grade 10,177
2014-2015,14,CALLAHAN COUNTY,Grade 11,173
2014-2015,14,CALLAHAN COUNTY,Grade 12,156
2014-2015,1,CAMERON COUNTY,Early Education,311
2014-2015,1,CAMERON COUNTY,Pre-kindergarten,6178
2014-2015,1,CAMERON COUNTY,Kindergarten,6678
2014-2015,1,CAMERON COUNTY,Grade  1,7506
2014-2015,1,CAMERON COUNTY,Grade  2,7114
2014-2015,1,CAMERON COUNTY,Grade  3,6894
2014-2015,1,CAMERON COUNTY,Grade  4,7117
2014-2015,1,CAMERON COUNTY,Grade  5,7193
2014-2015,1,CAMERON COUNTY,Grade  6,7129
2014-2015,1,CAMERON COUNTY,Grade  7,7649
2014-2015,1,CAMERON COUNTY,Grade  8,7977
2014-2015,1,CAMERON COUNTY,Grade  9,8894
2014-2015,1,CAMERON COUNTY,Grade 10,8123
2014-2015,1,CAMERON COUNTY,Grade 11,7237
2014-2015,1,CAMERON COUNTY,Grade 12,6255
2014-2015,8,CAMP COUNTY,Early Education,8
2014-2015,8,CAMP COUNTY,Pre-kindergarten,92
2014-2015,8,CAMP COUNTY,Kindergarten,161
2014-2015,8,CAMP COUNTY,Grade  1,211
2014-2015,8,CAMP COUNTY,Grade  2,188
2014-2015,8,CAMP COUNTY,Grade  3,180
2014-2015,8,CAMP COUNTY,Grade  4,179
2014-2015,8,CAMP COUNTY,Grade  5,190
2014-2015,8,CAMP COUNTY,Grade  6,178
2014-2015,8,CAMP COUNTY,Grade  7,192
2014-2015,8,CAMP COUNTY,Grade  8,154
2014-2015,8,CAMP COUNTY,Grade  9,188
2014-2015,8,CAMP COUNTY,Grade 10,187
2014-2015,8,CAMP COUNTY,Grade 11,180
2014-2015,8,CAMP COUNTY,Grade 12,152
2014-2015,16,CARSON COUNTY,Early Education,-9999999
2014-2015,16,CARSON COUNTY,Pre-kindergarten,46
2014-2015,16,CARSON COUNTY,Kindergarten,95
2014-2015,16,CARSON COUNTY,Grade  1,81
2014-2015,16,CARSON COUNTY,Grade  2,82
2014-2015,16,CARSON COUNTY,Grade  3,78
2014-2015,16,CARSON COUNTY,Grade  4,88
2014-2015,16,CARSON COUNTY,Grade  5,92
2014-2015,16,CARSON COUNTY,Grade  6,98
2014-2015,16,CARSON COUNTY,Grade  7,91
2014-2015,16,CARSON COUNTY,Grade  8,80
2014-2015,16,CARSON COUNTY,Grade  9,77
2014-2015,16,CARSON COUNTY,Grade 10,87
2014-2015,16,CARSON COUNTY,Grade 11,81
2014-2015,16,CARSON COUNTY,Grade 12,75
2014-2015,8,CASS COUNTY,Early Education,14
2014-2015,8,CASS COUNTY,Pre-kindergarten,326
2014-2015,8,CASS COUNTY,Kindergarten,369
2014-2015,8,CASS COUNTY,Grade  1,423
2014-2015,8,CASS COUNTY,Grade  2,402
2014-2015,8,CASS COUNTY,Grade  3,399
2014-2015,8,CASS COUNTY,Grade  4,395
2014-2015,8,CASS COUNTY,Grade  5,397
2014-2015,8,CASS COUNTY,Grade  6,413
2014-2015,8,CASS COUNTY,Grade  7,409
2014-2015,8,CASS COUNTY,Grade  8,413
2014-2015,8,CASS COUNTY,Grade  9,425
2014-2015,8,CASS COUNTY,Grade 10,443
2014-2015,8,CASS COUNTY,Grade 11,412
2014-2015,8,CASS COUNTY,Grade 12,375
2014-2015,16,CASTRO COUNTY,Early Education,-9999999
2014-2015,16,CASTRO COUNTY,Pre-kindergarten,127
2014-2015,16,CASTRO COUNTY,Kindergarten,130
2014-2015,16,CASTRO COUNTY,Grade  1,133
2014-2015,16,CASTRO COUNTY,Grade  2,125
2014-2015,16,CASTRO COUNTY,Grade  3,111
2014-2015,16,CASTRO COUNTY,Grade  4,128
2014-2015,16,CASTRO COUNTY,Grade  5,133
2014-2015,16,CASTRO COUNTY,Grade  6,120
2014-2015,16,CASTRO COUNTY,Grade  7,104
2014-2015,16,CASTRO COUNTY,Grade  8,123
2014-2015,16,CASTRO COUNTY,Grade  9,128
2014-2015,16,CASTRO COUNTY,Grade 10,127
2014-2015,16,CASTRO COUNTY,Grade 11,106
2014-2015,16,CASTRO COUNTY,Grade 12,111
2014-2015,4,CHAMBERS COUNTY/04,Early Education,24
2014-2015,4,CHAMBERS COUNTY/04,Pre-kindergarten,115
2014-2015,4,CHAMBERS COUNTY/04,Kindergarten,439
2014-2015,4,CHAMBERS COUNTY/04,Grade  1,460
2014-2015,4,CHAMBERS COUNTY/04,Grade  2,464
2014-2015,4,CHAMBERS COUNTY/04,Grade  3,452
2014-2015,4,CHAMBERS COUNTY/04,Grade  4,463
2014-2015,4,CHAMBERS COUNTY/04,Grade  5,495
2014-2015,4,CHAMBERS COUNTY/04,Grade  6,466
2014-2015,4,CHAMBERS COUNTY/04,Grade  7,455
2014-2015,4,CHAMBERS COUNTY/04,Grade  8,457
2014-2015,4,CHAMBERS COUNTY/04,Grade  9,563
2014-2015,4,CHAMBERS COUNTY/04,Grade 10,483
2014-2015,4,CHAMBERS COUNTY/04,Grade 11,394
2014-2015,4,CHAMBERS COUNTY/04,Grade 12,395
2014-2015,5,CHAMBERS COUNTY/05,Early Education,10
2014-2015,5,CHAMBERS COUNTY/05,Pre-kindergarten,74
2014-2015,5,CHAMBERS COUNTY/05,Kindergarten,115
2014-2015,5,CHAMBERS COUNTY/05,Grade  1,114
2014-2015,5,CHAMBERS COUNTY/05,Grade  2,111
2014-2015,5,CHAMBERS COUNTY/05,Grade  3,104
2014-2015,5,CHAMBERS COUNTY/05,Grade  4,112
2014-2015,5,CHAMBERS COUNTY/05,Grade  5,97
2014-2015,5,CHAMBERS COUNTY/05,Grade  6,84
2014-2015,5,CHAMBERS COUNTY/05,Grade  7,120
2014-2015,5,CHAMBERS COUNTY/05,Grade  8,107
2014-2015,5,CHAMBERS COUNTY/05,Grade  9,104
2014-2015,5,CHAMBERS COUNTY/05,Grade 10,87
2014-2015,5,CHAMBERS COUNTY/05,Grade 11,104
2014-2015,5,CHAMBERS COUNTY/05,Grade 12,82
2014-2015,AL,CHAMBERS COUNTY/ALL,Early Education,34
2014-2015,AL,CHAMBERS COUNTY/ALL,Pre-kindergarten,189
2014-2015,AL,CHAMBERS COUNTY/ALL,Kindergarten,554
2014-2015,AL,CHAMBERS COUNTY/ALL,Grade  1,574
2014-2015,AL,CHAMBERS COUNTY/ALL,Grade  2,575
2014-2015,AL,CHAMBERS COUNTY/ALL,Grade  3,556
2014-2015,AL,CHAMBERS COUNTY/ALL,Grade  4,575
2014-2015,AL,CHAMBERS COUNTY/ALL,Grade  5,592
2014-2015,AL,CHAMBERS COUNTY/ALL,Grade  6,550
2014-2015,AL,CHAMBERS COUNTY/ALL,Grade  7,575
2014-2015,AL,CHAMBERS COUNTY/ALL,Grade  8,564
2014-2015,AL,CHAMBERS COUNTY/ALL,Grade  9,667
2014-2015,AL,CHAMBERS COUNTY/ALL,Grade 10,570
2014-2015,AL,CHAMBERS COUNTY/ALL,Grade 11,498
2014-2015,AL,CHAMBERS COUNTY/ALL,Grade 12,477
2014-2015,7,CHEROKEE COUNTY,Early Education,20
2014-2015,7,CHEROKEE COUNTY,Pre-kindergarten,475
2014-2015,7,CHEROKEE COUNTY,Kindergarten,687
2014-2015,7,CHEROKEE COUNTY,Grade  1,692
2014-2015,7,CHEROKEE COUNTY,Grade  2,706
2014-2015,7,CHEROKEE COUNTY,Grade  3,677
2014-2015,7,CHEROKEE COUNTY,Grade  4,648
2014-2015,7,CHEROKEE COUNTY,Grade  5,624
2014-2015,7,CHEROKEE COUNTY,Grade  6,595
2014-2015,7,CHEROKEE COUNTY,Grade  7,645
2014-2015,7,CHEROKEE COUNTY,Grade  8,664
2014-2015,7,CHEROKEE COUNTY,Grade  9,635
2014-2015,7,CHEROKEE COUNTY,Grade 10,594
2014-2015,7,CHEROKEE COUNTY,Grade 11,533
2014-2015,7,CHEROKEE COUNTY,Grade 12,479
2014-2015,16,CHILDRESS COUNTY,Early Education,-9999999
2014-2015,16,CHILDRESS COUNTY,Pre-kindergarten,36
2014-2015,16,CHILDRESS COUNTY,Kindergarten,94
2014-2015,16,CHILDRESS COUNTY,Grade  1,87
2014-2015,16,CHILDRESS COUNTY,Grade  2,96
2014-2015,16,CHILDRESS COUNTY,Grade  3,86
2014-2015,16,CHILDRESS COUNTY,Grade  4,80
2014-2015,16,CHILDRESS COUNTY,Grade  5,92
2014-2015,16,CHILDRESS COUNTY,Grade  6,89
2014-2015,16,CHILDRESS COUNTY,Grade  7,104
2014-2015,16,CHILDRESS COUNTY,Grade  8,78
2014-2015,16,CHILDRESS COUNTY,Grade  9,66
2014-2015,16,CHILDRESS COUNTY,Grade 10,96
2014-2015,16,CHILDRESS COUNTY,Grade 11,61
2014-2015,16,CHILDRESS COUNTY,Grade 12,83
2014-2015,9,CLAY COUNTY,Early Education,-9999999
2014-2015,9,CLAY COUNTY,Pre-kindergarten,85
2014-2015,9,CLAY COUNTY,Kindergarten,146
2014-2015,9,CLAY COUNTY,Grade  1,125
2014-2015,9,CLAY COUNTY,Grade  2,109
2014-2015,9,CLAY COUNTY,Grade  3,126
2014-2015,9,CLAY COUNTY,Grade  4,122
2014-2015,9,CLAY COUNTY,Grade  5,142
2014-2015,9,CLAY COUNTY,Grade  6,111
2014-2015,9,CLAY COUNTY,Grade  7,131
2014-2015,9,CLAY COUNTY,Grade  8,129
2014-2015,9,CLAY COUNTY,Grade  9,141
2014-2015,9,CLAY COUNTY,Grade 10,129
2014-2015,9,CLAY COUNTY,Grade 11,124
2014-2015,9,CLAY COUNTY,Grade 12,127
2014-2015,17,COCHRAN COUNTY,Pre-kindergarten,57
2014-2015,17,COCHRAN COUNTY,Kindergarten,52
2014-2015,17,COCHRAN COUNTY,Grade  1,71
2014-2015,17,COCHRAN COUNTY,Grade  2,70
2014-2015,17,COCHRAN COUNTY,Grade  3,52
2014-2015,17,COCHRAN COUNTY,Grade  4,51
2014-2015,17,COCHRAN COUNTY,Grade  5,66
2014-2015,17,COCHRAN COUNTY,Grade  6,60
2014-2015,17,COCHRAN COUNTY,Grade  7,63
2014-2015,17,COCHRAN COUNTY,Grade  8,42
2014-2015,17,COCHRAN COUNTY,Grade  9,55
2014-2015,17,COCHRAN COUNTY,Grade 10,55
2014-2015,17,COCHRAN COUNTY,Grade 11,50
2014-2015,17,COCHRAN COUNTY,Grade 12,51
2014-2015,15,COKE COUNTY,Early Education,-9999999
2014-2015,15,COKE COUNTY,Pre-kindergarten,36
2014-2015,15,COKE COUNTY,Kindergarten,38
2014-2015,15,COKE COUNTY,Grade  1,41
2014-2015,15,COKE COUNTY,Grade  2,32
2014-2015,15,COKE COUNTY,Grade  3,31
2014-2015,15,COKE COUNTY,Grade  4,33
2014-2015,15,COKE COUNTY,Grade  5,34
2014-2015,15,COKE COUNTY,Grade  6,38
2014-2015,15,COKE COUNTY,Grade  7,42
2014-2015,15,COKE COUNTY,Grade  8,48
2014-2015,15,COKE COUNTY,Grade  9,44
2014-2015,15,COKE COUNTY,Grade 10,56
2014-2015,15,COKE COUNTY,Grade 11,41
2014-2015,15,COKE COUNTY,Grade 12,33
2014-2015,15,COLEMAN COUNTY,Early Education,-9999999
2014-2015,15,COLEMAN COUNTY,Pre-kindergarten,78
2014-2015,15,COLEMAN COUNTY,Kindergarten,103
2014-2015,15,COLEMAN COUNTY,Grade  1,98
2014-2015,15,COLEMAN COUNTY,Grade  2,116
2014-2015,15,COLEMAN COUNTY,Grade  3,81
2014-2015,15,COLEMAN COUNTY,Grade  4,104
2014-2015,15,COLEMAN COUNTY,Grade  5,102
2014-2015,15,COLEMAN COUNTY,Grade  6,100
2014-2015,15,COLEMAN COUNTY,Grade  7,77
2014-2015,15,COLEMAN COUNTY,Grade  8,113
2014-2015,15,COLEMAN COUNTY,Grade  9,107
2014-2015,15,COLEMAN COUNTY,Grade 10,92
2014-2015,15,COLEMAN COUNTY,Grade 11,77
2014-2015,15,COLEMAN COUNTY,Grade 12,86
2014-2015,10,COLLIN COUNTY,Early Education,1451
2014-2015,10,COLLIN COUNTY,Pre-kindergarten,2619
2014-2015,10,COLLIN COUNTY,Kindergarten,13653
2014-2015,10,COLLIN COUNTY,Grade  1,14460
2014-2015,10,COLLIN COUNTY,Grade  2,14671
2014-2015,10,COLLIN COUNTY,Grade  3,14752
2014-2015,10,COLLIN COUNTY,Grade  4,14915
2014-2015,10,COLLIN COUNTY,Grade  5,15226
2014-2015,10,COLLIN COUNTY,Grade  6,14970
2014-2015,10,COLLIN COUNTY,Grade  7,14687
2014-2015,10,COLLIN COUNTY,Grade  8,14924
2014-2015,10,COLLIN COUNTY,Grade  9,15095
2014-2015,10,COLLIN COUNTY,Grade 10,14051
2014-2015,10,COLLIN COUNTY,Grade 11,13200
2014-2015,10,COLLIN COUNTY,Grade 12,12255
2014-2015,16,COLLINGSWORTH COUNTY,Early Education,-9999999
2014-2015,16,COLLINGSWORTH COUNTY,Pre-kindergarten,41
2014-2015,16,COLLINGSWORTH COUNTY,Kindergarten,51
2014-2015,16,COLLINGSWORTH COUNTY,Grade  1,49
2014-2015,16,COLLINGSWORTH COUNTY,Grade  2,57
2014-2015,16,COLLINGSWORTH COUNTY,Grade  3,48
2014-2015,16,COLLINGSWORTH COUNTY,Grade  4,38
2014-2015,16,COLLINGSWORTH COUNTY,Grade  5,34
2014-2015,16,COLLINGSWORTH COUNTY,Grade  6,40
2014-2015,16,COLLINGSWORTH COUNTY,Grade  7,39
2014-2015,16,COLLINGSWORTH COUNTY,Grade  8,42
2014-2015,16,COLLINGSWORTH COUNTY,Grade  9,33
2014-2015,16,COLLINGSWORTH COUNTY,Grade 10,40
2014-2015,16,COLLINGSWORTH COUNTY,Grade 11,48
2014-2015,16,COLLINGSWORTH COUNTY,Grade 12,40
2014-2015,3,COLORADO COUNTY,Early Education,5
2014-2015,3,COLORADO COUNTY,Pre-kindergarten,164
2014-2015,3,COLORADO COUNTY,Kindergarten,265
2014-2015,3,COLORADO COUNTY,Grade  1,269
2014-2015,3,COLORADO COUNTY,Grade  2,275
2014-2015,3,COLORADO COUNTY,Grade  3,260
2014-2015,3,COLORADO COUNTY,Grade  4,233
2014-2015,3,COLORADO COUNTY,Grade  5,231
2014-2015,3,COLORADO COUNTY,Grade  6,255
2014-2015,3,COLORADO COUNTY,Grade  7,235
2014-2015,3,COLORADO COUNTY,Grade  8,265
2014-2015,3,COLORADO COUNTY,Grade  9,317
2014-2015,3,COLORADO COUNTY,Grade 10,268
2014-2015,3,COLORADO COUNTY,Grade 11,226
2014-2015,3,COLORADO COUNTY,Grade 12,254
2014-2015,13,COMAL COUNTY,Early Education,138
2014-2015,13,COMAL COUNTY,Pre-kindergarten,503
2014-2015,13,COMAL COUNTY,Kindergarten,2062
2014-2015,13,COMAL COUNTY,Grade  1,2259
2014-2015,13,COMAL COUNTY,Grade  2,2155
2014-2015,13,COMAL COUNTY,Grade  3,2174
2014-2015,13,COMAL COUNTY,Grade  4,2194
2014-2015,13,COMAL COUNTY,Grade  5,2260
2014-2015,13,COMAL COUNTY,Grade  6,2250
2014-2015,13,COMAL COUNTY,Grade  7,2293
2014-2015,13,COMAL COUNTY,Grade  8,2277
2014-2015,13,COMAL COUNTY,Grade  9,2511
2014-2015,13,COMAL COUNTY,Grade 10,2243
2014-2015,13,COMAL COUNTY,Grade 11,2028
2014-2015,13,COMAL COUNTY,Grade 12,1933
2014-2015,14,COMANCHE COUNTY,Early Education,-9999999
2014-2015,14,COMANCHE COUNTY,Pre-kindergarten,157
2014-2015,14,COMANCHE COUNTY,Kindergarten,161
2014-2015,14,COMANCHE COUNTY,Grade  1,176
2014-2015,14,COMANCHE COUNTY,Grade  2,186
2014-2015,14,COMANCHE COUNTY,Grade  3,176
2014-2015,14,COMANCHE COUNTY,Grade  4,166
2014-2015,14,COMANCHE COUNTY,Grade  5,163
2014-2015,14,COMANCHE COUNTY,Grade  6,158
2014-2015,14,COMANCHE COUNTY,Grade  7,168
2014-2015,14,COMANCHE COUNTY,Grade  8,163
2014-2015,14,COMANCHE COUNTY,Grade  9,153
2014-2015,14,COMANCHE COUNTY,Grade 10,167
2014-2015,14,COMANCHE COUNTY,Grade 11,151
2014-2015,14,COMANCHE COUNTY,Grade 12,123
2014-2015,15,CONCHO COUNTY,Pre-kindergarten,11
2014-2015,15,CONCHO COUNTY,Kindergarten,37
2014-2015,15,CONCHO COUNTY,Grade  1,34
2014-2015,15,CONCHO COUNTY,Grade  2,33
2014-2015,15,CONCHO COUNTY,Grade  3,31
2014-2015,15,CONCHO COUNTY,Grade  4,33
2014-2015,15,CONCHO COUNTY,Grade  5,34
2014-2015,15,CONCHO COUNTY,Grade  6,38
2014-2015,15,CONCHO COUNTY,Grade  7,40
2014-2015,15,CONCHO COUNTY,Grade  8,29
2014-2015,15,CONCHO COUNTY,Grade  9,37
2014-2015,15,CONCHO COUNTY,Grade 10,31
2014-2015,15,CONCHO COUNTY,Grade 11,35
2014-2015,15,CONCHO COUNTY,Grade 12,35
2014-2015,11,COOKE COUNTY,Early Education,19
2014-2015,11,COOKE COUNTY,Pre-kindergarten,228
2014-2015,11,COOKE COUNTY,Kindergarten,496
2014-2015,11,COOKE COUNTY,Grade  1,522
2014-2015,11,COOKE COUNTY,Grade  2,518
2014-2015,11,COOKE COUNTY,Grade  3,490
2014-2015,11,COOKE COUNTY,Grade  4,482
2014-2015,11,COOKE COUNTY,Grade  5,498
2014-2015,11,COOKE COUNTY,Grade  6,474
2014-2015,11,COOKE COUNTY,Grade  7,466
2014-2015,11,COOKE COUNTY,Grade  8,494
2014-2015,11,COOKE COUNTY,Grade  9,463
2014-2015,11,COOKE COUNTY,Grade 10,420
2014-2015,11,COOKE COUNTY,Grade 11,417
2014-2015,11,COOKE COUNTY,Grade 12,393
2014-2015,12,CORYELL COUNTY,Early Education,34
2014-2015,12,CORYELL COUNTY,Pre-kindergarten,635
2014-2015,12,CORYELL COUNTY,Kindergarten,851
2014-2015,12,CORYELL COUNTY,Grade  1,842
2014-2015,12,CORYELL COUNTY,Grade  2,855
2014-2015,12,CORYELL COUNTY,Grade  3,795
2014-2015,12,CORYELL COUNTY,Grade  4,785
2014-2015,12,CORYELL COUNTY,Grade  5,805
2014-2015,12,CORYELL COUNTY,Grade  6,803
2014-2015,12,CORYELL COUNTY,Grade  7,846
2014-2015,12,CORYELL COUNTY,Grade  8,862
2014-2015,12,CORYELL COUNTY,Grade  9,879
2014-2015,12,CORYELL COUNTY,Grade 10,835
2014-2015,12,CORYELL COUNTY,Grade 11,739
2014-2015,12,CORYELL COUNTY,Grade 12,729
2014-2015,17,COTTLE COUNTY,Early Education,-9999999
2014-2015,17,COTTLE COUNTY,Pre-kindergarten,14
2014-2015,17,COTTLE COUNTY,Kindergarten,17
2014-2015,17,COTTLE COUNTY,Grade  1,11
2014-2015,17,COTTLE COUNTY,Grade  2,11
2014-2015,17,COTTLE COUNTY,Grade  3,15
2014-2015,17,COTTLE COUNTY,Grade  4,17
2014-2015,17,COTTLE COUNTY,Grade  5,13
2014-2015,17,COTTLE COUNTY,Grade  6,24
2014-2015,17,COTTLE COUNTY,Grade  7,15
2014-2015,17,COTTLE COUNTY,Grade  8,19
2014-2015,17,COTTLE COUNTY,Grade  9,13
2014-2015,17,COTTLE COUNTY,Grade 10,14
2014-2015,17,COTTLE COUNTY,Grade 11,13
2014-2015,17,COTTLE COUNTY,Grade 12,10
2014-2015,18,CRANE COUNTY,Early Education,-9999999
2014-2015,18,CRANE COUNTY,Pre-kindergarten,80
2014-2015,18,CRANE COUNTY,Kindergarten,84
2014-2015,18,CRANE COUNTY,Grade  1,104
2014-2015,18,CRANE COUNTY,Grade  2,76
2014-2015,18,CRANE COUNTY,Grade  3,86
2014-2015,18,CRANE COUNTY,Grade  4,93
2014-2015,18,CRANE COUNTY,Grade  5,81
2014-2015,18,CRANE COUNTY,Grade  6,75
2014-2015,18,CRANE COUNTY,Grade  7,74
2014-2015,18,CRANE COUNTY,Grade  8,89
2014-2015,18,CRANE COUNTY,Grade  9,103
2014-2015,18,CRANE COUNTY,Grade 10,88
2014-2015,18,CRANE COUNTY,Grade 11,74
2014-2015,18,CRANE COUNTY,Grade 12,53
2014-2015,15,CROCKETT COUNTY,Early Education,-9999999
2014-2015,15,CROCKETT COUNTY,Pre-kindergarten,62
2014-2015,15,CROCKETT COUNTY,Kindergarten,68
2014-2015,15,CROCKETT COUNTY,Grade  1,84
2014-2015,15,CROCKETT COUNTY,Grade  2,62
2014-2015,15,CROCKETT COUNTY,Grade  3,81
2014-2015,15,CROCKETT COUNTY,Grade  4,60
2014-2015,15,CROCKETT COUNTY,Grade  5,69
2014-2015,15,CROCKETT COUNTY,Grade  6,56
2014-2015,15,CROCKETT COUNTY,Grade  7,60
2014-2015,15,CROCKETT COUNTY,Grade  8,55
2014-2015,15,CROCKETT COUNTY,Grade  9,44
2014-2015,15,CROCKETT COUNTY,Grade 10,64
2014-2015,15,CROCKETT COUNTY,Grade 11,55
2014-2015,15,CROCKETT COUNTY,Grade 12,42
2014-2015,17,CROSBY COUNTY,Early Education,10
2014-2015,17,CROSBY COUNTY,Pre-kindergarten,103
2014-2015,17,CROSBY COUNTY,Kindergarten,82
2014-2015,17,CROSBY COUNTY,Grade  1,96
2014-2015,17,CROSBY COUNTY,Grade  2,93
2014-2015,17,CROSBY COUNTY,Grade  3,95
2014-2015,17,CROSBY COUNTY,Grade  4,92
2014-2015,17,CROSBY COUNTY,Grade  5,92
2014-2015,17,CROSBY COUNTY,Grade  6,89
2014-2015,17,CROSBY COUNTY,Grade  7,78
2014-2015,17,CROSBY COUNTY,Grade  8,95
2014-2015,17,CROSBY COUNTY,Grade  9,82
2014-2015,17,CROSBY COUNTY,Grade 10,79
2014-2015,17,CROSBY COUNTY,Grade 11,88
2014-2015,17,CROSBY COUNTY,Grade 12,61
2014-2015,18,CULBERSON COUNTY,Pre-kindergarten,23
2014-2015,18,CULBERSON COUNTY,Kindergarten,41
2014-2015,18,CULBERSON COUNTY,Grade  1,35
2014-2015,18,CULBERSON COUNTY,Grade  2,25
2014-2015,18,CULBERSON COUNTY,Grade  3,37
2014-2015,18,CULBERSON COUNTY,Grade  4,25
2014-2015,18,CULBERSON COUNTY,Grade  5,24
2014-2015,18,CULBERSON COUNTY,Grade  6,36
2014-2015,18,CULBERSON COUNTY,Grade  7,35
2014-2015,18,CULBERSON COUNTY,Grade  8,34
2014-2015,18,CULBERSON COUNTY,Grade  9,32
2014-2015,18,CULBERSON COUNTY,Grade 10,24
2014-2015,18,CULBERSON COUNTY,Grade 11,37
2014-2015,18,CULBERSON COUNTY,Grade 12,23
2014-2015,16,DALLAM COUNTY,Early Education,-9999999
2014-2015,16,DALLAM COUNTY,Pre-kindergarten,101
2014-2015,16,DALLAM COUNTY,Kindergarten,136
2014-2015,16,DALLAM COUNTY,Grade  1,141
2014-2015,16,DALLAM COUNTY,Grade  2,144
2014-2015,16,DALLAM COUNTY,Grade  3,136
2014-2015,16,DALLAM COUNTY,Grade  4,138
2014-2015,16,DALLAM COUNTY,Grade  5,123
2014-2015,16,DALLAM COUNTY,Grade  6,141
2014-2015,16,DALLAM COUNTY,Grade  7,160
2014-2015,16,DALLAM COUNTY,Grade  8,146
2014-2015,16,DALLAM COUNTY,Grade  9,174
2014-2015,16,DALLAM COUNTY,Grade 10,147
2014-2015,16,DALLAM COUNTY,Grade 11,131
2014-2015,16,DALLAM COUNTY,Grade 12,128
2014-2015,10,DALLAS COUNTY,Early Education,1415
2014-2015,10,DALLAS COUNTY,Pre-kindergarten,22518
2014-2015,10,DALLAS COUNTY,Kindergarten,38415
2014-2015,10,DALLAS COUNTY,Grade  1,40237
2014-2015,10,DALLAS COUNTY,Grade  2,40014
2014-2015,10,DALLAS COUNTY,Grade  3,38619
2014-2015,10,DALLAS COUNTY,Grade  4,37325
2014-2015,10,DALLAS COUNTY,Grade  5,36395
2014-2015,10,DALLAS COUNTY,Grade  6,35676
2014-2015,10,DALLAS COUNTY,Grade  7,35305
2014-2015,10,DALLAS COUNTY,Grade  8,35561
2014-2015,10,DALLAS COUNTY,Grade  9,39062
2014-2015,10,DALLAS COUNTY,Grade 10,34351
2014-2015,10,DALLAS COUNTY,Grade 11,31418
2014-2015,10,DALLAS COUNTY,Grade 12,28596
2014-2015,17,DAWSON COUNTY,Early Education,10
2014-2015,17,DAWSON COUNTY,Pre-kindergarten,167
2014-2015,17,DAWSON COUNTY,Kindergarten,222
2014-2015,17,DAWSON COUNTY,Grade  1,211
2014-2015,17,DAWSON COUNTY,Grade  2,261
2014-2015,17,DAWSON COUNTY,Grade  3,229
2014-2015,17,DAWSON COUNTY,Grade  4,201
2014-2015,17,DAWSON COUNTY,Grade  5,175
2014-2015,17,DAWSON COUNTY,Grade  6,185
2014-2015,17,DAWSON COUNTY,Grade  7,181
2014-2015,17,DAWSON COUNTY,Grade  8,190
2014-2015,17,DAWSON COUNTY,Grade  9,221
2014-2015,17,DAWSON COUNTY,Grade 10,175
2014-2015,17,DAWSON COUNTY,Grade 11,159
2014-2015,17,DAWSON COUNTY,Grade 12,122
2014-2015,16,DEAF SMITH COUNTY,Early Education,6
2014-2015,16,DEAF SMITH COUNTY,Pre-kindergarten,294
2014-2015,16,DEAF SMITH COUNTY,Kindergarten,341
2014-2015,16,DEAF SMITH COUNTY,Grade  1,349
2014-2015,16,DEAF SMITH COUNTY,Grade  2,337
2014-2015,16,DEAF SMITH COUNTY,Grade  3,316
2014-2015,16,DEAF SMITH COUNTY,Grade  4,304
2014-2015,16,DEAF SMITH COUNTY,Grade  5,311
2014-2015,16,DEAF SMITH COUNTY,Grade  6,302
2014-2015,16,DEAF SMITH COUNTY,Grade  7,322
2014-2015,16,DEAF SMITH COUNTY,Grade  8,301
2014-2015,16,DEAF SMITH COUNTY,Grade  9,325
2014-2015,16,DEAF SMITH COUNTY,Grade 10,309
2014-2015,16,DEAF SMITH COUNTY,Grade 11,272
2014-2015,16,DEAF SMITH COUNTY,Grade 12,263
2014-2015,8,DELTA COUNTY,Pre-kindergarten,74
2014-2015,8,DELTA COUNTY,Kindergarten,66
2014-2015,8,DELTA COUNTY,Grade  1,74
2014-2015,8,DELTA COUNTY,Grade  2,56
2014-2015,8,DELTA COUNTY,Grade  3,71
2014-2015,8,DELTA COUNTY,Grade  4,73
2014-2015,8,DELTA COUNTY,Grade  5,63
2014-2015,8,DELTA COUNTY,Grade  6,88
2014-2015,8,DELTA COUNTY,Grade  7,62
2014-2015,8,DELTA COUNTY,Grade  8,73
2014-2015,8,DELTA COUNTY,Grade  9,76
2014-2015,8,DELTA COUNTY,Grade 10,67
2014-2015,8,DELTA COUNTY,Grade 11,60
2014-2015,8,DELTA COUNTY,Grade 12,78
2014-2015,10,DENTON COUNTY/10,Kindergarten,75
2014-2015,10,DENTON COUNTY/10,Grade  1,75
2014-2015,10,DENTON COUNTY/10,Grade  2,75
2014-2015,10,DENTON COUNTY/10,Grade  3,75
2014-2015,10,DENTON COUNTY/10,Grade  4,50
2014-2015,10,DENTON COUNTY/10,Grade  5,50
2014-2015,10,DENTON COUNTY/10,Grade  6,60
2014-2015,10,DENTON COUNTY/10,Grade  7,60
2014-2015,11,DENTON COUNTY/11,Early Education,473
2014-2015,11,DENTON COUNTY/11,Pre-kindergarten,3436
2014-2015,11,DENTON COUNTY/11,Kindergarten,8683
2014-2015,11,DENTON COUNTY/11,Grade  1,9016
2014-2015,11,DENTON COUNTY/11,Grade  2,9270
2014-2015,11,DENTON COUNTY/11,Grade  3,9454
2014-2015,11,DENTON COUNTY/11,Grade  4,9336
2014-2015,11,DENTON COUNTY/11,Grade  5,9454
2014-2015,11,DENTON COUNTY/11,Grade  6,9418
2014-2015,11,DENTON COUNTY/11,Grade  7,9494
2014-2015,11,DENTON COUNTY/11,Grade  8,9505
2014-2015,11,DENTON COUNTY/11,Grade  9,9962
2014-2015,11,DENTON COUNTY/11,Grade 10,9343
2014-2015,11,DENTON COUNTY/11,Grade 11,8570
2014-2015,11,DENTON COUNTY/11,Grade 12,7910
2014-2015,AL,DENTON COUNTY/ALL,Early Education,473
2014-2015,AL,DENTON COUNTY/ALL,Pre-kindergarten,3436
2014-2015,AL,DENTON COUNTY/ALL,Kindergarten,8758
2014-2015,AL,DENTON COUNTY/ALL,Grade  1,9091
2014-2015,AL,DENTON COUNTY/ALL,Grade  2,9345
2014-2015,AL,DENTON COUNTY/ALL,Grade  3,9529
2014-2015,AL,DENTON COUNTY/ALL,Grade  4,9386
2014-2015,AL,DENTON COUNTY/ALL,Grade  5,9504
2014-2015,AL,DENTON COUNTY/ALL,Grade  6,9478
2014-2015,AL,DENTON COUNTY/ALL,Grade  7,9554
2014-2015,AL,DENTON COUNTY/ALL,Grade  8,9505
2014-2015,AL,DENTON COUNTY/ALL,Grade  9,9962
2014-2015,AL,DENTON COUNTY/ALL,Grade 10,9343
2014-2015,AL,DENTON COUNTY/ALL,Grade 11,8570
2014-2015,AL,DENTON COUNTY/ALL,Grade 12,7910
2014-2015,3,DEWITT COUNTY,Early Education,20
2014-2015,3,DEWITT COUNTY,Pre-kindergarten,265
2014-2015,3,DEWITT COUNTY,Kindergarten,338
2014-2015,3,DEWITT COUNTY,Grade  1,364
2014-2015,3,DEWITT COUNTY,Grade  2,326
2014-2015,3,DEWITT COUNTY,Grade  3,343
2014-2015,3,DEWITT COUNTY,Grade  4,331
2014-2015,3,DEWITT COUNTY,Grade  5,328
2014-2015,3,DEWITT COUNTY,Grade  6,334
2014-2015,3,DEWITT COUNTY,Grade  7,368
2014-2015,3,DEWITT COUNTY,Grade  8,365
2014-2015,3,DEWITT COUNTY,Grade  9,400
2014-2015,3,DEWITT COUNTY,Grade 10,332
2014-2015,3,DEWITT COUNTY,Grade 11,291
2014-2015,3,DEWITT COUNTY,Grade 12,276
2014-2015,17,DICKENS COUNTY,Pre-kindergarten,34
2014-2015,17,DICKENS COUNTY,Kindergarten,26
2014-2015,17,DICKENS COUNTY,Grade  1,23
2014-2015,17,DICKENS COUNTY,Grade  2,20
2014-2015,17,DICKENS COUNTY,Grade  3,23
2014-2015,17,DICKENS COUNTY,Grade  4,26
2014-2015,17,DICKENS COUNTY,Grade  5,41
2014-2015,17,DICKENS COUNTY,Grade  6,20
2014-2015,17,DICKENS COUNTY,Grade  7,34
2014-2015,17,DICKENS COUNTY,Grade  8,32
2014-2015,17,DICKENS COUNTY,Grade  9,29
2014-2015,17,DICKENS COUNTY,Grade 10,31
2014-2015,17,DICKENS COUNTY,Grade 11,21
2014-2015,17,DICKENS COUNTY,Grade 12,19
2014-2015,20,DIMMIT COUNTY,Early Education,-9999999
2014-2015,20,DIMMIT COUNTY,Pre-kindergarten,117
2014-2015,20,DIMMIT COUNTY,Kindergarten,163
2014-2015,20,DIMMIT COUNTY,Grade  1,212
2014-2015,20,DIMMIT COUNTY,Grade  2,196
2014-2015,20,DIMMIT COUNTY,Grade  3,196
2014-2015,20,DIMMIT COUNTY,Grade  4,191
2014-2015,20,DIMMIT COUNTY,Grade  5,177
2014-2015,20,DIMMIT COUNTY,Grade  6,183
2014-2015,20,DIMMIT COUNTY,Grade  7,165
2014-2015,20,DIMMIT COUNTY,Grade  8,187
2014-2015,20,DIMMIT COUNTY,Grade  9,221
2014-2015,20,DIMMIT COUNTY,Grade 10,158
2014-2015,20,DIMMIT COUNTY,Grade 11,146
2014-2015,20,DIMMIT COUNTY,Grade 12,136
2014-2015,16,DONLEY COUNTY,Pre-kindergarten,36
2014-2015,16,DONLEY COUNTY,Kindergarten,52
2014-2015,16,DONLEY COUNTY,Grade  1,40
2014-2015,16,DONLEY COUNTY,Grade  2,49
2014-2015,16,DONLEY COUNTY,Grade  3,49
2014-2015,16,DONLEY COUNTY,Grade  4,41
2014-2015,16,DONLEY COUNTY,Grade  5,39
2014-2015,16,DONLEY COUNTY,Grade  6,46
2014-2015,16,DONLEY COUNTY,Grade  7,24
2014-2015,16,DONLEY COUNTY,Grade  8,43
2014-2015,16,DONLEY COUNTY,Grade  9,50
2014-2015,16,DONLEY COUNTY,Grade 10,45
2014-2015,16,DONLEY COUNTY,Grade 11,46
2014-2015,16,DONLEY COUNTY,Grade 12,33
2014-2015,2,DUVAL COUNTY,Early Education,-9999999
2014-2015,2,DUVAL COUNTY,Pre-kindergarten,120
2014-2015,2,DUVAL COUNTY,Kindergarten,219
2014-2015,2,DUVAL COUNTY,Grade  1,209
2014-2015,2,DUVAL COUNTY,Grade  2,207
2014-2015,2,DUVAL COUNTY,Grade  3,213
2014-2015,2,DUVAL COUNTY,Grade  4,175
2014-2015,2,DUVAL COUNTY,Grade  5,213
2014-2015,2,DUVAL COUNTY,Grade  6,184
2014-2015,2,DUVAL COUNTY,Grade  7,172
2014-2015,2,DUVAL COUNTY,Grade  8,181
2014-2015,2,DUVAL COUNTY,Grade  9,219
2014-2015,2,DUVAL COUNTY,Grade 10,180
2014-2015,2,DUVAL COUNTY,Grade 11,153
2014-2015,2,DUVAL COUNTY,Grade 12,146
2014-2015,14,EASTLAND COUNTY,Early Education,15
2014-2015,14,EASTLAND COUNTY,Pre-kindergarten,136
2014-2015,14,EASTLAND COUNTY,Kindergarten,227
2014-2015,14,EASTLAND COUNTY,Grade  1,205
2014-2015,14,EASTLAND COUNTY,Grade  2,218
2014-2015,14,EASTLAND COUNTY,Grade  3,237
2014-2015,14,EASTLAND COUNTY,Grade  4,216
2014-2015,14,EASTLAND COUNTY,Grade  5,218
2014-2015,14,EASTLAND COUNTY,Grade  6,205
2014-2015,14,EASTLAND COUNTY,Grade  7,221
2014-2015,14,EASTLAND COUNTY,Grade  8,210
2014-2015,14,EASTLAND COUNTY,Grade  9,220
2014-2015,14,EASTLAND COUNTY,Grade 10,213
2014-2015,14,EASTLAND COUNTY,Grade 11,199
2014-2015,14,EASTLAND COUNTY,Grade 12,177
2014-2015,18,ECTOR COUNTY,Early Education,49
2014-2015,18,ECTOR COUNTY,Pre-kindergarten,1405
2014-2015,18,ECTOR COUNTY,Kindergarten,2845
2014-2015,18,ECTOR COUNTY,Grade  1,2851
2014-2015,18,ECTOR COUNTY,Grade  2,2810
2014-2015,18,ECTOR COUNTY,Grade  3,2663
2014-2015,18,ECTOR COUNTY,Grade  4,2571
2014-2015,18,ECTOR COUNTY,Grade  5,2580
2014-2015,18,ECTOR COUNTY,Grade  6,2423
2014-2015,18,ECTOR COUNTY,Grade  7,2541
2014-2015,18,ECTOR COUNTY,Grade  8,2416
2014-2015,18,ECTOR COUNTY,Grade  9,2337
2014-2015,18,ECTOR COUNTY,Grade 10,2179
2014-2015,18,ECTOR COUNTY,Grade 11,1785
2014-2015,18,ECTOR COUNTY,Grade 12,1392
2014-2015,15,EDWARDS COUNTY,Early Education,-9999999
2014-2015,15,EDWARDS COUNTY,Pre-kindergarten,26
2014-2015,15,EDWARDS COUNTY,Kindergarten,51
2014-2015,15,EDWARDS COUNTY,Grade  1,40
2014-2015,15,EDWARDS COUNTY,Grade  2,39
2014-2015,15,EDWARDS COUNTY,Grade  3,42
2014-2015,15,EDWARDS COUNTY,Grade  4,44
2014-2015,15,EDWARDS COUNTY,Grade  5,47
2014-2015,15,EDWARDS COUNTY,Grade  6,38
2014-2015,15,EDWARDS COUNTY,Grade  7,39
2014-2015,15,EDWARDS COUNTY,Grade  8,36
2014-2015,15,EDWARDS COUNTY,Grade  9,45
2014-2015,15,EDWARDS COUNTY,Grade 10,42
2014-2015,15,EDWARDS COUNTY,Grade 11,25
2014-2015,15,EDWARDS COUNTY,Grade 12,37
2014-2015,19,EL PASO COUNTY,Early Education,853
2014-2015,19,EL PASO COUNTY,Pre-kindergarten,7265
2014-2015,19,EL PASO COUNTY,Kindergarten,12331
2014-2015,19,EL PASO COUNTY,Grade  1,13363
2014-2015,19,EL PASO COUNTY,Grade  2,13349
2014-2015,19,EL PASO COUNTY,Grade  3,12993
2014-2015,19,EL PASO COUNTY,Grade  4,12855
2014-2015,19,EL PASO COUNTY,Grade  5,13022
2014-2015,19,EL PASO COUNTY,Grade  6,12816
2014-2015,19,EL PASO COUNTY,Grade  7,12781
2014-2015,19,EL PASO COUNTY,Grade  8,13453
2014-2015,19,EL PASO COUNTY,Grade  9,15270
2014-2015,19,EL PASO COUNTY,Grade 10,13668
2014-2015,19,EL PASO COUNTY,Grade 11,12825
2014-2015,19,EL PASO COUNTY,Grade 12,12258
2014-2015,10,ELLIS COUNTY,Early Education,143
2014-2015,10,ELLIS COUNTY,Pre-kindergarten,1137
2014-2015,10,ELLIS COUNTY,Kindergarten,2279
2014-2015,10,ELLIS COUNTY,Grade  1,2488
2014-2015,10,ELLIS COUNTY,Grade  2,2501
2014-2015,10,ELLIS COUNTY,Grade  3,2498
2014-2015,10,ELLIS COUNTY,Grade  4,2507
2014-2015,10,ELLIS COUNTY,Grade  5,2523
2014-2015,10,ELLIS COUNTY,Grade  6,2520
2014-2015,10,ELLIS COUNTY,Grade  7,2572
2014-2015,10,ELLIS COUNTY,Grade  8,2567
2014-2015,10,ELLIS COUNTY,Grade  9,2836
2014-2015,10,ELLIS COUNTY,Grade 10,2581
2014-2015,10,ELLIS COUNTY,Grade 11,2301
2014-2015,10,ELLIS COUNTY,Grade 12,2199
2014-2015,11,ERATH COUNTY,Early Education,16
2014-2015,11,ERATH COUNTY,Pre-kindergarten,212
2014-2015,11,ERATH COUNTY,Kindergarten,413
2014-2015,11,ERATH COUNTY,Grade  1,422
2014-2015,11,ERATH COUNTY,Grade  2,477
2014-2015,11,ERATH COUNTY,Grade  3,473
2014-2015,11,ERATH COUNTY,Grade  4,425
2014-2015,11,ERATH COUNTY,Grade  5,420
2014-2015,11,ERATH COUNTY,Grade  6,432
2014-2015,11,ERATH COUNTY,Grade  7,449
2014-2015,11,ERATH COUNTY,Grade  8,462
2014-2015,11,ERATH COUNTY,Grade  9,1375
2014-2015,11,ERATH COUNTY,Grade 10,1339
2014-2015,11,ERATH COUNTY,Grade 11,1370
2014-2015,11,ERATH COUNTY,Grade 12,1069
2014-2015,12,FALLS COUNTY,Early Education,5
2014-2015,12,FALLS COUNTY,Pre-kindergarten,131
2014-2015,12,FALLS COUNTY,Kindergarten,175
2014-2015,12,FALLS COUNTY,Grade  1,176
2014-2015,12,FALLS COUNTY,Grade  2,188
2014-2015,12,FALLS COUNTY,Grade  3,178
2014-2015,12,FALLS COUNTY,Grade  4,157
2014-2015,12,FALLS COUNTY,Grade  5,174
2014-2015,12,FALLS COUNTY,Grade  6,152
2014-2015,12,FALLS COUNTY,Grade  7,150
2014-2015,12,FALLS COUNTY,Grade  8,160
2014-2015,12,FALLS COUNTY,Grade  9,177
2014-2015,12,FALLS COUNTY,Grade 10,111
2014-2015,12,FALLS COUNTY,Grade 11,156
2014-2015,12,FALLS COUNTY,Grade 12,141
2014-2015,10,FANNIN COUNTY,Early Education,15
2014-2015,10,FANNIN COUNTY,Pre-kindergarten,353
2014-2015,10,FANNIN COUNTY,Kindergarten,336
2014-2015,10,FANNIN COUNTY,Grade  1,403
2014-2015,10,FANNIN COUNTY,Grade  2,388
2014-2015,10,FANNIN COUNTY,Grade  3,376
2014-2015,10,FANNIN COUNTY,Grade  4,410
2014-2015,10,FANNIN COUNTY,Grade  5,390
2014-2015,10,FANNIN COUNTY,Grade  6,380
2014-2015,10,FANNIN COUNTY,Grade  7,382
2014-2015,10,FANNIN COUNTY,Grade  8,397
2014-2015,10,FANNIN COUNTY,Grade  9,398
2014-2015,10,FANNIN COUNTY,Grade 10,368
2014-2015,10,FANNIN COUNTY,Grade 11,370
2014-2015,10,FANNIN COUNTY,Grade 12,372
2014-2015,13,FAYETTE COUNTY,Early Education,27
2014-2015,13,FAYETTE COUNTY,Pre-kindergarten,140
2014-2015,13,FAYETTE COUNTY,Kindergarten,255
2014-2015,13,FAYETTE COUNTY,Grade  1,272
2014-2015,13,FAYETTE COUNTY,Grade  2,276
2014-2015,13,FAYETTE COUNTY,Grade  3,255
2014-2015,13,FAYETTE COUNTY,Grade  4,263
2014-2015,13,FAYETTE COUNTY,Grade  5,253
2014-2015,13,FAYETTE COUNTY,Grade  6,254
2014-2015,13,FAYETTE COUNTY,Grade  7,284
2014-2015,13,FAYETTE COUNTY,Grade  8,289
2014-2015,13,FAYETTE COUNTY,Grade  9,322
2014-2015,13,FAYETTE COUNTY,Grade 10,259
2014-2015,13,FAYETTE COUNTY,Grade 11,302
2014-2015,13,FAYETTE COUNTY,Grade 12,255
2014-2015,14,FISHER COUNTY,Early Education,-9999999
2014-2015,14,FISHER COUNTY,Pre-kindergarten,57
2014-2015,14,FISHER COUNTY,Kindergarten,37
2014-2015,14,FISHER COUNTY,Grade  1,41
2014-2015,14,FISHER COUNTY,Grade  2,35
2014-2015,14,FISHER COUNTY,Grade  3,40
2014-2015,14,FISHER COUNTY,Grade  4,42
2014-2015,14,FISHER COUNTY,Grade  5,32
2014-2015,14,FISHER COUNTY,Grade  6,36
2014-2015,14,FISHER COUNTY,Grade  7,39
2014-2015,14,FISHER COUNTY,Grade  8,36
2014-2015,14,FISHER COUNTY,Grade  9,37
2014-2015,14,FISHER COUNTY,Grade 10,30
2014-2015,14,FISHER COUNTY,Grade 11,36
2014-2015,14,FISHER COUNTY,Grade 12,33
2014-2015,17,FLOYD COUNTY,Early Education,6
2014-2015,17,FLOYD COUNTY,Pre-kindergarten,82
2014-2015,17,FLOYD COUNTY,Kindergarten,89
2014-2015,17,FLOYD COUNTY,Grade  1,98
2014-2015,17,FLOYD COUNTY,Grade  2,108
2014-2015,17,FLOYD COUNTY,Grade  3,105
2014-2015,17,FLOYD COUNTY,Grade  4,96
2014-2015,17,FLOYD COUNTY,Grade  5,85
2014-2015,17,FLOYD COUNTY,Grade  6,100
2014-2015,17,FLOYD COUNTY,Grade  7,61
2014-2015,17,FLOYD COUNTY,Grade  8,82
2014-2015,17,FLOYD COUNTY,Grade  9,95
2014-2015,17,FLOYD COUNTY,Grade 10,86
2014-2015,17,FLOYD COUNTY,Grade 11,95
2014-2015,17,FLOYD COUNTY,Grade 12,67
2014-2015,9,FOARD COUNTY,Early Education,-9999999
2014-2015,9,FOARD COUNTY,Pre-kindergarten,20
2014-2015,9,FOARD COUNTY,Kindergarten,14
2014-2015,9,FOARD COUNTY,Grade  1,13
2014-2015,9,FOARD COUNTY,Grade  2,10
2014-2015,9,FOARD COUNTY,Grade  3,22
2014-2015,9,FOARD COUNTY,Grade  4,14
2014-2015,9,FOARD COUNTY,Grade  5,19
2014-2015,9,FOARD COUNTY,Grade  6,17
2014-2015,9,FOARD COUNTY,Grade  7,16
2014-2015,9,FOARD COUNTY,Grade  8,14
2014-2015,9,FOARD COUNTY,Grade  9,12
2014-2015,9,FOARD COUNTY,Grade 10,14
2014-2015,9,FOARD COUNTY,Grade 11,11
2014-2015,9,FOARD COUNTY,Grade 12,15
2014-2015,4,FORT BEND COUNTY,Early Education,714
2014-2015,4,FORT BEND COUNTY,Pre-kindergarten,2209
2014-2015,4,FORT BEND COUNTY,Kindergarten,7232
2014-2015,4,FORT BEND COUNTY,Grade  1,7796
2014-2015,4,FORT BEND COUNTY,Grade  2,7834
2014-2015,4,FORT BEND COUNTY,Grade  3,7794
2014-2015,4,FORT BEND COUNTY,Grade  4,7908
2014-2015,4,FORT BEND COUNTY,Grade  5,8008
2014-2015,4,FORT BEND COUNTY,Grade  6,8249
2014-2015,4,FORT BEND COUNTY,Grade  7,8124
2014-2015,4,FORT BEND COUNTY,Grade  8,8258
2014-2015,4,FORT BEND COUNTY,Grade  9,9149
2014-2015,4,FORT BEND COUNTY,Grade 10,8215
2014-2015,4,FORT BEND COUNTY,Grade 11,7726
2014-2015,4,FORT BEND COUNTY,Grade 12,7605
2014-2015,8,FRANKLIN COUNTY,Early Education,7
2014-2015,8,FRANKLIN COUNTY,Pre-kindergarten,58
2014-2015,8,FRANKLIN COUNTY,Kindergarten,139
2014-2015,8,FRANKLIN COUNTY,Grade  1,133
2014-2015,8,FRANKLIN COUNTY,Grade  2,122
2014-2015,8,FRANKLIN COUNTY,Grade  3,126
2014-2015,8,FRANKLIN COUNTY,Grade  4,132
2014-2015,8,FRANKLIN COUNTY,Grade  5,140
2014-2015,8,FRANKLIN COUNTY,Grade  6,107
2014-2015,8,FRANKLIN COUNTY,Grade  7,135
2014-2015,8,FRANKLIN COUNTY,Grade  8,129
2014-2015,8,FRANKLIN COUNTY,Grade  9,114
2014-2015,8,FRANKLIN COUNTY,Grade 10,114
2014-2015,8,FRANKLIN COUNTY,Grade 11,100
2014-2015,8,FRANKLIN COUNTY,Grade 12,105
2014-2015,12,FREESTONE COUNTY,Early Education,-9999999
2014-2015,12,FREESTONE COUNTY,Pre-kindergarten,110
2014-2015,12,FREESTONE COUNTY,Kindergarten,266
2014-2015,12,FREESTONE COUNTY,Grade  1,306
2014-2015,12,FREESTONE COUNTY,Grade  2,308
2014-2015,12,FREESTONE COUNTY,Grade  3,301
2014-2015,12,FREESTONE COUNTY,Grade  4,268
2014-2015,12,FREESTONE COUNTY,Grade  5,274
2014-2015,12,FREESTONE COUNTY,Grade  6,281
2014-2015,12,FREESTONE COUNTY,Grade  7,275
2014-2015,12,FREESTONE COUNTY,Grade  8,292
2014-2015,12,FREESTONE COUNTY,Grade  9,308
2014-2015,12,FREESTONE COUNTY,Grade 10,269
2014-2015,12,FREESTONE COUNTY,Grade 11,230
2014-2015,12,FREESTONE COUNTY,Grade 12,209
2014-2015,20,FRIO COUNTY,Early Education,7
2014-2015,20,FRIO COUNTY,Pre-kindergarten,173
2014-2015,20,FRIO COUNTY,Kindergarten,244
2014-2015,20,FRIO COUNTY,Grade  1,305
2014-2015,20,FRIO COUNTY,Grade  2,242
2014-2015,20,FRIO COUNTY,Grade  3,265
2014-2015,20,FRIO COUNTY,Grade  4,254
2014-2015,20,FRIO COUNTY,Grade  5,232
2014-2015,20,FRIO COUNTY,Grade  6,221
2014-2015,20,FRIO COUNTY,Grade  7,257
2014-2015,20,FRIO COUNTY,Grade  8,271
2014-2015,20,FRIO COUNTY,Grade  9,318
2014-2015,20,FRIO COUNTY,Grade 10,225
2014-2015,20,FRIO COUNTY,Grade 11,212
2014-2015,20,FRIO COUNTY,Grade 12,185
2014-2015,17,GAINES COUNTY,Early Education,12
2014-2015,17,GAINES COUNTY,Pre-kindergarten,163
2014-2015,17,GAINES COUNTY,Kindergarten,289
2014-2015,17,GAINES COUNTY,Grade  1,279
2014-2015,17,GAINES COUNTY,Grade  2,282
2014-2015,17,GAINES COUNTY,Grade  3,277
2014-2015,17,GAINES COUNTY,Grade  4,272
2014-2015,17,GAINES COUNTY,Grade  5,276
2014-2015,17,GAINES COUNTY,Grade  6,276
2014-2015,17,GAINES COUNTY,Grade  7,259
2014-2015,17,GAINES COUNTY,Grade  8,255
2014-2015,17,GAINES COUNTY,Grade  9,259
2014-2015,17,GAINES COUNTY,Grade 10,242
2014-2015,17,GAINES COUNTY,Grade 11,212
2014-2015,17,GAINES COUNTY,Grade 12,202
2014-2015,4,GALVESTON COUNTY/04,Early Education,530
2014-2015,4,GALVESTON COUNTY/04,Pre-kindergarten,3225
2014-2015,4,GALVESTON COUNTY/04,Kindergarten,5802
2014-2015,4,GALVESTON COUNTY/04,Grade  1,6042
2014-2015,4,GALVESTON COUNTY/04,Grade  2,6038
2014-2015,4,GALVESTON COUNTY/04,Grade  3,5906
2014-2015,4,GALVESTON COUNTY/04,Grade  4,5754
2014-2015,4,GALVESTON COUNTY/04,Grade  5,5953
2014-2015,4,GALVESTON COUNTY/04,Grade  6,6033
2014-2015,4,GALVESTON COUNTY/04,Grade  7,6024
2014-2015,4,GALVESTON COUNTY/04,Grade  8,6016
2014-2015,4,GALVESTON COUNTY/04,Grade  9,6606
2014-2015,4,GALVESTON COUNTY/04,Grade 10,6171
2014-2015,4,GALVESTON COUNTY/04,Grade 11,5680
2014-2015,4,GALVESTON COUNTY/04,Grade 12,5495
2014-2015,5,GALVESTON COUNTY/05,Pre-kindergarten,5
2014-2015,5,GALVESTON COUNTY/05,Kindergarten,-9999999
2014-2015,5,GALVESTON COUNTY/05,Grade  1,9
2014-2015,5,GALVESTON COUNTY/05,Grade  2,-9999999
2014-2015,5,GALVESTON COUNTY/05,Grade  3,16
2014-2015,5,GALVESTON COUNTY/05,Grade  4,-9999999
2014-2015,5,GALVESTON COUNTY/05,Grade  5,15
2014-2015,5,GALVESTON COUNTY/05,Grade  6,10
2014-2015,5,GALVESTON COUNTY/05,Grade  7,13
2014-2015,5,GALVESTON COUNTY/05,Grade  8,11
2014-2015,5,GALVESTON COUNTY/05,Grade  9,14
2014-2015,5,GALVESTON COUNTY/05,Grade 10,14
2014-2015,5,GALVESTON COUNTY/05,Grade 11,17
2014-2015,5,GALVESTON COUNTY/05,Grade 12,12
2014-2015,AL,GALVESTON COUNTY/ALL,Early Education,530
2014-2015,AL,GALVESTON COUNTY/ALL,Pre-kindergarten,3230
2014-2015,AL,GALVESTON COUNTY/ALL,Kindergarten,5805
2014-2015,AL,GALVESTON COUNTY/ALL,Grade  1,6051
2014-2015,AL,GALVESTON COUNTY/ALL,Grade  2,6042
2014-2015,AL,GALVESTON COUNTY/ALL,Grade  3,5922
2014-2015,AL,GALVESTON COUNTY/ALL,Grade  4,5757
2014-2015,AL,GALVESTON COUNTY/ALL,Grade  5,5968
2014-2015,AL,GALVESTON COUNTY/ALL,Grade  6,6043
2014-2015,AL,GALVESTON COUNTY/ALL,Grade  7,6037
2014-2015,AL,GALVESTON COUNTY/ALL,Grade  8,6027
2014-2015,AL,GALVESTON COUNTY/ALL,Grade  9,6620
2014-2015,AL,GALVESTON COUNTY/ALL,Grade 10,6185
2014-2015,AL,GALVESTON COUNTY/ALL,Grade 11,5697
2014-2015,AL,GALVESTON COUNTY/ALL,Grade 12,5507
2014-2015,17,GARZA COUNTY,Early Education,-9999999
2014-2015,17,GARZA COUNTY,Pre-kindergarten,50
2014-2015,17,GARZA COUNTY,Kindergarten,90
2014-2015,17,GARZA COUNTY,Grade  1,80
2014-2015,17,GARZA COUNTY,Grade  2,86
2014-2015,17,GARZA COUNTY,Grade  3,61
2014-2015,17,GARZA COUNTY,Grade  4,63
2014-2015,17,GARZA COUNTY,Grade  5,70
2014-2015,17,GARZA COUNTY,Grade  6,81
2014-2015,17,GARZA COUNTY,Grade  7,65
2014-2015,17,GARZA COUNTY,Grade  8,71
2014-2015,17,GARZA COUNTY,Grade  9,111
2014-2015,17,GARZA COUNTY,Grade 10,93
2014-2015,17,GARZA COUNTY,Grade 11,67
2014-2015,17,GARZA COUNTY,Grade 12,64
2014-2015,13,GILLESPIE COUNTY,Early Education,21
2014-2015,13,GILLESPIE COUNTY,Pre-kindergarten,74
2014-2015,13,GILLESPIE COUNTY,Kindergarten,252
2014-2015,13,GILLESPIE COUNTY,Grade  1,273
2014-2015,13,GILLESPIE COUNTY,Grade  2,271
2014-2015,13,GILLESPIE COUNTY,Grade  3,239
2014-2015,13,GILLESPIE COUNTY,Grade  4,253
2014-2015,13,GILLESPIE COUNTY,Grade  5,269
2014-2015,13,GILLESPIE COUNTY,Grade  6,271
2014-2015,13,GILLESPIE COUNTY,Grade  7,239
2014-2015,13,GILLESPIE COUNTY,Grade  8,282
2014-2015,13,GILLESPIE COUNTY,Grade  9,311
2014-2015,13,GILLESPIE COUNTY,Grade 10,284
2014-2015,13,GILLESPIE COUNTY,Grade 11,305
2014-2015,13,GILLESPIE COUNTY,Grade 12,293
2014-2015,18,GLASSCOCK COUNTY,Early Education,-9999999
2014-2015,18,GLASSCOCK COUNTY,Pre-kindergarten,14
2014-2015,18,GLASSCOCK COUNTY,Kindergarten,26
2014-2015,18,GLASSCOCK COUNTY,Grade  1,24
2014-2015,18,GLASSCOCK COUNTY,Grade  2,19
2014-2015,18,GLASSCOCK COUNTY,Grade  3,25
2014-2015,18,GLASSCOCK COUNTY,Grade  4,28
2014-2015,18,GLASSCOCK COUNTY,Grade  5,9
2014-2015,18,GLASSCOCK COUNTY,Grade  6,23
2014-2015,18,GLASSCOCK COUNTY,Grade  7,23
2014-2015,18,GLASSCOCK COUNTY,Grade  8,25
2014-2015,18,GLASSCOCK COUNTY,Grade  9,25
2014-2015,18,GLASSCOCK COUNTY,Grade 10,18
2014-2015,18,GLASSCOCK COUNTY,Grade 11,26
2014-2015,18,GLASSCOCK COUNTY,Grade 12,22
2014-2015,3,GOLIAD COUNTY,Early Education,21
2014-2015,3,GOLIAD COUNTY,Pre-kindergarten,38
2014-2015,3,GOLIAD COUNTY,Kindergarten,105
2014-2015,3,GOLIAD COUNTY,Grade  1,105
2014-2015,3,GOLIAD COUNTY,Grade  2,111
2014-2015,3,GOLIAD COUNTY,Grade  3,88
2014-2015,3,GOLIAD COUNTY,Grade  4,93
2014-2015,3,GOLIAD COUNTY,Grade  5,109
2014-2015,3,GOLIAD COUNTY,Grade  6,115
2014-2015,3,GOLIAD COUNTY,Grade  7,104
2014-2015,3,GOLIAD COUNTY,Grade  8,121
2014-2015,3,GOLIAD COUNTY,Grade  9,95
2014-2015,3,GOLIAD COUNTY,Grade 10,108
2014-2015,3,GOLIAD COUNTY,Grade 11,97
2014-2015,3,GOLIAD COUNTY,Grade 12,98
2014-2015,13,GONZALES COUNTY,Early Education,9
2014-2015,13,GONZALES COUNTY,Pre-kindergarten,272
2014-2015,13,GONZALES COUNTY,Kindergarten,314
2014-2015,13,GONZALES COUNTY,Grade  1,327
2014-2015,13,GONZALES COUNTY,Grade  2,318
2014-2015,13,GONZALES COUNTY,Grade  3,348
2014-2015,13,GONZALES COUNTY,Grade  4,318
2014-2015,13,GONZALES COUNTY,Grade  5,331
2014-2015,13,GONZALES COUNTY,Grade  6,322
2014-2015,13,GONZALES COUNTY,Grade  7,306
2014-2015,13,GONZALES COUNTY,Grade  8,292
2014-2015,13,GONZALES COUNTY,Grade  9,312
2014-2015,13,GONZALES COUNTY,Grade 10,299
2014-2015,13,GONZALES COUNTY,Grade 11,213
2014-2015,13,GONZALES COUNTY,Grade 12,219
2014-2015,16,GRAY COUNTY,Early Education,6
2014-2015,16,GRAY COUNTY,Pre-kindergarten,234
2014-2015,16,GRAY COUNTY,Kindergarten,371
2014-2015,16,GRAY COUNTY,Grade  1,349
2014-2015,16,GRAY COUNTY,Grade  2,328
2014-2015,16,GRAY COUNTY,Grade  3,321
2014-2015,16,GRAY COUNTY,Grade  4,332
2014-2015,16,GRAY COUNTY,Grade  5,288
2014-2015,16,GRAY COUNTY,Grade  6,337
2014-2015,16,GRAY COUNTY,Grade  7,303
2014-2015,16,GRAY COUNTY,Grade  8,281
2014-2015,16,GRAY COUNTY,Grade  9,311
2014-2015,16,GRAY COUNTY,Grade 10,273
2014-2015,16,GRAY COUNTY,Grade 11,254
2014-2015,16,GRAY COUNTY,Grade 12,263
2014-2015,10,GRAYSON COUNTY,Early Education,57
2014-2015,10,GRAYSON COUNTY,Pre-kindergarten,852
2014-2015,10,GRAYSON COUNTY,Kindergarten,1679
2014-2015,10,GRAYSON COUNTY,Grade  1,1686
2014-2015,10,GRAYSON COUNTY,Grade  2,1654
2014-2015,10,GRAYSON COUNTY,Grade  3,1661
2014-2015,10,GRAYSON COUNTY,Grade  4,1618
2014-2015,10,GRAYSON COUNTY,Grade  5,1597
2014-2015,10,GRAYSON COUNTY,Grade  6,1531
2014-2015,10,GRAYSON COUNTY,Grade  7,1637
2014-2015,10,GRAYSON COUNTY,Grade  8,1683
2014-2015,10,GRAYSON COUNTY,Grade  9,1756
2014-2015,10,GRAYSON COUNTY,Grade 10,1587
2014-2015,10,GRAYSON COUNTY,Grade 11,1514
2014-2015,10,GRAYSON COUNTY,Grade 12,1349
2014-2015,7,GREGG COUNTY,Early Education,78
2014-2015,7,GREGG COUNTY,Pre-kindergarten,1138
2014-2015,7,GREGG COUNTY,Kindergarten,1909
2014-2015,7,GREGG COUNTY,Grade  1,1972
2014-2015,7,GREGG COUNTY,Grade  2,1985
2014-2015,7,GREGG COUNTY,Grade  3,1863
2014-2015,7,GREGG COUNTY,Grade  4,1810
2014-2015,7,GREGG COUNTY,Grade  5,1745
2014-2015,7,GREGG COUNTY,Grade  6,1762
2014-2015,7,GREGG COUNTY,Grade  7,1759
2014-2015,7,GREGG COUNTY,Grade  8,1719
2014-2015,7,GREGG COUNTY,Grade  9,1795
2014-2015,7,GREGG COUNTY,Grade 10,1639
2014-2015,7,GREGG COUNTY,Grade 11,1598
2014-2015,7,GREGG COUNTY,Grade 12,1467
2014-2015,6,GRIMES COUNTY,Early Education,5
2014-2015,6,GRIMES COUNTY,Pre-kindergarten,270
2014-2015,6,GRIMES COUNTY,Kindergarten,329
2014-2015,6,GRIMES COUNTY,Grade  1,383
2014-2015,6,GRIMES COUNTY,Grade  2,332
2014-2015,6,GRIMES COUNTY,Grade  3,349
2014-2015,6,GRIMES COUNTY,Grade  4,328
2014-2015,6,GRIMES COUNTY,Grade  5,323
2014-2015,6,GRIMES COUNTY,Grade  6,339
2014-2015,6,GRIMES COUNTY,Grade  7,336
2014-2015,6,GRIMES COUNTY,Grade  8,341
2014-2015,6,GRIMES COUNTY,Grade  9,327
2014-2015,6,GRIMES COUNTY,Grade 10,291
2014-2015,6,GRIMES COUNTY,Grade 11,295
2014-2015,6,GRIMES COUNTY,Grade 12,226
2014-2015,13,GUADALUPE COUNTY/13,Early Education,15
2014-2015,13,GUADALUPE COUNTY/13,Pre-kindergarten,611
2014-2015,13,GUADALUPE COUNTY/13,Kindergarten,723
2014-2015,13,GUADALUPE COUNTY/13,Grade  1,783
2014-2015,13,GUADALUPE COUNTY/13,Grade  2,779
2014-2015,13,GUADALUPE COUNTY/13,Grade  3,822
2014-2015,13,GUADALUPE COUNTY/13,Grade  4,788
2014-2015,13,GUADALUPE COUNTY/13,Grade  5,762
2014-2015,13,GUADALUPE COUNTY/13,Grade  6,711
2014-2015,13,GUADALUPE COUNTY/13,Grade  7,779
2014-2015,13,GUADALUPE COUNTY/13,Grade  8,785
2014-2015,13,GUADALUPE COUNTY/13,Grade  9,894
2014-2015,13,GUADALUPE COUNTY/13,Grade 10,762
2014-2015,13,GUADALUPE COUNTY/13,Grade 11,739
2014-2015,13,GUADALUPE COUNTY/13,Grade 12,668
2014-2015,20,GUADALUPE COUNTY/20,Early Education,50
2014-2015,20,GUADALUPE COUNTY/20,Pre-kindergarten,295
2014-2015,20,GUADALUPE COUNTY/20,Kindergarten,985
2014-2015,20,GUADALUPE COUNTY/20,Grade  1,1030
2014-2015,20,GUADALUPE COUNTY/20,Grade  2,1005
2014-2015,20,GUADALUPE COUNTY/20,Grade  3,989
2014-2015,20,GUADALUPE COUNTY/20,Grade  4,1119
2014-2015,20,GUADALUPE COUNTY/20,Grade  5,1123
2014-2015,20,GUADALUPE COUNTY/20,Grade  6,1088
2014-2015,20,GUADALUPE COUNTY/20,Grade  7,1121
2014-2015,20,GUADALUPE COUNTY/20,Grade  8,1090
2014-2015,20,GUADALUPE COUNTY/20,Grade  9,1308
2014-2015,20,GUADALUPE COUNTY/20,Grade 10,1275
2014-2015,20,GUADALUPE COUNTY/20,Grade 11,1085
2014-2015,20,GUADALUPE COUNTY/20,Grade 12,1075
2014-2015,AL,GUADALUPE COUNTY/ALL,Early Education,65
2014-2015,AL,GUADALUPE COUNTY/ALL,Pre-kindergarten,906
2014-2015,AL,GUADALUPE COUNTY/ALL,Kindergarten,1708
2014-2015,AL,GUADALUPE COUNTY/ALL,Grade  1,1813
2014-2015,AL,GUADALUPE COUNTY/ALL,Grade  2,1784
2014-2015,AL,GUADALUPE COUNTY/ALL,Grade  3,1811
2014-2015,AL,GUADALUPE COUNTY/ALL,Grade  4,1907
2014-2015,AL,GUADALUPE COUNTY/ALL,Grade  5,1885
2014-2015,AL,GUADALUPE COUNTY/ALL,Grade  6,1799
2014-2015,AL,GUADALUPE COUNTY/ALL,Grade  7,1900
2014-2015,AL,GUADALUPE COUNTY/ALL,Grade  8,1875
2014-2015,AL,GUADALUPE COUNTY/ALL,Grade  9,2202
2014-2015,AL,GUADALUPE COUNTY/ALL,Grade 10,2037
2014-2015,AL,GUADALUPE COUNTY/ALL,Grade 11,1824
2014-2015,AL,GUADALUPE COUNTY/ALL,Grade 12,1743
2014-2015,17,HALE COUNTY,Early Education,26
2014-2015,17,HALE COUNTY,Pre-kindergarten,396
2014-2015,17,HALE COUNTY,Kindergarten,595
2014-2015,17,HALE COUNTY,Grade  1,566
2014-2015,17,HALE COUNTY,Grade  2,637
2014-2015,17,HALE COUNTY,Grade  3,549
2014-2015,17,HALE COUNTY,Grade  4,509
2014-2015,17,HALE COUNTY,Grade  5,554
2014-2015,17,HALE COUNTY,Grade  6,525
2014-2015,17,HALE COUNTY,Grade  7,540
2014-2015,17,HALE COUNTY,Grade  8,533
2014-2015,17,HALE COUNTY,Grade  9,523
2014-2015,17,HALE COUNTY,Grade 10,519
2014-2015,17,HALE COUNTY,Grade 11,477
2014-2015,17,HALE COUNTY,Grade 12,410
2014-2015,16,HALL COUNTY,Pre-kindergarten,63
2014-2015,16,HALL COUNTY,Kindergarten,46
2014-2015,16,HALL COUNTY,Grade  1,53
2014-2015,16,HALL COUNTY,Grade  2,47
2014-2015,16,HALL COUNTY,Grade  3,53
2014-2015,16,HALL COUNTY,Grade  4,58
2014-2015,16,HALL COUNTY,Grade  5,42
2014-2015,16,HALL COUNTY,Grade  6,58
2014-2015,16,HALL COUNTY,Grade  7,49
2014-2015,16,HALL COUNTY,Grade  8,55
2014-2015,16,HALL COUNTY,Grade  9,43
2014-2015,16,HALL COUNTY,Grade 10,64
2014-2015,16,HALL COUNTY,Grade 11,46
2014-2015,16,HALL COUNTY,Grade 12,50
2014-2015,12,HAMILTON COUNTY,Early Education,-9999999
2014-2015,12,HAMILTON COUNTY,Pre-kindergarten,67
2014-2015,12,HAMILTON COUNTY,Kindergarten,112
2014-2015,12,HAMILTON COUNTY,Grade  1,108
2014-2015,12,HAMILTON COUNTY,Grade  2,86
2014-2015,12,HAMILTON COUNTY,Grade  3,99
2014-2015,12,HAMILTON COUNTY,Grade  4,80
2014-2015,12,HAMILTON COUNTY,Grade  5,101
2014-2015,12,HAMILTON COUNTY,Grade  6,92
2014-2015,12,HAMILTON COUNTY,Grade  7,85
2014-2015,12,HAMILTON COUNTY,Grade  8,90
2014-2015,12,HAMILTON COUNTY,Grade  9,110
2014-2015,12,HAMILTON COUNTY,Grade 10,101
2014-2015,12,HAMILTON COUNTY,Grade 11,86
2014-2015,12,HAMILTON COUNTY,Grade 12,108
2014-2015,16,HANSFORD COUNTY,Early Education,-9999999
2014-2015,16,HANSFORD COUNTY,Pre-kindergarten,86
2014-2015,16,HANSFORD COUNTY,Kindergarten,89
2014-2015,16,HANSFORD COUNTY,Grade  1,114
2014-2015,16,HANSFORD COUNTY,Grade  2,108
2014-2015,16,HANSFORD COUNTY,Grade  3,119
2014-2015,16,HANSFORD COUNTY,Grade  4,123
2014-2015,16,HANSFORD COUNTY,Grade  5,125
2014-2015,16,HANSFORD COUNTY,Grade  6,101
2014-2015,16,HANSFORD COUNTY,Grade  7,99
2014-2015,16,HANSFORD COUNTY,Grade  8,107
2014-2015,16,HANSFORD COUNTY,Grade  9,114
2014-2015,16,HANSFORD COUNTY,Grade 10,79
2014-2015,16,HANSFORD COUNTY,Grade 11,89
2014-2015,16,HANSFORD COUNTY,Grade 12,95
2014-2015,9,HARDEMAN COUNTY,Pre-kindergarten,60
2014-2015,9,HARDEMAN COUNTY,Kindergarten,53
2014-2015,9,HARDEMAN COUNTY,Grade  1,58
2014-2015,9,HARDEMAN COUNTY,Grade  2,58
2014-2015,9,HARDEMAN COUNTY,Grade  3,62
2014-2015,9,HARDEMAN COUNTY,Grade  4,56
2014-2015,9,HARDEMAN COUNTY,Grade  5,53
2014-2015,9,HARDEMAN COUNTY,Grade  6,49
2014-2015,9,HARDEMAN COUNTY,Grade  7,44
2014-2015,9,HARDEMAN COUNTY,Grade  8,51
2014-2015,9,HARDEMAN COUNTY,Grade  9,53
2014-2015,9,HARDEMAN COUNTY,Grade 10,43
2014-2015,9,HARDEMAN COUNTY,Grade 11,46
2014-2015,9,HARDEMAN COUNTY,Grade 12,49
2014-2015,5,HARDIN COUNTY,Early Education,74
2014-2015,5,HARDIN COUNTY,Pre-kindergarten,232
2014-2015,5,HARDIN COUNTY,Kindergarten,834
2014-2015,5,HARDIN COUNTY,Grade  1,878
2014-2015,5,HARDIN COUNTY,Grade  2,859
2014-2015,5,HARDIN COUNTY,Grade  3,770
2014-2015,5,HARDIN COUNTY,Grade  4,754
2014-2015,5,HARDIN COUNTY,Grade  5,845
2014-2015,5,HARDIN COUNTY,Grade  6,759
2014-2015,5,HARDIN COUNTY,Grade  7,802
2014-2015,5,HARDIN COUNTY,Grade  8,811
2014-2015,5,HARDIN COUNTY,Grade  9,848
2014-2015,5,HARDIN COUNTY,Grade 10,800
2014-2015,5,HARDIN COUNTY,Grade 11,758
2014-2015,5,HARDIN COUNTY,Grade 12,690
2014-2015,4,HARRIS COUNTY,Early Education,3391
2014-2015,4,HARRIS COUNTY,Pre-kindergarten,43990
2014-2015,4,HARRIS COUNTY,Kindergarten,68610
2014-2015,4,HARRIS COUNTY,Grade  1,71828
2014-2015,4,HARRIS COUNTY,Grade  2,70892
2014-2015,4,HARRIS COUNTY,Grade  3,68104
2014-2015,4,HARRIS COUNTY,Grade  4,66209
2014-2015,4,HARRIS COUNTY,Grade  5,65405
2014-2015,4,HARRIS COUNTY,Grade  6,64661
2014-2015,4,HARRIS COUNTY,Grade  7,63976
2014-2015,4,HARRIS COUNTY,Grade  8,64148
2014-2015,4,HARRIS COUNTY,Grade  9,70551
2014-2015,4,HARRIS COUNTY,Grade 10,60816
2014-2015,4,HARRIS COUNTY,Grade 11,56208
2014-2015,4,HARRIS COUNTY,Grade 12,50943
2014-2015,7,HARRISON COUNTY,Early Education,15
2014-2015,7,HARRISON COUNTY,Pre-kindergarten,511
2014-2015,7,HARRISON COUNTY,Kindergarten,1007
2014-2015,7,HARRISON COUNTY,Grade  1,1012
2014-2015,7,HARRISON COUNTY,Grade  2,1050
2014-2015,7,HARRISON COUNTY,Grade  3,1059
2014-2015,7,HARRISON COUNTY,Grade  4,1021
2014-2015,7,HARRISON COUNTY,Grade  5,997
2014-2015,7,HARRISON COUNTY,Grade  6,966
2014-2015,7,HARRISON COUNTY,Grade  7,968
2014-2015,7,HARRISON COUNTY,Grade  8,1001
2014-2015,7,HARRISON COUNTY,Grade  9,982
2014-2015,7,HARRISON COUNTY,Grade 10,942
2014-2015,7,HARRISON COUNTY,Grade 11,874
2014-2015,7,HARRISON COUNTY,Grade 12,790
2014-2015,16,HARTLEY COUNTY,Pre-kindergarten,18
2014-2015,16,HARTLEY COUNTY,Kindergarten,32
2014-2015,16,HARTLEY COUNTY,Grade  1,35
2014-2015,16,HARTLEY COUNTY,Grade  2,21
2014-2015,16,HARTLEY COUNTY,Grade  3,19
2014-2015,16,HARTLEY COUNTY,Grade  4,26
2014-2015,16,HARTLEY COUNTY,Grade  5,24
2014-2015,16,HARTLEY COUNTY,Grade  6,36
2014-2015,16,HARTLEY COUNTY,Grade  7,31
2014-2015,16,HARTLEY COUNTY,Grade  8,26
2014-2015,16,HARTLEY COUNTY,Grade  9,30
2014-2015,16,HARTLEY COUNTY,Grade 10,29
2014-2015,16,HARTLEY COUNTY,Grade 11,28
2014-2015,16,HARTLEY COUNTY,Grade 12,20
2014-2015,14,HASKELL COUNTY,Early Education,6
2014-2015,14,HASKELL COUNTY,Pre-kindergarten,67
2014-2015,14,HASKELL COUNTY,Kindergarten,69
2014-2015,14,HASKELL COUNTY,Grade  1,80
2014-2015,14,HASKELL COUNTY,Grade  2,63
2014-2015,14,HASKELL COUNTY,Grade  3,60
2014-2015,14,HASKELL COUNTY,Grade  4,52
2014-2015,14,HASKELL COUNTY,Grade  5,64
2014-2015,14,HASKELL COUNTY,Grade  6,65
2014-2015,14,HASKELL COUNTY,Grade  7,68
2014-2015,14,HASKELL COUNTY,Grade  8,61
2014-2015,14,HASKELL COUNTY,Grade  9,56
2014-2015,14,HASKELL COUNTY,Grade 10,61
2014-2015,14,HASKELL COUNTY,Grade 11,46
2014-2015,14,HASKELL COUNTY,Grade 12,52
2014-2015,13,HAYS COUNTY,Early Education,165
2014-2015,13,HAYS COUNTY,Pre-kindergarten,1016
2014-2015,13,HAYS COUNTY,Kindergarten,2469
2014-2015,13,HAYS COUNTY,Grade  1,2623
2014-2015,13,HAYS COUNTY,Grade  2,2583
2014-2015,13,HAYS COUNTY,Grade  3,2555
2014-2015,13,HAYS COUNTY,Grade  4,2611
2014-2015,13,HAYS COUNTY,Grade  5,2595
2014-2015,13,HAYS COUNTY,Grade  6,2536
2014-2015,13,HAYS COUNTY,Grade  7,2490
2014-2015,13,HAYS COUNTY,Grade  8,2622
2014-2015,13,HAYS COUNTY,Grade  9,2668
2014-2015,13,HAYS COUNTY,Grade 10,2533
2014-2015,13,HAYS COUNTY,Grade 11,2185
2014-2015,13,HAYS COUNTY,Grade 12,2019
2014-2015,16,HEMPHILL COUNTY,Early Education,-9999999
2014-2015,16,HEMPHILL COUNTY,Pre-kindergarten,77
2014-2015,16,HEMPHILL COUNTY,Kindergarten,73
2014-2015,16,HEMPHILL COUNTY,Grade  1,84
2014-2015,16,HEMPHILL COUNTY,Grade  2,100
2014-2015,16,HEMPHILL COUNTY,Grade  3,85
2014-2015,16,HEMPHILL COUNTY,Grade  4,84
2014-2015,16,HEMPHILL COUNTY,Grade  5,70
2014-2015,16,HEMPHILL COUNTY,Grade  6,75
2014-2015,16,HEMPHILL COUNTY,Grade  7,72
2014-2015,16,HEMPHILL COUNTY,Grade  8,74
2014-2015,16,HEMPHILL COUNTY,Grade  9,94
2014-2015,16,HEMPHILL COUNTY,Grade 10,64
2014-2015,16,HEMPHILL COUNTY,Grade 11,49
2014-2015,16,HEMPHILL COUNTY,Grade 12,47
2014-2015,7,HENDERSON COUNTY,Early Education,20
2014-2015,7,HENDERSON COUNTY,Pre-kindergarten,398
2014-2015,7,HENDERSON COUNTY,Kindergarten,777
2014-2015,7,HENDERSON COUNTY,Grade  1,787
2014-2015,7,HENDERSON COUNTY,Grade  2,806
2014-2015,7,HENDERSON COUNTY,Grade  3,766
2014-2015,7,HENDERSON COUNTY,Grade  4,744
2014-2015,7,HENDERSON COUNTY,Grade  5,709
2014-2015,7,HENDERSON COUNTY,Grade  6,746
2014-2015,7,HENDERSON COUNTY,Grade  7,745
2014-2015,7,HENDERSON COUNTY,Grade  8,766
2014-2015,7,HENDERSON COUNTY,Grade  9,789
2014-2015,7,HENDERSON COUNTY,Grade 10,794
2014-2015,7,HENDERSON COUNTY,Grade 11,726
2014-2015,7,HENDERSON COUNTY,Grade 12,608
2014-2015,1,HIDALGO COUNTY,Early Education,609
2014-2015,1,HIDALGO COUNTY,Pre-kindergarten,12195
2014-2015,1,HIDALGO COUNTY,Kindergarten,16726
2014-2015,1,HIDALGO COUNTY,Grade  1,17616
2014-2015,1,HIDALGO COUNTY,Grade  2,17717
2014-2015,1,HIDALGO COUNTY,Grade  3,16947
2014-2015,1,HIDALGO COUNTY,Grade  4,16786
2014-2015,1,HIDALGO COUNTY,Grade  5,16524
2014-2015,1,HIDALGO COUNTY,Grade  6,17147
2014-2015,1,HIDALGO COUNTY,Grade  7,16818
2014-2015,1,HIDALGO COUNTY,Grade  8,16877
2014-2015,1,HIDALGO COUNTY,Grade  9,18423
2014-2015,1,HIDALGO COUNTY,Grade 10,15169
2014-2015,1,HIDALGO COUNTY,Grade 11,13873
2014-2015,1,HIDALGO COUNTY,Grade 12,12601
2014-2015,12,HILL COUNTY,Early Education,17
2014-2015,12,HILL COUNTY,Pre-kindergarten,476
2014-2015,12,HILL COUNTY,Kindergarten,443
2014-2015,12,HILL COUNTY,Grade  1,488
2014-2015,12,HILL COUNTY,Grade  2,498
2014-2015,12,HILL COUNTY,Grade  3,477
2014-2015,12,HILL COUNTY,Grade  4,481
2014-2015,12,HILL COUNTY,Grade  5,436
2014-2015,12,HILL COUNTY,Grade  6,430
2014-2015,12,HILL COUNTY,Grade  7,464
2014-2015,12,HILL COUNTY,Grade  8,507
2014-2015,12,HILL COUNTY,Grade  9,455
2014-2015,12,HILL COUNTY,Grade 10,450
2014-2015,12,HILL COUNTY,Grade 11,423
2014-2015,12,HILL COUNTY,Grade 12,415
2014-2015,17,HOCKLEY COUNTY,Early Education,50
2014-2015,17,HOCKLEY COUNTY,Pre-kindergarten,337
2014-2015,17,HOCKLEY COUNTY,Kindergarten,411
2014-2015,17,HOCKLEY COUNTY,Grade  1,392
2014-2015,17,HOCKLEY COUNTY,Grade  2,377
2014-2015,17,HOCKLEY COUNTY,Grade  3,313
2014-2015,17,HOCKLEY COUNTY,Grade  4,350
2014-2015,17,HOCKLEY COUNTY,Grade  5,366
2014-2015,17,HOCKLEY COUNTY,Grade  6,345
2014-2015,17,HOCKLEY COUNTY,Grade  7,358
2014-2015,17,HOCKLEY COUNTY,Grade  8,380
2014-2015,17,HOCKLEY COUNTY,Grade  9,362
2014-2015,17,HOCKLEY COUNTY,Grade 10,347
2014-2015,17,HOCKLEY COUNTY,Grade 11,293
2014-2015,17,HOCKLEY COUNTY,Grade 12,294
2014-2015,11,HOOD COUNTY,Early Education,43
2014-2015,11,HOOD COUNTY,Pre-kindergarten,253
2014-2015,11,HOOD COUNTY,Kindergarten,573
2014-2015,11,HOOD COUNTY,Grade  1,668
2014-2015,11,HOOD COUNTY,Grade  2,585
2014-2015,11,HOOD COUNTY,Grade  3,620
2014-2015,11,HOOD COUNTY,Grade  4,605
2014-2015,11,HOOD COUNTY,Grade  5,567
2014-2015,11,HOOD COUNTY,Grade  6,581
2014-2015,11,HOOD COUNTY,Grade  7,587
2014-2015,11,HOOD COUNTY,Grade  8,594
2014-2015,11,HOOD COUNTY,Grade  9,614
2014-2015,11,HOOD COUNTY,Grade 10,604
2014-2015,11,HOOD COUNTY,Grade 11,554
2014-2015,11,HOOD COUNTY,Grade 12,498
2014-2015,8,HOPKINS COUNTY,Early Education,25
2014-2015,8,HOPKINS COUNTY,Pre-kindergarten,386
2014-2015,8,HOPKINS COUNTY,Kindergarten,521
2014-2015,8,HOPKINS COUNTY,Grade  1,530
2014-2015,8,HOPKINS COUNTY,Grade  2,487
2014-2015,8,HOPKINS COUNTY,Grade  3,484
2014-2015,8,HOPKINS COUNTY,Grade  4,493
2014-2015,8,HOPKINS COUNTY,Grade  5,490
2014-2015,8,HOPKINS COUNTY,Grade  6,483
2014-2015,8,HOPKINS COUNTY,Grade  7,501
2014-2015,8,HOPKINS COUNTY,Grade  8,533
2014-2015,8,HOPKINS COUNTY,Grade  9,479
2014-2015,8,HOPKINS COUNTY,Grade 10,476
2014-2015,8,HOPKINS COUNTY,Grade 11,428
2014-2015,8,HOPKINS COUNTY,Grade 12,415
2014-2015,6,HOUSTON COUNTY,Pre-kindergarten,236
2014-2015,6,HOUSTON COUNTY,Kindergarten,223
2014-2015,6,HOUSTON COUNTY,Grade  1,227
2014-2015,6,HOUSTON COUNTY,Grade  2,248
2014-2015,6,HOUSTON COUNTY,Grade  3,223
2014-2015,6,HOUSTON COUNTY,Grade  4,207
2014-2015,6,HOUSTON COUNTY,Grade  5,224
2014-2015,6,HOUSTON COUNTY,Grade  6,222
2014-2015,6,HOUSTON COUNTY,Grade  7,234
2014-2015,6,HOUSTON COUNTY,Grade  8,216
2014-2015,6,HOUSTON COUNTY,Grade  9,211
2014-2015,6,HOUSTON COUNTY,Grade 10,226
2014-2015,6,HOUSTON COUNTY,Grade 11,235
2014-2015,6,HOUSTON COUNTY,Grade 12,190
2014-2015,18,HOWARD COUNTY,Early Education,19
2014-2015,18,HOWARD COUNTY,Pre-kindergarten,122
2014-2015,18,HOWARD COUNTY,Kindergarten,474
2014-2015,18,HOWARD COUNTY,Grade  1,516
2014-2015,18,HOWARD COUNTY,Grade  2,536
2014-2015,18,HOWARD COUNTY,Grade  3,493
2014-2015,18,HOWARD COUNTY,Grade  4,440
2014-2015,18,HOWARD COUNTY,Grade  5,471
2014-2015,18,HOWARD COUNTY,Grade  6,462
2014-2015,18,HOWARD COUNTY,Grade  7,469
2014-2015,18,HOWARD COUNTY,Grade  8,439
2014-2015,18,HOWARD COUNTY,Grade  9,429
2014-2015,18,HOWARD COUNTY,Grade 10,383
2014-2015,18,HOWARD COUNTY,Grade 11,320
2014-2015,18,HOWARD COUNTY,Grade 12,318
2014-2015,19,HUDSPETH COUNTY,Pre-kindergarten,21
2014-2015,19,HUDSPETH COUNTY,Kindergarten,52
2014-2015,19,HUDSPETH COUNTY,Grade  1,36
2014-2015,19,HUDSPETH COUNTY,Grade  2,47
2014-2015,19,HUDSPETH COUNTY,Grade  3,52
2014-2015,19,HUDSPETH COUNTY,Grade  4,39
2014-2015,19,HUDSPETH COUNTY,Grade  5,48
2014-2015,19,HUDSPETH COUNTY,Grade  6,51
2014-2015,19,HUDSPETH COUNTY,Grade  7,52
2014-2015,19,HUDSPETH COUNTY,Grade  8,53
2014-2015,19,HUDSPETH COUNTY,Grade  9,60
2014-2015,19,HUDSPETH COUNTY,Grade 10,50
2014-2015,19,HUDSPETH COUNTY,Grade 11,51
2014-2015,19,HUDSPETH COUNTY,Grade 12,41
2014-2015,10,HUNT COUNTY,Early Education,28
2014-2015,10,HUNT COUNTY,Pre-kindergarten,767
2014-2015,10,HUNT COUNTY,Kindergarten,1099
2014-2015,10,HUNT COUNTY,Grade  1,1201
2014-2015,10,HUNT COUNTY,Grade  2,1088
2014-2015,10,HUNT COUNTY,Grade  3,1046
2014-2015,10,HUNT COUNTY,Grade  4,1058
2014-2015,10,HUNT COUNTY,Grade  5,1051
2014-2015,10,HUNT COUNTY,Grade  6,1082
2014-2015,10,HUNT COUNTY,Grade  7,1103
2014-2015,10,HUNT COUNTY,Grade  8,1125
2014-2015,10,HUNT COUNTY,Grade  9,1087
2014-2015,10,HUNT COUNTY,Grade 10,1113
2014-2015,10,HUNT COUNTY,Grade 11,973
2014-2015,10,HUNT COUNTY,Grade 12,872
2014-2015,16,HUTCHINSON COUNTY,Early Education,-9999999
2014-2015,16,HUTCHINSON COUNTY,Pre-kindergarten,279
2014-2015,16,HUTCHINSON COUNTY,Kindergarten,329
2014-2015,16,HUTCHINSON COUNTY,Grade  1,323
2014-2015,16,HUTCHINSON COUNTY,Grade  2,340
2014-2015,16,HUTCHINSON COUNTY,Grade  3,323
2014-2015,16,HUTCHINSON COUNTY,Grade  4,319
2014-2015,16,HUTCHINSON COUNTY,Grade  5,306
2014-2015,16,HUTCHINSON COUNTY,Grade  6,319
2014-2015,16,HUTCHINSON COUNTY,Grade  7,294
2014-2015,16,HUTCHINSON COUNTY,Grade  8,299
2014-2015,16,HUTCHINSON COUNTY,Grade  9,306
2014-2015,16,HUTCHINSON COUNTY,Grade 10,322
2014-2015,16,HUTCHINSON COUNTY,Grade 11,294
2014-2015,16,HUTCHINSON COUNTY,Grade 12,286
2014-2015,15,IRION COUNTY,Early Education,-9999999
2014-2015,15,IRION COUNTY,Kindergarten,17
2014-2015,15,IRION COUNTY,Grade  1,25
2014-2015,15,IRION COUNTY,Grade  2,19
2014-2015,15,IRION COUNTY,Grade  3,16
2014-2015,15,IRION COUNTY,Grade  4,27
2014-2015,15,IRION COUNTY,Grade  5,28
2014-2015,15,IRION COUNTY,Grade  6,27
2014-2015,15,IRION COUNTY,Grade  7,31
2014-2015,15,IRION COUNTY,Grade  8,19
2014-2015,15,IRION COUNTY,Grade  9,38
2014-2015,15,IRION COUNTY,Grade 10,34
2014-2015,15,IRION COUNTY,Grade 11,25
2014-2015,15,IRION COUNTY,Grade 12,28
2014-2015,9,JACK COUNTY,Early Education,5
2014-2015,9,JACK COUNTY,Pre-kindergarten,68
2014-2015,9,JACK COUNTY,Kindergarten,112
2014-2015,9,JACK COUNTY,Grade  1,119
2014-2015,9,JACK COUNTY,Grade  2,124
2014-2015,9,JACK COUNTY,Grade  3,122
2014-2015,9,JACK COUNTY,Grade  4,126
2014-2015,9,JACK COUNTY,Grade  5,121
2014-2015,9,JACK COUNTY,Grade  6,123
2014-2015,9,JACK COUNTY,Grade  7,108
2014-2015,9,JACK COUNTY,Grade  8,122
2014-2015,9,JACK COUNTY,Grade  9,126
2014-2015,9,JACK COUNTY,Grade 10,124
2014-2015,9,JACK COUNTY,Grade 11,106
2014-2015,9,JACK COUNTY,Grade 12,107
2014-2015,3,JACKSON COUNTY,Early Education,16
2014-2015,3,JACKSON COUNTY,Pre-kindergarten,137
2014-2015,3,JACKSON COUNTY,Kindergarten,271
2014-2015,3,JACKSON COUNTY,Grade  1,306
2014-2015,3,JACKSON COUNTY,Grade  2,269
2014-2015,3,JACKSON COUNTY,Grade  3,252
2014-2015,3,JACKSON COUNTY,Grade  4,270
2014-2015,3,JACKSON COUNTY,Grade  5,241
2014-2015,3,JACKSON COUNTY,Grade  6,246
2014-2015,3,JACKSON COUNTY,Grade  7,280
2014-2015,3,JACKSON COUNTY,Grade  8,269
2014-2015,3,JACKSON COUNTY,Grade  9,276
2014-2015,3,JACKSON COUNTY,Grade 10,233
2014-2015,3,JACKSON COUNTY,Grade 11,242
2014-2015,3,JACKSON COUNTY,Grade 12,263
2014-2015,5,JASPER COUNTY,Early Education,38
2014-2015,5,JASPER COUNTY,Pre-kindergarten,255
2014-2015,5,JASPER COUNTY,Kindergarten,503
2014-2015,5,JASPER COUNTY,Grade  1,492
2014-2015,5,JASPER COUNTY,Grade  2,485
2014-2015,5,JASPER COUNTY,Grade  3,461
2014-2015,5,JASPER COUNTY,Grade  4,473
2014-2015,5,JASPER COUNTY,Grade  5,471
2014-2015,5,JASPER COUNTY,Grade  6,498
2014-2015,5,JASPER COUNTY,Grade  7,471
2014-2015,5,JASPER COUNTY,Grade  8,479
2014-2015,5,JASPER COUNTY,Grade  9,498
2014-2015,5,JASPER COUNTY,Grade 10,457
2014-2015,5,JASPER COUNTY,Grade 11,387
2014-2015,5,JASPER COUNTY,Grade 12,405
2014-2015,18,JEFF DAVIS COUNTY,Pre-kindergarten,13
2014-2015,18,JEFF DAVIS COUNTY,Kindergarten,12
2014-2015,18,JEFF DAVIS COUNTY,Grade  1,16
2014-2015,18,JEFF DAVIS COUNTY,Grade  2,13
2014-2015,18,JEFF DAVIS COUNTY,Grade  3,19
2014-2015,18,JEFF DAVIS COUNTY,Grade  4,19
2014-2015,18,JEFF DAVIS COUNTY,Grade  5,29
2014-2015,18,JEFF DAVIS COUNTY,Grade  6,18
2014-2015,18,JEFF DAVIS COUNTY,Grade  7,24
2014-2015,18,JEFF DAVIS COUNTY,Grade  8,15
2014-2015,18,JEFF DAVIS COUNTY,Grade  9,17
2014-2015,18,JEFF DAVIS COUNTY,Grade 10,18
2014-2015,18,JEFF DAVIS COUNTY,Grade 11,21
2014-2015,18,JEFF DAVIS COUNTY,Grade 12,22
2014-2015,5,JEFFERSON COUNTY,Early Education,324
2014-2015,5,JEFFERSON COUNTY,Pre-kindergarten,2327
2014-2015,5,JEFFERSON COUNTY,Kindergarten,3336
2014-2015,5,JEFFERSON COUNTY,Grade  1,3329
2014-2015,5,JEFFERSON COUNTY,Grade  2,3369
2014-2015,5,JEFFERSON COUNTY,Grade  3,3202
2014-2015,5,JEFFERSON COUNTY,Grade  4,3055
2014-2015,5,JEFFERSON COUNTY,Grade  5,2909
2014-2015,5,JEFFERSON COUNTY,Grade  6,2919
2014-2015,5,JEFFERSON COUNTY,Grade  7,2897
2014-2015,5,JEFFERSON COUNTY,Grade  8,2945
2014-2015,5,JEFFERSON COUNTY,Grade  9,3136
2014-2015,5,JEFFERSON COUNTY,Grade 10,2944
2014-2015,5,JEFFERSON COUNTY,Grade 11,2652
2014-2015,5,JEFFERSON COUNTY,Grade 12,2599
2014-2015,1,JIM HOGG COUNTY,Pre-kindergarten,43
2014-2015,1,JIM HOGG COUNTY,Kindergarten,98
2014-2015,1,JIM HOGG COUNTY,Grade  1,92
2014-2015,1,JIM HOGG COUNTY,Grade  2,100
2014-2015,1,JIM HOGG COUNTY,Grade  3,98
2014-2015,1,JIM HOGG COUNTY,Grade  4,88
2014-2015,1,JIM HOGG COUNTY,Grade  5,76
2014-2015,1,JIM HOGG COUNTY,Grade  6,82
2014-2015,1,JIM HOGG COUNTY,Grade  7,83
2014-2015,1,JIM HOGG COUNTY,Grade  8,79
2014-2015,1,JIM HOGG COUNTY,Grade  9,79
2014-2015,1,JIM HOGG COUNTY,Grade 10,77
2014-2015,1,JIM HOGG COUNTY,Grade 11,71
2014-2015,1,JIM HOGG COUNTY,Grade 12,62
2014-2015,2,JIM WELLS COUNTY,Early Education,22
2014-2015,2,JIM WELLS COUNTY,Pre-kindergarten,374
2014-2015,2,JIM WELLS COUNTY,Kindergarten,624
2014-2015,2,JIM WELLS COUNTY,Grade  1,683
2014-2015,2,JIM WELLS COUNTY,Grade  2,717
2014-2015,2,JIM WELLS COUNTY,Grade  3,634
2014-2015,2,JIM WELLS COUNTY,Grade  4,629
2014-2015,2,JIM WELLS COUNTY,Grade  5,600
2014-2015,2,JIM WELLS COUNTY,Grade  6,602
2014-2015,2,JIM WELLS COUNTY,Grade  7,596
2014-2015,2,JIM WELLS COUNTY,Grade  8,609
2014-2015,2,JIM WELLS COUNTY,Grade  9,752
2014-2015,2,JIM WELLS COUNTY,Grade 10,558
2014-2015,2,JIM WELLS COUNTY,Grade 11,545
2014-2015,2,JIM WELLS COUNTY,Grade 12,461
2014-2015,11,JOHNSON COUNTY,Early Education,95
2014-2015,11,JOHNSON COUNTY,Pre-kindergarten,934
2014-2015,11,JOHNSON COUNTY,Kindergarten,2415
2014-2015,11,JOHNSON COUNTY,Grade  1,2504
2014-2015,11,JOHNSON COUNTY,Grade  2,2508
2014-2015,11,JOHNSON COUNTY,Grade  3,2501
2014-2015,11,JOHNSON COUNTY,Grade  4,2508
2014-2015,11,JOHNSON COUNTY,Grade  5,2495
2014-2015,11,JOHNSON COUNTY,Grade  6,2400
2014-2015,11,JOHNSON COUNTY,Grade  7,2454
2014-2015,11,JOHNSON COUNTY,Grade  8,2490
2014-2015,11,JOHNSON COUNTY,Grade  9,2719
2014-2015,11,JOHNSON COUNTY,Grade 10,2463
2014-2015,11,JOHNSON COUNTY,Grade 11,2227
2014-2015,11,JOHNSON COUNTY,Grade 12,1980
2014-2015,14,JONES COUNTY,Early Education,-9999999
2014-2015,14,JONES COUNTY,Pre-kindergarten,164
2014-2015,14,JONES COUNTY,Kindergarten,200
2014-2015,14,JONES COUNTY,Grade  1,183
2014-2015,14,JONES COUNTY,Grade  2,186
2014-2015,14,JONES COUNTY,Grade  3,192
2014-2015,14,JONES COUNTY,Grade  4,219
2014-2015,14,JONES COUNTY,Grade  5,191
2014-2015,14,JONES COUNTY,Grade  6,197
2014-2015,14,JONES COUNTY,Grade  7,197
2014-2015,14,JONES COUNTY,Grade  8,217
2014-2015,14,JONES COUNTY,Grade  9,217
2014-2015,14,JONES COUNTY,Grade 10,169
2014-2015,14,JONES COUNTY,Grade 11,172
2014-2015,14,JONES COUNTY,Grade 12,188
2014-2015,3,KARNES COUNTY/03,Early Education,-9999999
2014-2015,3,KARNES COUNTY/03,Pre-kindergarten,125
2014-2015,3,KARNES COUNTY/03,Kindergarten,163
2014-2015,3,KARNES COUNTY/03,Grade  1,149
2014-2015,3,KARNES COUNTY/03,Grade  2,174
2014-2015,3,KARNES COUNTY/03,Grade  3,186
2014-2015,3,KARNES COUNTY/03,Grade  4,165
2014-2015,3,KARNES COUNTY/03,Grade  5,156
2014-2015,3,KARNES COUNTY/03,Grade  6,165
2014-2015,3,KARNES COUNTY/03,Grade  7,168
2014-2015,3,KARNES COUNTY/03,Grade  8,156
2014-2015,3,KARNES COUNTY/03,Grade  9,178
2014-2015,3,KARNES COUNTY/03,Grade 10,113
2014-2015,3,KARNES COUNTY/03,Grade 11,124
2014-2015,3,KARNES COUNTY/03,Grade 12,139
2014-2015,20,KARNES COUNTY/20,Early Education,-9999999
2014-2015,20,KARNES COUNTY/20,Kindergarten,23
2014-2015,20,KARNES COUNTY/20,Grade  1,28
2014-2015,20,KARNES COUNTY/20,Grade  2,14
2014-2015,20,KARNES COUNTY/20,Grade  3,33
2014-2015,20,KARNES COUNTY/20,Grade  4,18
2014-2015,20,KARNES COUNTY/20,Grade  5,31
2014-2015,20,KARNES COUNTY/20,Grade  6,30
2014-2015,20,KARNES COUNTY/20,Grade  7,29
2014-2015,20,KARNES COUNTY/20,Grade  8,30
2014-2015,20,KARNES COUNTY/20,Grade  9,28
2014-2015,20,KARNES COUNTY/20,Grade 10,35
2014-2015,20,KARNES COUNTY/20,Grade 11,34
2014-2015,20,KARNES COUNTY/20,Grade 12,26
2014-2015,AL,KARNES COUNTY/ALL,Early Education,-9999999
2014-2015,AL,KARNES COUNTY/ALL,Pre-kindergarten,125
2014-2015,AL,KARNES COUNTY/ALL,Kindergarten,186
2014-2015,AL,KARNES COUNTY/ALL,Grade  1,177
2014-2015,AL,KARNES COUNTY/ALL,Grade  2,188
2014-2015,AL,KARNES COUNTY/ALL,Grade  3,219
2014-2015,AL,KARNES COUNTY/ALL,Grade  4,183
2014-2015,AL,KARNES COUNTY/ALL,Grade  5,187
2014-2015,AL,KARNES COUNTY/ALL,Grade  6,195
2014-2015,AL,KARNES COUNTY/ALL,Grade  7,197
2014-2015,AL,KARNES COUNTY/ALL,Grade  8,186
2014-2015,AL,KARNES COUNTY/ALL,Grade  9,206
2014-2015,AL,KARNES COUNTY/ALL,Grade 10,148
2014-2015,AL,KARNES COUNTY/ALL,Grade 11,158
2014-2015,AL,KARNES COUNTY/ALL,Grade 12,165
2014-2015,10,KAUFMAN COUNTY,Early Education,66
2014-2015,10,KAUFMAN COUNTY,Pre-kindergarten,863
2014-2015,10,KAUFMAN COUNTY,Kindergarten,1915
2014-2015,10,KAUFMAN COUNTY,Grade  1,1982
2014-2015,10,KAUFMAN COUNTY,Grade  2,2022
2014-2015,10,KAUFMAN COUNTY,Grade  3,1978
2014-2015,10,KAUFMAN COUNTY,Grade  4,1914
2014-2015,10,KAUFMAN COUNTY,Grade  5,1886
2014-2015,10,KAUFMAN COUNTY,Grade  6,1961
2014-2015,10,KAUFMAN COUNTY,Grade  7,1975
2014-2015,10,KAUFMAN COUNTY,Grade  8,2099
2014-2015,10,KAUFMAN COUNTY,Grade  9,2151
2014-2015,10,KAUFMAN COUNTY,Grade 10,1939
2014-2015,10,KAUFMAN COUNTY,Grade 11,1796
2014-2015,10,KAUFMAN COUNTY,Grade 12,1653
2014-2015,13,KENDALL COUNTY/13,Early Education,-9999999
2014-2015,13,KENDALL COUNTY/13,Pre-kindergarten,37
2014-2015,13,KENDALL COUNTY/13,Kindergarten,71
2014-2015,13,KENDALL COUNTY/13,Grade  1,86
2014-2015,13,KENDALL COUNTY/13,Grade  2,91
2014-2015,13,KENDALL COUNTY/13,Grade  3,82
2014-2015,13,KENDALL COUNTY/13,Grade  4,90
2014-2015,13,KENDALL COUNTY/13,Grade  5,76
2014-2015,13,KENDALL COUNTY/13,Grade  6,90
2014-2015,13,KENDALL COUNTY/13,Grade  7,89
2014-2015,13,KENDALL COUNTY/13,Grade  8,82
2014-2015,13,KENDALL COUNTY/13,Grade  9,84
2014-2015,13,KENDALL COUNTY/13,Grade 10,87
2014-2015,13,KENDALL COUNTY/13,Grade 11,69
2014-2015,13,KENDALL COUNTY/13,Grade 12,89
2014-2015,20,KENDALL COUNTY/20,Early Education,34
2014-2015,20,KENDALL COUNTY/20,Pre-kindergarten,15
2014-2015,20,KENDALL COUNTY/20,Kindergarten,509
2014-2015,20,KENDALL COUNTY/20,Grade  1,505
2014-2015,20,KENDALL COUNTY/20,Grade  2,516
2014-2015,20,KENDALL COUNTY/20,Grade  3,502
2014-2015,20,KENDALL COUNTY/20,Grade  4,582
2014-2015,20,KENDALL COUNTY/20,Grade  5,604
2014-2015,20,KENDALL COUNTY/20,Grade  6,564
2014-2015,20,KENDALL COUNTY/20,Grade  7,601
2014-2015,20,KENDALL COUNTY/20,Grade  8,631
2014-2015,20,KENDALL COUNTY/20,Grade  9,711
2014-2015,20,KENDALL COUNTY/20,Grade 10,651
2014-2015,20,KENDALL COUNTY/20,Grade 11,615
2014-2015,20,KENDALL COUNTY/20,Grade 12,554
2014-2015,AL,KENDALL COUNTY/ALL,Early Education,37
2014-2015,AL,KENDALL COUNTY/ALL,Pre-kindergarten,52
2014-2015,AL,KENDALL COUNTY/ALL,Kindergarten,580
2014-2015,AL,KENDALL COUNTY/ALL,Grade  1,591
2014-2015,AL,KENDALL COUNTY/ALL,Grade  2,607
2014-2015,AL,KENDALL COUNTY/ALL,Grade  3,584
2014-2015,AL,KENDALL COUNTY/ALL,Grade  4,672
2014-2015,AL,KENDALL COUNTY/ALL,Grade  5,680
2014-2015,AL,KENDALL COUNTY/ALL,Grade  6,654
2014-2015,AL,KENDALL COUNTY/ALL,Grade  7,690
2014-2015,AL,KENDALL COUNTY/ALL,Grade  8,713
2014-2015,AL,KENDALL COUNTY/ALL,Grade  9,795
2014-2015,AL,KENDALL COUNTY/ALL,Grade 10,738
2014-2015,AL,KENDALL COUNTY/ALL,Grade 11,684
2014-2015,AL,KENDALL COUNTY/ALL,Grade 12,643
2014-2015,2,KENEDY COUNTY,Pre-kindergarten,13
2014-2015,2,KENEDY COUNTY,Kindergarten,9
2014-2015,2,KENEDY COUNTY,Grade  1,8
2014-2015,2,KENEDY COUNTY,Grade  2,12
2014-2015,2,KENEDY COUNTY,Grade  3,12
2014-2015,2,KENEDY COUNTY,Grade  4,7
2014-2015,2,KENEDY COUNTY,Grade  5,12
2014-2015,2,KENEDY COUNTY,Grade  6,5
2014-2015,17,KENT COUNTY,Early Education,-9999999
2014-2015,17,KENT COUNTY,Pre-kindergarten,11
2014-2015,17,KENT COUNTY,Kindergarten,8
2014-2015,17,KENT COUNTY,Grade  1,8
2014-2015,17,KENT COUNTY,Grade  2,5
2014-2015,17,KENT COUNTY,Grade  3,6
2014-2015,17,KENT COUNTY,Grade  4,9
2014-2015,17,KENT COUNTY,Grade  5,11
2014-2015,17,KENT COUNTY,Grade  6,7
2014-2015,17,KENT COUNTY,Grade  7,13
2014-2015,17,KENT COUNTY,Grade  8,10
2014-2015,17,KENT COUNTY,Grade  9,13
2014-2015,17,KENT COUNTY,Grade 10,7
2014-2015,17,KENT COUNTY,Grade 11,10
2014-2015,17,KENT COUNTY,Grade 12,8
2014-2015,20,KERR COUNTY,Early Education,30
2014-2015,20,KERR COUNTY,Pre-kindergarten,382
2014-2015,20,KERR COUNTY,Kindergarten,495
2014-2015,20,KERR COUNTY,Grade  1,516
2014-2015,20,KERR COUNTY,Grade  2,504
2014-2015,20,KERR COUNTY,Grade  3,503
2014-2015,20,KERR COUNTY,Grade  4,514
2014-2015,20,KERR COUNTY,Grade  5,502
2014-2015,20,KERR COUNTY,Grade  6,454
2014-2015,20,KERR COUNTY,Grade  7,513
2014-2015,20,KERR COUNTY,Grade  8,519
2014-2015,20,KERR COUNTY,Grade  9,500
2014-2015,20,KERR COUNTY,Grade 10,507
2014-2015,20,KERR COUNTY,Grade 11,475
2014-2015,20,KERR COUNTY,Grade 12,437
2014-2015,15,KIMBLE COUNTY,Early Education,-9999999
2014-2015,15,KIMBLE COUNTY,Pre-kindergarten,36
2014-2015,15,KIMBLE COUNTY,Kindergarten,57
2014-2015,15,KIMBLE COUNTY,Grade  1,47
2014-2015,15,KIMBLE COUNTY,Grade  2,47
2014-2015,15,KIMBLE COUNTY,Grade  3,38
2014-2015,15,KIMBLE COUNTY,Grade  4,49
2014-2015,15,KIMBLE COUNTY,Grade  5,48
2014-2015,15,KIMBLE COUNTY,Grade  6,35
2014-2015,15,KIMBLE COUNTY,Grade  7,43
2014-2015,15,KIMBLE COUNTY,Grade  8,56
2014-2015,15,KIMBLE COUNTY,Grade  9,55
2014-2015,15,KIMBLE COUNTY,Grade 10,52
2014-2015,15,KIMBLE COUNTY,Grade 11,55
2014-2015,15,KIMBLE COUNTY,Grade 12,39
2014-2015,17,KING COUNTY,Pre-kindergarten,-9999999
2014-2015,17,KING COUNTY,Kindergarten,7
2014-2015,17,KING COUNTY,Grade  1,10
2014-2015,17,KING COUNTY,Grade  2,5
2014-2015,17,KING COUNTY,Grade  3,7
2014-2015,17,KING COUNTY,Grade  4,6
2014-2015,17,KING COUNTY,Grade  5,10
2014-2015,17,KING COUNTY,Grade  6,12
2014-2015,17,KING COUNTY,Grade  7,9
2014-2015,17,KING COUNTY,Grade  8,7
2014-2015,17,KING COUNTY,Grade  9,9
2014-2015,17,KING COUNTY,Grade 10,9
2014-2015,17,KING COUNTY,Grade 11,10
2014-2015,17,KING COUNTY,Grade 12,12
2014-2015,20,KINNEY COUNTY,Pre-kindergarten,38
2014-2015,20,KINNEY COUNTY,Kindergarten,38
2014-2015,20,KINNEY COUNTY,Grade  1,50
2014-2015,20,KINNEY COUNTY,Grade  2,41
2014-2015,20,KINNEY COUNTY,Grade  3,52
2014-2015,20,KINNEY COUNTY,Grade  4,36
2014-2015,20,KINNEY COUNTY,Grade  5,47
2014-2015,20,KINNEY COUNTY,Grade  6,43
2014-2015,20,KINNEY COUNTY,Grade  7,52
2014-2015,20,KINNEY COUNTY,Grade  8,41
2014-2015,20,KINNEY COUNTY,Grade  9,59
2014-2015,20,KINNEY COUNTY,Grade 10,54
2014-2015,20,KINNEY COUNTY,Grade 11,42
2014-2015,20,KINNEY COUNTY,Grade 12,48
2014-2015,2,KLEBERG COUNTY,Early Education,14
2014-2015,2,KLEBERG COUNTY,Pre-kindergarten,265
2014-2015,2,KLEBERG COUNTY,Kindergarten,389
2014-2015,2,KLEBERG COUNTY,Grade  1,428
2014-2015,2,KLEBERG COUNTY,Grade  2,399
2014-2015,2,KLEBERG COUNTY,Grade  3,365
2014-2015,2,KLEBERG COUNTY,Grade  4,354
2014-2015,2,KLEBERG COUNTY,Grade  5,356
2014-2015,2,KLEBERG COUNTY,Grade  6,334
2014-2015,2,KLEBERG COUNTY,Grade  7,390
2014-2015,2,KLEBERG COUNTY,Grade  8,389
2014-2015,2,KLEBERG COUNTY,Grade  9,492
2014-2015,2,KLEBERG COUNTY,Grade 10,362
2014-2015,2,KLEBERG COUNTY,Grade 11,326
2014-2015,2,KLEBERG COUNTY,Grade 12,313
2014-2015,9,KNOX COUNTY,Early Education,18
2014-2015,9,KNOX COUNTY,Pre-kindergarten,68
2014-2015,9,KNOX COUNTY,Kindergarten,67
2014-2015,9,KNOX COUNTY,Grade  1,71
2014-2015,9,KNOX COUNTY,Grade  2,67
2014-2015,9,KNOX COUNTY,Grade  3,41
2014-2015,9,KNOX COUNTY,Grade  4,51
2014-2015,9,KNOX COUNTY,Grade  5,48
2014-2015,9,KNOX COUNTY,Grade  6,52
2014-2015,9,KNOX COUNTY,Grade  7,56
2014-2015,9,KNOX COUNTY,Grade  8,59
2014-2015,9,KNOX COUNTY,Grade  9,48
2014-2015,9,KNOX COUNTY,Grade 10,71
2014-2015,9,KNOX COUNTY,Grade 11,50
2014-2015,9,KNOX COUNTY,Grade 12,37
2014-2015,20,LA SALLE COUNTY,Early Education,-9999999
2014-2015,20,LA SALLE COUNTY,Pre-kindergarten,92
2014-2015,20,LA SALLE COUNTY,Kindergarten,113
2014-2015,20,LA SALLE COUNTY,Grade  1,107
2014-2015,20,LA SALLE COUNTY,Grade  2,102
2014-2015,20,LA SALLE COUNTY,Grade  3,100
2014-2015,20,LA SALLE COUNTY,Grade  4,97
2014-2015,20,LA SALLE COUNTY,Grade  5,104
2014-2015,20,LA SALLE COUNTY,Grade  6,95
2014-2015,20,LA SALLE COUNTY,Grade  7,90
2014-2015,20,LA SALLE COUNTY,Grade  8,104
2014-2015,20,LA SALLE COUNTY,Grade  9,110
2014-2015,20,LA SALLE COUNTY,Grade 10,78
2014-2015,20,LA SALLE COUNTY,Grade 11,88
2014-2015,20,LA SALLE COUNTY,Grade 12,72
2014-2015,8,LAMAR COUNTY,Early Education,33
2014-2015,8,LAMAR COUNTY,Pre-kindergarten,453
2014-2015,8,LAMAR COUNTY,Kindergarten,618
2014-2015,8,LAMAR COUNTY,Grade  1,661
2014-2015,8,LAMAR COUNTY,Grade  2,686
2014-2015,8,LAMAR COUNTY,Grade  3,631
2014-2015,8,LAMAR COUNTY,Grade  4,647
2014-2015,8,LAMAR COUNTY,Grade  5,600
2014-2015,8,LAMAR COUNTY,Grade  6,595
2014-2015,8,LAMAR COUNTY,Grade  7,627
2014-2015,8,LAMAR COUNTY,Grade  8,604
2014-2015,8,LAMAR COUNTY,Grade  9,685
2014-2015,8,LAMAR COUNTY,Grade 10,638
2014-2015,8,LAMAR COUNTY,Grade 11,556
2014-2015,8,LAMAR COUNTY,Grade 12,527
2014-2015,17,LAMB COUNTY,Early Education,14
2014-2015,17,LAMB COUNTY,Pre-kindergarten,185
2014-2015,17,LAMB COUNTY,Kindergarten,238
2014-2015,17,LAMB COUNTY,Grade  1,249
2014-2015,17,LAMB COUNTY,Grade  2,217
2014-2015,17,LAMB COUNTY,Grade  3,255
2014-2015,17,LAMB COUNTY,Grade  4,213
2014-2015,17,LAMB COUNTY,Grade  5,217
2014-2015,17,LAMB COUNTY,Grade  6,217
2014-2015,17,LAMB COUNTY,Grade  7,228
2014-2015,17,LAMB COUNTY,Grade  8,222
2014-2015,17,LAMB COUNTY,Grade  9,215
2014-2015,17,LAMB COUNTY,Grade 10,203
2014-2015,17,LAMB COUNTY,Grade 11,182
2014-2015,17,LAMB COUNTY,Grade 12,221
2014-2015,12,LAMPASAS COUNTY,Early Education,15
2014-2015,12,LAMPASAS COUNTY,Pre-kindergarten,112
2014-2015,12,LAMPASAS COUNTY,Kindergarten,234
2014-2015,12,LAMPASAS COUNTY,Grade  1,296
2014-2015,12,LAMPASAS COUNTY,Grade  2,274
2014-2015,12,LAMPASAS COUNTY,Grade  3,259
2014-2015,12,LAMPASAS COUNTY,Grade  4,275
2014-2015,12,LAMPASAS COUNTY,Grade  5,253
2014-2015,12,LAMPASAS COUNTY,Grade  6,283
2014-2015,12,LAMPASAS COUNTY,Grade  7,260
2014-2015,12,LAMPASAS COUNTY,Grade  8,280
2014-2015,12,LAMPASAS COUNTY,Grade  9,293
2014-2015,12,LAMPASAS COUNTY,Grade 10,306
2014-2015,12,LAMPASAS COUNTY,Grade 11,262
2014-2015,12,LAMPASAS COUNTY,Grade 12,236
2014-2015,3,LAVACA COUNTY,Early Education,9
2014-2015,3,LAVACA COUNTY,Pre-kindergarten,122
2014-2015,3,LAVACA COUNTY,Kindergarten,171
2014-2015,3,LAVACA COUNTY,Grade  1,188
2014-2015,3,LAVACA COUNTY,Grade  2,196
2014-2015,3,LAVACA COUNTY,Grade  3,176
2014-2015,3,LAVACA COUNTY,Grade  4,159
2014-2015,3,LAVACA COUNTY,Grade  5,171
2014-2015,3,LAVACA COUNTY,Grade  6,183
2014-2015,3,LAVACA COUNTY,Grade  7,162
2014-2015,3,LAVACA COUNTY,Grade  8,174
2014-2015,3,LAVACA COUNTY,Grade  9,161
2014-2015,3,LAVACA COUNTY,Grade 10,159
2014-2015,3,LAVACA COUNTY,Grade 11,145
2014-2015,3,LAVACA COUNTY,Grade 12,133
2014-2015,13,LEE COUNTY,Early Education,16
2014-2015,13,LEE COUNTY,Pre-kindergarten,101
2014-2015,13,LEE COUNTY,Kindergarten,232
2014-2015,13,LEE COUNTY,Grade  1,255
2014-2015,13,LEE COUNTY,Grade  2,218
2014-2015,13,LEE COUNTY,Grade  3,236
2014-2015,13,LEE COUNTY,Grade  4,205
2014-2015,13,LEE COUNTY,Grade  5,233
2014-2015,13,LEE COUNTY,Grade  6,212
2014-2015,13,LEE COUNTY,Grade  7,216
2014-2015,13,LEE COUNTY,Grade  8,207
2014-2015,13,LEE COUNTY,Grade  9,263
2014-2015,13,LEE COUNTY,Grade 10,243
2014-2015,13,LEE COUNTY,Grade 11,254
2014-2015,13,LEE COUNTY,Grade 12,224
2014-2015,6,LEON COUNTY,Early Education,20
2014-2015,6,LEON COUNTY,Pre-kindergarten,151
2014-2015,6,LEON COUNTY,Kindergarten,242
2014-2015,6,LEON COUNTY,Grade  1,231
2014-2015,6,LEON COUNTY,Grade  2,214
2014-2015,6,LEON COUNTY,Grade  3,220
2014-2015,6,LEON COUNTY,Grade  4,230
2014-2015,6,LEON COUNTY,Grade  5,219
2014-2015,6,LEON COUNTY,Grade  6,202
2014-2015,6,LEON COUNTY,Grade  7,201
2014-2015,6,LEON COUNTY,Grade  8,263
2014-2015,6,LEON COUNTY,Grade  9,230
2014-2015,6,LEON COUNTY,Grade 10,235
2014-2015,6,LEON COUNTY,Grade 11,247
2014-2015,6,LEON COUNTY,Grade 12,214
2014-2015,4,LIBERTY COUNTY/04,Early Education,57
2014-2015,4,LIBERTY COUNTY/04,Pre-kindergarten,510
2014-2015,4,LIBERTY COUNTY/04,Kindergarten,1150
2014-2015,4,LIBERTY COUNTY/04,Grade  1,1163
2014-2015,4,LIBERTY COUNTY/04,Grade  2,1170
2014-2015,4,LIBERTY COUNTY/04,Grade  3,1081
2014-2015,4,LIBERTY COUNTY/04,Grade  4,1087
2014-2015,4,LIBERTY COUNTY/04,Grade  5,1106
2014-2015,4,LIBERTY COUNTY/04,Grade  6,1050
2014-2015,4,LIBERTY COUNTY/04,Grade  7,1097
2014-2015,4,LIBERTY COUNTY/04,Grade  8,1112
2014-2015,4,LIBERTY COUNTY/04,Grade  9,1192
2014-2015,4,LIBERTY COUNTY/04,Grade 10,1039
2014-2015,4,LIBERTY COUNTY/04,Grade 11,948
2014-2015,4,LIBERTY COUNTY/04,Grade 12,764
2014-2015,5,LIBERTY COUNTY/05,Early Education,-9999999
2014-2015,5,LIBERTY COUNTY/05,Pre-kindergarten,31
2014-2015,5,LIBERTY COUNTY/05,Kindergarten,32
2014-2015,5,LIBERTY COUNTY/05,Grade  1,33
2014-2015,5,LIBERTY COUNTY/05,Grade  2,25
2014-2015,5,LIBERTY COUNTY/05,Grade  3,38
2014-2015,5,LIBERTY COUNTY/05,Grade  4,34
2014-2015,5,LIBERTY COUNTY/05,Grade  5,25
2014-2015,5,LIBERTY COUNTY/05,Grade  6,35
2014-2015,5,LIBERTY COUNTY/05,Grade  7,38
2014-2015,5,LIBERTY COUNTY/05,Grade  8,35
2014-2015,5,LIBERTY COUNTY/05,Grade  9,41
2014-2015,5,LIBERTY COUNTY/05,Grade 10,44
2014-2015,5,LIBERTY COUNTY/05,Grade 11,36
2014-2015,5,LIBERTY COUNTY/05,Grade 12,43
2014-2015,AL,LIBERTY COUNTY/ALL,Early Education,58
2014-2015,AL,LIBERTY COUNTY/ALL,Pre-kindergarten,541
2014-2015,AL,LIBERTY COUNTY/ALL,Kindergarten,1182
2014-2015,AL,LIBERTY COUNTY/ALL,Grade  1,1196
2014-2015,AL,LIBERTY COUNTY/ALL,Grade  2,1195
2014-2015,AL,LIBERTY COUNTY/ALL,Grade  3,1119
2014-2015,AL,LIBERTY COUNTY/ALL,Grade  4,1121
2014-2015,AL,LIBERTY COUNTY/ALL,Grade  5,1131
2014-2015,AL,LIBERTY COUNTY/ALL,Grade  6,1085
2014-2015,AL,LIBERTY COUNTY/ALL,Grade  7,1135
2014-2015,AL,LIBERTY COUNTY/ALL,Grade  8,1147
2014-2015,AL,LIBERTY COUNTY/ALL,Grade  9,1233
2014-2015,AL,LIBERTY COUNTY/ALL,Grade 10,1083
2014-2015,AL,LIBERTY COUNTY/ALL,Grade 11,984
2014-2015,AL,LIBERTY COUNTY/ALL,Grade 12,807
2014-2015,12,LIMESTONE COUNTY,Early Education,16
2014-2015,12,LIMESTONE COUNTY,Pre-kindergarten,321
2014-2015,12,LIMESTONE COUNTY,Kindergarten,335
2014-2015,12,LIMESTONE COUNTY,Grade  1,314
2014-2015,12,LIMESTONE COUNTY,Grade  2,315
2014-2015,12,LIMESTONE COUNTY,Grade  3,307
2014-2015,12,LIMESTONE COUNTY,Grade  4,297
2014-2015,12,LIMESTONE COUNTY,Grade  5,264
2014-2015,12,LIMESTONE COUNTY,Grade  6,291
2014-2015,12,LIMESTONE COUNTY,Grade  7,287
2014-2015,12,LIMESTONE COUNTY,Grade  8,291
2014-2015,12,LIMESTONE COUNTY,Grade  9,302
2014-2015,12,LIMESTONE COUNTY,Grade 10,279
2014-2015,12,LIMESTONE COUNTY,Grade 11,276
2014-2015,12,LIMESTONE COUNTY,Grade 12,244
2014-2015,16,LIPSCOMB COUNTY,Early Education,-9999999
2014-2015,16,LIPSCOMB COUNTY,Pre-kindergarten,69
2014-2015,16,LIPSCOMB COUNTY,Kindergarten,64
2014-2015,16,LIPSCOMB COUNTY,Grade  1,66
2014-2015,16,LIPSCOMB COUNTY,Grade  2,71
2014-2015,16,LIPSCOMB COUNTY,Grade  3,57
2014-2015,16,LIPSCOMB COUNTY,Grade  4,73
2014-2015,16,LIPSCOMB COUNTY,Grade  5,74
2014-2015,16,LIPSCOMB COUNTY,Grade  6,48
2014-2015,16,LIPSCOMB COUNTY,Grade  7,60
2014-2015,16,LIPSCOMB COUNTY,Grade  8,54
2014-2015,16,LIPSCOMB COUNTY,Grade  9,71
2014-2015,16,LIPSCOMB COUNTY,Grade 10,52
2014-2015,16,LIPSCOMB COUNTY,Grade 11,58
2014-2015,16,LIPSCOMB COUNTY,Grade 12,57
2014-2015,2,LIVE OAK COUNTY,Early Education,8
2014-2015,2,LIVE OAK COUNTY,Pre-kindergarten,44
2014-2015,2,LIVE OAK COUNTY,Kindergarten,151
2014-2015,2,LIVE OAK COUNTY,Grade  1,158
2014-2015,2,LIVE OAK COUNTY,Grade  2,141
2014-2015,2,LIVE OAK COUNTY,Grade  3,123
2014-2015,2,LIVE OAK COUNTY,Grade  4,126
2014-2015,2,LIVE OAK COUNTY,Grade  5,136
2014-2015,2,LIVE OAK COUNTY,Grade  6,137
2014-2015,2,LIVE OAK COUNTY,Grade  7,152
2014-2015,2,LIVE OAK COUNTY,Grade  8,147
2014-2015,2,LIVE OAK COUNTY,Grade  9,159
2014-2015,2,LIVE OAK COUNTY,Grade 10,134
2014-2015,2,LIVE OAK COUNTY,Grade 11,122
2014-2015,2,LIVE OAK COUNTY,Grade 12,112
2014-2015,13,LLANO COUNTY,Early Education,10
2014-2015,13,LLANO COUNTY,Pre-kindergarten,61
2014-2015,13,LLANO COUNTY,Kindergarten,140
2014-2015,13,LLANO COUNTY,Grade  1,156
2014-2015,13,LLANO COUNTY,Grade  2,136
2014-2015,13,LLANO COUNTY,Grade  3,132
2014-2015,13,LLANO COUNTY,Grade  4,145
2014-2015,13,LLANO COUNTY,Grade  5,128
2014-2015,13,LLANO COUNTY,Grade  6,123
2014-2015,13,LLANO COUNTY,Grade  7,148
2014-2015,13,LLANO COUNTY,Grade  8,141
2014-2015,13,LLANO COUNTY,Grade  9,147
2014-2015,13,LLANO COUNTY,Grade 10,108
2014-2015,13,LLANO COUNTY,Grade 11,107
2014-2015,13,LLANO COUNTY,Grade 12,115
2014-2015,17,LUBBOCK COUNTY,Early Education,230
2014-2015,17,LUBBOCK COUNTY,Pre-kindergarten,2140
2014-2015,17,LUBBOCK COUNTY,Kindergarten,4063
2014-2015,17,LUBBOCK COUNTY,Grade  1,4292
2014-2015,17,LUBBOCK COUNTY,Grade  2,4267
2014-2015,17,LUBBOCK COUNTY,Grade  3,3729
2014-2015,17,LUBBOCK COUNTY,Grade  4,3760
2014-2015,17,LUBBOCK COUNTY,Grade  5,3660
2014-2015,17,LUBBOCK COUNTY,Grade  6,3616
2014-2015,17,LUBBOCK COUNTY,Grade  7,3498
2014-2015,17,LUBBOCK COUNTY,Grade  8,3548
2014-2015,17,LUBBOCK COUNTY,Grade  9,3596
2014-2015,17,LUBBOCK COUNTY,Grade 10,3255
2014-2015,17,LUBBOCK COUNTY,Grade 11,3069
2014-2015,17,LUBBOCK COUNTY,Grade 12,2887
2014-2015,17,LYNN COUNTY,Early Education,-9999999
2014-2015,17,LYNN COUNTY,Pre-kindergarten,94
2014-2015,17,LYNN COUNTY,Kindergarten,116
2014-2015,17,LYNN COUNTY,Grade  1,112
2014-2015,17,LYNN COUNTY,Grade  2,135
2014-2015,17,LYNN COUNTY,Grade  3,105
2014-2015,17,LYNN COUNTY,Grade  4,99
2014-2015,17,LYNN COUNTY,Grade  5,94
2014-2015,17,LYNN COUNTY,Grade  6,109
2014-2015,17,LYNN COUNTY,Grade  7,86
2014-2015,17,LYNN COUNTY,Grade  8,83
2014-2015,17,LYNN COUNTY,Grade  9,82
2014-2015,17,LYNN COUNTY,Grade 10,94
2014-2015,17,LYNN COUNTY,Grade 11,79
2014-2015,17,LYNN COUNTY,Grade 12,84
2014-2015,6,MADISON COUNTY,Early Education,-9999999
2014-2015,6,MADISON COUNTY,Pre-kindergarten,187
2014-2015,6,MADISON COUNTY,Kindergarten,216
2014-2015,6,MADISON COUNTY,Grade  1,219
2014-2015,6,MADISON COUNTY,Grade  2,193
2014-2015,6,MADISON COUNTY,Grade  3,186
2014-2015,6,MADISON COUNTY,Grade  4,187
2014-2015,6,MADISON COUNTY,Grade  5,169
2014-2015,6,MADISON COUNTY,Grade  6,192
2014-2015,6,MADISON COUNTY,Grade  7,191
2014-2015,6,MADISON COUNTY,Grade  8,218
2014-2015,6,MADISON COUNTY,Grade  9,206
2014-2015,6,MADISON COUNTY,Grade 10,180
2014-2015,6,MADISON COUNTY,Grade 11,187
2014-2015,6,MADISON COUNTY,Grade 12,146
2014-2015,8,MARION COUNTY,Early Education,-9999999
2014-2015,8,MARION COUNTY,Pre-kindergarten,77
2014-2015,8,MARION COUNTY,Kindergarten,88
2014-2015,8,MARION COUNTY,Grade  1,94
2014-2015,8,MARION COUNTY,Grade  2,90
2014-2015,8,MARION COUNTY,Grade  3,76
2014-2015,8,MARION COUNTY,Grade  4,89
2014-2015,8,MARION COUNTY,Grade  5,88
2014-2015,8,MARION COUNTY,Grade  6,89
2014-2015,8,MARION COUNTY,Grade  7,85
2014-2015,8,MARION COUNTY,Grade  8,71
2014-2015,8,MARION COUNTY,Grade  9,72
2014-2015,8,MARION COUNTY,Grade 10,91
2014-2015,8,MARION COUNTY,Grade 11,77
2014-2015,8,MARION COUNTY,Grade 12,69
2014-2015,18,MARTIN COUNTY,Early Education,-9999999
2014-2015,18,MARTIN COUNTY,Pre-kindergarten,29
2014-2015,18,MARTIN COUNTY,Kindergarten,119
2014-2015,18,MARTIN COUNTY,Grade  1,119
2014-2015,18,MARTIN COUNTY,Grade  2,85
2014-2015,18,MARTIN COUNTY,Grade  3,88
2014-2015,18,MARTIN COUNTY,Grade  4,98
2014-2015,18,MARTIN COUNTY,Grade  5,87
2014-2015,18,MARTIN COUNTY,Grade  6,87
2014-2015,18,MARTIN COUNTY,Grade  7,89
2014-2015,18,MARTIN COUNTY,Grade  8,96
2014-2015,18,MARTIN COUNTY,Grade  9,85
2014-2015,18,MARTIN COUNTY,Grade 10,76
2014-2015,18,MARTIN COUNTY,Grade 11,62
2014-2015,18,MARTIN COUNTY,Grade 12,74
2014-2015,15,MASON COUNTY,Early Education,-9999999
2014-2015,15,MASON COUNTY,Pre-kindergarten,23
2014-2015,15,MASON COUNTY,Kindergarten,45
2014-2015,15,MASON COUNTY,Grade  1,53
2014-2015,15,MASON COUNTY,Grade  2,42
2014-2015,15,MASON COUNTY,Grade  3,52
2014-2015,15,MASON COUNTY,Grade  4,52
2014-2015,15,MASON COUNTY,Grade  5,52
2014-2015,15,MASON COUNTY,Grade  6,42
2014-2015,15,MASON COUNTY,Grade  7,40
2014-2015,15,MASON COUNTY,Grade  8,50
2014-2015,15,MASON COUNTY,Grade  9,58
2014-2015,15,MASON COUNTY,Grade 10,54
2014-2015,15,MASON COUNTY,Grade 11,45
2014-2015,15,MASON COUNTY,Grade 12,45
2014-2015,3,MATAGORDA COUNTY,Early Education,22
2014-2015,3,MATAGORDA COUNTY,Pre-kindergarten,317
2014-2015,3,MATAGORDA COUNTY,Kindergarten,537
2014-2015,3,MATAGORDA COUNTY,Grade  1,616
2014-2015,3,MATAGORDA COUNTY,Grade  2,571
2014-2015,3,MATAGORDA COUNTY,Grade  3,503
2014-2015,3,MATAGORDA COUNTY,Grade  4,538
2014-2015,3,MATAGORDA COUNTY,Grade  5,481
2014-2015,3,MATAGORDA COUNTY,Grade  6,540
2014-2015,3,MATAGORDA COUNTY,Grade  7,509
2014-2015,3,MATAGORDA COUNTY,Grade  8,542
2014-2015,3,MATAGORDA COUNTY,Grade  9,547
2014-2015,3,MATAGORDA COUNTY,Grade 10,502
2014-2015,3,MATAGORDA COUNTY,Grade 11,471
2014-2015,3,MATAGORDA COUNTY,Grade 12,425
2014-2015,20,MAVERICK COUNTY,Early Education,81
2014-2015,20,MAVERICK COUNTY,Pre-kindergarten,558
2014-2015,20,MAVERICK COUNTY,Kindergarten,1062
2014-2015,20,MAVERICK COUNTY,Grade  1,1200
2014-2015,20,MAVERICK COUNTY,Grade  2,1158
2014-2015,20,MAVERICK COUNTY,Grade  3,1083
2014-2015,20,MAVERICK COUNTY,Grade  4,1098
2014-2015,20,MAVERICK COUNTY,Grade  5,1106
2014-2015,20,MAVERICK COUNTY,Grade  6,1047
2014-2015,20,MAVERICK COUNTY,Grade  7,1182
2014-2015,20,MAVERICK COUNTY,Grade  8,1214
2014-2015,20,MAVERICK COUNTY,Grade  9,1290
2014-2015,20,MAVERICK COUNTY,Grade 10,1159
2014-2015,20,MAVERICK COUNTY,Grade 11,983
2014-2015,20,MAVERICK COUNTY,Grade 12,855
2014-2015,15,MCCULLOCH COUNTY,Early Education,10
2014-2015,15,MCCULLOCH COUNTY,Pre-kindergarten,70
2014-2015,15,MCCULLOCH COUNTY,Kindergarten,110
2014-2015,15,MCCULLOCH COUNTY,Grade  1,110
2014-2015,15,MCCULLOCH COUNTY,Grade  2,121
2014-2015,15,MCCULLOCH COUNTY,Grade  3,111
2014-2015,15,MCCULLOCH COUNTY,Grade  4,112
2014-2015,15,MCCULLOCH COUNTY,Grade  5,108
2014-2015,15,MCCULLOCH COUNTY,Grade  6,116
2014-2015,15,MCCULLOCH COUNTY,Grade  7,121
2014-2015,15,MCCULLOCH COUNTY,Grade  8,103
2014-2015,15,MCCULLOCH COUNTY,Grade  9,122
2014-2015,15,MCCULLOCH COUNTY,Grade 10,140
2014-2015,15,MCCULLOCH COUNTY,Grade 11,121
2014-2015,15,MCCULLOCH COUNTY,Grade 12,98
2014-2015,12,MCLENNAN COUNTY,Early Education,138
2014-2015,12,MCLENNAN COUNTY,Pre-kindergarten,1915
2014-2015,12,MCLENNAN COUNTY,Kindergarten,3993
2014-2015,12,MCLENNAN COUNTY,Grade  1,4108
2014-2015,12,MCLENNAN COUNTY,Grade  2,4119
2014-2015,12,MCLENNAN COUNTY,Grade  3,4078
2014-2015,12,MCLENNAN COUNTY,Grade  4,3961
2014-2015,12,MCLENNAN COUNTY,Grade  5,3901
2014-2015,12,MCLENNAN COUNTY,Grade  6,4123
2014-2015,12,MCLENNAN COUNTY,Grade  7,3914
2014-2015,12,MCLENNAN COUNTY,Grade  8,3940
2014-2015,12,MCLENNAN COUNTY,Grade  9,3934
2014-2015,12,MCLENNAN COUNTY,Grade 10,3620
2014-2015,12,MCLENNAN COUNTY,Grade 11,3160
2014-2015,12,MCLENNAN COUNTY,Grade 12,2831
2014-2015,2,MCMULLEN COUNTY,Early Education,-9999999
2014-2015,2,MCMULLEN COUNTY,Pre-kindergarten,13
2014-2015,2,MCMULLEN COUNTY,Kindergarten,18
2014-2015,2,MCMULLEN COUNTY,Grade  1,22
2014-2015,2,MCMULLEN COUNTY,Grade  2,15
2014-2015,2,MCMULLEN COUNTY,Grade  3,17
2014-2015,2,MCMULLEN COUNTY,Grade  4,27
2014-2015,2,MCMULLEN COUNTY,Grade  5,21
2014-2015,2,MCMULLEN COUNTY,Grade  6,14
2014-2015,2,MCMULLEN COUNTY,Grade  7,17
2014-2015,2,MCMULLEN COUNTY,Grade  8,18
2014-2015,2,MCMULLEN COUNTY,Grade  9,20
2014-2015,2,MCMULLEN COUNTY,Grade 10,20
2014-2015,2,MCMULLEN COUNTY,Grade 11,25
2014-2015,2,MCMULLEN COUNTY,Grade 12,16
2014-2015,20,MEDINA COUNTY,Early Education,25
2014-2015,20,MEDINA COUNTY,Pre-kindergarten,411
2014-2015,20,MEDINA COUNTY,Kindergarten,722
2014-2015,20,MEDINA COUNTY,Grade  1,768
2014-2015,20,MEDINA COUNTY,Grade  2,694
2014-2015,20,MEDINA COUNTY,Grade  3,784
2014-2015,20,MEDINA COUNTY,Grade  4,730
2014-2015,20,MEDINA COUNTY,Grade  5,714
2014-2015,20,MEDINA COUNTY,Grade  6,738
2014-2015,20,MEDINA COUNTY,Grade  7,718
2014-2015,20,MEDINA COUNTY,Grade  8,743
2014-2015,20,MEDINA COUNTY,Grade  9,828
2014-2015,20,MEDINA COUNTY,Grade 10,714
2014-2015,20,MEDINA COUNTY,Grade 11,638
2014-2015,20,MEDINA COUNTY,Grade 12,562
2014-2015,15,MENARD COUNTY,Early Education,-9999999
2014-2015,15,MENARD COUNTY,Pre-kindergarten,16
2014-2015,15,MENARD COUNTY,Kindergarten,21
2014-2015,15,MENARD COUNTY,Grade  1,30
2014-2015,15,MENARD COUNTY,Grade  2,18
2014-2015,15,MENARD COUNTY,Grade  3,25
2014-2015,15,MENARD COUNTY,Grade  4,22
2014-2015,15,MENARD COUNTY,Grade  5,19
2014-2015,15,MENARD COUNTY,Grade  6,19
2014-2015,15,MENARD COUNTY,Grade  7,24
2014-2015,15,MENARD COUNTY,Grade  8,22
2014-2015,15,MENARD COUNTY,Grade  9,24
2014-2015,15,MENARD COUNTY,Grade 10,26
2014-2015,15,MENARD COUNTY,Grade 11,16
2014-2015,15,MENARD COUNTY,Grade 12,22
2014-2015,18,MIDLAND COUNTY,Early Education,129
2014-2015,18,MIDLAND COUNTY,Pre-kindergarten,735
2014-2015,18,MIDLAND COUNTY,Kindergarten,2269
2014-2015,18,MIDLAND COUNTY,Grade  1,2336
2014-2015,18,MIDLAND COUNTY,Grade  2,2340
2014-2015,18,MIDLAND COUNTY,Grade  3,2127
2014-2015,18,MIDLAND COUNTY,Grade  4,2078
2014-2015,18,MIDLAND COUNTY,Grade  5,2053
2014-2015,18,MIDLAND COUNTY,Grade  6,1986
2014-2015,18,MIDLAND COUNTY,Grade  7,1935
2014-2015,18,MIDLAND COUNTY,Grade  8,2034
2014-2015,18,MIDLAND COUNTY,Grade  9,2088
2014-2015,18,MIDLAND COUNTY,Grade 10,1855
2014-2015,18,MIDLAND COUNTY,Grade 11,1613
2014-2015,18,MIDLAND COUNTY,Grade 12,1388
2014-2015,6,MILAM COUNTY/06,Early Education,-9999999
2014-2015,6,MILAM COUNTY/06,Pre-kindergarten,254
2014-2015,6,MILAM COUNTY/06,Kindergarten,293
2014-2015,6,MILAM COUNTY/06,Grade  1,343
2014-2015,6,MILAM COUNTY/06,Grade  2,329
2014-2015,6,MILAM COUNTY/06,Grade  3,270
2014-2015,6,MILAM COUNTY/06,Grade  4,324
2014-2015,6,MILAM COUNTY/06,Grade  5,295
2014-2015,6,MILAM COUNTY/06,Grade  6,322
2014-2015,6,MILAM COUNTY/06,Grade  7,273
2014-2015,6,MILAM COUNTY/06,Grade  8,314
2014-2015,6,MILAM COUNTY/06,Grade  9,313
2014-2015,6,MILAM COUNTY/06,Grade 10,257
2014-2015,6,MILAM COUNTY/06,Grade 11,242
2014-2015,6,MILAM COUNTY/06,Grade 12,257
2014-2015,13,MILAM COUNTY/13,Early Education,-9999999
2014-2015,13,MILAM COUNTY/13,Pre-kindergarten,18
2014-2015,13,MILAM COUNTY/13,Kindergarten,36
2014-2015,13,MILAM COUNTY/13,Grade  1,34
2014-2015,13,MILAM COUNTY/13,Grade  2,42
2014-2015,13,MILAM COUNTY/13,Grade  3,36
2014-2015,13,MILAM COUNTY/13,Grade  4,46
2014-2015,13,MILAM COUNTY/13,Grade  5,50
2014-2015,13,MILAM COUNTY/13,Grade  6,44
2014-2015,13,MILAM COUNTY/13,Grade  7,46
2014-2015,13,MILAM COUNTY/13,Grade  8,54
2014-2015,13,MILAM COUNTY/13,Grade  9,68
2014-2015,13,MILAM COUNTY/13,Grade 10,34
2014-2015,13,MILAM COUNTY/13,Grade 11,49
2014-2015,13,MILAM COUNTY/13,Grade 12,46
2014-2015,AL,MILAM COUNTY/ALL,Early Education,-9999999
2014-2015,AL,MILAM COUNTY/ALL,Pre-kindergarten,272
2014-2015,AL,MILAM COUNTY/ALL,Kindergarten,329
2014-2015,AL,MILAM COUNTY/ALL,Grade  1,377
2014-2015,AL,MILAM COUNTY/ALL,Grade  2,371
2014-2015,AL,MILAM COUNTY/ALL,Grade  3,306
2014-2015,AL,MILAM COUNTY/ALL,Grade  4,370
2014-2015,AL,MILAM COUNTY/ALL,Grade  5,345
2014-2015,AL,MILAM COUNTY/ALL,Grade  6,366
2014-2015,AL,MILAM COUNTY/ALL,Grade  7,319
2014-2015,AL,MILAM COUNTY/ALL,Grade  8,368
2014-2015,AL,MILAM COUNTY/ALL,Grade  9,381
2014-2015,AL,MILAM COUNTY/ALL,Grade 10,291
2014-2015,AL,MILAM COUNTY/ALL,Grade 11,291
2014-2015,AL,MILAM COUNTY/ALL,Grade 12,303
2014-2015,12,MILLS COUNTY,Early Education,5
2014-2015,12,MILLS COUNTY,Pre-kindergarten,32
2014-2015,12,MILLS COUNTY,Kindergarten,55
2014-2015,12,MILLS COUNTY,Grade  1,55
2014-2015,12,MILLS COUNTY,Grade  2,66
2014-2015,12,MILLS COUNTY,Grade  3,59
2014-2015,12,MILLS COUNTY,Grade  4,63
2014-2015,12,MILLS COUNTY,Grade  5,63
2014-2015,12,MILLS COUNTY,Grade  6,46
2014-2015,12,MILLS COUNTY,Grade  7,73
2014-2015,12,MILLS COUNTY,Grade  8,63
2014-2015,12,MILLS COUNTY,Grade  9,87
2014-2015,12,MILLS COUNTY,Grade 10,77
2014-2015,12,MILLS COUNTY,Grade 11,113
2014-2015,12,MILLS COUNTY,Grade 12,116
2014-2015,14,MITCHELL COUNTY,Early Education,-9999999
2014-2015,14,MITCHELL COUNTY,Pre-kindergarten,112
2014-2015,14,MITCHELL COUNTY,Kindergarten,126
2014-2015,14,MITCHELL COUNTY,Grade  1,119
2014-2015,14,MITCHELL COUNTY,Grade  2,113
2014-2015,14,MITCHELL COUNTY,Grade  3,106
2014-2015,14,MITCHELL COUNTY,Grade  4,88
2014-2015,14,MITCHELL COUNTY,Grade  5,115
2014-2015,14,MITCHELL COUNTY,Grade  6,101
2014-2015,14,MITCHELL COUNTY,Grade  7,87
2014-2015,14,MITCHELL COUNTY,Grade  8,106
2014-2015,14,MITCHELL COUNTY,Grade  9,123
2014-2015,14,MITCHELL COUNTY,Grade 10,103
2014-2015,14,MITCHELL COUNTY,Grade 11,118
2014-2015,14,MITCHELL COUNTY,Grade 12,75
2014-2015,9,MONTAGUE COUNTY,Early Education,-9999999
2014-2015,9,MONTAGUE COUNTY,Pre-kindergarten,197
2014-2015,9,MONTAGUE COUNTY,Kindergarten,254
2014-2015,9,MONTAGUE COUNTY,Grade  1,260
2014-2015,9,MONTAGUE COUNTY,Grade  2,258
2014-2015,9,MONTAGUE COUNTY,Grade  3,230
2014-2015,9,MONTAGUE COUNTY,Grade  4,241
2014-2015,9,MONTAGUE COUNTY,Grade  5,257
2014-2015,9,MONTAGUE COUNTY,Grade  6,245
2014-2015,9,MONTAGUE COUNTY,Grade  7,251
2014-2015,9,MONTAGUE COUNTY,Grade  8,245
2014-2015,9,MONTAGUE COUNTY,Grade  9,272
2014-2015,9,MONTAGUE COUNTY,Grade 10,222
2014-2015,9,MONTAGUE COUNTY,Grade 11,218
2014-2015,9,MONTAGUE COUNTY,Grade 12,212
2014-2015,6,MONTGOMERY COUNTY,Early Education,394
2014-2015,6,MONTGOMERY COUNTY,Pre-kindergarten,2580
2014-2015,6,MONTGOMERY COUNTY,Kindergarten,7334
2014-2015,6,MONTGOMERY COUNTY,Grade  1,7798
2014-2015,6,MONTGOMERY COUNTY,Grade  2,7751
2014-2015,6,MONTGOMERY COUNTY,Grade  3,7702
2014-2015,6,MONTGOMERY COUNTY,Grade  4,7681
2014-2015,6,MONTGOMERY COUNTY,Grade  5,7663
2014-2015,6,MONTGOMERY COUNTY,Grade  6,7637
2014-2015,6,MONTGOMERY COUNTY,Grade  7,7800
2014-2015,6,MONTGOMERY COUNTY,Grade  8,7769
2014-2015,6,MONTGOMERY COUNTY,Grade  9,8274
2014-2015,6,MONTGOMERY COUNTY,Grade 10,7636
2014-2015,6,MONTGOMERY COUNTY,Grade 11,6622
2014-2015,6,MONTGOMERY COUNTY,Grade 12,6047
2014-2015,16,MOORE COUNTY,Early Education,12
2014-2015,16,MOORE COUNTY,Pre-kindergarten,250
2014-2015,16,MOORE COUNTY,Kindergarten,413
2014-2015,16,MOORE COUNTY,Grade  1,407
2014-2015,16,MOORE COUNTY,Grade  2,436
2014-2015,16,MOORE COUNTY,Grade  3,367
2014-2015,16,MOORE COUNTY,Grade  4,411
2014-2015,16,MOORE COUNTY,Grade  5,389
2014-2015,16,MOORE COUNTY,Grade  6,359
2014-2015,16,MOORE COUNTY,Grade  7,354
2014-2015,16,MOORE COUNTY,Grade  8,359
2014-2015,16,MOORE COUNTY,Grade  9,358
2014-2015,16,MOORE COUNTY,Grade 10,370
2014-2015,16,MOORE COUNTY,Grade 11,325
2014-2015,16,MOORE COUNTY,Grade 12,282
2014-2015,8,MORRIS COUNTY,Early Education,16
2014-2015,8,MORRIS COUNTY,Pre-kindergarten,116
2014-2015,8,MORRIS COUNTY,Kindergarten,150
2014-2015,8,MORRIS COUNTY,Grade  1,172
2014-2015,8,MORRIS COUNTY,Grade  2,155
2014-2015,8,MORRIS COUNTY,Grade  3,152
2014-2015,8,MORRIS COUNTY,Grade  4,139
2014-2015,8,MORRIS COUNTY,Grade  5,144
2014-2015,8,MORRIS COUNTY,Grade  6,165
2014-2015,8,MORRIS COUNTY,Grade  7,126
2014-2015,8,MORRIS COUNTY,Grade  8,154
2014-2015,8,MORRIS COUNTY,Grade  9,142
2014-2015,8,MORRIS COUNTY,Grade 10,159
2014-2015,8,MORRIS COUNTY,Grade 11,158
2014-2015,8,MORRIS COUNTY,Grade 12,132
2014-2015,17,MOTLEY COUNTY,Pre-kindergarten,9
2014-2015,17,MOTLEY COUNTY,Kindergarten,11
2014-2015,17,MOTLEY COUNTY,Grade  1,12
2014-2015,17,MOTLEY COUNTY,Grade  2,14
2014-2015,17,MOTLEY COUNTY,Grade  3,14
2014-2015,17,MOTLEY COUNTY,Grade  4,11
2014-2015,17,MOTLEY COUNTY,Grade  5,10
2014-2015,17,MOTLEY COUNTY,Grade  6,13
2014-2015,17,MOTLEY COUNTY,Grade  7,9
2014-2015,17,MOTLEY COUNTY,Grade  8,14
2014-2015,17,MOTLEY COUNTY,Grade  9,12
2014-2015,17,MOTLEY COUNTY,Grade 10,8
2014-2015,17,MOTLEY COUNTY,Grade 11,13
2014-2015,17,MOTLEY COUNTY,Grade 12,17
2014-2015,7,NACOGDOCHES COUNTY,Early Education,24
2014-2015,7,NACOGDOCHES COUNTY,Pre-kindergarten,615
2014-2015,7,NACOGDOCHES COUNTY,Kindergarten,890
2014-2015,7,NACOGDOCHES COUNTY,Grade  1,947
2014-2015,7,NACOGDOCHES COUNTY,Grade  2,865
2014-2015,7,NACOGDOCHES COUNTY,Grade  3,813
2014-2015,7,NACOGDOCHES COUNTY,Grade  4,852
2014-2015,7,NACOGDOCHES COUNTY,Grade  5,787
2014-2015,7,NACOGDOCHES COUNTY,Grade  6,806
2014-2015,7,NACOGDOCHES COUNTY,Grade  7,806
2014-2015,7,NACOGDOCHES COUNTY,Grade  8,812
2014-2015,7,NACOGDOCHES COUNTY,Grade  9,825
2014-2015,7,NACOGDOCHES COUNTY,Grade 10,745
2014-2015,7,NACOGDOCHES COUNTY,Grade 11,723
2014-2015,7,NACOGDOCHES COUNTY,Grade 12,678
2014-2015,12,NAVARRO COUNTY,Early Education,24
2014-2015,12,NAVARRO COUNTY,Pre-kindergarten,391
2014-2015,12,NAVARRO COUNTY,Kindergarten,719
2014-2015,12,NAVARRO COUNTY,Grade  1,774
2014-2015,12,NAVARRO COUNTY,Grade  2,800
2014-2015,12,NAVARRO COUNTY,Grade  3,730
2014-2015,12,NAVARRO COUNTY,Grade  4,719
2014-2015,12,NAVARRO COUNTY,Grade  5,728
2014-2015,12,NAVARRO COUNTY,Grade  6,735
2014-2015,12,NAVARRO COUNTY,Grade  7,698
2014-2015,12,NAVARRO COUNTY,Grade  8,779
2014-2015,12,NAVARRO COUNTY,Grade  9,784
2014-2015,12,NAVARRO COUNTY,Grade 10,689
2014-2015,12,NAVARRO COUNTY,Grade 11,683
2014-2015,12,NAVARRO COUNTY,Grade 12,613
2014-2015,5,NEWTON COUNTY,Early Education,7
2014-2015,5,NEWTON COUNTY,Pre-kindergarten,82
2014-2015,5,NEWTON COUNTY,Kindergarten,152
2014-2015,5,NEWTON COUNTY,Grade  1,141
2014-2015,5,NEWTON COUNTY,Grade  2,145
2014-2015,5,NEWTON COUNTY,Grade  3,135
2014-2015,5,NEWTON COUNTY,Grade  4,135
2014-2015,5,NEWTON COUNTY,Grade  5,133
2014-2015,5,NEWTON COUNTY,Grade  6,124
2014-2015,5,NEWTON COUNTY,Grade  7,149
2014-2015,5,NEWTON COUNTY,Grade  8,173
2014-2015,5,NEWTON COUNTY,Grade  9,138
2014-2015,5,NEWTON COUNTY,Grade 10,153
2014-2015,5,NEWTON COUNTY,Grade 11,150
2014-2015,5,NEWTON COUNTY,Grade 12,138
2014-2015,14,NOLAN COUNTY,Early Education,60
2014-2015,14,NOLAN COUNTY,Pre-kindergarten,221
2014-2015,14,NOLAN COUNTY,Kindergarten,219
2014-2015,14,NOLAN COUNTY,Grade  1,251
2014-2015,14,NOLAN COUNTY,Grade  2,257
2014-2015,14,NOLAN COUNTY,Grade  3,244
2014-2015,14,NOLAN COUNTY,Grade  4,243
2014-2015,14,NOLAN COUNTY,Grade  5,242
2014-2015,14,NOLAN COUNTY,Grade  6,226
2014-2015,14,NOLAN COUNTY,Grade  7,219
2014-2015,14,NOLAN COUNTY,Grade  8,252
2014-2015,14,NOLAN COUNTY,Grade  9,188
2014-2015,14,NOLAN COUNTY,Grade 10,213
2014-2015,14,NOLAN COUNTY,Grade 11,182
2014-2015,14,NOLAN COUNTY,Grade 12,144
2014-2015,2,NUECES COUNTY,Early Education,190
2014-2015,2,NUECES COUNTY,Pre-kindergarten,1885
2014-2015,2,NUECES COUNTY,Kindergarten,4565
2014-2015,2,NUECES COUNTY,Grade  1,4925
2014-2015,2,NUECES COUNTY,Grade  2,4821
2014-2015,2,NUECES COUNTY,Grade  3,4838
2014-2015,2,NUECES COUNTY,Grade  4,4735
2014-2015,2,NUECES COUNTY,Grade  5,4601
2014-2015,2,NUECES COUNTY,Grade  6,4665
2014-2015,2,NUECES COUNTY,Grade  7,4865
2014-2015,2,NUECES COUNTY,Grade  8,4884
2014-2015,2,NUECES COUNTY,Grade  9,5187
2014-2015,2,NUECES COUNTY,Grade 10,4451
2014-2015,2,NUECES COUNTY,Grade 11,3978
2014-2015,2,NUECES COUNTY,Grade 12,3792
2014-2015,16,OCHILTREE COUNTY,Early Education,5
2014-2015,16,OCHILTREE COUNTY,Pre-kindergarten,100
2014-2015,16,OCHILTREE COUNTY,Kindergarten,164
2014-2015,16,OCHILTREE COUNTY,Grade  1,221
2014-2015,16,OCHILTREE COUNTY,Grade  2,206
2014-2015,16,OCHILTREE COUNTY,Grade  3,200
2014-2015,16,OCHILTREE COUNTY,Grade  4,201
2014-2015,16,OCHILTREE COUNTY,Grade  5,198
2014-2015,16,OCHILTREE COUNTY,Grade  6,182
2014-2015,16,OCHILTREE COUNTY,Grade  7,160
2014-2015,16,OCHILTREE COUNTY,Grade  8,192
2014-2015,16,OCHILTREE COUNTY,Grade  9,169
2014-2015,16,OCHILTREE COUNTY,Grade 10,181
2014-2015,16,OCHILTREE COUNTY,Grade 11,123
2014-2015,16,OCHILTREE COUNTY,Grade 12,123
2014-2015,16,OLDHAM COUNTY,Pre-kindergarten,25
2014-2015,16,OLDHAM COUNTY,Kindergarten,34
2014-2015,16,OLDHAM COUNTY,Grade  1,40
2014-2015,16,OLDHAM COUNTY,Grade  2,43
2014-2015,16,OLDHAM COUNTY,Grade  3,49
2014-2015,16,OLDHAM COUNTY,Grade  4,54
2014-2015,16,OLDHAM COUNTY,Grade  5,48
2014-2015,16,OLDHAM COUNTY,Grade  6,63
2014-2015,16,OLDHAM COUNTY,Grade  7,76
2014-2015,16,OLDHAM COUNTY,Grade  8,86
2014-2015,16,OLDHAM COUNTY,Grade  9,89
2014-2015,16,OLDHAM COUNTY,Grade 10,91
2014-2015,16,OLDHAM COUNTY,Grade 11,73
2014-2015,16,OLDHAM COUNTY,Grade 12,78
2014-2015,5,ORANGE COUNTY,Early Education,57
2014-2015,5,ORANGE COUNTY,Pre-kindergarten,604
2014-2015,5,ORANGE COUNTY,Kindergarten,1167
2014-2015,5,ORANGE COUNTY,Grade  1,1196
2014-2015,5,ORANGE COUNTY,Grade  2,1164
2014-2015,5,ORANGE COUNTY,Grade  3,1147
2014-2015,5,ORANGE COUNTY,Grade  4,1077
2014-2015,5,ORANGE COUNTY,Grade  5,1146
2014-2015,5,ORANGE COUNTY,Grade  6,1107
2014-2015,5,ORANGE COUNTY,Grade  7,1089
2014-2015,5,ORANGE COUNTY,Grade  8,1127
2014-2015,5,ORANGE COUNTY,Grade  9,1230
2014-2015,5,ORANGE COUNTY,Grade 10,1122
2014-2015,5,ORANGE COUNTY,Grade 11,988
2014-2015,5,ORANGE COUNTY,Grade 12,1013
2014-2015,11,PALO PINTO COUNTY,Early Education,22
2014-2015,11,PALO PINTO COUNTY,Pre-kindergarten,259
2014-2015,11,PALO PINTO COUNTY,Kindergarten,334
2014-2015,11,PALO PINTO COUNTY,Grade  1,330
2014-2015,11,PALO PINTO COUNTY,Grade  2,376
2014-2015,11,PALO PINTO COUNTY,Grade  3,383
2014-2015,11,PALO PINTO COUNTY,Grade  4,323
2014-2015,11,PALO PINTO COUNTY,Grade  5,324
2014-2015,11,PALO PINTO COUNTY,Grade  6,321
2014-2015,11,PALO PINTO COUNTY,Grade  7,332
2014-2015,11,PALO PINTO COUNTY,Grade  8,372
2014-2015,11,PALO PINTO COUNTY,Grade  9,357
2014-2015,11,PALO PINTO COUNTY,Grade 10,318
2014-2015,11,PALO PINTO COUNTY,Grade 11,313
2014-2015,11,PALO PINTO COUNTY,Grade 12,291
2014-2015,7,PANOLA COUNTY,Early Education,15
2014-2015,7,PANOLA COUNTY,Pre-kindergarten,166
2014-2015,7,PANOLA COUNTY,Kindergarten,295
2014-2015,7,PANOLA COUNTY,Grade  1,296
2014-2015,7,PANOLA COUNTY,Grade  2,328
2014-2015,7,PANOLA COUNTY,Grade  3,264
2014-2015,7,PANOLA COUNTY,Grade  4,315
2014-2015,7,PANOLA COUNTY,Grade  5,284
2014-2015,7,PANOLA COUNTY,Grade  6,275
2014-2015,7,PANOLA COUNTY,Grade  7,286
2014-2015,7,PANOLA COUNTY,Grade  8,336
2014-2015,7,PANOLA COUNTY,Grade  9,334
2014-2015,7,PANOLA COUNTY,Grade 10,301
2014-2015,7,PANOLA COUNTY,Grade 11,284
2014-2015,7,PANOLA COUNTY,Grade 12,257
2014-2015,11,PARKER COUNTY,Early Education,71
2014-2015,11,PARKER COUNTY,Pre-kindergarten,455
2014-2015,11,PARKER COUNTY,Kindergarten,1408
2014-2015,11,PARKER COUNTY,Grade  1,1633
2014-2015,11,PARKER COUNTY,Grade  2,1514
2014-2015,11,PARKER COUNTY,Grade  3,1459
2014-2015,11,PARKER COUNTY,Grade  4,1539
2014-2015,11,PARKER COUNTY,Grade  5,1454
2014-2015,11,PARKER COUNTY,Grade  6,1611
2014-2015,11,PARKER COUNTY,Grade  7,1489
2014-2015,11,PARKER COUNTY,Grade  8,1586
2014-2015,11,PARKER COUNTY,Grade  9,1546
2014-2015,11,PARKER COUNTY,Grade 10,1593
2014-2015,11,PARKER COUNTY,Grade 11,1392
2014-2015,11,PARKER COUNTY,Grade 12,1353
2014-2015,16,PARMER COUNTY,Early Education,11
2014-2015,16,PARMER COUNTY,Pre-kindergarten,143
2014-2015,16,PARMER COUNTY,Kindergarten,199
2014-2015,16,PARMER COUNTY,Grade  1,158
2014-2015,16,PARMER COUNTY,Grade  2,173
2014-2015,16,PARMER COUNTY,Grade  3,190
2014-2015,16,PARMER COUNTY,Grade  4,165
2014-2015,16,PARMER COUNTY,Grade  5,179
2014-2015,16,PARMER COUNTY,Grade  6,170
2014-2015,16,PARMER COUNTY,Grade  7,178
2014-2015,16,PARMER COUNTY,Grade  8,177
2014-2015,16,PARMER COUNTY,Grade  9,184
2014-2015,16,PARMER COUNTY,Grade 10,157
2014-2015,16,PARMER COUNTY,Grade 11,148
2014-2015,16,PARMER COUNTY,Grade 12,149
2014-2015,18,PECOS COUNTY,Early Education,16
2014-2015,18,PECOS COUNTY,Pre-kindergarten,84
2014-2015,18,PECOS COUNTY,Kindergarten,291
2014-2015,18,PECOS COUNTY,Grade  1,258
2014-2015,18,PECOS COUNTY,Grade  2,285
2014-2015,18,PECOS COUNTY,Grade  3,222
2014-2015,18,PECOS COUNTY,Grade  4,255
2014-2015,18,PECOS COUNTY,Grade  5,245
2014-2015,18,PECOS COUNTY,Grade  6,204
2014-2015,18,PECOS COUNTY,Grade  7,215
2014-2015,18,PECOS COUNTY,Grade  8,235
2014-2015,18,PECOS COUNTY,Grade  9,269
2014-2015,18,PECOS COUNTY,Grade 10,233
2014-2015,18,PECOS COUNTY,Grade 11,211
2014-2015,18,PECOS COUNTY,Grade 12,185
2014-2015,6,POLK COUNTY,Early Education,17
2014-2015,6,POLK COUNTY,Pre-kindergarten,272
2014-2015,6,POLK COUNTY,Kindergarten,545
2014-2015,6,POLK COUNTY,Grade  1,536
2014-2015,6,POLK COUNTY,Grade  2,567
2014-2015,6,POLK COUNTY,Grade  3,534
2014-2015,6,POLK COUNTY,Grade  4,508
2014-2015,6,POLK COUNTY,Grade  5,478
2014-2015,6,POLK COUNTY,Grade  6,501
2014-2015,6,POLK COUNTY,Grade  7,514
2014-2015,6,POLK COUNTY,Grade  8,509
2014-2015,6,POLK COUNTY,Grade  9,532
2014-2015,6,POLK COUNTY,Grade 10,457
2014-2015,6,POLK COUNTY,Grade 11,470
2014-2015,6,POLK COUNTY,Grade 12,410
2014-2015,16,POTTER COUNTY,Early Education,230
2014-2015,16,POTTER COUNTY,Pre-kindergarten,2028
2014-2015,16,POTTER COUNTY,Kindergarten,3016
2014-2015,16,POTTER COUNTY,Grade  1,2992
2014-2015,16,POTTER COUNTY,Grade  2,2927
2014-2015,16,POTTER COUNTY,Grade  3,2791
2014-2015,16,POTTER COUNTY,Grade  4,2840
2014-2015,16,POTTER COUNTY,Grade  5,2766
2014-2015,16,POTTER COUNTY,Grade  6,2620
2014-2015,16,POTTER COUNTY,Grade  7,2591
2014-2015,16,POTTER COUNTY,Grade  8,2673
2014-2015,16,POTTER COUNTY,Grade  9,2735
2014-2015,16,POTTER COUNTY,Grade 10,2533
2014-2015,16,POTTER COUNTY,Grade 11,2390
2014-2015,16,POTTER COUNTY,Grade 12,2138
2014-2015,18,PRESIDIO COUNTY,Early Education,-9999999
2014-2015,18,PRESIDIO COUNTY,Pre-kindergarten,88
2014-2015,18,PRESIDIO COUNTY,Kindergarten,109
2014-2015,18,PRESIDIO COUNTY,Grade  1,126
2014-2015,18,PRESIDIO COUNTY,Grade  2,118
2014-2015,18,PRESIDIO COUNTY,Grade  3,108
2014-2015,18,PRESIDIO COUNTY,Grade  4,132
2014-2015,18,PRESIDIO COUNTY,Grade  5,116
2014-2015,18,PRESIDIO COUNTY,Grade  6,137
2014-2015,18,PRESIDIO COUNTY,Grade  7,121
2014-2015,18,PRESIDIO COUNTY,Grade  8,136
2014-2015,18,PRESIDIO COUNTY,Grade  9,142
2014-2015,18,PRESIDIO COUNTY,Grade 10,155
2014-2015,18,PRESIDIO COUNTY,Grade 11,129
2014-2015,18,PRESIDIO COUNTY,Grade 12,107
2014-2015,7,RAINS COUNTY,Early Education,11
2014-2015,7,RAINS COUNTY,Pre-kindergarten,39
2014-2015,7,RAINS COUNTY,Kindergarten,108
2014-2015,7,RAINS COUNTY,Grade  1,135
2014-2015,7,RAINS COUNTY,Grade  2,121
2014-2015,7,RAINS COUNTY,Grade  3,114
2014-2015,7,RAINS COUNTY,Grade  4,121
2014-2015,7,RAINS COUNTY,Grade  5,128
2014-2015,7,RAINS COUNTY,Grade  6,118
2014-2015,7,RAINS COUNTY,Grade  7,138
2014-2015,7,RAINS COUNTY,Grade  8,115
2014-2015,7,RAINS COUNTY,Grade  9,133
2014-2015,7,RAINS COUNTY,Grade 10,126
2014-2015,7,RAINS COUNTY,Grade 11,124
2014-2015,7,RAINS COUNTY,Grade 12,106
2014-2015,16,RANDALL COUNTY,Early Education,59
2014-2015,16,RANDALL COUNTY,Pre-kindergarten,136
2014-2015,16,RANDALL COUNTY,Kindergarten,691
2014-2015,16,RANDALL COUNTY,Grade  1,699
2014-2015,16,RANDALL COUNTY,Grade  2,729
2014-2015,16,RANDALL COUNTY,Grade  3,695
2014-2015,16,RANDALL COUNTY,Grade  4,699
2014-2015,16,RANDALL COUNTY,Grade  5,733
2014-2015,16,RANDALL COUNTY,Grade  6,767
2014-2015,16,RANDALL COUNTY,Grade  7,701
2014-2015,16,RANDALL COUNTY,Grade  8,734
2014-2015,16,RANDALL COUNTY,Grade  9,766
2014-2015,16,RANDALL COUNTY,Grade 10,699
2014-2015,16,RANDALL COUNTY,Grade 11,699
2014-2015,16,RANDALL COUNTY,Grade 12,612
2014-2015,18,REAGAN COUNTY,Early Education,5
2014-2015,18,REAGAN COUNTY,Pre-kindergarten,58
2014-2015,18,REAGAN COUNTY,Kindergarten,61
2014-2015,18,REAGAN COUNTY,Grade  1,69
2014-2015,18,REAGAN COUNTY,Grade  2,72
2014-2015,18,REAGAN COUNTY,Grade  3,64
2014-2015,18,REAGAN COUNTY,Grade  4,57
2014-2015,18,REAGAN COUNTY,Grade  5,64
2014-2015,18,REAGAN COUNTY,Grade  6,82
2014-2015,18,REAGAN COUNTY,Grade  7,56
2014-2015,18,REAGAN COUNTY,Grade  8,55
2014-2015,18,REAGAN COUNTY,Grade  9,54
2014-2015,18,REAGAN COUNTY,Grade 10,72
2014-2015,18,REAGAN COUNTY,Grade 11,64
2014-2015,18,REAGAN COUNTY,Grade 12,55
2014-2015,20,REAL COUNTY,Early Education,-9999999
2014-2015,20,REAL COUNTY,Kindergarten,23
2014-2015,20,REAL COUNTY,Grade  1,24
2014-2015,20,REAL COUNTY,Grade  2,23
2014-2015,20,REAL COUNTY,Grade  3,33
2014-2015,20,REAL COUNTY,Grade  4,37
2014-2015,20,REAL COUNTY,Grade  5,43
2014-2015,20,REAL COUNTY,Grade  6,34
2014-2015,20,REAL COUNTY,Grade  7,45
2014-2015,20,REAL COUNTY,Grade  8,49
2014-2015,20,REAL COUNTY,Grade  9,35
2014-2015,20,REAL COUNTY,Grade 10,54
2014-2015,20,REAL COUNTY,Grade 11,32
2014-2015,20,REAL COUNTY,Grade 12,36
2014-2015,8,RED RIVER COUNTY,Early Education,6
2014-2015,8,RED RIVER COUNTY,Pre-kindergarten,137
2014-2015,8,RED RIVER COUNTY,Kindergarten,160
2014-2015,8,RED RIVER COUNTY,Grade  1,186
2014-2015,8,RED RIVER COUNTY,Grade  2,156
2014-2015,8,RED RIVER COUNTY,Grade  3,164
2014-2015,8,RED RIVER COUNTY,Grade  4,131
2014-2015,8,RED RIVER COUNTY,Grade  5,145
2014-2015,8,RED RIVER COUNTY,Grade  6,154
2014-2015,8,RED RIVER COUNTY,Grade  7,163
2014-2015,8,RED RIVER COUNTY,Grade  8,164
2014-2015,8,RED RIVER COUNTY,Grade  9,157
2014-2015,8,RED RIVER COUNTY,Grade 10,147
2014-2015,8,RED RIVER COUNTY,Grade 11,166
2014-2015,8,RED RIVER COUNTY,Grade 12,156
2014-2015,18,REEVES COUNTY,Early Education,5
2014-2015,18,REEVES COUNTY,Pre-kindergarten,91
2014-2015,18,REEVES COUNTY,Kindergarten,223
2014-2015,18,REEVES COUNTY,Grade  1,257
2014-2015,18,REEVES COUNTY,Grade  2,224
2014-2015,18,REEVES COUNTY,Grade  3,195
2014-2015,18,REEVES COUNTY,Grade  4,182
2014-2015,18,REEVES COUNTY,Grade  5,176
2014-2015,18,REEVES COUNTY,Grade  6,214
2014-2015,18,REEVES COUNTY,Grade  7,198
2014-2015,18,REEVES COUNTY,Grade  8,183
2014-2015,18,REEVES COUNTY,Grade  9,176
2014-2015,18,REEVES COUNTY,Grade 10,178
2014-2015,18,REEVES COUNTY,Grade 11,161
2014-2015,18,REEVES COUNTY,Grade 12,131
2014-2015,3,REFUGIO COUNTY,Early Education,14
2014-2015,3,REFUGIO COUNTY,Pre-kindergarten,62
2014-2015,3,REFUGIO COUNTY,Kindergarten,96
2014-2015,3,REFUGIO COUNTY,Grade  1,139
2014-2015,3,REFUGIO COUNTY,Grade  2,114
2014-2015,3,REFUGIO COUNTY,Grade  3,108
2014-2015,3,REFUGIO COUNTY,Grade  4,87
2014-2015,3,REFUGIO COUNTY,Grade  5,110
2014-2015,3,REFUGIO COUNTY,Grade  6,92
2014-2015,3,REFUGIO COUNTY,Grade  7,105
2014-2015,3,REFUGIO COUNTY,Grade  8,111
2014-2015,3,REFUGIO COUNTY,Grade  9,115
2014-2015,3,REFUGIO COUNTY,Grade 10,97
2014-2015,3,REFUGIO COUNTY,Grade 11,99
2014-2015,3,REFUGIO COUNTY,Grade 12,94
2014-2015,16,ROBERTS COUNTY,Pre-kindergarten,18
2014-2015,16,ROBERTS COUNTY,Kindergarten,6
2014-2015,16,ROBERTS COUNTY,Grade  1,14
2014-2015,16,ROBERTS COUNTY,Grade  2,20
2014-2015,16,ROBERTS COUNTY,Grade  3,18
2014-2015,16,ROBERTS COUNTY,Grade  4,12
2014-2015,16,ROBERTS COUNTY,Grade  5,15
2014-2015,16,ROBERTS COUNTY,Grade  6,11
2014-2015,16,ROBERTS COUNTY,Grade  7,13
2014-2015,16,ROBERTS COUNTY,Grade  8,20
2014-2015,16,ROBERTS COUNTY,Grade  9,15
2014-2015,16,ROBERTS COUNTY,Grade 10,13
2014-2015,16,ROBERTS COUNTY,Grade 11,21
2014-2015,16,ROBERTS COUNTY,Grade 12,13
2014-2015,6,ROBERTSON COUNTY,Early Education,5
2014-2015,6,ROBERTSON COUNTY,Pre-kindergarten,233
2014-2015,6,ROBERTSON COUNTY,Kindergarten,229
2014-2015,6,ROBERTSON COUNTY,Grade  1,251
2014-2015,6,ROBERTSON COUNTY,Grade  2,265
2014-2015,6,ROBERTSON COUNTY,Grade  3,245
2014-2015,6,ROBERTSON COUNTY,Grade  4,218
2014-2015,6,ROBERTSON COUNTY,Grade  5,240
2014-2015,6,ROBERTSON COUNTY,Grade  6,229
2014-2015,6,ROBERTSON COUNTY,Grade  7,207
2014-2015,6,ROBERTSON COUNTY,Grade  8,259
2014-2015,6,ROBERTSON COUNTY,Grade  9,274
2014-2015,6,ROBERTSON COUNTY,Grade 10,215
2014-2015,6,ROBERTSON COUNTY,Grade 11,197
2014-2015,6,ROBERTSON COUNTY,Grade 12,198
2014-2015,10,ROCKWALL COUNTY,Early Education,122
2014-2015,10,ROCKWALL COUNTY,Pre-kindergarten,357
2014-2015,10,ROCKWALL COUNTY,Kindergarten,1360
2014-2015,10,ROCKWALL COUNTY,Grade  1,1399
2014-2015,10,ROCKWALL COUNTY,Grade  2,1489
2014-2015,10,ROCKWALL COUNTY,Grade  3,1496
2014-2015,10,ROCKWALL COUNTY,Grade  4,1527
2014-2015,10,ROCKWALL COUNTY,Grade  5,1590
2014-2015,10,ROCKWALL COUNTY,Grade  6,1519
2014-2015,10,ROCKWALL COUNTY,Grade  7,1609
2014-2015,10,ROCKWALL COUNTY,Grade  8,1598
2014-2015,10,ROCKWALL COUNTY,Grade  9,1656
2014-2015,10,ROCKWALL COUNTY,Grade 10,1601
2014-2015,10,ROCKWALL COUNTY,Grade 11,1417
2014-2015,10,ROCKWALL COUNTY,Grade 12,1322
2014-2015,15,RUNNELS COUNTY,Early Education,-9999999
2014-2015,15,RUNNELS COUNTY,Pre-kindergarten,111
2014-2015,15,RUNNELS COUNTY,Kindergarten,135
2014-2015,15,RUNNELS COUNTY,Grade  1,152
2014-2015,15,RUNNELS COUNTY,Grade  2,146
2014-2015,15,RUNNELS COUNTY,Grade  3,159
2014-2015,15,RUNNELS COUNTY,Grade  4,164
2014-2015,15,RUNNELS COUNTY,Grade  5,153
2014-2015,15,RUNNELS COUNTY,Grade  6,151
2014-2015,15,RUNNELS COUNTY,Grade  7,169
2014-2015,15,RUNNELS COUNTY,Grade  8,142
2014-2015,15,RUNNELS COUNTY,Grade  9,156
2014-2015,15,RUNNELS COUNTY,Grade 10,145
2014-2015,15,RUNNELS COUNTY,Grade 11,135
2014-2015,15,RUNNELS COUNTY,Grade 12,125
2014-2015,7,RUSK COUNTY,Early Education,30
2014-2015,7,RUSK COUNTY,Pre-kindergarten,351
2014-2015,7,RUSK COUNTY,Kindergarten,625
2014-2015,7,RUSK COUNTY,Grade  1,660
2014-2015,7,RUSK COUNTY,Grade  2,655
2014-2015,7,RUSK COUNTY,Grade  3,650
2014-2015,7,RUSK COUNTY,Grade  4,603
2014-2015,7,RUSK COUNTY,Grade  5,598
2014-2015,7,RUSK COUNTY,Grade  6,599
2014-2015,7,RUSK COUNTY,Grade  7,574
2014-2015,7,RUSK COUNTY,Grade  8,628
2014-2015,7,RUSK COUNTY,Grade  9,668
2014-2015,7,RUSK COUNTY,Grade 10,581
2014-2015,7,RUSK COUNTY,Grade 11,530
2014-2015,7,RUSK COUNTY,Grade 12,538
2014-2015,7,SABINE COUNTY,Pre-kindergarten,86
2014-2015,7,SABINE COUNTY,Kindergarten,102
2014-2015,7,SABINE COUNTY,Grade  1,120
2014-2015,7,SABINE COUNTY,Grade  2,122
2014-2015,7,SABINE COUNTY,Grade  3,110
2014-2015,7,SABINE COUNTY,Grade  4,108
2014-2015,7,SABINE COUNTY,Grade  5,103
2014-2015,7,SABINE COUNTY,Grade  6,122
2014-2015,7,SABINE COUNTY,Grade  7,114
2014-2015,7,SABINE COUNTY,Grade  8,99
2014-2015,7,SABINE COUNTY,Grade  9,127
2014-2015,7,SABINE COUNTY,Grade 10,134
2014-2015,7,SABINE COUNTY,Grade 11,127
2014-2015,7,SABINE COUNTY,Grade 12,97
2014-2015,7,SAN AUGUSTINE COUNTY,Early Education,-9999999
2014-2015,7,SAN AUGUSTINE COUNTY,Pre-kindergarten,94
2014-2015,7,SAN AUGUSTINE COUNTY,Kindergarten,93
2014-2015,7,SAN AUGUSTINE COUNTY,Grade  1,87
2014-2015,7,SAN AUGUSTINE COUNTY,Grade  2,96
2014-2015,7,SAN AUGUSTINE COUNTY,Grade  3,93
2014-2015,7,SAN AUGUSTINE COUNTY,Grade  4,85
2014-2015,7,SAN AUGUSTINE COUNTY,Grade  5,70
2014-2015,7,SAN AUGUSTINE COUNTY,Grade  6,80
2014-2015,7,SAN AUGUSTINE COUNTY,Grade  7,95
2014-2015,7,SAN AUGUSTINE COUNTY,Grade  8,76
2014-2015,7,SAN AUGUSTINE COUNTY,Grade  9,83
2014-2015,7,SAN AUGUSTINE COUNTY,Grade 10,81
2014-2015,7,SAN AUGUSTINE COUNTY,Grade 11,84
2014-2015,7,SAN AUGUSTINE COUNTY,Grade 12,68
2014-2015,6,SAN JACINTO COUNTY,Early Education,-9999999
2014-2015,6,SAN JACINTO COUNTY,Pre-kindergarten,142
2014-2015,6,SAN JACINTO COUNTY,Kindergarten,258
2014-2015,6,SAN JACINTO COUNTY,Grade  1,270
2014-2015,6,SAN JACINTO COUNTY,Grade  2,253
2014-2015,6,SAN JACINTO COUNTY,Grade  3,242
2014-2015,6,SAN JACINTO COUNTY,Grade  4,246
2014-2015,6,SAN JACINTO COUNTY,Grade  5,232
2014-2015,6,SAN JACINTO COUNTY,Grade  6,237
2014-2015,6,SAN JACINTO COUNTY,Grade  7,259
2014-2015,6,SAN JACINTO COUNTY,Grade  8,285
2014-2015,6,SAN JACINTO COUNTY,Grade  9,290
2014-2015,6,SAN JACINTO COUNTY,Grade 10,241
2014-2015,6,SAN JACINTO COUNTY,Grade 11,263
2014-2015,6,SAN JACINTO COUNTY,Grade 12,229
2014-2015,2,SAN PATRICIO COUNTY,Early Education,33
2014-2015,2,SAN PATRICIO COUNTY,Pre-kindergarten,561
2014-2015,2,SAN PATRICIO COUNTY,Kindergarten,1062
2014-2015,2,SAN PATRICIO COUNTY,Grade  1,1166
2014-2015,2,SAN PATRICIO COUNTY,Grade  2,1095
2014-2015,2,SAN PATRICIO COUNTY,Grade  3,1088
2014-2015,2,SAN PATRICIO COUNTY,Grade  4,1122
2014-2015,2,SAN PATRICIO COUNTY,Grade  5,1116
2014-2015,2,SAN PATRICIO COUNTY,Grade  6,1058
2014-2015,2,SAN PATRICIO COUNTY,Grade  7,1123
2014-2015,2,SAN PATRICIO COUNTY,Grade  8,1143
2014-2015,2,SAN PATRICIO COUNTY,Grade  9,1251
2014-2015,2,SAN PATRICIO COUNTY,Grade 10,1036
2014-2015,2,SAN PATRICIO COUNTY,Grade 11,1001
2014-2015,2,SAN PATRICIO COUNTY,Grade 12,898
2014-2015,15,SAN SABA COUNTY,Early Education,-9999999
2014-2015,15,SAN SABA COUNTY,Pre-kindergarten,55
2014-2015,15,SAN SABA COUNTY,Kindergarten,62
2014-2015,15,SAN SABA COUNTY,Grade  1,80
2014-2015,15,SAN SABA COUNTY,Grade  2,81
2014-2015,15,SAN SABA COUNTY,Grade  3,61
2014-2015,15,SAN SABA COUNTY,Grade  4,57
2014-2015,15,SAN SABA COUNTY,Grade  5,69
2014-2015,15,SAN SABA COUNTY,Grade  6,61
2014-2015,15,SAN SABA COUNTY,Grade  7,69
2014-2015,15,SAN SABA COUNTY,Grade  8,77
2014-2015,15,SAN SABA COUNTY,Grade  9,52
2014-2015,15,SAN SABA COUNTY,Grade 10,84
2014-2015,15,SAN SABA COUNTY,Grade 11,71
2014-2015,15,SAN SABA COUNTY,Grade 12,60
2014-2015,15,SCHLEICHER COUNTY,Early Education,6
2014-2015,15,SCHLEICHER COUNTY,Pre-kindergarten,15
2014-2015,15,SCHLEICHER COUNTY,Kindergarten,42
2014-2015,15,SCHLEICHER COUNTY,Grade  1,68
2014-2015,15,SCHLEICHER COUNTY,Grade  2,40
2014-2015,15,SCHLEICHER COUNTY,Grade  3,38
2014-2015,15,SCHLEICHER COUNTY,Grade  4,46
2014-2015,15,SCHLEICHER COUNTY,Grade  5,50
2014-2015,15,SCHLEICHER COUNTY,Grade  6,45
2014-2015,15,SCHLEICHER COUNTY,Grade  7,48
2014-2015,15,SCHLEICHER COUNTY,Grade  8,44
2014-2015,15,SCHLEICHER COUNTY,Grade  9,39
2014-2015,15,SCHLEICHER COUNTY,Grade 10,45
2014-2015,15,SCHLEICHER COUNTY,Grade 11,41
2014-2015,15,SCHLEICHER COUNTY,Grade 12,31
2014-2015,14,SCURRY COUNTY,Early Education,18
2014-2015,14,SCURRY COUNTY,Pre-kindergarten,207
2014-2015,14,SCURRY COUNTY,Kindergarten,275
2014-2015,14,SCURRY COUNTY,Grade  1,284
2014-2015,14,SCURRY COUNTY,Grade  2,239
2014-2015,14,SCURRY COUNTY,Grade  3,259
2014-2015,14,SCURRY COUNTY,Grade  4,242
2014-2015,14,SCURRY COUNTY,Grade  5,268
2014-2015,14,SCURRY COUNTY,Grade  6,223
2014-2015,14,SCURRY COUNTY,Grade  7,235
2014-2015,14,SCURRY COUNTY,Grade  8,247
2014-2015,14,SCURRY COUNTY,Grade  9,261
2014-2015,14,SCURRY COUNTY,Grade 10,235
2014-2015,14,SCURRY COUNTY,Grade 11,197
2014-2015,14,SCURRY COUNTY,Grade 12,196
2014-2015,14,SHACKELFORD COUNTY,Early Education,6
2014-2015,14,SHACKELFORD COUNTY,Pre-kindergarten,21
2014-2015,14,SHACKELFORD COUNTY,Kindergarten,51
2014-2015,14,SHACKELFORD COUNTY,Grade  1,30
2014-2015,14,SHACKELFORD COUNTY,Grade  2,45
2014-2015,14,SHACKELFORD COUNTY,Grade  3,49
2014-2015,14,SHACKELFORD COUNTY,Grade  4,37
2014-2015,14,SHACKELFORD COUNTY,Grade  5,36
2014-2015,14,SHACKELFORD COUNTY,Grade  6,42
2014-2015,14,SHACKELFORD COUNTY,Grade  7,50
2014-2015,14,SHACKELFORD COUNTY,Grade  8,46
2014-2015,14,SHACKELFORD COUNTY,Grade  9,53
2014-2015,14,SHACKELFORD COUNTY,Grade 10,43
2014-2015,14,SHACKELFORD COUNTY,Grade 11,43
2014-2015,14,SHACKELFORD COUNTY,Grade 12,35
2014-2015,7,SHELBY COUNTY,Early Education,19
2014-2015,7,SHELBY COUNTY,Pre-kindergarten,444
2014-2015,7,SHELBY COUNTY,Kindergarten,441
2014-2015,7,SHELBY COUNTY,Grade  1,419
2014-2015,7,SHELBY COUNTY,Grade  2,445
2014-2015,7,SHELBY COUNTY,Grade  3,415
2014-2015,7,SHELBY COUNTY,Grade  4,395
2014-2015,7,SHELBY COUNTY,Grade  5,397
2014-2015,7,SHELBY COUNTY,Grade  6,406
2014-2015,7,SHELBY COUNTY,Grade  7,394
2014-2015,7,SHELBY COUNTY,Grade  8,401
2014-2015,7,SHELBY COUNTY,Grade  9,428
2014-2015,7,SHELBY COUNTY,Grade 10,378
2014-2015,7,SHELBY COUNTY,Grade 11,353
2014-2015,7,SHELBY COUNTY,Grade 12,301
2014-2015,16,SHERMAN COUNTY,Early Education,-9999999
2014-2015,16,SHERMAN COUNTY,Pre-kindergarten,60
2014-2015,16,SHERMAN COUNTY,Kindergarten,73
2014-2015,16,SHERMAN COUNTY,Grade  1,63
2014-2015,16,SHERMAN COUNTY,Grade  2,73
2014-2015,16,SHERMAN COUNTY,Grade  3,57
2014-2015,16,SHERMAN COUNTY,Grade  4,73
2014-2015,16,SHERMAN COUNTY,Grade  5,54
2014-2015,16,SHERMAN COUNTY,Grade  6,62
2014-2015,16,SHERMAN COUNTY,Grade  7,37
2014-2015,16,SHERMAN COUNTY,Grade  8,43
2014-2015,16,SHERMAN COUNTY,Grade  9,57
2014-2015,16,SHERMAN COUNTY,Grade 10,40
2014-2015,16,SHERMAN COUNTY,Grade 11,52
2014-2015,16,SHERMAN COUNTY,Grade 12,43
2014-2015,7,SMITH COUNTY,Early Education,118
2014-2015,7,SMITH COUNTY,Pre-kindergarten,1186
2014-2015,7,SMITH COUNTY,Kindergarten,2768
2014-2015,7,SMITH COUNTY,Grade  1,2940
2014-2015,7,SMITH COUNTY,Grade  2,2967
2014-2015,7,SMITH COUNTY,Grade  3,2899
2014-2015,7,SMITH COUNTY,Grade  4,2869
2014-2015,7,SMITH COUNTY,Grade  5,2860
2014-2015,7,SMITH COUNTY,Grade  6,2898
2014-2015,7,SMITH COUNTY,Grade  7,2759
2014-2015,7,SMITH COUNTY,Grade  8,2895
2014-2015,7,SMITH COUNTY,Grade  9,2870
2014-2015,7,SMITH COUNTY,Grade 10,2593
2014-2015,7,SMITH COUNTY,Grade 11,2345
2014-2015,7,SMITH COUNTY,Grade 12,2166
2014-2015,11,SOMERVELL COUNTY,Early Education,7
2014-2015,11,SOMERVELL COUNTY,Pre-kindergarten,56
2014-2015,11,SOMERVELL COUNTY,Kindergarten,127
2014-2015,11,SOMERVELL COUNTY,Grade  1,121
2014-2015,11,SOMERVELL COUNTY,Grade  2,142
2014-2015,11,SOMERVELL COUNTY,Grade  3,134
2014-2015,11,SOMERVELL COUNTY,Grade  4,136
2014-2015,11,SOMERVELL COUNTY,Grade  5,132
2014-2015,11,SOMERVELL COUNTY,Grade  6,134
2014-2015,11,SOMERVELL COUNTY,Grade  7,128
2014-2015,11,SOMERVELL COUNTY,Grade  8,137
2014-2015,11,SOMERVELL COUNTY,Grade  9,167
2014-2015,11,SOMERVELL COUNTY,Grade 10,157
2014-2015,11,SOMERVELL COUNTY,Grade 11,146
2014-2015,11,SOMERVELL COUNTY,Grade 12,189
2014-2015,1,STARR COUNTY,Early Education,25
2014-2015,1,STARR COUNTY,Pre-kindergarten,1083
2014-2015,1,STARR COUNTY,Kindergarten,1283
2014-2015,1,STARR COUNTY,Grade  1,1297
2014-2015,1,STARR COUNTY,Grade  2,1342
2014-2015,1,STARR COUNTY,Grade  3,1363
2014-2015,1,STARR COUNTY,Grade  4,1283
2014-2015,1,STARR COUNTY,Grade  5,1208
2014-2015,1,STARR COUNTY,Grade  6,1282
2014-2015,1,STARR COUNTY,Grade  7,1272
2014-2015,1,STARR COUNTY,Grade  8,1349
2014-2015,1,STARR COUNTY,Grade  9,1453
2014-2015,1,STARR COUNTY,Grade 10,1204
2014-2015,1,STARR COUNTY,Grade 11,1067
2014-2015,1,STARR COUNTY,Grade 12,1073
2014-2015,14,STEPHENS COUNTY,Early Education,-9999999
2014-2015,14,STEPHENS COUNTY,Pre-kindergarten,74
2014-2015,14,STEPHENS COUNTY,Kindergarten,116
2014-2015,14,STEPHENS COUNTY,Grade  1,111
2014-2015,14,STEPHENS COUNTY,Grade  2,132
2014-2015,14,STEPHENS COUNTY,Grade  3,121
2014-2015,14,STEPHENS COUNTY,Grade  4,106
2014-2015,14,STEPHENS COUNTY,Grade  5,127
2014-2015,14,STEPHENS COUNTY,Grade  6,95
2014-2015,14,STEPHENS COUNTY,Grade  7,108
2014-2015,14,STEPHENS COUNTY,Grade  8,100
2014-2015,14,STEPHENS COUNTY,Grade  9,128
2014-2015,14,STEPHENS COUNTY,Grade 10,93
2014-2015,14,STEPHENS COUNTY,Grade 11,78
2014-2015,14,STEPHENS COUNTY,Grade 12,81
2014-2015,15,STERLING COUNTY,Early Education,-9999999
2014-2015,15,STERLING COUNTY,Kindergarten,39
2014-2015,15,STERLING COUNTY,Grade  1,24
2014-2015,15,STERLING COUNTY,Grade  2,27
2014-2015,15,STERLING COUNTY,Grade  3,31
2014-2015,15,STERLING COUNTY,Grade  4,30
2014-2015,15,STERLING COUNTY,Grade  5,20
2014-2015,15,STERLING COUNTY,Grade  6,27
2014-2015,15,STERLING COUNTY,Grade  7,20
2014-2015,15,STERLING COUNTY,Grade  8,22
2014-2015,15,STERLING COUNTY,Grade  9,25
2014-2015,15,STERLING COUNTY,Grade 10,17
2014-2015,15,STERLING COUNTY,Grade 11,20
2014-2015,15,STERLING COUNTY,Grade 12,23
2014-2015,14,STONEWALL COUNTY,Early Education,-9999999
2014-2015,14,STONEWALL COUNTY,Pre-kindergarten,22
2014-2015,14,STONEWALL COUNTY,Kindergarten,12
2014-2015,14,STONEWALL COUNTY,Grade  1,18
2014-2015,14,STONEWALL COUNTY,Grade  2,19
2014-2015,14,STONEWALL COUNTY,Grade  3,22
2014-2015,14,STONEWALL COUNTY,Grade  4,15
2014-2015,14,STONEWALL COUNTY,Grade  5,21
2014-2015,14,STONEWALL COUNTY,Grade  6,22
2014-2015,14,STONEWALL COUNTY,Grade  7,20
2014-2015,14,STONEWALL COUNTY,Grade  8,16
2014-2015,14,STONEWALL COUNTY,Grade  9,12
2014-2015,14,STONEWALL COUNTY,Grade 10,17
2014-2015,14,STONEWALL COUNTY,Grade 11,25
2014-2015,14,STONEWALL COUNTY,Grade 12,8
2014-2015,15,SUTTON COUNTY,Early Education,-9999999
2014-2015,15,SUTTON COUNTY,Pre-kindergarten,49
2014-2015,15,SUTTON COUNTY,Kindergarten,77
2014-2015,15,SUTTON COUNTY,Grade  1,64
2014-2015,15,SUTTON COUNTY,Grade  2,55
2014-2015,15,SUTTON COUNTY,Grade  3,65
2014-2015,15,SUTTON COUNTY,Grade  4,63
2014-2015,15,SUTTON COUNTY,Grade  5,68
2014-2015,15,SUTTON COUNTY,Grade  6,57
2014-2015,15,SUTTON COUNTY,Grade  7,76
2014-2015,15,SUTTON COUNTY,Grade  8,76
2014-2015,15,SUTTON COUNTY,Grade  9,59
2014-2015,15,SUTTON COUNTY,Grade 10,85
2014-2015,15,SUTTON COUNTY,Grade 11,62
2014-2015,15,SUTTON COUNTY,Grade 12,62
2014-2015,16,SWISHER COUNTY,Early Education,6
2014-2015,16,SWISHER COUNTY,Pre-kindergarten,82
2014-2015,16,SWISHER COUNTY,Kindergarten,106
2014-2015,16,SWISHER COUNTY,Grade  1,114
2014-2015,16,SWISHER COUNTY,Grade  2,127
2014-2015,16,SWISHER COUNTY,Grade  3,110
2014-2015,16,SWISHER COUNTY,Grade  4,135
2014-2015,16,SWISHER COUNTY,Grade  5,124
2014-2015,16,SWISHER COUNTY,Grade  6,115
2014-2015,16,SWISHER COUNTY,Grade  7,110
2014-2015,16,SWISHER COUNTY,Grade  8,118
2014-2015,16,SWISHER COUNTY,Grade  9,116
2014-2015,16,SWISHER COUNTY,Grade 10,115
2014-2015,16,SWISHER COUNTY,Grade 11,100
2014-2015,16,SWISHER COUNTY,Grade 12,88
2014-2015,11,TARRANT COUNTY,Early Education,1325
2014-2015,11,TARRANT COUNTY,Pre-kindergarten,13641
2014-2015,11,TARRANT COUNTY,Kindergarten,26351
2014-2015,11,TARRANT COUNTY,Grade  1,28093
2014-2015,11,TARRANT COUNTY,Grade  2,27909
2014-2015,11,TARRANT COUNTY,Grade  3,27351
2014-2015,11,TARRANT COUNTY,Grade  4,26803
2014-2015,11,TARRANT COUNTY,Grade  5,26827
2014-2015,11,TARRANT COUNTY,Grade  6,26347
2014-2015,11,TARRANT COUNTY,Grade  7,25870
2014-2015,11,TARRANT COUNTY,Grade  8,26505
2014-2015,11,TARRANT COUNTY,Grade  9,28970
2014-2015,11,TARRANT COUNTY,Grade 10,25317
2014-2015,11,TARRANT COUNTY,Grade 11,23238
2014-2015,11,TARRANT COUNTY,Grade 12,21286
2014-2015,14,TAYLOR COUNTY,Early Education,219
2014-2015,14,TAYLOR COUNTY,Pre-kindergarten,1031
2014-2015,14,TAYLOR COUNTY,Kindergarten,2781
2014-2015,14,TAYLOR COUNTY,Grade  1,3012
2014-2015,14,TAYLOR COUNTY,Grade  2,2839
2014-2015,14,TAYLOR COUNTY,Grade  3,2965
2014-2015,14,TAYLOR COUNTY,Grade  4,3009
2014-2015,14,TAYLOR COUNTY,Grade  5,2921
2014-2015,14,TAYLOR COUNTY,Grade  6,2947
2014-2015,14,TAYLOR COUNTY,Grade  7,2903
2014-2015,14,TAYLOR COUNTY,Grade  8,3092
2014-2015,14,TAYLOR COUNTY,Grade  9,3355
2014-2015,14,TAYLOR COUNTY,Grade 10,2691
2014-2015,14,TAYLOR COUNTY,Grade 11,2276
2014-2015,14,TAYLOR COUNTY,Grade 12,1792
2014-2015,18,TERRELL COUNTY,Pre-kindergarten,12
2014-2015,18,TERRELL COUNTY,Kindergarten,13
2014-2015,18,TERRELL COUNTY,Grade  1,9
2014-2015,18,TERRELL COUNTY,Grade  2,10
2014-2015,18,TERRELL COUNTY,Grade  3,9
2014-2015,18,TERRELL COUNTY,Grade  4,8
2014-2015,18,TERRELL COUNTY,Grade  5,9
2014-2015,18,TERRELL COUNTY,Grade  6,11
2014-2015,18,TERRELL COUNTY,Grade  7,10
2014-2015,18,TERRELL COUNTY,Grade  8,9
2014-2015,18,TERRELL COUNTY,Grade  9,16
2014-2015,18,TERRELL COUNTY,Grade 10,9
2014-2015,18,TERRELL COUNTY,Grade 11,8
2014-2015,18,TERRELL COUNTY,Grade 12,9
2014-2015,17,TERRY COUNTY,Early Education,13
2014-2015,17,TERRY COUNTY,Pre-kindergarten,173
2014-2015,17,TERRY COUNTY,Kindergarten,205
2014-2015,17,TERRY COUNTY,Grade  1,189
2014-2015,17,TERRY COUNTY,Grade  2,195
2014-2015,17,TERRY COUNTY,Grade  3,175
2014-2015,17,TERRY COUNTY,Grade  4,165
2014-2015,17,TERRY COUNTY,Grade  5,169
2014-2015,17,TERRY COUNTY,Grade  6,183
2014-2015,17,TERRY COUNTY,Grade  7,161
2014-2015,17,TERRY COUNTY,Grade  8,160
2014-2015,17,TERRY COUNTY,Grade  9,170
2014-2015,17,TERRY COUNTY,Grade 10,173
2014-2015,17,TERRY COUNTY,Grade 11,154
2014-2015,17,TERRY COUNTY,Grade 12,130
2014-2015,9,THROCKMORTON COUNTY,Early Education,-9999999
2014-2015,9,THROCKMORTON COUNTY,Pre-kindergarten,16
2014-2015,9,THROCKMORTON COUNTY,Kindergarten,20
2014-2015,9,THROCKMORTON COUNTY,Grade  1,28
2014-2015,9,THROCKMORTON COUNTY,Grade  2,21
2014-2015,9,THROCKMORTON COUNTY,Grade  3,25
2014-2015,9,THROCKMORTON COUNTY,Grade  4,27
2014-2015,9,THROCKMORTON COUNTY,Grade  5,25
2014-2015,9,THROCKMORTON COUNTY,Grade  6,24
2014-2015,9,THROCKMORTON COUNTY,Grade  7,31
2014-2015,9,THROCKMORTON COUNTY,Grade  8,26
2014-2015,9,THROCKMORTON COUNTY,Grade  9,21
2014-2015,9,THROCKMORTON COUNTY,Grade 10,28
2014-2015,9,THROCKMORTON COUNTY,Grade 11,25
2014-2015,9,THROCKMORTON COUNTY,Grade 12,22
2014-2015,8,TITUS COUNTY,Early Education,91
2014-2015,8,TITUS COUNTY,Pre-kindergarten,466
2014-2015,8,TITUS COUNTY,Kindergarten,568
2014-2015,8,TITUS COUNTY,Grade  1,615
2014-2015,8,TITUS COUNTY,Grade  2,589
2014-2015,8,TITUS COUNTY,Grade  3,535
2014-2015,8,TITUS COUNTY,Grade  4,518
2014-2015,8,TITUS COUNTY,Grade  5,517
2014-2015,8,TITUS COUNTY,Grade  6,451
2014-2015,8,TITUS COUNTY,Grade  7,467
2014-2015,8,TITUS COUNTY,Grade  8,515
2014-2015,8,TITUS COUNTY,Grade  9,503
2014-2015,8,TITUS COUNTY,Grade 10,446
2014-2015,8,TITUS COUNTY,Grade 11,430
2014-2015,8,TITUS COUNTY,Grade 12,400
2014-2015,15,TOM GREEN COUNTY,Early Education,593
2014-2015,15,TOM GREEN COUNTY,Pre-kindergarten,298
2014-2015,15,TOM GREEN COUNTY,Kindergarten,1648
2014-2015,15,TOM GREEN COUNTY,Grade  1,1778
2014-2015,15,TOM GREEN COUNTY,Grade  2,1665
2014-2015,15,TOM GREEN COUNTY,Grade  3,1597
2014-2015,15,TOM GREEN COUNTY,Grade  4,1536
2014-2015,15,TOM GREEN COUNTY,Grade  5,1484
2014-2015,15,TOM GREEN COUNTY,Grade  6,1487
2014-2015,15,TOM GREEN COUNTY,Grade  7,1361
2014-2015,15,TOM GREEN COUNTY,Grade  8,1418
2014-2015,15,TOM GREEN COUNTY,Grade  9,1507
2014-2015,15,TOM GREEN COUNTY,Grade 10,1398
2014-2015,15,TOM GREEN COUNTY,Grade 11,1281
2014-2015,15,TOM GREEN COUNTY,Grade 12,1181
2014-2015,13,TRAVIS COUNTY,Early Education,723
2014-2015,13,TRAVIS COUNTY,Pre-kindergarten,7115
2014-2015,13,TRAVIS COUNTY,Kindergarten,13057
2014-2015,13,TRAVIS COUNTY,Grade  1,13577
2014-2015,13,TRAVIS COUNTY,Grade  2,13258
2014-2015,13,TRAVIS COUNTY,Grade  3,12801
2014-2015,13,TRAVIS COUNTY,Grade  4,12182
2014-2015,13,TRAVIS COUNTY,Grade  5,12220
2014-2015,13,TRAVIS COUNTY,Grade  6,11684
2014-2015,13,TRAVIS COUNTY,Grade  7,11411
2014-2015,13,TRAVIS COUNTY,Grade  8,11302
2014-2015,13,TRAVIS COUNTY,Grade  9,12362
2014-2015,13,TRAVIS COUNTY,Grade 10,10539
2014-2015,13,TRAVIS COUNTY,Grade 11,9633
2014-2015,13,TRAVIS COUNTY,Grade 12,8917
2014-2015,6,TRINITY COUNTY,Early Education,-9999999
2014-2015,6,TRINITY COUNTY,Pre-kindergarten,154
2014-2015,6,TRINITY COUNTY,Kindergarten,157
2014-2015,6,TRINITY COUNTY,Grade  1,174
2014-2015,6,TRINITY COUNTY,Grade  2,161
2014-2015,6,TRINITY COUNTY,Grade  3,169
2014-2015,6,TRINITY COUNTY,Grade  4,154
2014-2015,6,TRINITY COUNTY,Grade  5,167
2014-2015,6,TRINITY COUNTY,Grade  6,171
2014-2015,6,TRINITY COUNTY,Grade  7,146
2014-2015,6,TRINITY COUNTY,Grade  8,184
2014-2015,6,TRINITY COUNTY,Grade  9,160
2014-2015,6,TRINITY COUNTY,Grade 10,167
2014-2015,6,TRINITY COUNTY,Grade 11,166
2014-2015,6,TRINITY COUNTY,Grade 12,158
2014-2015,5,TYLER COUNTY,Early Education,7
2014-2015,5,TYLER COUNTY,Pre-kindergarten,172
2014-2015,5,TYLER COUNTY,Kindergarten,255
2014-2015,5,TYLER COUNTY,Grade  1,264
2014-2015,5,TYLER COUNTY,Grade  2,254
2014-2015,5,TYLER COUNTY,Grade  3,258
2014-2015,5,TYLER COUNTY,Grade  4,270
2014-2015,5,TYLER COUNTY,Grade  5,263
2014-2015,5,TYLER COUNTY,Grade  6,241
2014-2015,5,TYLER COUNTY,Grade  7,271
2014-2015,5,TYLER COUNTY,Grade  8,256
2014-2015,5,TYLER COUNTY,Grade  9,285
2014-2015,5,TYLER COUNTY,Grade 10,265
2014-2015,5,TYLER COUNTY,Grade 11,242
2014-2015,5,TYLER COUNTY,Grade 12,222
2014-2015,7,UPSHUR COUNTY,Early Education,22
2014-2015,7,UPSHUR COUNTY,Pre-kindergarten,263
2014-2015,7,UPSHUR COUNTY,Kindergarten,484
2014-2015,7,UPSHUR COUNTY,Grade  1,550
2014-2015,7,UPSHUR COUNTY,Grade  2,568
2014-2015,7,UPSHUR COUNTY,Grade  3,542
2014-2015,7,UPSHUR COUNTY,Grade  4,523
2014-2015,7,UPSHUR COUNTY,Grade  5,509
2014-2015,7,UPSHUR COUNTY,Grade  6,580
2014-2015,7,UPSHUR COUNTY,Grade  7,549
2014-2015,7,UPSHUR COUNTY,Grade  8,528
2014-2015,7,UPSHUR COUNTY,Grade  9,537
2014-2015,7,UPSHUR COUNTY,Grade 10,517
2014-2015,7,UPSHUR COUNTY,Grade 11,473
2014-2015,7,UPSHUR COUNTY,Grade 12,476
2014-2015,18,UPTON COUNTY,Early Education,-9999999
2014-2015,18,UPTON COUNTY,Pre-kindergarten,31
2014-2015,18,UPTON COUNTY,Kindergarten,76
2014-2015,18,UPTON COUNTY,Grade  1,65
2014-2015,18,UPTON COUNTY,Grade  2,42
2014-2015,18,UPTON COUNTY,Grade  3,55
2014-2015,18,UPTON COUNTY,Grade  4,83
2014-2015,18,UPTON COUNTY,Grade  5,70
2014-2015,18,UPTON COUNTY,Grade  6,60
2014-2015,18,UPTON COUNTY,Grade  7,57
2014-2015,18,UPTON COUNTY,Grade  8,59
2014-2015,18,UPTON COUNTY,Grade  9,52
2014-2015,18,UPTON COUNTY,Grade 10,61
2014-2015,18,UPTON COUNTY,Grade 11,50
2014-2015,18,UPTON COUNTY,Grade 12,61
2014-2015,20,UVALDE COUNTY,Early Education,36
2014-2015,20,UVALDE COUNTY,Pre-kindergarten,342
2014-2015,20,UVALDE COUNTY,Kindergarten,456
2014-2015,20,UVALDE COUNTY,Grade  1,463
2014-2015,20,UVALDE COUNTY,Grade  2,417
2014-2015,20,UVALDE COUNTY,Grade  3,416
2014-2015,20,UVALDE COUNTY,Grade  4,429
2014-2015,20,UVALDE COUNTY,Grade  5,439
2014-2015,20,UVALDE COUNTY,Grade  6,388
2014-2015,20,UVALDE COUNTY,Grade  7,418
2014-2015,20,UVALDE COUNTY,Grade  8,467
2014-2015,20,UVALDE COUNTY,Grade  9,486
2014-2015,20,UVALDE COUNTY,Grade 10,460
2014-2015,20,UVALDE COUNTY,Grade 11,353
2014-2015,20,UVALDE COUNTY,Grade 12,331
2014-2015,15,VAL VERDE COUNTY,Early Education,28
2014-2015,15,VAL VERDE COUNTY,Pre-kindergarten,494
2014-2015,15,VAL VERDE COUNTY,Kindergarten,817
2014-2015,15,VAL VERDE COUNTY,Grade  1,907
2014-2015,15,VAL VERDE COUNTY,Grade  2,794
2014-2015,15,VAL VERDE COUNTY,Grade  3,801
2014-2015,15,VAL VERDE COUNTY,Grade  4,850
2014-2015,15,VAL VERDE COUNTY,Grade  5,831
2014-2015,15,VAL VERDE COUNTY,Grade  6,785
2014-2015,15,VAL VERDE COUNTY,Grade  7,775
2014-2015,15,VAL VERDE COUNTY,Grade  8,769
2014-2015,15,VAL VERDE COUNTY,Grade  9,833
2014-2015,15,VAL VERDE COUNTY,Grade 10,809
2014-2015,15,VAL VERDE COUNTY,Grade 11,719
2014-2015,15,VAL VERDE COUNTY,Grade 12,660
2014-2015,7,VAN ZANDT COUNTY/07,Early Education,5
2014-2015,7,VAN ZANDT COUNTY/07,Pre-kindergarten,218
2014-2015,7,VAN ZANDT COUNTY/07,Kindergarten,359
2014-2015,7,VAN ZANDT COUNTY/07,Grade  1,374
2014-2015,7,VAN ZANDT COUNTY/07,Grade  2,391
2014-2015,7,VAN ZANDT COUNTY/07,Grade  3,359
2014-2015,7,VAN ZANDT COUNTY/07,Grade  4,367
2014-2015,7,VAN ZANDT COUNTY/07,Grade  5,375
2014-2015,7,VAN ZANDT COUNTY/07,Grade  6,369
2014-2015,7,VAN ZANDT COUNTY/07,Grade  7,415
2014-2015,7,VAN ZANDT COUNTY/07,Grade  8,417
2014-2015,7,VAN ZANDT COUNTY/07,Grade  9,478
2014-2015,7,VAN ZANDT COUNTY/07,Grade 10,432
2014-2015,7,VAN ZANDT COUNTY/07,Grade 11,434
2014-2015,7,VAN ZANDT COUNTY/07,Grade 12,382
2014-2015,10,VAN ZANDT COUNTY/10,Early Education,8
2014-2015,10,VAN ZANDT COUNTY/10,Pre-kindergarten,137
2014-2015,10,VAN ZANDT COUNTY/10,Kindergarten,347
2014-2015,10,VAN ZANDT COUNTY/10,Grade  1,342
2014-2015,10,VAN ZANDT COUNTY/10,Grade  2,353
2014-2015,10,VAN ZANDT COUNTY/10,Grade  3,342
2014-2015,10,VAN ZANDT COUNTY/10,Grade  4,303
2014-2015,10,VAN ZANDT COUNTY/10,Grade  5,312
2014-2015,10,VAN ZANDT COUNTY/10,Grade  6,311
2014-2015,10,VAN ZANDT COUNTY/10,Grade  7,357
2014-2015,10,VAN ZANDT COUNTY/10,Grade  8,362
2014-2015,10,VAN ZANDT COUNTY/10,Grade  9,398
2014-2015,10,VAN ZANDT COUNTY/10,Grade 10,348
2014-2015,10,VAN ZANDT COUNTY/10,Grade 11,285
2014-2015,10,VAN ZANDT COUNTY/10,Grade 12,288
2014-2015,AL,VAN ZANDT COUNTY/ALL,Early Education,13
2014-2015,AL,VAN ZANDT COUNTY/ALL,Pre-kindergarten,355
2014-2015,AL,VAN ZANDT COUNTY/ALL,Kindergarten,706
2014-2015,AL,VAN ZANDT COUNTY/ALL,Grade  1,716
2014-2015,AL,VAN ZANDT COUNTY/ALL,Grade  2,744
2014-2015,AL,VAN ZANDT COUNTY/ALL,Grade  3,701
2014-2015,AL,VAN ZANDT COUNTY/ALL,Grade  4,670
2014-2015,AL,VAN ZANDT COUNTY/ALL,Grade  5,687
2014-2015,AL,VAN ZANDT COUNTY/ALL,Grade  6,680
2014-2015,AL,VAN ZANDT COUNTY/ALL,Grade  7,772
2014-2015,AL,VAN ZANDT COUNTY/ALL,Grade  8,779
2014-2015,AL,VAN ZANDT COUNTY/ALL,Grade  9,876
2014-2015,AL,VAN ZANDT COUNTY/ALL,Grade 10,780
2014-2015,AL,VAN ZANDT COUNTY/ALL,Grade 11,719
2014-2015,AL,VAN ZANDT COUNTY/ALL,Grade 12,670
2014-2015,3,VICTORIA COUNTY,Early Education,85
2014-2015,3,VICTORIA COUNTY,Pre-kindergarten,607
2014-2015,3,VICTORIA COUNTY,Kindergarten,1218
2014-2015,3,VICTORIA COUNTY,Grade  1,1327
2014-2015,3,VICTORIA COUNTY,Grade  2,1293
2014-2015,3,VICTORIA COUNTY,Grade  3,1202
2014-2015,3,VICTORIA COUNTY,Grade  4,1211
2014-2015,3,VICTORIA COUNTY,Grade  5,1168
2014-2015,3,VICTORIA COUNTY,Grade  6,1109
2014-2015,3,VICTORIA COUNTY,Grade  7,1106
2014-2015,3,VICTORIA COUNTY,Grade  8,1142
2014-2015,3,VICTORIA COUNTY,Grade  9,1265
2014-2015,3,VICTORIA COUNTY,Grade 10,1118
2014-2015,3,VICTORIA COUNTY,Grade 11,874
2014-2015,3,VICTORIA COUNTY,Grade 12,798
2014-2015,6,WALKER COUNTY,Early Education,57
2014-2015,6,WALKER COUNTY,Pre-kindergarten,369
2014-2015,6,WALKER COUNTY,Kindergarten,583
2014-2015,6,WALKER COUNTY,Grade  1,564
2014-2015,6,WALKER COUNTY,Grade  2,580
2014-2015,6,WALKER COUNTY,Grade  3,558
2014-2015,6,WALKER COUNTY,Grade  4,536
2014-2015,6,WALKER COUNTY,Grade  5,532
2014-2015,6,WALKER COUNTY,Grade  6,543
2014-2015,6,WALKER COUNTY,Grade  7,599
2014-2015,6,WALKER COUNTY,Grade  8,572
2014-2015,6,WALKER COUNTY,Grade  9,721
2014-2015,6,WALKER COUNTY,Grade 10,529
2014-2015,6,WALKER COUNTY,Grade 11,515
2014-2015,6,WALKER COUNTY,Grade 12,477
2014-2015,4,WALLER COUNTY,Early Education,28
2014-2015,4,WALLER COUNTY,Pre-kindergarten,449
2014-2015,4,WALLER COUNTY,Kindergarten,796
2014-2015,4,WALLER COUNTY,Grade  1,829
2014-2015,4,WALLER COUNTY,Grade  2,852
2014-2015,4,WALLER COUNTY,Grade  3,770
2014-2015,4,WALLER COUNTY,Grade  4,714
2014-2015,4,WALLER COUNTY,Grade  5,698
2014-2015,4,WALLER COUNTY,Grade  6,690
2014-2015,4,WALLER COUNTY,Grade  7,735
2014-2015,4,WALLER COUNTY,Grade  8,760
2014-2015,4,WALLER COUNTY,Grade  9,819
2014-2015,4,WALLER COUNTY,Grade 10,702
2014-2015,4,WALLER COUNTY,Grade 11,588
2014-2015,4,WALLER COUNTY,Grade 12,512
2014-2015,18,WARD COUNTY,Early Education,9
2014-2015,18,WARD COUNTY,Pre-kindergarten,62
2014-2015,18,WARD COUNTY,Kindergarten,201
2014-2015,18,WARD COUNTY,Grade  1,219
2014-2015,18,WARD COUNTY,Grade  2,209
2014-2015,18,WARD COUNTY,Grade  3,179
2014-2015,18,WARD COUNTY,Grade  4,185
2014-2015,18,WARD COUNTY,Grade  5,203
2014-2015,18,WARD COUNTY,Grade  6,175
2014-2015,18,WARD COUNTY,Grade  7,187
2014-2015,18,WARD COUNTY,Grade  8,177
2014-2015,18,WARD COUNTY,Grade  9,187
2014-2015,18,WARD COUNTY,Grade 10,168
2014-2015,18,WARD COUNTY,Grade 11,128
2014-2015,18,WARD COUNTY,Grade 12,124
2014-2015,6,WASHINGTON COUNTY,Early Education,25
2014-2015,6,WASHINGTON COUNTY,Pre-kindergarten,258
2014-2015,6,WASHINGTON COUNTY,Kindergarten,379
2014-2015,6,WASHINGTON COUNTY,Grade  1,377
2014-2015,6,WASHINGTON COUNTY,Grade  2,393
2014-2015,6,WASHINGTON COUNTY,Grade  3,356
2014-2015,6,WASHINGTON COUNTY,Grade  4,390
2014-2015,6,WASHINGTON COUNTY,Grade  5,380
2014-2015,6,WASHINGTON COUNTY,Grade  6,358
2014-2015,6,WASHINGTON COUNTY,Grade  7,392
2014-2015,6,WASHINGTON COUNTY,Grade  8,422
2014-2015,6,WASHINGTON COUNTY,Grade  9,437
2014-2015,6,WASHINGTON COUNTY,Grade 10,396
2014-2015,6,WASHINGTON COUNTY,Grade 11,360
2014-2015,6,WASHINGTON COUNTY,Grade 12,358
2014-2015,1,WEBB COUNTY,Early Education,108
2014-2015,1,WEBB COUNTY,Pre-kindergarten,3837
2014-2015,1,WEBB COUNTY,Kindergarten,4835
2014-2015,1,WEBB COUNTY,Grade  1,5424
2014-2015,1,WEBB COUNTY,Grade  2,5270
2014-2015,1,WEBB COUNTY,Grade  3,5135
2014-2015,1,WEBB COUNTY,Grade  4,5032
2014-2015,1,WEBB COUNTY,Grade  5,4964
2014-2015,1,WEBB COUNTY,Grade  6,4825
2014-2015,1,WEBB COUNTY,Grade  7,5102
2014-2015,1,WEBB COUNTY,Grade  8,5058
2014-2015,1,WEBB COUNTY,Grade  9,5692
2014-2015,1,WEBB COUNTY,Grade 10,4946
2014-2015,1,WEBB COUNTY,Grade 11,4239
2014-2015,1,WEBB COUNTY,Grade 12,4343
2014-2015,3,WHARTON COUNTY,Early Education,38
2014-2015,3,WHARTON COUNTY,Pre-kindergarten,307
2014-2015,3,WHARTON COUNTY,Kindergarten,573
2014-2015,3,WHARTON COUNTY,Grade  1,624
2014-2015,3,WHARTON COUNTY,Grade  2,667
2014-2015,3,WHARTON COUNTY,Grade  3,651
2014-2015,3,WHARTON COUNTY,Grade  4,656
2014-2015,3,WHARTON COUNTY,Grade  5,632
2014-2015,3,WHARTON COUNTY,Grade  6,637
2014-2015,3,WHARTON COUNTY,Grade  7,646
2014-2015,3,WHARTON COUNTY,Grade  8,643
2014-2015,3,WHARTON COUNTY,Grade  9,685
2014-2015,3,WHARTON COUNTY,Grade 10,631
2014-2015,3,WHARTON COUNTY,Grade 11,513
2014-2015,3,WHARTON COUNTY,Grade 12,502
2014-2015,16,WHEELER COUNTY,Early Education,-9999999
2014-2015,16,WHEELER COUNTY,Pre-kindergarten,95
2014-2015,16,WHEELER COUNTY,Kindergarten,97
2014-2015,16,WHEELER COUNTY,Grade  1,89
2014-2015,16,WHEELER COUNTY,Grade  2,84
2014-2015,16,WHEELER COUNTY,Grade  3,85
2014-2015,16,WHEELER COUNTY,Grade  4,92
2014-2015,16,WHEELER COUNTY,Grade  5,91
2014-2015,16,WHEELER COUNTY,Grade  6,94
2014-2015,16,WHEELER COUNTY,Grade  7,87
2014-2015,16,WHEELER COUNTY,Grade  8,77
2014-2015,16,WHEELER COUNTY,Grade  9,74
2014-2015,16,WHEELER COUNTY,Grade 10,94
2014-2015,16,WHEELER COUNTY,Grade 11,73
2014-2015,16,WHEELER COUNTY,Grade 12,88
2014-2015,9,WICHITA COUNTY,Early Education,121
2014-2015,9,WICHITA COUNTY,Pre-kindergarten,1261
2014-2015,9,WICHITA COUNTY,Kindergarten,1630
2014-2015,9,WICHITA COUNTY,Grade  1,1671
2014-2015,9,WICHITA COUNTY,Grade  2,1627
2014-2015,9,WICHITA COUNTY,Grade  3,1531
2014-2015,9,WICHITA COUNTY,Grade  4,1460
2014-2015,9,WICHITA COUNTY,Grade  5,1560
2014-2015,9,WICHITA COUNTY,Grade  6,1403
2014-2015,9,WICHITA COUNTY,Grade  7,1487
2014-2015,9,WICHITA COUNTY,Grade  8,1450
2014-2015,9,WICHITA COUNTY,Grade  9,1422
2014-2015,9,WICHITA COUNTY,Grade 10,1401
2014-2015,9,WICHITA COUNTY,Grade 11,1413
2014-2015,9,WICHITA COUNTY,Grade 12,1319
2014-2015,9,WILBARGER COUNTY,Early Education,13
2014-2015,9,WILBARGER COUNTY,Pre-kindergarten,69
2014-2015,9,WILBARGER COUNTY,Kindergarten,195
2014-2015,9,WILBARGER COUNTY,Grade  1,195
2014-2015,9,WILBARGER COUNTY,Grade  2,172
2014-2015,9,WILBARGER COUNTY,Grade  3,202
2014-2015,9,WILBARGER COUNTY,Grade  4,199
2014-2015,9,WILBARGER COUNTY,Grade  5,185
2014-2015,9,WILBARGER COUNTY,Grade  6,194
2014-2015,9,WILBARGER COUNTY,Grade  7,180
2014-2015,9,WILBARGER COUNTY,Grade  8,186
2014-2015,9,WILBARGER COUNTY,Grade  9,202
2014-2015,9,WILBARGER COUNTY,Grade 10,162
2014-2015,9,WILBARGER COUNTY,Grade 11,159
2014-2015,9,WILBARGER COUNTY,Grade 12,147
2014-2015,1,WILLACY COUNTY,Early Education,8
2014-2015,1,WILLACY COUNTY,Pre-kindergarten,224
2014-2015,1,WILLACY COUNTY,Kindergarten,300
2014-2015,1,WILLACY COUNTY,Grade  1,343
2014-2015,1,WILLACY COUNTY,Grade  2,333
2014-2015,1,WILLACY COUNTY,Grade  3,332
2014-2015,1,WILLACY COUNTY,Grade  4,347
2014-2015,1,WILLACY COUNTY,Grade  5,327
2014-2015,1,WILLACY COUNTY,Grade  6,327
2014-2015,1,WILLACY COUNTY,Grade  7,350
2014-2015,1,WILLACY COUNTY,Grade  8,326
2014-2015,1,WILLACY COUNTY,Grade  9,303
2014-2015,1,WILLACY COUNTY,Grade 10,312
2014-2015,1,WILLACY COUNTY,Grade 11,269
2014-2015,1,WILLACY COUNTY,Grade 12,315
2014-2015,13,WILLIAMSON COUNTY,Early Education,751
2014-2015,13,WILLIAMSON COUNTY,Pre-kindergarten,1937
2014-2015,13,WILLIAMSON COUNTY,Kindergarten,7920
2014-2015,13,WILLIAMSON COUNTY,Grade  1,8397
2014-2015,13,WILLIAMSON COUNTY,Grade  2,8402
2014-2015,13,WILLIAMSON COUNTY,Grade  3,8400
2014-2015,13,WILLIAMSON COUNTY,Grade  4,8640
2014-2015,13,WILLIAMSON COUNTY,Grade  5,8753
2014-2015,13,WILLIAMSON COUNTY,Grade  6,8503
2014-2015,13,WILLIAMSON COUNTY,Grade  7,8549
2014-2015,13,WILLIAMSON COUNTY,Grade  8,8631
2014-2015,13,WILLIAMSON COUNTY,Grade  9,8947
2014-2015,13,WILLIAMSON COUNTY,Grade 10,8416
2014-2015,13,WILLIAMSON COUNTY,Grade 11,7898
2014-2015,13,WILLIAMSON COUNTY,Grade 12,7181
2014-2015,20,WILSON COUNTY,Early Education,34
2014-2015,20,WILSON COUNTY,Pre-kindergarten,254
2014-2015,20,WILSON COUNTY,Kindergarten,596
2014-2015,20,WILSON COUNTY,Grade  1,594
2014-2015,20,WILSON COUNTY,Grade  2,675
2014-2015,20,WILSON COUNTY,Grade  3,598
2014-2015,20,WILSON COUNTY,Grade  4,615
2014-2015,20,WILSON COUNTY,Grade  5,638
2014-2015,20,WILSON COUNTY,Grade  6,660
2014-2015,20,WILSON COUNTY,Grade  7,691
2014-2015,20,WILSON COUNTY,Grade  8,715
2014-2015,20,WILSON COUNTY,Grade  9,783
2014-2015,20,WILSON COUNTY,Grade 10,703
2014-2015,20,WILSON COUNTY,Grade 11,623
2014-2015,20,WILSON COUNTY,Grade 12,621
2014-2015,18,WINKLER COUNTY,Early Education,9
2014-2015,18,WINKLER COUNTY,Pre-kindergarten,73
2014-2015,18,WINKLER COUNTY,Kindergarten,159
2014-2015,18,WINKLER COUNTY,Grade  1,181
2014-2015,18,WINKLER COUNTY,Grade  2,164
2014-2015,18,WINKLER COUNTY,Grade  3,137
2014-2015,18,WINKLER COUNTY,Grade  4,148
2014-2015,18,WINKLER COUNTY,Grade  5,121
2014-2015,18,WINKLER COUNTY,Grade  6,146
2014-2015,18,WINKLER COUNTY,Grade  7,126
2014-2015,18,WINKLER COUNTY,Grade  8,128
2014-2015,18,WINKLER COUNTY,Grade  9,129
2014-2015,18,WINKLER COUNTY,Grade 10,112
2014-2015,18,WINKLER COUNTY,Grade 11,113
2014-2015,18,WINKLER COUNTY,Grade 12,117
2014-2015,11,WISE COUNTY,Early Education,17
2014-2015,11,WISE COUNTY,Pre-kindergarten,299
2014-2015,11,WISE COUNTY,Kindergarten,634
2014-2015,11,WISE COUNTY,Grade  1,682
2014-2015,11,WISE COUNTY,Grade  2,676
2014-2015,11,WISE COUNTY,Grade  3,619
2014-2015,11,WISE COUNTY,Grade  4,632
2014-2015,11,WISE COUNTY,Grade  5,608
2014-2015,11,WISE COUNTY,Grade  6,672
2014-2015,11,WISE COUNTY,Grade  7,671
2014-2015,11,WISE COUNTY,Grade  8,713
2014-2015,11,WISE COUNTY,Grade  9,725
2014-2015,11,WISE COUNTY,Grade 10,653
2014-2015,11,WISE COUNTY,Grade 11,679
2014-2015,11,WISE COUNTY,Grade 12,633
2014-2015,7,WOOD COUNTY,Early Education,-9999999
2014-2015,7,WOOD COUNTY,Pre-kindergarten,257
2014-2015,7,WOOD COUNTY,Kindergarten,466
2014-2015,7,WOOD COUNTY,Grade  1,465
2014-2015,7,WOOD COUNTY,Grade  2,445
2014-2015,7,WOOD COUNTY,Grade  3,456
2014-2015,7,WOOD COUNTY,Grade  4,485
2014-2015,7,WOOD COUNTY,Grade  5,473
2014-2015,7,WOOD COUNTY,Grade  6,450
2014-2015,7,WOOD COUNTY,Grade  7,426
2014-2015,7,WOOD COUNTY,Grade  8,476
2014-2015,7,WOOD COUNTY,Grade  9,469
2014-2015,7,WOOD COUNTY,Grade 10,432
2014-2015,7,WOOD COUNTY,Grade 11,401
2014-2015,7,WOOD COUNTY,Grade 12,376
2014-2015,17,YOAKUM COUNTY,Early Education,6
2014-2015,17,YOAKUM COUNTY,Pre-kindergarten,130
2014-2015,17,YOAKUM COUNTY,Kindergarten,166
2014-2015,17,YOAKUM COUNTY,Grade  1,191
2014-2015,17,YOAKUM COUNTY,Grade  2,183
2014-2015,17,YOAKUM COUNTY,Grade  3,149
2014-2015,17,YOAKUM COUNTY,Grade  4,171
2014-2015,17,YOAKUM COUNTY,Grade  5,153
2014-2015,17,YOAKUM COUNTY,Grade  6,161
2014-2015,17,YOAKUM COUNTY,Grade  7,135
2014-2015,17,YOAKUM COUNTY,Grade  8,159
2014-2015,17,YOAKUM COUNTY,Grade  9,182
2014-2015,17,YOAKUM COUNTY,Grade 10,161
2014-2015,17,YOAKUM COUNTY,Grade 11,143
2014-2015,17,YOAKUM COUNTY,Grade 12,125
2014-2015,9,YOUNG COUNTY,Early Education,26
2014-2015,9,YOUNG COUNTY,Pre-kindergarten,128
2014-2015,9,YOUNG COUNTY,Kindergarten,285
2014-2015,9,YOUNG COUNTY,Grade  1,278
2014-2015,9,YOUNG COUNTY,Grade  2,229
2014-2015,9,YOUNG COUNTY,Grade  3,244
2014-2015,9,YOUNG COUNTY,Grade  4,237
2014-2015,9,YOUNG COUNTY,Grade  5,265
2014-2015,9,YOUNG COUNTY,Grade  6,246
2014-2015,9,YOUNG COUNTY,Grade  7,265
2014-2015,9,YOUNG COUNTY,Grade  8,247
2014-2015,9,YOUNG COUNTY,Grade  9,294
2014-2015,9,YOUNG COUNTY,Grade 10,242
2014-2015,9,YOUNG COUNTY,Grade 11,237
2014-2015,9,YOUNG COUNTY,Grade 12,211
2014-2015,1,ZAPATA COUNTY,Early Education,8
2014-2015,1,ZAPATA COUNTY,Pre-kindergarten,234
2014-2015,1,ZAPATA COUNTY,Kindergarten,301
2014-2015,1,ZAPATA COUNTY,Grade  1,316
2014-2015,1,ZAPATA COUNTY,Grade  2,290
2014-2015,1,ZAPATA COUNTY,Grade  3,291
2014-2015,1,ZAPATA COUNTY,Grade  4,268
2014-2015,1,ZAPATA COUNTY,Grade  5,281
2014-2015,1,ZAPATA COUNTY,Grade  6,246
2014-2015,1,ZAPATA COUNTY,Grade  7,243
2014-2015,1,ZAPATA COUNTY,Grade  8,247
2014-2015,1,ZAPATA COUNTY,Grade  9,253
2014-2015,1,ZAPATA COUNTY,Grade 10,256
2014-2015,1,ZAPATA COUNTY,Grade 11,240
2014-2015,1,ZAPATA COUNTY,Grade 12,226
2014-2015,20,ZAVALA COUNTY,Early Education,57
2014-2015,20,ZAVALA COUNTY,Pre-kindergarten,147
2014-2015,20,ZAVALA COUNTY,Kindergarten,207
2014-2015,20,ZAVALA COUNTY,Grade  1,203
2014-2015,20,ZAVALA COUNTY,Grade  2,193
2014-2015,20,ZAVALA COUNTY,Grade  3,185
2014-2015,20,ZAVALA COUNTY,Grade  4,194
2014-2015,20,ZAVALA COUNTY,Grade  5,167
2014-2015,20,ZAVALA COUNTY,Grade  6,176
2014-2015,20,ZAVALA COUNTY,Grade  7,197
2014-2015,20,ZAVALA COUNTY,Grade  8,187
2014-2015,20,ZAVALA COUNTY,Grade  9,179
2014-2015,20,ZAVALA COUNTY,Grade 10,185
2014-2015,20,ZAVALA COUNTY,Grade 11,155
2014-2015,20,ZAVALA COUNTY,Grade 12,123
,,,,
"STUDENT COUNTS LESS THAN 5 BUT NOT 0 AND RELATED INFORMATION ARE MASKED WITH """"-9999999"""" IN COMPLIANCE WITH FERPA.",,,,
