T E X A S  E D U C A T I O N  A G E N C Y,,,,
,,,,
PEIMS Student Enrollment Data for 2020-2021,,,,
,,,,
YEAR,REGION,COUNTY NAME,GRADE,ENROLLMENT
2020-2021,7,ANDERSON COUNTY,Early Education,7
2020-2021,7,ANDERSON COUNTY,Pre-kindergarten,408
2020-2021,7,ANDERSON COUNTY,Kindergarten,535
2020-2021,7,ANDERSON COUNTY,Grade 1,581
2020-2021,7,ANDERSON COUNTY,Grade 2,562
2020-2021,7,ANDERSON COUNTY,Grade 3,523
2020-2021,7,ANDERSON COUNTY,Grade 4,565
2020-2021,7,ANDERSON COUNTY,Grade 5,559
2020-2021,7,ANDERSON COUNTY,Grade 6,629
2020-2021,7,ANDERSON COUNTY,Grade 7,599
2020-2021,7,ANDERSON COUNTY,Grade 8,593
2020-2021,7,ANDERSON COUNTY,Grade 9,638
2020-2021,7,ANDERSON COUNTY,Grade 10,625
2020-2021,7,ANDERSON COUNTY,Grade 11,615
2020-2021,7,ANDERSON COUNTY,Grade 12,522
2020-2021,18,ANDREWS COUNTY,Early Education,9
2020-2021,18,ANDREWS COUNTY,Pre-kindergarten,82
2020-2021,18,ANDREWS COUNTY,Kindergarten,324
2020-2021,18,ANDREWS COUNTY,Grade 1,294
2020-2021,18,ANDREWS COUNTY,Grade 2,332
2020-2021,18,ANDREWS COUNTY,Grade 3,317
2020-2021,18,ANDREWS COUNTY,Grade 4,292
2020-2021,18,ANDREWS COUNTY,Grade 5,284
2020-2021,18,ANDREWS COUNTY,Grade 6,330
2020-2021,18,ANDREWS COUNTY,Grade 7,318
2020-2021,18,ANDREWS COUNTY,Grade 8,343
2020-2021,18,ANDREWS COUNTY,Grade 9,322
2020-2021,18,ANDREWS COUNTY,Grade 10,315
2020-2021,18,ANDREWS COUNTY,Grade 11,295
2020-2021,18,ANDREWS COUNTY,Grade 12,271
2020-2021,7,ANGELINA COUNTY,Early Education,48
2020-2021,7,ANGELINA COUNTY,Pre-kindergarten,708
2020-2021,7,ANGELINA COUNTY,Kindergarten,1140
2020-2021,7,ANGELINA COUNTY,Grade 1,1206
2020-2021,7,ANGELINA COUNTY,Grade 2,1183
2020-2021,7,ANGELINA COUNTY,Grade 3,1188
2020-2021,7,ANGELINA COUNTY,Grade 4,1126
2020-2021,7,ANGELINA COUNTY,Grade 5,1127
2020-2021,7,ANGELINA COUNTY,Grade 6,1216
2020-2021,7,ANGELINA COUNTY,Grade 7,1264
2020-2021,7,ANGELINA COUNTY,Grade 8,1306
2020-2021,7,ANGELINA COUNTY,Grade 9,1263
2020-2021,7,ANGELINA COUNTY,Grade 10,1204
2020-2021,7,ANGELINA COUNTY,Grade 11,1218
2020-2021,7,ANGELINA COUNTY,Grade 12,1035
2020-2021,2,ARANSAS COUNTY,Early Education,6
2020-2021,2,ARANSAS COUNTY,Pre-kindergarten,129
2020-2021,2,ARANSAS COUNTY,Kindergarten,159
2020-2021,2,ARANSAS COUNTY,Grade 1,216
2020-2021,2,ARANSAS COUNTY,Grade 2,195
2020-2021,2,ARANSAS COUNTY,Grade 3,213
2020-2021,2,ARANSAS COUNTY,Grade 4,213
2020-2021,2,ARANSAS COUNTY,Grade 5,249
2020-2021,2,ARANSAS COUNTY,Grade 6,219
2020-2021,2,ARANSAS COUNTY,Grade 7,258
2020-2021,2,ARANSAS COUNTY,Grade 8,232
2020-2021,2,ARANSAS COUNTY,Grade 9,243
2020-2021,2,ARANSAS COUNTY,Grade 10,261
2020-2021,2,ARANSAS COUNTY,Grade 11,262
2020-2021,2,ARANSAS COUNTY,Grade 12,155
2020-2021,9,ARCHER COUNTY,Early Education,3
2020-2021,9,ARCHER COUNTY,Pre-kindergarten,94
2020-2021,9,ARCHER COUNTY,Kindergarten,154
2020-2021,9,ARCHER COUNTY,Grade 1,133
2020-2021,9,ARCHER COUNTY,Grade 2,142
2020-2021,9,ARCHER COUNTY,Grade 3,137
2020-2021,9,ARCHER COUNTY,Grade 4,138
2020-2021,9,ARCHER COUNTY,Grade 5,127
2020-2021,9,ARCHER COUNTY,Grade 6,158
2020-2021,9,ARCHER COUNTY,Grade 7,158
2020-2021,9,ARCHER COUNTY,Grade 8,161
2020-2021,9,ARCHER COUNTY,Grade 9,154
2020-2021,9,ARCHER COUNTY,Grade 10,151
2020-2021,9,ARCHER COUNTY,Grade 11,163
2020-2021,9,ARCHER COUNTY,Grade 12,132
2020-2021,16,ARMSTRONG COUNTY,Early Education,2
2020-2021,16,ARMSTRONG COUNTY,Pre-kindergarten,14
2020-2021,16,ARMSTRONG COUNTY,Kindergarten,19
2020-2021,16,ARMSTRONG COUNTY,Grade 1,20
2020-2021,16,ARMSTRONG COUNTY,Grade 2,32
2020-2021,16,ARMSTRONG COUNTY,Grade 3,19
2020-2021,16,ARMSTRONG COUNTY,Grade 4,25
2020-2021,16,ARMSTRONG COUNTY,Grade 5,25
2020-2021,16,ARMSTRONG COUNTY,Grade 6,27
2020-2021,16,ARMSTRONG COUNTY,Grade 7,22
2020-2021,16,ARMSTRONG COUNTY,Grade 8,22
2020-2021,16,ARMSTRONG COUNTY,Grade 9,25
2020-2021,16,ARMSTRONG COUNTY,Grade 10,25
2020-2021,16,ARMSTRONG COUNTY,Grade 11,17
2020-2021,16,ARMSTRONG COUNTY,Grade 12,22
2020-2021,20,ATASCOSA COUNTY,Early Education,35
2020-2021,20,ATASCOSA COUNTY,Pre-kindergarten,361
2020-2021,20,ATASCOSA COUNTY,Kindergarten,627
2020-2021,20,ATASCOSA COUNTY,Grade 1,605
2020-2021,20,ATASCOSA COUNTY,Grade 2,640
2020-2021,20,ATASCOSA COUNTY,Grade 3,629
2020-2021,20,ATASCOSA COUNTY,Grade 4,644
2020-2021,20,ATASCOSA COUNTY,Grade 5,663
2020-2021,20,ATASCOSA COUNTY,Grade 6,712
2020-2021,20,ATASCOSA COUNTY,Grade 7,657
2020-2021,20,ATASCOSA COUNTY,Grade 8,721
2020-2021,20,ATASCOSA COUNTY,Grade 9,682
2020-2021,20,ATASCOSA COUNTY,Grade 10,627
2020-2021,20,ATASCOSA COUNTY,Grade 11,638
2020-2021,20,ATASCOSA COUNTY,Grade 12,540
2020-2021,6,AUSTIN COUNTY,Early Education,32
2020-2021,6,AUSTIN COUNTY,Pre-kindergarten,174
2020-2021,6,AUSTIN COUNTY,Kindergarten,412
2020-2021,6,AUSTIN COUNTY,Grade 1,369
2020-2021,6,AUSTIN COUNTY,Grade 2,384
2020-2021,6,AUSTIN COUNTY,Grade 3,424
2020-2021,6,AUSTIN COUNTY,Grade 4,382
2020-2021,6,AUSTIN COUNTY,Grade 5,450
2020-2021,6,AUSTIN COUNTY,Grade 6,451
2020-2021,6,AUSTIN COUNTY,Grade 7,477
2020-2021,6,AUSTIN COUNTY,Grade 8,476
2020-2021,6,AUSTIN COUNTY,Grade 9,450
2020-2021,6,AUSTIN COUNTY,Grade 10,450
2020-2021,6,AUSTIN COUNTY,Grade 11,445
2020-2021,6,AUSTIN COUNTY,Grade 12,429
2020-2021,17,BAILEY COUNTY,Early Education,12
2020-2021,17,BAILEY COUNTY,Pre-kindergarten,62
2020-2021,17,BAILEY COUNTY,Kindergarten,100
2020-2021,17,BAILEY COUNTY,Grade 1,87
2020-2021,17,BAILEY COUNTY,Grade 2,84
2020-2021,17,BAILEY COUNTY,Grade 3,95
2020-2021,17,BAILEY COUNTY,Grade 4,116
2020-2021,17,BAILEY COUNTY,Grade 5,92
2020-2021,17,BAILEY COUNTY,Grade 6,113
2020-2021,17,BAILEY COUNTY,Grade 7,104
2020-2021,17,BAILEY COUNTY,Grade 8,110
2020-2021,17,BAILEY COUNTY,Grade 9,102
2020-2021,17,BAILEY COUNTY,Grade 10,97
2020-2021,17,BAILEY COUNTY,Grade 11,87
2020-2021,17,BAILEY COUNTY,Grade 12,76
2020-2021,20,BANDERA COUNTY,Early Education,12
2020-2021,20,BANDERA COUNTY,Pre-kindergarten,96
2020-2021,20,BANDERA COUNTY,Kindergarten,179
2020-2021,20,BANDERA COUNTY,Grade 1,182
2020-2021,20,BANDERA COUNTY,Grade 2,179
2020-2021,20,BANDERA COUNTY,Grade 3,176
2020-2021,20,BANDERA COUNTY,Grade 4,174
2020-2021,20,BANDERA COUNTY,Grade 5,163
2020-2021,20,BANDERA COUNTY,Grade 6,202
2020-2021,20,BANDERA COUNTY,Grade 7,201
2020-2021,20,BANDERA COUNTY,Grade 8,189
2020-2021,20,BANDERA COUNTY,Grade 9,225
2020-2021,20,BANDERA COUNTY,Grade 10,182
2020-2021,20,BANDERA COUNTY,Grade 11,177
2020-2021,20,BANDERA COUNTY,Grade 12,155
2020-2021,13,BASTROP COUNTY,Early Education,70
2020-2021,13,BASTROP COUNTY,Pre-kindergarten,601
2020-2021,13,BASTROP COUNTY,Kindergarten,1214
2020-2021,13,BASTROP COUNTY,Grade 1,1285
2020-2021,13,BASTROP COUNTY,Grade 2,1212
2020-2021,13,BASTROP COUNTY,Grade 3,1159
2020-2021,13,BASTROP COUNTY,Grade 4,1297
2020-2021,13,BASTROP COUNTY,Grade 5,1279
2020-2021,13,BASTROP COUNTY,Grade 6,1399
2020-2021,13,BASTROP COUNTY,Grade 7,1434
2020-2021,13,BASTROP COUNTY,Grade 8,1488
2020-2021,13,BASTROP COUNTY,Grade 9,1625
2020-2021,13,BASTROP COUNTY,Grade 10,1448
2020-2021,13,BASTROP COUNTY,Grade 11,1357
2020-2021,13,BASTROP COUNTY,Grade 12,1252
2020-2021,9,BAYLOR COUNTY,Early Education,5
2020-2021,9,BAYLOR COUNTY,Pre-kindergarten,32
2020-2021,9,BAYLOR COUNTY,Kindergarten,55
2020-2021,9,BAYLOR COUNTY,Grade 1,40
2020-2021,9,BAYLOR COUNTY,Grade 2,52
2020-2021,9,BAYLOR COUNTY,Grade 3,49
2020-2021,9,BAYLOR COUNTY,Grade 4,39
2020-2021,9,BAYLOR COUNTY,Grade 5,46
2020-2021,9,BAYLOR COUNTY,Grade 6,47
2020-2021,9,BAYLOR COUNTY,Grade 7,47
2020-2021,9,BAYLOR COUNTY,Grade 8,34
2020-2021,9,BAYLOR COUNTY,Grade 9,50
2020-2021,9,BAYLOR COUNTY,Grade 10,48
2020-2021,9,BAYLOR COUNTY,Grade 11,37
2020-2021,9,BAYLOR COUNTY,Grade 12,40
2020-2021,2,BEE COUNTY,Early Education,9
2020-2021,2,BEE COUNTY,Pre-kindergarten,338
2020-2021,2,BEE COUNTY,Kindergarten,361
2020-2021,2,BEE COUNTY,Grade 1,413
2020-2021,2,BEE COUNTY,Grade 2,374
2020-2021,2,BEE COUNTY,Grade 3,331
2020-2021,2,BEE COUNTY,Grade 4,342
2020-2021,2,BEE COUNTY,Grade 5,341
2020-2021,2,BEE COUNTY,Grade 6,376
2020-2021,2,BEE COUNTY,Grade 7,423
2020-2021,2,BEE COUNTY,Grade 8,367
2020-2021,2,BEE COUNTY,Grade 9,391
2020-2021,2,BEE COUNTY,Grade 10,384
2020-2021,2,BEE COUNTY,Grade 11,306
2020-2021,2,BEE COUNTY,Grade 12,287
2020-2021,12,BELL COUNTY,Early Education,314
2020-2021,12,BELL COUNTY,Pre-kindergarten,3429
2020-2021,13,BELL COUNTY,Pre-kindergarten,25
2020-2021,12,BELL COUNTY,Kindergarten,5661
2020-2021,13,BELL COUNTY,Kindergarten,28
2020-2021,12,BELL COUNTY,Grade 1,5732
2020-2021,13,BELL COUNTY,Grade 1,29
2020-2021,12,BELL COUNTY,Grade 2,5797
2020-2021,13,BELL COUNTY,Grade 2,27
2020-2021,12,BELL COUNTY,Grade 3,5578
2020-2021,13,BELL COUNTY,Grade 3,26
2020-2021,12,BELL COUNTY,Grade 4,5471
2020-2021,13,BELL COUNTY,Grade 4,23
2020-2021,12,BELL COUNTY,Grade 5,5431
2020-2021,13,BELL COUNTY,Grade 5,23
2020-2021,12,BELL COUNTY,Grade 6,5593
2020-2021,13,BELL COUNTY,Grade 6,24
2020-2021,12,BELL COUNTY,Grade 7,5641
2020-2021,13,BELL COUNTY,Grade 7,41
2020-2021,12,BELL COUNTY,Grade 8,5591
2020-2021,13,BELL COUNTY,Grade 8,37
2020-2021,12,BELL COUNTY,Grade 9,5824
2020-2021,13,BELL COUNTY,Grade 9,24
2020-2021,20,BELL COUNTY,Grade 9,379
2020-2021,12,BELL COUNTY,Grade 10,5358
2020-2021,13,BELL COUNTY,Grade 10,26
2020-2021,20,BELL COUNTY,Grade 10,564
2020-2021,12,BELL COUNTY,Grade 11,4572
2020-2021,13,BELL COUNTY,Grade 11,23
2020-2021,20,BELL COUNTY,Grade 11,480
2020-2021,12,BELL COUNTY,Grade 12,4500
2020-2021,13,BELL COUNTY,Grade 12,24
2020-2021,20,BELL COUNTY,Grade 12,438
2020-2021,20,BEXAR COUNTY,Early Education,1483
2020-2021,20,BEXAR COUNTY,Pre-kindergarten,13418
2020-2021,20,BEXAR COUNTY,Kindergarten,23369
2020-2021,20,BEXAR COUNTY,Grade 1,24467
2020-2021,20,BEXAR COUNTY,Grade 2,24417
2020-2021,20,BEXAR COUNTY,Grade 3,24500
2020-2021,20,BEXAR COUNTY,Grade 4,25062
2020-2021,20,BEXAR COUNTY,Grade 5,25923
2020-2021,20,BEXAR COUNTY,Grade 6,26366
2020-2021,20,BEXAR COUNTY,Grade 7,26722
2020-2021,20,BEXAR COUNTY,Grade 8,26713
2020-2021,20,BEXAR COUNTY,Grade 9,27717
2020-2021,20,BEXAR COUNTY,Grade 10,26586
2020-2021,20,BEXAR COUNTY,Grade 11,24079
2020-2021,20,BEXAR COUNTY,Grade 12,22454
2020-2021,13,BLANCO COUNTY,Early Education,14
2020-2021,13,BLANCO COUNTY,Pre-kindergarten,25
2020-2021,13,BLANCO COUNTY,Kindergarten,103
2020-2021,13,BLANCO COUNTY,Grade 1,85
2020-2021,13,BLANCO COUNTY,Grade 2,99
2020-2021,13,BLANCO COUNTY,Grade 3,101
2020-2021,13,BLANCO COUNTY,Grade 4,103
2020-2021,13,BLANCO COUNTY,Grade 5,116
2020-2021,13,BLANCO COUNTY,Grade 6,132
2020-2021,13,BLANCO COUNTY,Grade 7,134
2020-2021,13,BLANCO COUNTY,Grade 8,149
2020-2021,13,BLANCO COUNTY,Grade 9,152
2020-2021,13,BLANCO COUNTY,Grade 10,152
2020-2021,13,BLANCO COUNTY,Grade 11,144
2020-2021,13,BLANCO COUNTY,Grade 12,116
2020-2021,17,BORDEN COUNTY,Pre-kindergarten,13
2020-2021,17,BORDEN COUNTY,Kindergarten,17
2020-2021,17,BORDEN COUNTY,Grade 1,18
2020-2021,17,BORDEN COUNTY,Grade 2,17
2020-2021,17,BORDEN COUNTY,Grade 3,9
2020-2021,17,BORDEN COUNTY,Grade 4,14
2020-2021,17,BORDEN COUNTY,Grade 5,18
2020-2021,17,BORDEN COUNTY,Grade 6,20
2020-2021,17,BORDEN COUNTY,Grade 7,19
2020-2021,17,BORDEN COUNTY,Grade 8,15
2020-2021,17,BORDEN COUNTY,Grade 9,21
2020-2021,17,BORDEN COUNTY,Grade 10,14
2020-2021,17,BORDEN COUNTY,Grade 11,15
2020-2021,17,BORDEN COUNTY,Grade 12,21
2020-2021,12,BOSQUE COUNTY,Early Education,19
2020-2021,12,BOSQUE COUNTY,Pre-kindergarten,126
2020-2021,12,BOSQUE COUNTY,Kindergarten,180
2020-2021,12,BOSQUE COUNTY,Grade 1,178
2020-2021,12,BOSQUE COUNTY,Grade 2,198
2020-2021,12,BOSQUE COUNTY,Grade 3,196
2020-2021,12,BOSQUE COUNTY,Grade 4,182
2020-2021,12,BOSQUE COUNTY,Grade 5,188
2020-2021,12,BOSQUE COUNTY,Grade 6,214
2020-2021,12,BOSQUE COUNTY,Grade 7,255
2020-2021,12,BOSQUE COUNTY,Grade 8,235
2020-2021,12,BOSQUE COUNTY,Grade 9,208
2020-2021,12,BOSQUE COUNTY,Grade 10,212
2020-2021,12,BOSQUE COUNTY,Grade 11,183
2020-2021,12,BOSQUE COUNTY,Grade 12,187
2020-2021,8,BOWIE COUNTY,Early Education,60
2020-2021,8,BOWIE COUNTY,Pre-kindergarten,964
2020-2021,8,BOWIE COUNTY,Kindergarten,1300
2020-2021,8,BOWIE COUNTY,Grade 1,1211
2020-2021,8,BOWIE COUNTY,Grade 2,1236
2020-2021,8,BOWIE COUNTY,Grade 3,1275
2020-2021,8,BOWIE COUNTY,Grade 4,1255
2020-2021,8,BOWIE COUNTY,Grade 5,1220
2020-2021,8,BOWIE COUNTY,Grade 6,1296
2020-2021,8,BOWIE COUNTY,Grade 7,1351
2020-2021,8,BOWIE COUNTY,Grade 8,1435
2020-2021,8,BOWIE COUNTY,Grade 9,1417
2020-2021,8,BOWIE COUNTY,Grade 10,1397
2020-2021,8,BOWIE COUNTY,Grade 11,1310
2020-2021,8,BOWIE COUNTY,Grade 12,1204
2020-2021,4,BRAZORIA COUNTY,Early Education,357
2020-2021,4,BRAZORIA COUNTY,Pre-kindergarten,1600
2020-2021,4,BRAZORIA COUNTY,Kindergarten,4592
2020-2021,4,BRAZORIA COUNTY,Grade 1,5090
2020-2021,4,BRAZORIA COUNTY,Grade 2,5050
2020-2021,4,BRAZORIA COUNTY,Grade 3,5163
2020-2021,4,BRAZORIA COUNTY,Grade 4,5212
2020-2021,4,BRAZORIA COUNTY,Grade 5,5485
2020-2021,4,BRAZORIA COUNTY,Grade 6,5704
2020-2021,4,BRAZORIA COUNTY,Grade 7,5814
2020-2021,4,BRAZORIA COUNTY,Grade 8,5677
2020-2021,4,BRAZORIA COUNTY,Grade 9,5976
2020-2021,4,BRAZORIA COUNTY,Grade 10,5664
2020-2021,4,BRAZORIA COUNTY,Grade 11,5419
2020-2021,4,BRAZORIA COUNTY,Grade 12,5152
2020-2021,6,BRAZOS COUNTY,Early Education,167
2020-2021,6,BRAZOS COUNTY,Pre-kindergarten,1068
2020-2021,6,BRAZOS COUNTY,Kindergarten,2278
2020-2021,6,BRAZOS COUNTY,Grade 1,2357
2020-2021,6,BRAZOS COUNTY,Grade 2,2259
2020-2021,6,BRAZOS COUNTY,Grade 3,2232
2020-2021,6,BRAZOS COUNTY,Grade 4,2215
2020-2021,6,BRAZOS COUNTY,Grade 5,2267
2020-2021,6,BRAZOS COUNTY,Grade 6,2296
2020-2021,6,BRAZOS COUNTY,Grade 7,2311
2020-2021,6,BRAZOS COUNTY,Grade 8,2213
2020-2021,6,BRAZOS COUNTY,Grade 9,2412
2020-2021,6,BRAZOS COUNTY,Grade 10,2298
2020-2021,6,BRAZOS COUNTY,Grade 11,2037
2020-2021,6,BRAZOS COUNTY,Grade 12,2033
2020-2021,18,BREWSTER COUNTY,Early Education,7
2020-2021,18,BREWSTER COUNTY,Pre-kindergarten,65
2020-2021,18,BREWSTER COUNTY,Kindergarten,69
2020-2021,18,BREWSTER COUNTY,Grade 1,83
2020-2021,18,BREWSTER COUNTY,Grade 2,65
2020-2021,18,BREWSTER COUNTY,Grade 3,78
2020-2021,18,BREWSTER COUNTY,Grade 4,66
2020-2021,18,BREWSTER COUNTY,Grade 5,79
2020-2021,18,BREWSTER COUNTY,Grade 6,78
2020-2021,18,BREWSTER COUNTY,Grade 7,94
2020-2021,18,BREWSTER COUNTY,Grade 8,87
2020-2021,18,BREWSTER COUNTY,Grade 9,109
2020-2021,18,BREWSTER COUNTY,Grade 10,86
2020-2021,18,BREWSTER COUNTY,Grade 11,92
2020-2021,18,BREWSTER COUNTY,Grade 12,79
2020-2021,16,BRISCOE COUNTY,Early Education,1
2020-2021,16,BRISCOE COUNTY,Pre-kindergarten,8
2020-2021,16,BRISCOE COUNTY,Kindergarten,15
2020-2021,16,BRISCOE COUNTY,Grade 1,11
2020-2021,16,BRISCOE COUNTY,Grade 2,12
2020-2021,16,BRISCOE COUNTY,Grade 3,16
2020-2021,16,BRISCOE COUNTY,Grade 4,16
2020-2021,16,BRISCOE COUNTY,Grade 5,10
2020-2021,16,BRISCOE COUNTY,Grade 6,17
2020-2021,16,BRISCOE COUNTY,Grade 7,12
2020-2021,16,BRISCOE COUNTY,Grade 8,15
2020-2021,16,BRISCOE COUNTY,Grade 9,22
2020-2021,16,BRISCOE COUNTY,Grade 10,11
2020-2021,16,BRISCOE COUNTY,Grade 11,9
2020-2021,16,BRISCOE COUNTY,Grade 12,13
2020-2021,1,BROOKS COUNTY,Early Education,2
2020-2021,1,BROOKS COUNTY,Pre-kindergarten,114
2020-2021,1,BROOKS COUNTY,Kindergarten,83
2020-2021,1,BROOKS COUNTY,Grade 1,107
2020-2021,1,BROOKS COUNTY,Grade 2,87
2020-2021,1,BROOKS COUNTY,Grade 3,123
2020-2021,1,BROOKS COUNTY,Grade 4,93
2020-2021,1,BROOKS COUNTY,Grade 5,95
2020-2021,1,BROOKS COUNTY,Grade 6,100
2020-2021,1,BROOKS COUNTY,Grade 7,124
2020-2021,1,BROOKS COUNTY,Grade 8,119
2020-2021,1,BROOKS COUNTY,Grade 9,114
2020-2021,1,BROOKS COUNTY,Grade 10,92
2020-2021,1,BROOKS COUNTY,Grade 11,100
2020-2021,1,BROOKS COUNTY,Grade 12,85
2020-2021,15,BROWN COUNTY,Early Education,26
2020-2021,15,BROWN COUNTY,Pre-kindergarten,248
2020-2021,15,BROWN COUNTY,Kindergarten,395
2020-2021,15,BROWN COUNTY,Grade 1,445
2020-2021,15,BROWN COUNTY,Grade 2,432
2020-2021,15,BROWN COUNTY,Grade 3,432
2020-2021,15,BROWN COUNTY,Grade 4,432
2020-2021,15,BROWN COUNTY,Grade 5,462
2020-2021,15,BROWN COUNTY,Grade 6,455
2020-2021,15,BROWN COUNTY,Grade 7,521
2020-2021,15,BROWN COUNTY,Grade 8,498
2020-2021,15,BROWN COUNTY,Grade 9,489
2020-2021,15,BROWN COUNTY,Grade 10,505
2020-2021,15,BROWN COUNTY,Grade 11,412
2020-2021,15,BROWN COUNTY,Grade 12,418
2020-2021,6,BURLESON COUNTY,Early Education,7
2020-2021,6,BURLESON COUNTY,Pre-kindergarten,113
2020-2021,6,BURLESON COUNTY,Kindergarten,207
2020-2021,6,BURLESON COUNTY,Grade 1,201
2020-2021,6,BURLESON COUNTY,Grade 2,200
2020-2021,6,BURLESON COUNTY,Grade 3,172
2020-2021,6,BURLESON COUNTY,Grade 4,182
2020-2021,6,BURLESON COUNTY,Grade 5,201
2020-2021,6,BURLESON COUNTY,Grade 6,207
2020-2021,6,BURLESON COUNTY,Grade 7,206
2020-2021,6,BURLESON COUNTY,Grade 8,220
2020-2021,6,BURLESON COUNTY,Grade 9,199
2020-2021,6,BURLESON COUNTY,Grade 10,223
2020-2021,6,BURLESON COUNTY,Grade 11,207
2020-2021,6,BURLESON COUNTY,Grade 12,170
2020-2021,13,BURNET COUNTY,Early Education,29
2020-2021,13,BURNET COUNTY,Pre-kindergarten,282
2020-2021,13,BURNET COUNTY,Kindergarten,487
2020-2021,13,BURNET COUNTY,Grade 1,500
2020-2021,13,BURNET COUNTY,Grade 2,489
2020-2021,13,BURNET COUNTY,Grade 3,480
2020-2021,13,BURNET COUNTY,Grade 4,507
2020-2021,13,BURNET COUNTY,Grade 5,536
2020-2021,13,BURNET COUNTY,Grade 6,527
2020-2021,13,BURNET COUNTY,Grade 7,579
2020-2021,13,BURNET COUNTY,Grade 8,559
2020-2021,13,BURNET COUNTY,Grade 9,623
2020-2021,13,BURNET COUNTY,Grade 10,584
2020-2021,13,BURNET COUNTY,Grade 11,537
2020-2021,13,BURNET COUNTY,Grade 12,493
2020-2021,13,CALDWELL COUNTY,Early Education,38
2020-2021,13,CALDWELL COUNTY,Pre-kindergarten,300
2020-2021,13,CALDWELL COUNTY,Kindergarten,561
2020-2021,13,CALDWELL COUNTY,Grade 1,527
2020-2021,13,CALDWELL COUNTY,Grade 2,526
2020-2021,13,CALDWELL COUNTY,Grade 3,506
2020-2021,13,CALDWELL COUNTY,Grade 4,562
2020-2021,13,CALDWELL COUNTY,Grade 5,534
2020-2021,13,CALDWELL COUNTY,Grade 6,607
2020-2021,13,CALDWELL COUNTY,Grade 7,604
2020-2021,13,CALDWELL COUNTY,Grade 8,643
2020-2021,13,CALDWELL COUNTY,Grade 9,667
2020-2021,13,CALDWELL COUNTY,Grade 10,615
2020-2021,13,CALDWELL COUNTY,Grade 11,537
2020-2021,13,CALDWELL COUNTY,Grade 12,455
2020-2021,3,CALHOUN COUNTY,Early Education,8
2020-2021,3,CALHOUN COUNTY,Pre-kindergarten,175
2020-2021,3,CALHOUN COUNTY,Kindergarten,267
2020-2021,3,CALHOUN COUNTY,Grade 1,288
2020-2021,3,CALHOUN COUNTY,Grade 2,254
2020-2021,3,CALHOUN COUNTY,Grade 3,269
2020-2021,3,CALHOUN COUNTY,Grade 4,263
2020-2021,3,CALHOUN COUNTY,Grade 5,295
2020-2021,3,CALHOUN COUNTY,Grade 6,253
2020-2021,3,CALHOUN COUNTY,Grade 7,283
2020-2021,3,CALHOUN COUNTY,Grade 8,278
2020-2021,3,CALHOUN COUNTY,Grade 9,285
2020-2021,3,CALHOUN COUNTY,Grade 10,242
2020-2021,3,CALHOUN COUNTY,Grade 11,272
2020-2021,3,CALHOUN COUNTY,Grade 12,249
2020-2021,14,CALLAHAN COUNTY,Early Education,10
2020-2021,14,CALLAHAN COUNTY,Pre-kindergarten,113
2020-2021,14,CALLAHAN COUNTY,Kindergarten,207
2020-2021,14,CALLAHAN COUNTY,Grade 1,174
2020-2021,14,CALLAHAN COUNTY,Grade 2,191
2020-2021,14,CALLAHAN COUNTY,Grade 3,178
2020-2021,14,CALLAHAN COUNTY,Grade 4,156
2020-2021,14,CALLAHAN COUNTY,Grade 5,195
2020-2021,14,CALLAHAN COUNTY,Grade 6,197
2020-2021,14,CALLAHAN COUNTY,Grade 7,189
2020-2021,14,CALLAHAN COUNTY,Grade 8,200
2020-2021,14,CALLAHAN COUNTY,Grade 9,205
2020-2021,14,CALLAHAN COUNTY,Grade 10,181
2020-2021,14,CALLAHAN COUNTY,Grade 11,149
2020-2021,14,CALLAHAN COUNTY,Grade 12,150
2020-2021,1,CAMERON COUNTY,Early Education,113
2020-2021,1,CAMERON COUNTY,Pre-kindergarten,5181
2020-2021,1,CAMERON COUNTY,Kindergarten,5361
2020-2021,1,CAMERON COUNTY,Grade 1,5610
2020-2021,1,CAMERON COUNTY,Grade 2,5702
2020-2021,1,CAMERON COUNTY,Grade 3,5936
2020-2021,1,CAMERON COUNTY,Grade 4,6102
2020-2021,1,CAMERON COUNTY,Grade 5,6167
2020-2021,1,CAMERON COUNTY,Grade 6,6422
2020-2021,1,CAMERON COUNTY,Grade 7,7196
2020-2021,1,CAMERON COUNTY,Grade 8,7089
2020-2021,1,CAMERON COUNTY,Grade 9,7804
2020-2021,1,CAMERON COUNTY,Grade 10,7870
2020-2021,1,CAMERON COUNTY,Grade 11,7669
2020-2021,1,CAMERON COUNTY,Grade 12,7312
2020-2021,8,CAMP COUNTY,Early Education,4
2020-2021,8,CAMP COUNTY,Pre-kindergarten,78
2020-2021,8,CAMP COUNTY,Kindergarten,178
2020-2021,8,CAMP COUNTY,Grade 1,199
2020-2021,8,CAMP COUNTY,Grade 2,187
2020-2021,8,CAMP COUNTY,Grade 3,133
2020-2021,8,CAMP COUNTY,Grade 4,151
2020-2021,8,CAMP COUNTY,Grade 5,189
2020-2021,8,CAMP COUNTY,Grade 6,160
2020-2021,8,CAMP COUNTY,Grade 7,217
2020-2021,8,CAMP COUNTY,Grade 8,172
2020-2021,8,CAMP COUNTY,Grade 9,181
2020-2021,8,CAMP COUNTY,Grade 10,184
2020-2021,8,CAMP COUNTY,Grade 11,176
2020-2021,8,CAMP COUNTY,Grade 12,138
2020-2021,16,CARSON COUNTY,Early Education,3
2020-2021,16,CARSON COUNTY,Pre-kindergarten,66
2020-2021,16,CARSON COUNTY,Kindergarten,85
2020-2021,16,CARSON COUNTY,Grade 1,92
2020-2021,16,CARSON COUNTY,Grade 2,79
2020-2021,16,CARSON COUNTY,Grade 3,69
2020-2021,16,CARSON COUNTY,Grade 4,79
2020-2021,16,CARSON COUNTY,Grade 5,85
2020-2021,16,CARSON COUNTY,Grade 6,98
2020-2021,16,CARSON COUNTY,Grade 7,99
2020-2021,16,CARSON COUNTY,Grade 8,92
2020-2021,16,CARSON COUNTY,Grade 9,71
2020-2021,16,CARSON COUNTY,Grade 10,90
2020-2021,16,CARSON COUNTY,Grade 11,78
2020-2021,16,CARSON COUNTY,Grade 12,93
2020-2021,8,CASS COUNTY,Early Education,12
2020-2021,8,CASS COUNTY,Pre-kindergarten,322
2020-2021,8,CASS COUNTY,Kindergarten,400
2020-2021,8,CASS COUNTY,Grade 1,375
2020-2021,8,CASS COUNTY,Grade 2,373
2020-2021,8,CASS COUNTY,Grade 3,375
2020-2021,8,CASS COUNTY,Grade 4,366
2020-2021,8,CASS COUNTY,Grade 5,372
2020-2021,8,CASS COUNTY,Grade 6,385
2020-2021,8,CASS COUNTY,Grade 7,398
2020-2021,8,CASS COUNTY,Grade 8,404
2020-2021,8,CASS COUNTY,Grade 9,407
2020-2021,8,CASS COUNTY,Grade 10,382
2020-2021,8,CASS COUNTY,Grade 11,376
2020-2021,8,CASS COUNTY,Grade 12,393
2020-2021,16,CASTRO COUNTY,Pre-kindergarten,100
2020-2021,16,CASTRO COUNTY,Kindergarten,118
2020-2021,16,CASTRO COUNTY,Grade 1,117
2020-2021,16,CASTRO COUNTY,Grade 2,117
2020-2021,16,CASTRO COUNTY,Grade 3,114
2020-2021,16,CASTRO COUNTY,Grade 4,113
2020-2021,16,CASTRO COUNTY,Grade 5,120
2020-2021,16,CASTRO COUNTY,Grade 6,133
2020-2021,16,CASTRO COUNTY,Grade 7,118
2020-2021,16,CASTRO COUNTY,Grade 8,123
2020-2021,16,CASTRO COUNTY,Grade 9,119
2020-2021,16,CASTRO COUNTY,Grade 10,115
2020-2021,16,CASTRO COUNTY,Grade 11,118
2020-2021,16,CASTRO COUNTY,Grade 12,119
2020-2021,4,CHAMBERS COUNTY,Early Education,54
2020-2021,5,CHAMBERS COUNTY,Early Education,8
2020-2021,4,CHAMBERS COUNTY,Pre-kindergarten,206
2020-2021,5,CHAMBERS COUNTY,Pre-kindergarten,88
2020-2021,4,CHAMBERS COUNTY,Kindergarten,542
2020-2021,5,CHAMBERS COUNTY,Kindergarten,87
2020-2021,4,CHAMBERS COUNTY,Grade 1,638
2020-2021,5,CHAMBERS COUNTY,Grade 1,108
2020-2021,4,CHAMBERS COUNTY,Grade 2,576
2020-2021,5,CHAMBERS COUNTY,Grade 2,104
2020-2021,4,CHAMBERS COUNTY,Grade 3,516
2020-2021,5,CHAMBERS COUNTY,Grade 3,105
2020-2021,4,CHAMBERS COUNTY,Grade 4,593
2020-2021,5,CHAMBERS COUNTY,Grade 4,116
2020-2021,4,CHAMBERS COUNTY,Grade 5,612
2020-2021,5,CHAMBERS COUNTY,Grade 5,112
2020-2021,4,CHAMBERS COUNTY,Grade 6,607
2020-2021,5,CHAMBERS COUNTY,Grade 6,112
2020-2021,4,CHAMBERS COUNTY,Grade 7,583
2020-2021,5,CHAMBERS COUNTY,Grade 7,115
2020-2021,4,CHAMBERS COUNTY,Grade 8,644
2020-2021,5,CHAMBERS COUNTY,Grade 8,118
2020-2021,4,CHAMBERS COUNTY,Grade 9,570
2020-2021,5,CHAMBERS COUNTY,Grade 9,116
2020-2021,4,CHAMBERS COUNTY,Grade 10,589
2020-2021,5,CHAMBERS COUNTY,Grade 10,124
2020-2021,4,CHAMBERS COUNTY,Grade 11,535
2020-2021,5,CHAMBERS COUNTY,Grade 11,105
2020-2021,4,CHAMBERS COUNTY,Grade 12,485
2020-2021,5,CHAMBERS COUNTY,Grade 12,91
2020-2021,7,CHEROKEE COUNTY,Early Education,20
2020-2021,7,CHEROKEE COUNTY,Pre-kindergarten,400
2020-2021,7,CHEROKEE COUNTY,Kindergarten,618
2020-2021,7,CHEROKEE COUNTY,Grade 1,590
2020-2021,7,CHEROKEE COUNTY,Grade 2,588
2020-2021,7,CHEROKEE COUNTY,Grade 3,597
2020-2021,7,CHEROKEE COUNTY,Grade 4,555
2020-2021,7,CHEROKEE COUNTY,Grade 5,571
2020-2021,7,CHEROKEE COUNTY,Grade 6,622
2020-2021,7,CHEROKEE COUNTY,Grade 7,640
2020-2021,7,CHEROKEE COUNTY,Grade 8,619
2020-2021,7,CHEROKEE COUNTY,Grade 9,631
2020-2021,7,CHEROKEE COUNTY,Grade 10,592
2020-2021,7,CHEROKEE COUNTY,Grade 11,512
2020-2021,7,CHEROKEE COUNTY,Grade 12,483
2020-2021,16,CHILDRESS COUNTY,Early Education,2
2020-2021,16,CHILDRESS COUNTY,Pre-kindergarten,35
2020-2021,16,CHILDRESS COUNTY,Kindergarten,56
2020-2021,16,CHILDRESS COUNTY,Grade 1,66
2020-2021,16,CHILDRESS COUNTY,Grade 2,62
2020-2021,16,CHILDRESS COUNTY,Grade 3,76
2020-2021,16,CHILDRESS COUNTY,Grade 4,66
2020-2021,16,CHILDRESS COUNTY,Grade 5,85
2020-2021,16,CHILDRESS COUNTY,Grade 6,89
2020-2021,16,CHILDRESS COUNTY,Grade 7,84
2020-2021,16,CHILDRESS COUNTY,Grade 8,88
2020-2021,16,CHILDRESS COUNTY,Grade 9,75
2020-2021,16,CHILDRESS COUNTY,Grade 10,77
2020-2021,16,CHILDRESS COUNTY,Grade 11,66
2020-2021,16,CHILDRESS COUNTY,Grade 12,70
2020-2021,9,CLAY COUNTY,Early Education,4
2020-2021,9,CLAY COUNTY,Pre-kindergarten,65
2020-2021,9,CLAY COUNTY,Kindergarten,111
2020-2021,9,CLAY COUNTY,Grade 1,122
2020-2021,9,CLAY COUNTY,Grade 2,124
2020-2021,9,CLAY COUNTY,Grade 3,112
2020-2021,9,CLAY COUNTY,Grade 4,110
2020-2021,9,CLAY COUNTY,Grade 5,112
2020-2021,9,CLAY COUNTY,Grade 6,137
2020-2021,9,CLAY COUNTY,Grade 7,125
2020-2021,9,CLAY COUNTY,Grade 8,118
2020-2021,9,CLAY COUNTY,Grade 9,126
2020-2021,9,CLAY COUNTY,Grade 10,120
2020-2021,9,CLAY COUNTY,Grade 11,142
2020-2021,9,CLAY COUNTY,Grade 12,103
2020-2021,17,COCHRAN COUNTY,Pre-kindergarten,44
2020-2021,17,COCHRAN COUNTY,Kindergarten,40
2020-2021,17,COCHRAN COUNTY,Grade 1,47
2020-2021,17,COCHRAN COUNTY,Grade 2,43
2020-2021,17,COCHRAN COUNTY,Grade 3,51
2020-2021,17,COCHRAN COUNTY,Grade 4,48
2020-2021,17,COCHRAN COUNTY,Grade 5,63
2020-2021,17,COCHRAN COUNTY,Grade 6,59
2020-2021,17,COCHRAN COUNTY,Grade 7,62
2020-2021,17,COCHRAN COUNTY,Grade 8,58
2020-2021,17,COCHRAN COUNTY,Grade 9,55
2020-2021,17,COCHRAN COUNTY,Grade 10,46
2020-2021,17,COCHRAN COUNTY,Grade 11,48
2020-2021,17,COCHRAN COUNTY,Grade 12,49
2020-2021,15,COKE COUNTY,Early Education,6
2020-2021,15,COKE COUNTY,Pre-kindergarten,25
2020-2021,15,COKE COUNTY,Kindergarten,34
2020-2021,15,COKE COUNTY,Grade 1,37
2020-2021,15,COKE COUNTY,Grade 2,43
2020-2021,15,COKE COUNTY,Grade 3,39
2020-2021,15,COKE COUNTY,Grade 4,35
2020-2021,15,COKE COUNTY,Grade 5,35
2020-2021,15,COKE COUNTY,Grade 6,39
2020-2021,15,COKE COUNTY,Grade 7,49
2020-2021,15,COKE COUNTY,Grade 8,30
2020-2021,15,COKE COUNTY,Grade 9,31
2020-2021,15,COKE COUNTY,Grade 10,34
2020-2021,15,COKE COUNTY,Grade 11,33
2020-2021,15,COKE COUNTY,Grade 12,28
2020-2021,15,COLEMAN COUNTY,Early Education,4
2020-2021,15,COLEMAN COUNTY,Pre-kindergarten,80
2020-2021,15,COLEMAN COUNTY,Kindergarten,84
2020-2021,15,COLEMAN COUNTY,Grade 1,83
2020-2021,15,COLEMAN COUNTY,Grade 2,90
2020-2021,15,COLEMAN COUNTY,Grade 3,97
2020-2021,15,COLEMAN COUNTY,Grade 4,86
2020-2021,15,COLEMAN COUNTY,Grade 5,80
2020-2021,15,COLEMAN COUNTY,Grade 6,97
2020-2021,15,COLEMAN COUNTY,Grade 7,90
2020-2021,15,COLEMAN COUNTY,Grade 8,108
2020-2021,15,COLEMAN COUNTY,Grade 9,85
2020-2021,15,COLEMAN COUNTY,Grade 10,92
2020-2021,15,COLEMAN COUNTY,Grade 11,96
2020-2021,15,COLEMAN COUNTY,Grade 12,91
2020-2021,10,COLLIN COUNTY,Early Education,1415
2020-2021,10,COLLIN COUNTY,Pre-kindergarten,3182
2020-2021,10,COLLIN COUNTY,Kindergarten,14246
2020-2021,10,COLLIN COUNTY,Grade 1,15349
2020-2021,10,COLLIN COUNTY,Grade 2,15953
2020-2021,10,COLLIN COUNTY,Grade 3,16407
2020-2021,10,COLLIN COUNTY,Grade 4,16451
2020-2021,10,COLLIN COUNTY,Grade 5,16891
2020-2021,10,COLLIN COUNTY,Grade 6,17498
2020-2021,10,COLLIN COUNTY,Grade 7,18061
2020-2021,10,COLLIN COUNTY,Grade 8,18244
2020-2021,10,COLLIN COUNTY,Grade 9,18255
2020-2021,10,COLLIN COUNTY,Grade 10,17946
2020-2021,10,COLLIN COUNTY,Grade 11,17188
2020-2021,10,COLLIN COUNTY,Grade 12,16435
2020-2021,16,COLLINGSWORTH COUNTY,Pre-kindergarten,35
2020-2021,16,COLLINGSWORTH COUNTY,Kindergarten,23
2020-2021,16,COLLINGSWORTH COUNTY,Grade 1,41
2020-2021,16,COLLINGSWORTH COUNTY,Grade 2,28
2020-2021,16,COLLINGSWORTH COUNTY,Grade 3,49
2020-2021,16,COLLINGSWORTH COUNTY,Grade 4,47
2020-2021,16,COLLINGSWORTH COUNTY,Grade 5,39
2020-2021,16,COLLINGSWORTH COUNTY,Grade 6,41
2020-2021,16,COLLINGSWORTH COUNTY,Grade 7,48
2020-2021,16,COLLINGSWORTH COUNTY,Grade 8,51
2020-2021,16,COLLINGSWORTH COUNTY,Grade 9,42
2020-2021,16,COLLINGSWORTH COUNTY,Grade 10,32
2020-2021,16,COLLINGSWORTH COUNTY,Grade 11,32
2020-2021,16,COLLINGSWORTH COUNTY,Grade 12,34
2020-2021,3,COLORADO COUNTY,Early Education,13
2020-2021,3,COLORADO COUNTY,Pre-kindergarten,161
2020-2021,3,COLORADO COUNTY,Kindergarten,255
2020-2021,3,COLORADO COUNTY,Grade 1,259
2020-2021,3,COLORADO COUNTY,Grade 2,250
2020-2021,3,COLORADO COUNTY,Grade 3,222
2020-2021,3,COLORADO COUNTY,Grade 4,231
2020-2021,3,COLORADO COUNTY,Grade 5,236
2020-2021,3,COLORADO COUNTY,Grade 6,260
2020-2021,3,COLORADO COUNTY,Grade 7,283
2020-2021,3,COLORADO COUNTY,Grade 8,245
2020-2021,3,COLORADO COUNTY,Grade 9,314
2020-2021,3,COLORADO COUNTY,Grade 10,252
2020-2021,3,COLORADO COUNTY,Grade 11,239
2020-2021,3,COLORADO COUNTY,Grade 12,275
2020-2021,13,COMAL COUNTY,Early Education,42
2020-2021,20,COMAL COUNTY,Early Education,165
2020-2021,13,COMAL COUNTY,Pre-kindergarten,184
2020-2021,20,COMAL COUNTY,Pre-kindergarten,273
2020-2021,13,COMAL COUNTY,Kindergarten,712
2020-2021,20,COMAL COUNTY,Kindergarten,1726
2020-2021,13,COMAL COUNTY,Grade 1,706
2020-2021,20,COMAL COUNTY,Grade 1,1808
2020-2021,13,COMAL COUNTY,Grade 2,741
2020-2021,20,COMAL COUNTY,Grade 2,1799
2020-2021,13,COMAL COUNTY,Grade 3,651
2020-2021,20,COMAL COUNTY,Grade 3,1830
2020-2021,13,COMAL COUNTY,Grade 4,695
2020-2021,20,COMAL COUNTY,Grade 4,1945
2020-2021,13,COMAL COUNTY,Grade 5,695
2020-2021,20,COMAL COUNTY,Grade 5,1930
2020-2021,13,COMAL COUNTY,Grade 6,722
2020-2021,20,COMAL COUNTY,Grade 6,2038
2020-2021,13,COMAL COUNTY,Grade 7,721
2020-2021,20,COMAL COUNTY,Grade 7,2195
2020-2021,13,COMAL COUNTY,Grade 8,721
2020-2021,20,COMAL COUNTY,Grade 8,2163
2020-2021,13,COMAL COUNTY,Grade 9,771
2020-2021,20,COMAL COUNTY,Grade 9,2184
2020-2021,13,COMAL COUNTY,Grade 10,658
2020-2021,20,COMAL COUNTY,Grade 10,2121
2020-2021,13,COMAL COUNTY,Grade 11,696
2020-2021,20,COMAL COUNTY,Grade 11,1976
2020-2021,13,COMAL COUNTY,Grade 12,567
2020-2021,20,COMAL COUNTY,Grade 12,1706
2020-2021,14,COMANCHE COUNTY,Early Education,37
2020-2021,14,COMANCHE COUNTY,Pre-kindergarten,128
2020-2021,14,COMANCHE COUNTY,Kindergarten,170
2020-2021,14,COMANCHE COUNTY,Grade 1,151
2020-2021,14,COMANCHE COUNTY,Grade 2,175
2020-2021,14,COMANCHE COUNTY,Grade 3,154
2020-2021,14,COMANCHE COUNTY,Grade 4,180
2020-2021,14,COMANCHE COUNTY,Grade 5,163
2020-2021,14,COMANCHE COUNTY,Grade 6,173
2020-2021,14,COMANCHE COUNTY,Grade 7,175
2020-2021,14,COMANCHE COUNTY,Grade 8,186
2020-2021,14,COMANCHE COUNTY,Grade 9,190
2020-2021,14,COMANCHE COUNTY,Grade 10,167
2020-2021,14,COMANCHE COUNTY,Grade 11,148
2020-2021,14,COMANCHE COUNTY,Grade 12,152
2020-2021,15,CONCHO COUNTY,Early Education,6
2020-2021,15,CONCHO COUNTY,Pre-kindergarten,11
2020-2021,15,CONCHO COUNTY,Kindergarten,40
2020-2021,15,CONCHO COUNTY,Grade 1,28
2020-2021,15,CONCHO COUNTY,Grade 2,22
2020-2021,15,CONCHO COUNTY,Grade 3,34
2020-2021,15,CONCHO COUNTY,Grade 4,36
2020-2021,15,CONCHO COUNTY,Grade 5,20
2020-2021,15,CONCHO COUNTY,Grade 6,40
2020-2021,15,CONCHO COUNTY,Grade 7,46
2020-2021,15,CONCHO COUNTY,Grade 8,42
2020-2021,15,CONCHO COUNTY,Grade 9,33
2020-2021,15,CONCHO COUNTY,Grade 10,35
2020-2021,15,CONCHO COUNTY,Grade 11,42
2020-2021,15,CONCHO COUNTY,Grade 12,34
2020-2021,11,COOKE COUNTY,Early Education,42
2020-2021,11,COOKE COUNTY,Pre-kindergarten,273
2020-2021,11,COOKE COUNTY,Kindergarten,487
2020-2021,11,COOKE COUNTY,Grade 1,447
2020-2021,11,COOKE COUNTY,Grade 2,559
2020-2021,11,COOKE COUNTY,Grade 3,482
2020-2021,11,COOKE COUNTY,Grade 4,473
2020-2021,11,COOKE COUNTY,Grade 5,501
2020-2021,11,COOKE COUNTY,Grade 6,495
2020-2021,11,COOKE COUNTY,Grade 7,510
2020-2021,11,COOKE COUNTY,Grade 8,505
2020-2021,11,COOKE COUNTY,Grade 9,490
2020-2021,11,COOKE COUNTY,Grade 10,489
2020-2021,11,COOKE COUNTY,Grade 11,477
2020-2021,11,COOKE COUNTY,Grade 12,436
2020-2021,12,CORYELL COUNTY,Early Education,31
2020-2021,12,CORYELL COUNTY,Pre-kindergarten,411
2020-2021,12,CORYELL COUNTY,Kindergarten,811
2020-2021,12,CORYELL COUNTY,Grade 1,867
2020-2021,12,CORYELL COUNTY,Grade 2,843
2020-2021,12,CORYELL COUNTY,Grade 3,804
2020-2021,12,CORYELL COUNTY,Grade 4,877
2020-2021,12,CORYELL COUNTY,Grade 5,825
2020-2021,12,CORYELL COUNTY,Grade 6,889
2020-2021,12,CORYELL COUNTY,Grade 7,899
2020-2021,12,CORYELL COUNTY,Grade 8,954
2020-2021,12,CORYELL COUNTY,Grade 9,872
2020-2021,12,CORYELL COUNTY,Grade 10,855
2020-2021,12,CORYELL COUNTY,Grade 11,880
2020-2021,12,CORYELL COUNTY,Grade 12,795
2020-2021,17,COTTLE COUNTY,Pre-kindergarten,5
2020-2021,17,COTTLE COUNTY,Kindergarten,14
2020-2021,17,COTTLE COUNTY,Grade 1,11
2020-2021,17,COTTLE COUNTY,Grade 2,14
2020-2021,17,COTTLE COUNTY,Grade 3,8
2020-2021,17,COTTLE COUNTY,Grade 4,12
2020-2021,17,COTTLE COUNTY,Grade 5,12
2020-2021,17,COTTLE COUNTY,Grade 6,17
2020-2021,17,COTTLE COUNTY,Grade 7,10
2020-2021,17,COTTLE COUNTY,Grade 8,14
2020-2021,17,COTTLE COUNTY,Grade 9,12
2020-2021,17,COTTLE COUNTY,Grade 10,16
2020-2021,17,COTTLE COUNTY,Grade 11,15
2020-2021,17,COTTLE COUNTY,Grade 12,23
2020-2021,18,CRANE COUNTY,Early Education,2
2020-2021,18,CRANE COUNTY,Pre-kindergarten,65
2020-2021,18,CRANE COUNTY,Kindergarten,81
2020-2021,18,CRANE COUNTY,Grade 1,79
2020-2021,18,CRANE COUNTY,Grade 2,85
2020-2021,18,CRANE COUNTY,Grade 3,77
2020-2021,18,CRANE COUNTY,Grade 4,72
2020-2021,18,CRANE COUNTY,Grade 5,75
2020-2021,18,CRANE COUNTY,Grade 6,81
2020-2021,18,CRANE COUNTY,Grade 7,91
2020-2021,18,CRANE COUNTY,Grade 8,72
2020-2021,18,CRANE COUNTY,Grade 9,89
2020-2021,18,CRANE COUNTY,Grade 10,81
2020-2021,18,CRANE COUNTY,Grade 11,87
2020-2021,18,CRANE COUNTY,Grade 12,62
2020-2021,15,CROCKETT COUNTY,Early Education,2
2020-2021,15,CROCKETT COUNTY,Pre-kindergarten,29
2020-2021,15,CROCKETT COUNTY,Kindergarten,52
2020-2021,15,CROCKETT COUNTY,Grade 1,57
2020-2021,15,CROCKETT COUNTY,Grade 2,55
2020-2021,15,CROCKETT COUNTY,Grade 3,48
2020-2021,15,CROCKETT COUNTY,Grade 4,53
2020-2021,15,CROCKETT COUNTY,Grade 5,53
2020-2021,15,CROCKETT COUNTY,Grade 6,57
2020-2021,15,CROCKETT COUNTY,Grade 7,72
2020-2021,15,CROCKETT COUNTY,Grade 8,53
2020-2021,15,CROCKETT COUNTY,Grade 9,75
2020-2021,15,CROCKETT COUNTY,Grade 10,53
2020-2021,15,CROCKETT COUNTY,Grade 11,59
2020-2021,15,CROCKETT COUNTY,Grade 12,46
2020-2021,17,CROSBY COUNTY,Early Education,3
2020-2021,17,CROSBY COUNTY,Pre-kindergarten,56
2020-2021,17,CROSBY COUNTY,Kindergarten,81
2020-2021,17,CROSBY COUNTY,Grade 1,57
2020-2021,17,CROSBY COUNTY,Grade 2,55
2020-2021,17,CROSBY COUNTY,Grade 3,69
2020-2021,17,CROSBY COUNTY,Grade 4,76
2020-2021,17,CROSBY COUNTY,Grade 5,69
2020-2021,17,CROSBY COUNTY,Grade 6,81
2020-2021,17,CROSBY COUNTY,Grade 7,89
2020-2021,17,CROSBY COUNTY,Grade 8,82
2020-2021,17,CROSBY COUNTY,Grade 9,70
2020-2021,17,CROSBY COUNTY,Grade 10,71
2020-2021,17,CROSBY COUNTY,Grade 11,73
2020-2021,17,CROSBY COUNTY,Grade 12,75
2020-2021,18,CULBERSON COUNTY,Early Education,1
2020-2021,18,CULBERSON COUNTY,Pre-kindergarten,17
2020-2021,18,CULBERSON COUNTY,Kindergarten,34
2020-2021,18,CULBERSON COUNTY,Grade 1,32
2020-2021,18,CULBERSON COUNTY,Grade 2,32
2020-2021,18,CULBERSON COUNTY,Grade 3,26
2020-2021,18,CULBERSON COUNTY,Grade 4,22
2020-2021,18,CULBERSON COUNTY,Grade 5,24
2020-2021,18,CULBERSON COUNTY,Grade 6,41
2020-2021,18,CULBERSON COUNTY,Grade 7,33
2020-2021,18,CULBERSON COUNTY,Grade 8,30
2020-2021,18,CULBERSON COUNTY,Grade 9,32
2020-2021,18,CULBERSON COUNTY,Grade 10,23
2020-2021,18,CULBERSON COUNTY,Grade 11,15
2020-2021,18,CULBERSON COUNTY,Grade 12,25
2020-2021,16,DALLAM COUNTY,Early Education,1
2020-2021,16,DALLAM COUNTY,Pre-kindergarten,110
2020-2021,16,DALLAM COUNTY,Kindergarten,163
2020-2021,16,DALLAM COUNTY,Grade 1,142
2020-2021,16,DALLAM COUNTY,Grade 2,137
2020-2021,16,DALLAM COUNTY,Grade 3,121
2020-2021,16,DALLAM COUNTY,Grade 4,115
2020-2021,16,DALLAM COUNTY,Grade 5,121
2020-2021,16,DALLAM COUNTY,Grade 6,124
2020-2021,16,DALLAM COUNTY,Grade 7,147
2020-2021,16,DALLAM COUNTY,Grade 8,139
2020-2021,16,DALLAM COUNTY,Grade 9,141
2020-2021,16,DALLAM COUNTY,Grade 10,135
2020-2021,16,DALLAM COUNTY,Grade 11,111
2020-2021,16,DALLAM COUNTY,Grade 12,124
2020-2021,10,DALLAS COUNTY,Early Education,1499
2020-2021,10,DALLAS COUNTY,Pre-kindergarten,22318
2020-2021,10,DALLAS COUNTY,Kindergarten,33964
2020-2021,10,DALLAS COUNTY,Grade 1,35457
2020-2021,10,DALLAS COUNTY,Grade 2,35522
2020-2021,10,DALLAS COUNTY,Grade 3,35602
2020-2021,10,DALLAS COUNTY,Grade 4,35693
2020-2021,10,DALLAS COUNTY,Grade 5,36590
2020-2021,10,DALLAS COUNTY,Grade 6,38288
2020-2021,10,DALLAS COUNTY,Grade 7,38414
2020-2021,10,DALLAS COUNTY,Grade 8,38638
2020-2021,10,DALLAS COUNTY,Grade 9,39699
2020-2021,10,DALLAS COUNTY,Grade 10,38636
2020-2021,10,DALLAS COUNTY,Grade 11,35186
2020-2021,10,DALLAS COUNTY,Grade 12,32630
2020-2021,17,DAWSON COUNTY,Early Education,9
2020-2021,17,DAWSON COUNTY,Pre-kindergarten,109
2020-2021,17,DAWSON COUNTY,Kindergarten,177
2020-2021,17,DAWSON COUNTY,Grade 1,153
2020-2021,17,DAWSON COUNTY,Grade 2,190
2020-2021,17,DAWSON COUNTY,Grade 3,195
2020-2021,17,DAWSON COUNTY,Grade 4,158
2020-2021,17,DAWSON COUNTY,Grade 5,195
2020-2021,17,DAWSON COUNTY,Grade 6,172
2020-2021,17,DAWSON COUNTY,Grade 7,179
2020-2021,17,DAWSON COUNTY,Grade 8,205
2020-2021,17,DAWSON COUNTY,Grade 9,201
2020-2021,17,DAWSON COUNTY,Grade 10,164
2020-2021,17,DAWSON COUNTY,Grade 11,147
2020-2021,17,DAWSON COUNTY,Grade 12,153
2020-2021,16,DEAF SMITH COUNTY,Early Education,19
2020-2021,16,DEAF SMITH COUNTY,Pre-kindergarten,219
2020-2021,16,DEAF SMITH COUNTY,Kindergarten,311
2020-2021,16,DEAF SMITH COUNTY,Grade 1,274
2020-2021,16,DEAF SMITH COUNTY,Grade 2,297
2020-2021,16,DEAF SMITH COUNTY,Grade 3,251
2020-2021,16,DEAF SMITH COUNTY,Grade 4,310
2020-2021,16,DEAF SMITH COUNTY,Grade 5,283
2020-2021,16,DEAF SMITH COUNTY,Grade 6,312
2020-2021,16,DEAF SMITH COUNTY,Grade 7,322
2020-2021,16,DEAF SMITH COUNTY,Grade 8,297
2020-2021,16,DEAF SMITH COUNTY,Grade 9,297
2020-2021,16,DEAF SMITH COUNTY,Grade 10,299
2020-2021,16,DEAF SMITH COUNTY,Grade 11,270
2020-2021,16,DEAF SMITH COUNTY,Grade 12,249
2020-2021,8,DELTA COUNTY,Early Education,3
2020-2021,8,DELTA COUNTY,Pre-kindergarten,73
2020-2021,8,DELTA COUNTY,Kindergarten,82
2020-2021,8,DELTA COUNTY,Grade 1,70
2020-2021,8,DELTA COUNTY,Grade 2,60
2020-2021,8,DELTA COUNTY,Grade 3,68
2020-2021,8,DELTA COUNTY,Grade 4,66
2020-2021,8,DELTA COUNTY,Grade 5,59
2020-2021,8,DELTA COUNTY,Grade 6,69
2020-2021,8,DELTA COUNTY,Grade 7,60
2020-2021,8,DELTA COUNTY,Grade 8,73
2020-2021,8,DELTA COUNTY,Grade 9,67
2020-2021,8,DELTA COUNTY,Grade 10,73
2020-2021,8,DELTA COUNTY,Grade 11,65
2020-2021,8,DELTA COUNTY,Grade 12,77
2020-2021,11,DENTON COUNTY,Early Education,568
2020-2021,11,DENTON COUNTY,Pre-kindergarten,2855
2020-2021,10,DENTON COUNTY,Kindergarten,100
2020-2021,11,DENTON COUNTY,Kindergarten,8634
2020-2021,10,DENTON COUNTY,Grade 1,100
2020-2021,11,DENTON COUNTY,Grade 1,9380
2020-2021,10,DENTON COUNTY,Grade 2,100
2020-2021,11,DENTON COUNTY,Grade 2,9374
2020-2021,10,DENTON COUNTY,Grade 3,100
2020-2021,11,DENTON COUNTY,Grade 3,9354
2020-2021,10,DENTON COUNTY,Grade 4,100
2020-2021,11,DENTON COUNTY,Grade 4,9503
2020-2021,10,DENTON COUNTY,Grade 5,156
2020-2021,11,DENTON COUNTY,Grade 5,9645
2020-2021,10,DENTON COUNTY,Grade 6,118
2020-2021,11,DENTON COUNTY,Grade 6,10080
2020-2021,10,DENTON COUNTY,Grade 7,122
2020-2021,11,DENTON COUNTY,Grade 7,10374
2020-2021,10,DENTON COUNTY,Grade 8,119
2020-2021,11,DENTON COUNTY,Grade 8,10590
2020-2021,10,DENTON COUNTY,Grade 9,88
2020-2021,11,DENTON COUNTY,Grade 9,11014
2020-2021,10,DENTON COUNTY,Grade 10,92
2020-2021,11,DENTON COUNTY,Grade 10,10874
2020-2021,10,DENTON COUNTY,Grade 11,83
2020-2021,11,DENTON COUNTY,Grade 11,10230
2020-2021,10,DENTON COUNTY,Grade 12,69
2020-2021,11,DENTON COUNTY,Grade 12,9802
2020-2021,3,DEWITT COUNTY,Early Education,32
2020-2021,3,DEWITT COUNTY,Pre-kindergarten,184
2020-2021,3,DEWITT COUNTY,Kindergarten,290
2020-2021,3,DEWITT COUNTY,Grade 1,307
2020-2021,3,DEWITT COUNTY,Grade 2,295
2020-2021,3,DEWITT COUNTY,Grade 3,294
2020-2021,3,DEWITT COUNTY,Grade 4,264
2020-2021,3,DEWITT COUNTY,Grade 5,332
2020-2021,3,DEWITT COUNTY,Grade 6,347
2020-2021,3,DEWITT COUNTY,Grade 7,334
2020-2021,3,DEWITT COUNTY,Grade 8,341
2020-2021,3,DEWITT COUNTY,Grade 9,340
2020-2021,3,DEWITT COUNTY,Grade 10,327
2020-2021,3,DEWITT COUNTY,Grade 11,314
2020-2021,3,DEWITT COUNTY,Grade 12,305
2020-2021,17,DICKENS COUNTY,Early Education,1
2020-2021,17,DICKENS COUNTY,Pre-kindergarten,14
2020-2021,17,DICKENS COUNTY,Kindergarten,14
2020-2021,17,DICKENS COUNTY,Grade 1,26
2020-2021,17,DICKENS COUNTY,Grade 2,18
2020-2021,17,DICKENS COUNTY,Grade 3,19
2020-2021,17,DICKENS COUNTY,Grade 4,13
2020-2021,17,DICKENS COUNTY,Grade 5,24
2020-2021,17,DICKENS COUNTY,Grade 6,25
2020-2021,17,DICKENS COUNTY,Grade 7,24
2020-2021,17,DICKENS COUNTY,Grade 8,25
2020-2021,17,DICKENS COUNTY,Grade 9,23
2020-2021,17,DICKENS COUNTY,Grade 10,39
2020-2021,17,DICKENS COUNTY,Grade 11,39
2020-2021,17,DICKENS COUNTY,Grade 12,26
2020-2021,20,DIMMIT COUNTY,Early Education,2
2020-2021,20,DIMMIT COUNTY,Pre-kindergarten,62
2020-2021,20,DIMMIT COUNTY,Kindergarten,132
2020-2021,20,DIMMIT COUNTY,Grade 1,159
2020-2021,20,DIMMIT COUNTY,Grade 2,169
2020-2021,20,DIMMIT COUNTY,Grade 3,155
2020-2021,20,DIMMIT COUNTY,Grade 4,146
2020-2021,20,DIMMIT COUNTY,Grade 5,135
2020-2021,20,DIMMIT COUNTY,Grade 6,147
2020-2021,20,DIMMIT COUNTY,Grade 7,172
2020-2021,20,DIMMIT COUNTY,Grade 8,163
2020-2021,20,DIMMIT COUNTY,Grade 9,174
2020-2021,20,DIMMIT COUNTY,Grade 10,165
2020-2021,20,DIMMIT COUNTY,Grade 11,164
2020-2021,20,DIMMIT COUNTY,Grade 12,121
2020-2021,16,DONLEY COUNTY,Pre-kindergarten,40
2020-2021,16,DONLEY COUNTY,Kindergarten,37
2020-2021,16,DONLEY COUNTY,Grade 1,30
2020-2021,16,DONLEY COUNTY,Grade 2,35
2020-2021,16,DONLEY COUNTY,Grade 3,33
2020-2021,16,DONLEY COUNTY,Grade 4,38
2020-2021,16,DONLEY COUNTY,Grade 5,42
2020-2021,16,DONLEY COUNTY,Grade 6,46
2020-2021,16,DONLEY COUNTY,Grade 7,37
2020-2021,16,DONLEY COUNTY,Grade 8,48
2020-2021,16,DONLEY COUNTY,Grade 9,52
2020-2021,16,DONLEY COUNTY,Grade 10,43
2020-2021,16,DONLEY COUNTY,Grade 11,39
2020-2021,16,DONLEY COUNTY,Grade 12,34
2020-2021,2,DUVAL COUNTY,Early Education,6
2020-2021,2,DUVAL COUNTY,Pre-kindergarten,175
2020-2021,2,DUVAL COUNTY,Kindergarten,166
2020-2021,2,DUVAL COUNTY,Grade 1,184
2020-2021,2,DUVAL COUNTY,Grade 2,149
2020-2021,2,DUVAL COUNTY,Grade 3,184
2020-2021,2,DUVAL COUNTY,Grade 4,187
2020-2021,2,DUVAL COUNTY,Grade 5,192
2020-2021,2,DUVAL COUNTY,Grade 6,220
2020-2021,2,DUVAL COUNTY,Grade 7,176
2020-2021,2,DUVAL COUNTY,Grade 8,190
2020-2021,2,DUVAL COUNTY,Grade 9,219
2020-2021,2,DUVAL COUNTY,Grade 10,168
2020-2021,2,DUVAL COUNTY,Grade 11,197
2020-2021,2,DUVAL COUNTY,Grade 12,157
2020-2021,14,EASTLAND COUNTY,Early Education,14
2020-2021,14,EASTLAND COUNTY,Pre-kindergarten,124
2020-2021,14,EASTLAND COUNTY,Kindergarten,204
2020-2021,14,EASTLAND COUNTY,Grade 1,198
2020-2021,14,EASTLAND COUNTY,Grade 2,178
2020-2021,14,EASTLAND COUNTY,Grade 3,167
2020-2021,14,EASTLAND COUNTY,Grade 4,180
2020-2021,14,EASTLAND COUNTY,Grade 5,221
2020-2021,14,EASTLAND COUNTY,Grade 6,193
2020-2021,14,EASTLAND COUNTY,Grade 7,210
2020-2021,14,EASTLAND COUNTY,Grade 8,207
2020-2021,14,EASTLAND COUNTY,Grade 9,233
2020-2021,14,EASTLAND COUNTY,Grade 10,225
2020-2021,14,EASTLAND COUNTY,Grade 11,169
2020-2021,14,EASTLAND COUNTY,Grade 12,201
2020-2021,18,ECTOR COUNTY,Early Education,29
2020-2021,18,ECTOR COUNTY,Pre-kindergarten,1277
2020-2021,18,ECTOR COUNTY,Kindergarten,2553
2020-2021,18,ECTOR COUNTY,Grade 1,2746
2020-2021,18,ECTOR COUNTY,Grade 2,2671
2020-2021,18,ECTOR COUNTY,Grade 3,2583
2020-2021,18,ECTOR COUNTY,Grade 4,2477
2020-2021,18,ECTOR COUNTY,Grade 5,2543
2020-2021,18,ECTOR COUNTY,Grade 6,2683
2020-2021,18,ECTOR COUNTY,Grade 7,2628
2020-2021,18,ECTOR COUNTY,Grade 8,2645
2020-2021,18,ECTOR COUNTY,Grade 9,2676
2020-2021,18,ECTOR COUNTY,Grade 10,2502
2020-2021,18,ECTOR COUNTY,Grade 11,2096
2020-2021,18,ECTOR COUNTY,Grade 12,1886
2020-2021,15,EDWARDS COUNTY,Early Education,3
2020-2021,15,EDWARDS COUNTY,Pre-kindergarten,28
2020-2021,15,EDWARDS COUNTY,Kindergarten,36
2020-2021,15,EDWARDS COUNTY,Grade 1,36
2020-2021,15,EDWARDS COUNTY,Grade 2,45
2020-2021,15,EDWARDS COUNTY,Grade 3,46
2020-2021,15,EDWARDS COUNTY,Grade 4,25
2020-2021,15,EDWARDS COUNTY,Grade 5,37
2020-2021,15,EDWARDS COUNTY,Grade 6,44
2020-2021,15,EDWARDS COUNTY,Grade 7,40
2020-2021,15,EDWARDS COUNTY,Grade 8,42
2020-2021,15,EDWARDS COUNTY,Grade 9,36
2020-2021,15,EDWARDS COUNTY,Grade 10,41
2020-2021,15,EDWARDS COUNTY,Grade 11,37
2020-2021,15,EDWARDS COUNTY,Grade 12,34
2020-2021,19,EL PASO COUNTY,Early Education,445
2020-2021,19,EL PASO COUNTY,Pre-kindergarten,5885
2020-2021,19,EL PASO COUNTY,Kindergarten,9940
2020-2021,19,EL PASO COUNTY,Grade 1,10769
2020-2021,19,EL PASO COUNTY,Grade 2,10848
2020-2021,19,EL PASO COUNTY,Grade 3,11328
2020-2021,19,EL PASO COUNTY,Grade 4,11350
2020-2021,19,EL PASO COUNTY,Grade 5,11949
2020-2021,19,EL PASO COUNTY,Grade 6,12246
2020-2021,19,EL PASO COUNTY,Grade 7,12865
2020-2021,19,EL PASO COUNTY,Grade 8,13160
2020-2021,19,EL PASO COUNTY,Grade 9,14915
2020-2021,19,EL PASO COUNTY,Grade 10,14396
2020-2021,19,EL PASO COUNTY,Grade 11,13537
2020-2021,19,EL PASO COUNTY,Grade 12,12647
2020-2021,10,ELLIS COUNTY,Early Education,148
2020-2021,10,ELLIS COUNTY,Pre-kindergarten,1149
2020-2021,10,ELLIS COUNTY,Kindergarten,2695
2020-2021,10,ELLIS COUNTY,Grade 1,2764
2020-2021,10,ELLIS COUNTY,Grade 2,2795
2020-2021,10,ELLIS COUNTY,Grade 3,2746
2020-2021,10,ELLIS COUNTY,Grade 4,2794
2020-2021,10,ELLIS COUNTY,Grade 5,3009
2020-2021,10,ELLIS COUNTY,Grade 6,3152
2020-2021,10,ELLIS COUNTY,Grade 7,3360
2020-2021,10,ELLIS COUNTY,Grade 8,3334
2020-2021,10,ELLIS COUNTY,Grade 9,3341
2020-2021,10,ELLIS COUNTY,Grade 10,3269
2020-2021,10,ELLIS COUNTY,Grade 11,2948
2020-2021,10,ELLIS COUNTY,Grade 12,2727
2020-2021,11,ERATH COUNTY,Early Education,31
2020-2021,11,ERATH COUNTY,Pre-kindergarten,266
2020-2021,11,ERATH COUNTY,Kindergarten,444
2020-2021,11,ERATH COUNTY,Grade 1,485
2020-2021,11,ERATH COUNTY,Grade 2,448
2020-2021,11,ERATH COUNTY,Grade 3,427
2020-2021,11,ERATH COUNTY,Grade 4,441
2020-2021,11,ERATH COUNTY,Grade 5,406
2020-2021,11,ERATH COUNTY,Grade 6,436
2020-2021,11,ERATH COUNTY,Grade 7,445
2020-2021,11,ERATH COUNTY,Grade 8,479
2020-2021,11,ERATH COUNTY,Grade 9,2131
2020-2021,11,ERATH COUNTY,Grade 10,2053
2020-2021,11,ERATH COUNTY,Grade 11,2136
2020-2021,11,ERATH COUNTY,Grade 12,1709
2020-2021,12,FALLS COUNTY,Early Education,7
2020-2021,12,FALLS COUNTY,Pre-kindergarten,145
2020-2021,12,FALLS COUNTY,Kindergarten,172
2020-2021,12,FALLS COUNTY,Grade 1,176
2020-2021,12,FALLS COUNTY,Grade 2,166
2020-2021,12,FALLS COUNTY,Grade 3,190
2020-2021,12,FALLS COUNTY,Grade 4,163
2020-2021,12,FALLS COUNTY,Grade 5,163
2020-2021,12,FALLS COUNTY,Grade 6,154
2020-2021,12,FALLS COUNTY,Grade 7,163
2020-2021,12,FALLS COUNTY,Grade 8,174
2020-2021,12,FALLS COUNTY,Grade 9,167
2020-2021,12,FALLS COUNTY,Grade 10,149
2020-2021,12,FALLS COUNTY,Grade 11,147
2020-2021,12,FALLS COUNTY,Grade 12,123
2020-2021,8,FANNIN COUNTY,Early Education,1
2020-2021,10,FANNIN COUNTY,Early Education,8
2020-2021,8,FANNIN COUNTY,Pre-kindergarten,25
2020-2021,10,FANNIN COUNTY,Pre-kindergarten,279
2020-2021,8,FANNIN COUNTY,Kindergarten,30
2020-2021,10,FANNIN COUNTY,Kindergarten,350
2020-2021,8,FANNIN COUNTY,Grade 1,44
2020-2021,10,FANNIN COUNTY,Grade 1,334
2020-2021,8,FANNIN COUNTY,Grade 2,34
2020-2021,10,FANNIN COUNTY,Grade 2,326
2020-2021,8,FANNIN COUNTY,Grade 3,43
2020-2021,10,FANNIN COUNTY,Grade 3,330
2020-2021,8,FANNIN COUNTY,Grade 4,41
2020-2021,10,FANNIN COUNTY,Grade 4,342
2020-2021,8,FANNIN COUNTY,Grade 5,36
2020-2021,10,FANNIN COUNTY,Grade 5,348
2020-2021,8,FANNIN COUNTY,Grade 6,50
2020-2021,10,FANNIN COUNTY,Grade 6,329
2020-2021,8,FANNIN COUNTY,Grade 7,64
2020-2021,10,FANNIN COUNTY,Grade 7,368
2020-2021,8,FANNIN COUNTY,Grade 8,56
2020-2021,10,FANNIN COUNTY,Grade 8,361
2020-2021,8,FANNIN COUNTY,Grade 9,54
2020-2021,10,FANNIN COUNTY,Grade 9,369
2020-2021,8,FANNIN COUNTY,Grade 10,50
2020-2021,10,FANNIN COUNTY,Grade 10,372
2020-2021,8,FANNIN COUNTY,Grade 11,50
2020-2021,10,FANNIN COUNTY,Grade 11,340
2020-2021,8,FANNIN COUNTY,Grade 12,45
2020-2021,10,FANNIN COUNTY,Grade 12,314
2020-2021,13,FAYETTE COUNTY,Early Education,20
2020-2021,13,FAYETTE COUNTY,Pre-kindergarten,125
2020-2021,13,FAYETTE COUNTY,Kindergarten,257
2020-2021,13,FAYETTE COUNTY,Grade 1,226
2020-2021,13,FAYETTE COUNTY,Grade 2,234
2020-2021,13,FAYETTE COUNTY,Grade 3,228
2020-2021,13,FAYETTE COUNTY,Grade 4,274
2020-2021,13,FAYETTE COUNTY,Grade 5,263
2020-2021,13,FAYETTE COUNTY,Grade 6,294
2020-2021,13,FAYETTE COUNTY,Grade 7,286
2020-2021,13,FAYETTE COUNTY,Grade 8,314
2020-2021,13,FAYETTE COUNTY,Grade 9,314
2020-2021,13,FAYETTE COUNTY,Grade 10,307
2020-2021,13,FAYETTE COUNTY,Grade 11,277
2020-2021,13,FAYETTE COUNTY,Grade 12,265
2020-2021,14,FISHER COUNTY,Early Education,3
2020-2021,14,FISHER COUNTY,Pre-kindergarten,27
2020-2021,14,FISHER COUNTY,Kindergarten,43
2020-2021,14,FISHER COUNTY,Grade 1,43
2020-2021,14,FISHER COUNTY,Grade 2,43
2020-2021,14,FISHER COUNTY,Grade 3,36
2020-2021,14,FISHER COUNTY,Grade 4,40
2020-2021,14,FISHER COUNTY,Grade 5,46
2020-2021,14,FISHER COUNTY,Grade 6,45
2020-2021,14,FISHER COUNTY,Grade 7,46
2020-2021,14,FISHER COUNTY,Grade 8,37
2020-2021,14,FISHER COUNTY,Grade 9,47
2020-2021,14,FISHER COUNTY,Grade 10,45
2020-2021,14,FISHER COUNTY,Grade 11,27
2020-2021,14,FISHER COUNTY,Grade 12,25
2020-2021,17,FLOYD COUNTY,Early Education,5
2020-2021,17,FLOYD COUNTY,Pre-kindergarten,69
2020-2021,17,FLOYD COUNTY,Kindergarten,81
2020-2021,17,FLOYD COUNTY,Grade 1,59
2020-2021,17,FLOYD COUNTY,Grade 2,75
2020-2021,17,FLOYD COUNTY,Grade 3,80
2020-2021,17,FLOYD COUNTY,Grade 4,88
2020-2021,17,FLOYD COUNTY,Grade 5,86
2020-2021,17,FLOYD COUNTY,Grade 6,86
2020-2021,17,FLOYD COUNTY,Grade 7,104
2020-2021,17,FLOYD COUNTY,Grade 8,86
2020-2021,17,FLOYD COUNTY,Grade 9,94
2020-2021,17,FLOYD COUNTY,Grade 10,93
2020-2021,17,FLOYD COUNTY,Grade 11,76
2020-2021,17,FLOYD COUNTY,Grade 12,79
2020-2021,9,FOARD COUNTY,Pre-kindergarten,26
2020-2021,9,FOARD COUNTY,Kindergarten,12
2020-2021,9,FOARD COUNTY,Grade 1,15
2020-2021,9,FOARD COUNTY,Grade 2,10
2020-2021,9,FOARD COUNTY,Grade 3,19
2020-2021,9,FOARD COUNTY,Grade 4,11
2020-2021,9,FOARD COUNTY,Grade 5,16
2020-2021,9,FOARD COUNTY,Grade 6,14
2020-2021,9,FOARD COUNTY,Grade 7,9
2020-2021,9,FOARD COUNTY,Grade 8,12
2020-2021,9,FOARD COUNTY,Grade 9,16
2020-2021,9,FOARD COUNTY,Grade 10,11
2020-2021,9,FOARD COUNTY,Grade 11,18
2020-2021,9,FOARD COUNTY,Grade 12,13
2020-2021,4,FORT BEND COUNTY,Early Education,753
2020-2021,4,FORT BEND COUNTY,Pre-kindergarten,2502
2020-2021,4,FORT BEND COUNTY,Kindergarten,7393
2020-2021,4,FORT BEND COUNTY,Grade 1,8227
2020-2021,4,FORT BEND COUNTY,Grade 2,8340
2020-2021,4,FORT BEND COUNTY,Grade 3,8578
2020-2021,4,FORT BEND COUNTY,Grade 4,8764
2020-2021,4,FORT BEND COUNTY,Grade 5,8954
2020-2021,4,FORT BEND COUNTY,Grade 6,9291
2020-2021,4,FORT BEND COUNTY,Grade 7,9488
2020-2021,4,FORT BEND COUNTY,Grade 8,9646
2020-2021,4,FORT BEND COUNTY,Grade 9,10160
2020-2021,4,FORT BEND COUNTY,Grade 10,9753
2020-2021,4,FORT BEND COUNTY,Grade 11,9092
2020-2021,4,FORT BEND COUNTY,Grade 12,8935
2020-2021,8,FRANKLIN COUNTY,Early Education,6
2020-2021,8,FRANKLIN COUNTY,Pre-kindergarten,50
2020-2021,8,FRANKLIN COUNTY,Kindergarten,102
2020-2021,8,FRANKLIN COUNTY,Grade 1,95
2020-2021,8,FRANKLIN COUNTY,Grade 2,84
2020-2021,8,FRANKLIN COUNTY,Grade 3,113
2020-2021,8,FRANKLIN COUNTY,Grade 4,98
2020-2021,8,FRANKLIN COUNTY,Grade 5,102
2020-2021,8,FRANKLIN COUNTY,Grade 6,106
2020-2021,8,FRANKLIN COUNTY,Grade 7,126
2020-2021,8,FRANKLIN COUNTY,Grade 8,134
2020-2021,8,FRANKLIN COUNTY,Grade 9,116
2020-2021,8,FRANKLIN COUNTY,Grade 10,122
2020-2021,8,FRANKLIN COUNTY,Grade 11,128
2020-2021,8,FRANKLIN COUNTY,Grade 12,96
2020-2021,12,FREESTONE COUNTY,Early Education,7
2020-2021,12,FREESTONE COUNTY,Pre-kindergarten,121
2020-2021,12,FREESTONE COUNTY,Kindergarten,246
2020-2021,12,FREESTONE COUNTY,Grade 1,219
2020-2021,12,FREESTONE COUNTY,Grade 2,284
2020-2021,12,FREESTONE COUNTY,Grade 3,242
2020-2021,12,FREESTONE COUNTY,Grade 4,262
2020-2021,12,FREESTONE COUNTY,Grade 5,245
2020-2021,12,FREESTONE COUNTY,Grade 6,290
2020-2021,12,FREESTONE COUNTY,Grade 7,288
2020-2021,12,FREESTONE COUNTY,Grade 8,306
2020-2021,12,FREESTONE COUNTY,Grade 9,284
2020-2021,12,FREESTONE COUNTY,Grade 10,243
2020-2021,12,FREESTONE COUNTY,Grade 11,252
2020-2021,12,FREESTONE COUNTY,Grade 12,236
2020-2021,20,FRIO COUNTY,Early Education,7
2020-2021,20,FRIO COUNTY,Pre-kindergarten,114
2020-2021,20,FRIO COUNTY,Kindergarten,203
2020-2021,20,FRIO COUNTY,Grade 1,202
2020-2021,20,FRIO COUNTY,Grade 2,214
2020-2021,20,FRIO COUNTY,Grade 3,204
2020-2021,20,FRIO COUNTY,Grade 4,206
2020-2021,20,FRIO COUNTY,Grade 5,209
2020-2021,20,FRIO COUNTY,Grade 6,234
2020-2021,20,FRIO COUNTY,Grade 7,248
2020-2021,20,FRIO COUNTY,Grade 8,199
2020-2021,20,FRIO COUNTY,Grade 9,233
2020-2021,20,FRIO COUNTY,Grade 10,237
2020-2021,20,FRIO COUNTY,Grade 11,197
2020-2021,20,FRIO COUNTY,Grade 12,212
2020-2021,17,GAINES COUNTY,Early Education,9
2020-2021,17,GAINES COUNTY,Pre-kindergarten,142
2020-2021,17,GAINES COUNTY,Kindergarten,270
2020-2021,17,GAINES COUNTY,Grade 1,250
2020-2021,17,GAINES COUNTY,Grade 2,251
2020-2021,17,GAINES COUNTY,Grade 3,262
2020-2021,17,GAINES COUNTY,Grade 4,252
2020-2021,17,GAINES COUNTY,Grade 5,279
2020-2021,17,GAINES COUNTY,Grade 6,289
2020-2021,17,GAINES COUNTY,Grade 7,284
2020-2021,17,GAINES COUNTY,Grade 8,262
2020-2021,17,GAINES COUNTY,Grade 9,284
2020-2021,17,GAINES COUNTY,Grade 10,243
2020-2021,17,GAINES COUNTY,Grade 11,260
2020-2021,17,GAINES COUNTY,Grade 12,247
2020-2021,4,GALVESTON COUNTY,Early Education,492
2020-2021,5,GALVESTON COUNTY,Early Education,1
2020-2021,4,GALVESTON COUNTY,Pre-kindergarten,2003
2020-2021,5,GALVESTON COUNTY,Pre-kindergarten,3
2020-2021,4,GALVESTON COUNTY,Kindergarten,5289
2020-2021,5,GALVESTON COUNTY,Kindergarten,8
2020-2021,4,GALVESTON COUNTY,Grade 1,5663
2020-2021,5,GALVESTON COUNTY,Grade 1,10
2020-2021,4,GALVESTON COUNTY,Grade 2,5606
2020-2021,5,GALVESTON COUNTY,Grade 2,7
2020-2021,4,GALVESTON COUNTY,Grade 3,5677
2020-2021,5,GALVESTON COUNTY,Grade 3,11
2020-2021,4,GALVESTON COUNTY,Grade 4,5874
2020-2021,5,GALVESTON COUNTY,Grade 4,11
2020-2021,4,GALVESTON COUNTY,Grade 5,6037
2020-2021,5,GALVESTON COUNTY,Grade 5,13
2020-2021,4,GALVESTON COUNTY,Grade 6,6245
2020-2021,5,GALVESTON COUNTY,Grade 6,10
2020-2021,4,GALVESTON COUNTY,Grade 7,6452
2020-2021,5,GALVESTON COUNTY,Grade 7,9
2020-2021,4,GALVESTON COUNTY,Grade 8,6391
2020-2021,5,GALVESTON COUNTY,Grade 8,15
2020-2021,4,GALVESTON COUNTY,Grade 9,6684
2020-2021,5,GALVESTON COUNTY,Grade 9,23
2020-2021,4,GALVESTON COUNTY,Grade 10,6481
2020-2021,5,GALVESTON COUNTY,Grade 10,16
2020-2021,4,GALVESTON COUNTY,Grade 11,6165
2020-2021,5,GALVESTON COUNTY,Grade 11,17
2020-2021,4,GALVESTON COUNTY,Grade 12,5800
2020-2021,5,GALVESTON COUNTY,Grade 12,17
2020-2021,17,GARZA COUNTY,Early Education,1
2020-2021,17,GARZA COUNTY,Pre-kindergarten,43
2020-2021,17,GARZA COUNTY,Kindergarten,58
2020-2021,17,GARZA COUNTY,Grade 1,71
2020-2021,17,GARZA COUNTY,Grade 2,52
2020-2021,17,GARZA COUNTY,Grade 3,58
2020-2021,17,GARZA COUNTY,Grade 4,61
2020-2021,17,GARZA COUNTY,Grade 5,55
2020-2021,17,GARZA COUNTY,Grade 6,96
2020-2021,17,GARZA COUNTY,Grade 7,70
2020-2021,17,GARZA COUNTY,Grade 8,83
2020-2021,17,GARZA COUNTY,Grade 9,66
2020-2021,17,GARZA COUNTY,Grade 10,58
2020-2021,17,GARZA COUNTY,Grade 11,68
2020-2021,17,GARZA COUNTY,Grade 12,74
2020-2021,13,GILLESPIE COUNTY,Early Education,11
2020-2021,13,GILLESPIE COUNTY,Pre-kindergarten,142
2020-2021,13,GILLESPIE COUNTY,Kindergarten,245
2020-2021,13,GILLESPIE COUNTY,Grade 1,244
2020-2021,13,GILLESPIE COUNTY,Grade 2,229
2020-2021,13,GILLESPIE COUNTY,Grade 3,245
2020-2021,13,GILLESPIE COUNTY,Grade 4,272
2020-2021,13,GILLESPIE COUNTY,Grade 5,252
2020-2021,13,GILLESPIE COUNTY,Grade 6,263
2020-2021,13,GILLESPIE COUNTY,Grade 7,273
2020-2021,13,GILLESPIE COUNTY,Grade 8,281
2020-2021,13,GILLESPIE COUNTY,Grade 9,323
2020-2021,13,GILLESPIE COUNTY,Grade 10,312
2020-2021,13,GILLESPIE COUNTY,Grade 11,290
2020-2021,13,GILLESPIE COUNTY,Grade 12,291
2020-2021,18,GLASSCOCK COUNTY,Early Education,1
2020-2021,18,GLASSCOCK COUNTY,Pre-kindergarten,12
2020-2021,18,GLASSCOCK COUNTY,Kindergarten,25
2020-2021,18,GLASSCOCK COUNTY,Grade 1,18
2020-2021,18,GLASSCOCK COUNTY,Grade 2,19
2020-2021,18,GLASSCOCK COUNTY,Grade 3,25
2020-2021,18,GLASSCOCK COUNTY,Grade 4,18
2020-2021,18,GLASSCOCK COUNTY,Grade 5,21
2020-2021,18,GLASSCOCK COUNTY,Grade 6,26
2020-2021,18,GLASSCOCK COUNTY,Grade 7,24
2020-2021,18,GLASSCOCK COUNTY,Grade 8,25
2020-2021,18,GLASSCOCK COUNTY,Grade 9,20
2020-2021,18,GLASSCOCK COUNTY,Grade 10,25
2020-2021,18,GLASSCOCK COUNTY,Grade 11,11
2020-2021,18,GLASSCOCK COUNTY,Grade 12,23
2020-2021,3,GOLIAD COUNTY,Early Education,23
2020-2021,3,GOLIAD COUNTY,Pre-kindergarten,36
2020-2021,3,GOLIAD COUNTY,Kindergarten,87
2020-2021,3,GOLIAD COUNTY,Grade 1,80
2020-2021,3,GOLIAD COUNTY,Grade 2,96
2020-2021,3,GOLIAD COUNTY,Grade 3,82
2020-2021,3,GOLIAD COUNTY,Grade 4,88
2020-2021,3,GOLIAD COUNTY,Grade 5,89
2020-2021,3,GOLIAD COUNTY,Grade 6,106
2020-2021,3,GOLIAD COUNTY,Grade 7,108
2020-2021,3,GOLIAD COUNTY,Grade 8,111
2020-2021,3,GOLIAD COUNTY,Grade 9,98
2020-2021,3,GOLIAD COUNTY,Grade 10,89
2020-2021,3,GOLIAD COUNTY,Grade 11,88
2020-2021,3,GOLIAD COUNTY,Grade 12,90
2020-2021,13,GONZALES COUNTY,Early Education,13
2020-2021,13,GONZALES COUNTY,Pre-kindergarten,223
2020-2021,13,GONZALES COUNTY,Kindergarten,295
2020-2021,13,GONZALES COUNTY,Grade 1,256
2020-2021,13,GONZALES COUNTY,Grade 2,273
2020-2021,13,GONZALES COUNTY,Grade 3,277
2020-2021,13,GONZALES COUNTY,Grade 4,274
2020-2021,13,GONZALES COUNTY,Grade 5,267
2020-2021,13,GONZALES COUNTY,Grade 6,299
2020-2021,13,GONZALES COUNTY,Grade 7,302
2020-2021,13,GONZALES COUNTY,Grade 8,293
2020-2021,13,GONZALES COUNTY,Grade 9,327
2020-2021,13,GONZALES COUNTY,Grade 10,307
2020-2021,13,GONZALES COUNTY,Grade 11,292
2020-2021,13,GONZALES COUNTY,Grade 12,269
2020-2021,16,GRAY COUNTY,Early Education,21
2020-2021,16,GRAY COUNTY,Pre-kindergarten,157
2020-2021,16,GRAY COUNTY,Kindergarten,271
2020-2021,16,GRAY COUNTY,Grade 1,302
2020-2021,16,GRAY COUNTY,Grade 2,261
2020-2021,16,GRAY COUNTY,Grade 3,280
2020-2021,16,GRAY COUNTY,Grade 4,256
2020-2021,16,GRAY COUNTY,Grade 5,269
2020-2021,16,GRAY COUNTY,Grade 6,325
2020-2021,16,GRAY COUNTY,Grade 7,304
2020-2021,16,GRAY COUNTY,Grade 8,298
2020-2021,16,GRAY COUNTY,Grade 9,299
2020-2021,16,GRAY COUNTY,Grade 10,310
2020-2021,16,GRAY COUNTY,Grade 11,270
2020-2021,16,GRAY COUNTY,Grade 12,291
2020-2021,10,GRAYSON COUNTY,Early Education,120
2020-2021,10,GRAYSON COUNTY,Pre-kindergarten,711
2020-2021,10,GRAYSON COUNTY,Kindergarten,1734
2020-2021,10,GRAYSON COUNTY,Grade 1,1786
2020-2021,10,GRAYSON COUNTY,Grade 2,1688
2020-2021,10,GRAYSON COUNTY,Grade 3,1715
2020-2021,10,GRAYSON COUNTY,Grade 4,1749
2020-2021,10,GRAYSON COUNTY,Grade 5,1691
2020-2021,10,GRAYSON COUNTY,Grade 6,1883
2020-2021,10,GRAYSON COUNTY,Grade 7,1899
2020-2021,10,GRAYSON COUNTY,Grade 8,1810
2020-2021,10,GRAYSON COUNTY,Grade 9,1958
2020-2021,10,GRAYSON COUNTY,Grade 10,1868
2020-2021,10,GRAYSON COUNTY,Grade 11,1651
2020-2021,10,GRAYSON COUNTY,Grade 12,1477
2020-2021,7,GREGG COUNTY,Early Education,77
2020-2021,7,GREGG COUNTY,Pre-kindergarten,945
2020-2021,7,GREGG COUNTY,Kindergarten,1613
2020-2021,7,GREGG COUNTY,Grade 1,1730
2020-2021,7,GREGG COUNTY,Grade 2,1725
2020-2021,7,GREGG COUNTY,Grade 3,1774
2020-2021,7,GREGG COUNTY,Grade 4,1806
2020-2021,7,GREGG COUNTY,Grade 5,1785
2020-2021,7,GREGG COUNTY,Grade 6,1747
2020-2021,7,GREGG COUNTY,Grade 7,1794
2020-2021,7,GREGG COUNTY,Grade 8,1833
2020-2021,7,GREGG COUNTY,Grade 9,1834
2020-2021,7,GREGG COUNTY,Grade 10,1775
2020-2021,7,GREGG COUNTY,Grade 11,1664
2020-2021,7,GREGG COUNTY,Grade 12,1533
2020-2021,6,GRIMES COUNTY,Early Education,34
2020-2021,6,GRIMES COUNTY,Pre-kindergarten,174
2020-2021,6,GRIMES COUNTY,Kindergarten,303
2020-2021,6,GRIMES COUNTY,Grade 1,313
2020-2021,6,GRIMES COUNTY,Grade 2,325
2020-2021,6,GRIMES COUNTY,Grade 3,303
2020-2021,6,GRIMES COUNTY,Grade 4,317
2020-2021,6,GRIMES COUNTY,Grade 5,305
2020-2021,6,GRIMES COUNTY,Grade 6,340
2020-2021,6,GRIMES COUNTY,Grade 7,397
2020-2021,6,GRIMES COUNTY,Grade 8,339
2020-2021,6,GRIMES COUNTY,Grade 9,369
2020-2021,6,GRIMES COUNTY,Grade 10,323
2020-2021,6,GRIMES COUNTY,Grade 11,329
2020-2021,6,GRIMES COUNTY,Grade 12,280
2020-2021,20,GUADALUPE COUNTY,Early Education,112
2020-2021,20,GUADALUPE COUNTY,Pre-kindergarten,531
2020-2021,20,GUADALUPE COUNTY,Kindergarten,1596
2020-2021,20,GUADALUPE COUNTY,Grade 1,1723
2020-2021,20,GUADALUPE COUNTY,Grade 2,1764
2020-2021,20,GUADALUPE COUNTY,Grade 3,1849
2020-2021,20,GUADALUPE COUNTY,Grade 4,1823
2020-2021,20,GUADALUPE COUNTY,Grade 5,1891
2020-2021,20,GUADALUPE COUNTY,Grade 6,2042
2020-2021,20,GUADALUPE COUNTY,Grade 7,2036
2020-2021,20,GUADALUPE COUNTY,Grade 8,2031
2020-2021,20,GUADALUPE COUNTY,Grade 9,2242
2020-2021,20,GUADALUPE COUNTY,Grade 10,2254
2020-2021,20,GUADALUPE COUNTY,Grade 11,2065
2020-2021,20,GUADALUPE COUNTY,Grade 12,1945
2020-2021,17,HALE COUNTY,Early Education,43
2020-2021,17,HALE COUNTY,Pre-kindergarten,229
2020-2021,17,HALE COUNTY,Kindergarten,417
2020-2021,17,HALE COUNTY,Grade 1,453
2020-2021,17,HALE COUNTY,Grade 2,431
2020-2021,17,HALE COUNTY,Grade 3,453
2020-2021,17,HALE COUNTY,Grade 4,480
2020-2021,17,HALE COUNTY,Grade 5,538
2020-2021,17,HALE COUNTY,Grade 6,525
2020-2021,17,HALE COUNTY,Grade 7,503
2020-2021,17,HALE COUNTY,Grade 8,599
2020-2021,17,HALE COUNTY,Grade 9,542
2020-2021,17,HALE COUNTY,Grade 10,492
2020-2021,17,HALE COUNTY,Grade 11,506
2020-2021,17,HALE COUNTY,Grade 12,447
2020-2021,16,HALL COUNTY,Early Education,10
2020-2021,16,HALL COUNTY,Pre-kindergarten,39
2020-2021,16,HALL COUNTY,Kindergarten,38
2020-2021,16,HALL COUNTY,Grade 1,46
2020-2021,16,HALL COUNTY,Grade 2,31
2020-2021,16,HALL COUNTY,Grade 3,44
2020-2021,16,HALL COUNTY,Grade 4,45
2020-2021,16,HALL COUNTY,Grade 5,34
2020-2021,16,HALL COUNTY,Grade 6,50
2020-2021,16,HALL COUNTY,Grade 7,44
2020-2021,16,HALL COUNTY,Grade 8,51
2020-2021,16,HALL COUNTY,Grade 9,51
2020-2021,16,HALL COUNTY,Grade 10,56
2020-2021,16,HALL COUNTY,Grade 11,47
2020-2021,16,HALL COUNTY,Grade 12,52
2020-2021,12,HAMILTON COUNTY,Early Education,4
2020-2021,12,HAMILTON COUNTY,Pre-kindergarten,66
2020-2021,12,HAMILTON COUNTY,Kindergarten,118
2020-2021,12,HAMILTON COUNTY,Grade 1,89
2020-2021,12,HAMILTON COUNTY,Grade 2,95
2020-2021,12,HAMILTON COUNTY,Grade 3,106
2020-2021,12,HAMILTON COUNTY,Grade 4,95
2020-2021,12,HAMILTON COUNTY,Grade 5,110
2020-2021,12,HAMILTON COUNTY,Grade 6,114
2020-2021,12,HAMILTON COUNTY,Grade 7,111
2020-2021,12,HAMILTON COUNTY,Grade 8,96
2020-2021,12,HAMILTON COUNTY,Grade 9,101
2020-2021,12,HAMILTON COUNTY,Grade 10,83
2020-2021,12,HAMILTON COUNTY,Grade 11,82
2020-2021,12,HAMILTON COUNTY,Grade 12,91
2020-2021,16,HANSFORD COUNTY,Early Education,4
2020-2021,16,HANSFORD COUNTY,Pre-kindergarten,77
2020-2021,16,HANSFORD COUNTY,Kindergarten,89
2020-2021,16,HANSFORD COUNTY,Grade 1,93
2020-2021,16,HANSFORD COUNTY,Grade 2,75
2020-2021,16,HANSFORD COUNTY,Grade 3,93
2020-2021,16,HANSFORD COUNTY,Grade 4,102
2020-2021,16,HANSFORD COUNTY,Grade 5,95
2020-2021,16,HANSFORD COUNTY,Grade 6,100
2020-2021,16,HANSFORD COUNTY,Grade 7,104
2020-2021,16,HANSFORD COUNTY,Grade 8,95
2020-2021,16,HANSFORD COUNTY,Grade 9,118
2020-2021,16,HANSFORD COUNTY,Grade 10,108
2020-2021,16,HANSFORD COUNTY,Grade 11,115
2020-2021,16,HANSFORD COUNTY,Grade 12,96
2020-2021,9,HARDEMAN COUNTY,Pre-kindergarten,53
2020-2021,9,HARDEMAN COUNTY,Kindergarten,55
2020-2021,9,HARDEMAN COUNTY,Grade 1,39
2020-2021,9,HARDEMAN COUNTY,Grade 2,52
2020-2021,9,HARDEMAN COUNTY,Grade 3,44
2020-2021,9,HARDEMAN COUNTY,Grade 4,47
2020-2021,9,HARDEMAN COUNTY,Grade 5,57
2020-2021,9,HARDEMAN COUNTY,Grade 6,57
2020-2021,9,HARDEMAN COUNTY,Grade 7,56
2020-2021,9,HARDEMAN COUNTY,Grade 8,55
2020-2021,9,HARDEMAN COUNTY,Grade 9,60
2020-2021,9,HARDEMAN COUNTY,Grade 10,63
2020-2021,9,HARDEMAN COUNTY,Grade 11,49
2020-2021,9,HARDEMAN COUNTY,Grade 12,48
2020-2021,5,HARDIN COUNTY,Early Education,51
2020-2021,5,HARDIN COUNTY,Pre-kindergarten,298
2020-2021,5,HARDIN COUNTY,Kindergarten,799
2020-2021,5,HARDIN COUNTY,Grade 1,793
2020-2021,5,HARDIN COUNTY,Grade 2,870
2020-2021,5,HARDIN COUNTY,Grade 3,797
2020-2021,5,HARDIN COUNTY,Grade 4,798
2020-2021,5,HARDIN COUNTY,Grade 5,802
2020-2021,5,HARDIN COUNTY,Grade 6,842
2020-2021,5,HARDIN COUNTY,Grade 7,861
2020-2021,5,HARDIN COUNTY,Grade 8,858
2020-2021,5,HARDIN COUNTY,Grade 9,826
2020-2021,5,HARDIN COUNTY,Grade 10,824
2020-2021,5,HARDIN COUNTY,Grade 11,830
2020-2021,5,HARDIN COUNTY,Grade 12,740
2020-2021,4,HARRIS COUNTY,Early Education,3211
2020-2021,4,HARRIS COUNTY,Pre-kindergarten,32439
2020-2021,4,HARRIS COUNTY,Kindergarten,57747
2020-2021,4,HARRIS COUNTY,Grade 1,61820
2020-2021,4,HARRIS COUNTY,Grade 2,62203
2020-2021,4,HARRIS COUNTY,Grade 3,62903
2020-2021,4,HARRIS COUNTY,Grade 4,64171
2020-2021,4,HARRIS COUNTY,Grade 5,65445
2020-2021,4,HARRIS COUNTY,Grade 6,68269
2020-2021,4,HARRIS COUNTY,Grade 7,68303
2020-2021,4,HARRIS COUNTY,Grade 8,69041
2020-2021,4,HARRIS COUNTY,Grade 9,71056
2020-2021,4,HARRIS COUNTY,Grade 10,67315
2020-2021,4,HARRIS COUNTY,Grade 11,63069
2020-2021,4,HARRIS COUNTY,Grade 12,60008
2020-2021,7,HARRISON COUNTY,Early Education,24
2020-2021,7,HARRISON COUNTY,Pre-kindergarten,443
2020-2021,7,HARRISON COUNTY,Kindergarten,848
2020-2021,7,HARRISON COUNTY,Grade 1,894
2020-2021,7,HARRISON COUNTY,Grade 2,912
2020-2021,7,HARRISON COUNTY,Grade 3,1381
2020-2021,7,HARRISON COUNTY,Grade 4,1488
2020-2021,7,HARRISON COUNTY,Grade 5,1701
2020-2021,7,HARRISON COUNTY,Grade 6,1984
2020-2021,7,HARRISON COUNTY,Grade 7,2114
2020-2021,7,HARRISON COUNTY,Grade 8,2226
2020-2021,7,HARRISON COUNTY,Grade 9,2513
2020-2021,7,HARRISON COUNTY,Grade 10,2327
2020-2021,7,HARRISON COUNTY,Grade 11,2136
2020-2021,7,HARRISON COUNTY,Grade 12,1867
2020-2021,16,HARTLEY COUNTY,Pre-kindergarten,16
2020-2021,16,HARTLEY COUNTY,Kindergarten,26
2020-2021,16,HARTLEY COUNTY,Grade 1,28
2020-2021,16,HARTLEY COUNTY,Grade 2,40
2020-2021,16,HARTLEY COUNTY,Grade 3,35
2020-2021,16,HARTLEY COUNTY,Grade 4,37
2020-2021,16,HARTLEY COUNTY,Grade 5,34
2020-2021,16,HARTLEY COUNTY,Grade 6,36
2020-2021,16,HARTLEY COUNTY,Grade 7,37
2020-2021,16,HARTLEY COUNTY,Grade 8,21
2020-2021,16,HARTLEY COUNTY,Grade 9,24
2020-2021,16,HARTLEY COUNTY,Grade 10,26
2020-2021,16,HARTLEY COUNTY,Grade 11,25
2020-2021,16,HARTLEY COUNTY,Grade 12,19
2020-2021,14,HASKELL COUNTY,Early Education,4
2020-2021,14,HASKELL COUNTY,Pre-kindergarten,49
2020-2021,14,HASKELL COUNTY,Kindergarten,55
2020-2021,14,HASKELL COUNTY,Grade 1,46
2020-2021,14,HASKELL COUNTY,Grade 2,56
2020-2021,14,HASKELL COUNTY,Grade 3,52
2020-2021,14,HASKELL COUNTY,Grade 4,47
2020-2021,14,HASKELL COUNTY,Grade 5,56
2020-2021,14,HASKELL COUNTY,Grade 6,64
2020-2021,14,HASKELL COUNTY,Grade 7,73
2020-2021,14,HASKELL COUNTY,Grade 8,54
2020-2021,14,HASKELL COUNTY,Grade 9,51
2020-2021,14,HASKELL COUNTY,Grade 10,57
2020-2021,14,HASKELL COUNTY,Grade 11,61
2020-2021,14,HASKELL COUNTY,Grade 12,57
2020-2021,13,HAYS COUNTY,Early Education,217
2020-2021,13,HAYS COUNTY,Pre-kindergarten,1016
2020-2021,13,HAYS COUNTY,Kindergarten,2642
2020-2021,13,HAYS COUNTY,Grade 1,2700
2020-2021,13,HAYS COUNTY,Grade 2,2694
2020-2021,13,HAYS COUNTY,Grade 3,2683
2020-2021,13,HAYS COUNTY,Grade 4,2810
2020-2021,13,HAYS COUNTY,Grade 5,2865
2020-2021,13,HAYS COUNTY,Grade 6,2982
2020-2021,13,HAYS COUNTY,Grade 7,3053
2020-2021,13,HAYS COUNTY,Grade 8,3094
2020-2021,13,HAYS COUNTY,Grade 9,3383
2020-2021,13,HAYS COUNTY,Grade 10,3337
2020-2021,13,HAYS COUNTY,Grade 11,2779
2020-2021,13,HAYS COUNTY,Grade 12,2464
2020-2021,16,HEMPHILL COUNTY,Early Education,1
2020-2021,16,HEMPHILL COUNTY,Pre-kindergarten,38
2020-2021,16,HEMPHILL COUNTY,Kindergarten,66
2020-2021,16,HEMPHILL COUNTY,Grade 1,45
2020-2021,16,HEMPHILL COUNTY,Grade 2,43
2020-2021,16,HEMPHILL COUNTY,Grade 3,59
2020-2021,16,HEMPHILL COUNTY,Grade 4,52
2020-2021,16,HEMPHILL COUNTY,Grade 5,77
2020-2021,16,HEMPHILL COUNTY,Grade 6,63
2020-2021,16,HEMPHILL COUNTY,Grade 7,75
2020-2021,16,HEMPHILL COUNTY,Grade 8,87
2020-2021,16,HEMPHILL COUNTY,Grade 9,76
2020-2021,16,HEMPHILL COUNTY,Grade 10,66
2020-2021,16,HEMPHILL COUNTY,Grade 11,62
2020-2021,16,HEMPHILL COUNTY,Grade 12,67
2020-2021,7,HENDERSON COUNTY,Early Education,16
2020-2021,7,HENDERSON COUNTY,Pre-kindergarten,322
2020-2021,10,HENDERSON COUNTY,Pre-kindergarten,130
2020-2021,7,HENDERSON COUNTY,Kindergarten,496
2020-2021,10,HENDERSON COUNTY,Kindergarten,187
2020-2021,7,HENDERSON COUNTY,Grade 1,543
2020-2021,10,HENDERSON COUNTY,Grade 1,215
2020-2021,7,HENDERSON COUNTY,Grade 2,489
2020-2021,10,HENDERSON COUNTY,Grade 2,202
2020-2021,7,HENDERSON COUNTY,Grade 3,512
2020-2021,10,HENDERSON COUNTY,Grade 3,215
2020-2021,7,HENDERSON COUNTY,Grade 4,487
2020-2021,10,HENDERSON COUNTY,Grade 4,216
2020-2021,7,HENDERSON COUNTY,Grade 5,514
2020-2021,10,HENDERSON COUNTY,Grade 5,218
2020-2021,7,HENDERSON COUNTY,Grade 6,540
2020-2021,10,HENDERSON COUNTY,Grade 6,228
2020-2021,7,HENDERSON COUNTY,Grade 7,536
2020-2021,10,HENDERSON COUNTY,Grade 7,223
2020-2021,7,HENDERSON COUNTY,Grade 8,536
2020-2021,10,HENDERSON COUNTY,Grade 8,225
2020-2021,7,HENDERSON COUNTY,Grade 9,536
2020-2021,10,HENDERSON COUNTY,Grade 9,235
2020-2021,7,HENDERSON COUNTY,Grade 10,500
2020-2021,10,HENDERSON COUNTY,Grade 10,244
2020-2021,7,HENDERSON COUNTY,Grade 11,424
2020-2021,10,HENDERSON COUNTY,Grade 11,231
2020-2021,7,HENDERSON COUNTY,Grade 12,423
2020-2021,10,HENDERSON COUNTY,Grade 12,213
2020-2021,1,HIDALGO COUNTY,Early Education,327
2020-2021,1,HIDALGO COUNTY,Pre-kindergarten,16261
2020-2021,1,HIDALGO COUNTY,Kindergarten,19014
2020-2021,1,HIDALGO COUNTY,Grade 1,19374
2020-2021,1,HIDALGO COUNTY,Grade 2,18774
2020-2021,1,HIDALGO COUNTY,Grade 3,18120
2020-2021,1,HIDALGO COUNTY,Grade 4,17558
2020-2021,1,HIDALGO COUNTY,Grade 5,17481
2020-2021,1,HIDALGO COUNTY,Grade 6,20512
2020-2021,1,HIDALGO COUNTY,Grade 7,19822
2020-2021,1,HIDALGO COUNTY,Grade 8,19392
2020-2021,1,HIDALGO COUNTY,Grade 9,19323
2020-2021,1,HIDALGO COUNTY,Grade 10,18311
2020-2021,1,HIDALGO COUNTY,Grade 11,16588
2020-2021,1,HIDALGO COUNTY,Grade 12,15157
2020-2021,12,HILL COUNTY,Early Education,19
2020-2021,12,HILL COUNTY,Pre-kindergarten,376
2020-2021,12,HILL COUNTY,Kindergarten,427
2020-2021,12,HILL COUNTY,Grade 1,466
2020-2021,12,HILL COUNTY,Grade 2,457
2020-2021,12,HILL COUNTY,Grade 3,420
2020-2021,12,HILL COUNTY,Grade 4,439
2020-2021,12,HILL COUNTY,Grade 5,462
2020-2021,12,HILL COUNTY,Grade 6,478
2020-2021,12,HILL COUNTY,Grade 7,497
2020-2021,12,HILL COUNTY,Grade 8,501
2020-2021,12,HILL COUNTY,Grade 9,491
2020-2021,12,HILL COUNTY,Grade 10,484
2020-2021,12,HILL COUNTY,Grade 11,404
2020-2021,12,HILL COUNTY,Grade 12,419
2020-2021,17,HOCKLEY COUNTY,Early Education,38
2020-2021,17,HOCKLEY COUNTY,Pre-kindergarten,297
2020-2021,17,HOCKLEY COUNTY,Kindergarten,295
2020-2021,17,HOCKLEY COUNTY,Grade 1,310
2020-2021,17,HOCKLEY COUNTY,Grade 2,324
2020-2021,17,HOCKLEY COUNTY,Grade 3,333
2020-2021,17,HOCKLEY COUNTY,Grade 4,323
2020-2021,17,HOCKLEY COUNTY,Grade 5,329
2020-2021,17,HOCKLEY COUNTY,Grade 6,364
2020-2021,17,HOCKLEY COUNTY,Grade 7,371
2020-2021,17,HOCKLEY COUNTY,Grade 8,367
2020-2021,17,HOCKLEY COUNTY,Grade 9,324
2020-2021,17,HOCKLEY COUNTY,Grade 10,333
2020-2021,17,HOCKLEY COUNTY,Grade 11,318
2020-2021,17,HOCKLEY COUNTY,Grade 12,303
2020-2021,11,HOOD COUNTY,Early Education,42
2020-2021,11,HOOD COUNTY,Pre-kindergarten,330
2020-2021,11,HOOD COUNTY,Kindergarten,611
2020-2021,11,HOOD COUNTY,Grade 1,625
2020-2021,11,HOOD COUNTY,Grade 2,701
2020-2021,11,HOOD COUNTY,Grade 3,569
2020-2021,11,HOOD COUNTY,Grade 4,651
2020-2021,11,HOOD COUNTY,Grade 5,650
2020-2021,11,HOOD COUNTY,Grade 6,681
2020-2021,11,HOOD COUNTY,Grade 7,704
2020-2021,11,HOOD COUNTY,Grade 8,664
2020-2021,11,HOOD COUNTY,Grade 9,759
2020-2021,11,HOOD COUNTY,Grade 10,710
2020-2021,11,HOOD COUNTY,Grade 11,527
2020-2021,11,HOOD COUNTY,Grade 12,535
2020-2021,8,HOPKINS COUNTY,Early Education,18
2020-2021,8,HOPKINS COUNTY,Pre-kindergarten,335
2020-2021,8,HOPKINS COUNTY,Kindergarten,432
2020-2021,8,HOPKINS COUNTY,Grade 1,484
2020-2021,8,HOPKINS COUNTY,Grade 2,475
2020-2021,8,HOPKINS COUNTY,Grade 3,456
2020-2021,8,HOPKINS COUNTY,Grade 4,500
2020-2021,8,HOPKINS COUNTY,Grade 5,511
2020-2021,8,HOPKINS COUNTY,Grade 6,511
2020-2021,8,HOPKINS COUNTY,Grade 7,557
2020-2021,8,HOPKINS COUNTY,Grade 8,522
2020-2021,8,HOPKINS COUNTY,Grade 9,507
2020-2021,8,HOPKINS COUNTY,Grade 10,518
2020-2021,8,HOPKINS COUNTY,Grade 11,484
2020-2021,8,HOPKINS COUNTY,Grade 12,466
2020-2021,6,HOUSTON COUNTY,Early Education,9
2020-2021,6,HOUSTON COUNTY,Pre-kindergarten,184
2020-2021,6,HOUSTON COUNTY,Kindergarten,187
2020-2021,6,HOUSTON COUNTY,Grade 1,217
2020-2021,6,HOUSTON COUNTY,Grade 2,213
2020-2021,6,HOUSTON COUNTY,Grade 3,198
2020-2021,6,HOUSTON COUNTY,Grade 4,224
2020-2021,6,HOUSTON COUNTY,Grade 5,218
2020-2021,6,HOUSTON COUNTY,Grade 6,235
2020-2021,6,HOUSTON COUNTY,Grade 7,234
2020-2021,6,HOUSTON COUNTY,Grade 8,269
2020-2021,6,HOUSTON COUNTY,Grade 9,250
2020-2021,6,HOUSTON COUNTY,Grade 10,211
2020-2021,6,HOUSTON COUNTY,Grade 11,229
2020-2021,6,HOUSTON COUNTY,Grade 12,199
2020-2021,18,HOWARD COUNTY,Early Education,25
2020-2021,18,HOWARD COUNTY,Pre-kindergarten,122
2020-2021,18,HOWARD COUNTY,Kindergarten,410
2020-2021,18,HOWARD COUNTY,Grade 1,435
2020-2021,18,HOWARD COUNTY,Grade 2,446
2020-2021,18,HOWARD COUNTY,Grade 3,398
2020-2021,18,HOWARD COUNTY,Grade 4,385
2020-2021,18,HOWARD COUNTY,Grade 5,419
2020-2021,18,HOWARD COUNTY,Grade 6,431
2020-2021,18,HOWARD COUNTY,Grade 7,442
2020-2021,18,HOWARD COUNTY,Grade 8,468
2020-2021,18,HOWARD COUNTY,Grade 9,436
2020-2021,18,HOWARD COUNTY,Grade 10,404
2020-2021,18,HOWARD COUNTY,Grade 11,393
2020-2021,18,HOWARD COUNTY,Grade 12,356
2020-2021,19,HUDSPETH COUNTY,Early Education,4
2020-2021,19,HUDSPETH COUNTY,Pre-kindergarten,41
2020-2021,19,HUDSPETH COUNTY,Kindergarten,34
2020-2021,19,HUDSPETH COUNTY,Grade 1,41
2020-2021,19,HUDSPETH COUNTY,Grade 2,43
2020-2021,19,HUDSPETH COUNTY,Grade 3,45
2020-2021,19,HUDSPETH COUNTY,Grade 4,45
2020-2021,19,HUDSPETH COUNTY,Grade 5,55
2020-2021,19,HUDSPETH COUNTY,Grade 6,44
2020-2021,19,HUDSPETH COUNTY,Grade 7,37
2020-2021,19,HUDSPETH COUNTY,Grade 8,43
2020-2021,19,HUDSPETH COUNTY,Grade 9,44
2020-2021,19,HUDSPETH COUNTY,Grade 10,45
2020-2021,19,HUDSPETH COUNTY,Grade 11,49
2020-2021,19,HUDSPETH COUNTY,Grade 12,39
2020-2021,10,HUNT COUNTY,Early Education,42
2020-2021,10,HUNT COUNTY,Pre-kindergarten,658
2020-2021,10,HUNT COUNTY,Kindergarten,1070
2020-2021,10,HUNT COUNTY,Grade 1,1077
2020-2021,10,HUNT COUNTY,Grade 2,1024
2020-2021,10,HUNT COUNTY,Grade 3,1052
2020-2021,10,HUNT COUNTY,Grade 4,1070
2020-2021,10,HUNT COUNTY,Grade 5,1050
2020-2021,10,HUNT COUNTY,Grade 6,1157
2020-2021,10,HUNT COUNTY,Grade 7,1190
2020-2021,10,HUNT COUNTY,Grade 8,1163
2020-2021,10,HUNT COUNTY,Grade 9,1138
2020-2021,10,HUNT COUNTY,Grade 10,1134
2020-2021,10,HUNT COUNTY,Grade 11,1098
2020-2021,10,HUNT COUNTY,Grade 12,1010
2020-2021,16,HUTCHINSON COUNTY,Early Education,10
2020-2021,16,HUTCHINSON COUNTY,Pre-kindergarten,179
2020-2021,16,HUTCHINSON COUNTY,Kindergarten,272
2020-2021,16,HUTCHINSON COUNTY,Grade 1,285
2020-2021,16,HUTCHINSON COUNTY,Grade 2,261
2020-2021,16,HUTCHINSON COUNTY,Grade 3,281
2020-2021,16,HUTCHINSON COUNTY,Grade 4,254
2020-2021,16,HUTCHINSON COUNTY,Grade 5,280
2020-2021,16,HUTCHINSON COUNTY,Grade 6,294
2020-2021,16,HUTCHINSON COUNTY,Grade 7,303
2020-2021,16,HUTCHINSON COUNTY,Grade 8,326
2020-2021,16,HUTCHINSON COUNTY,Grade 9,307
2020-2021,16,HUTCHINSON COUNTY,Grade 10,318
2020-2021,16,HUTCHINSON COUNTY,Grade 11,281
2020-2021,16,HUTCHINSON COUNTY,Grade 12,285
2020-2021,15,IRION COUNTY,Pre-kindergarten,31
2020-2021,15,IRION COUNTY,Kindergarten,17
2020-2021,15,IRION COUNTY,Grade 1,29
2020-2021,15,IRION COUNTY,Grade 2,23
2020-2021,15,IRION COUNTY,Grade 3,21
2020-2021,15,IRION COUNTY,Grade 4,22
2020-2021,15,IRION COUNTY,Grade 5,24
2020-2021,15,IRION COUNTY,Grade 6,17
2020-2021,15,IRION COUNTY,Grade 7,27
2020-2021,15,IRION COUNTY,Grade 8,15
2020-2021,15,IRION COUNTY,Grade 9,23
2020-2021,15,IRION COUNTY,Grade 10,23
2020-2021,15,IRION COUNTY,Grade 11,26
2020-2021,15,IRION COUNTY,Grade 12,25
2020-2021,9,JACK COUNTY,Early Education,8
2020-2021,9,JACK COUNTY,Pre-kindergarten,57
2020-2021,9,JACK COUNTY,Kindergarten,120
2020-2021,9,JACK COUNTY,Grade 1,108
2020-2021,9,JACK COUNTY,Grade 2,119
2020-2021,9,JACK COUNTY,Grade 3,122
2020-2021,9,JACK COUNTY,Grade 4,130
2020-2021,9,JACK COUNTY,Grade 5,103
2020-2021,9,JACK COUNTY,Grade 6,132
2020-2021,9,JACK COUNTY,Grade 7,130
2020-2021,9,JACK COUNTY,Grade 8,150
2020-2021,9,JACK COUNTY,Grade 9,138
2020-2021,9,JACK COUNTY,Grade 10,111
2020-2021,9,JACK COUNTY,Grade 11,100
2020-2021,9,JACK COUNTY,Grade 12,110
2020-2021,3,JACKSON COUNTY,Early Education,10
2020-2021,3,JACKSON COUNTY,Pre-kindergarten,128
2020-2021,3,JACKSON COUNTY,Kindergarten,247
2020-2021,3,JACKSON COUNTY,Grade 1,239
2020-2021,3,JACKSON COUNTY,Grade 2,243
2020-2021,3,JACKSON COUNTY,Grade 3,230
2020-2021,3,JACKSON COUNTY,Grade 4,218
2020-2021,3,JACKSON COUNTY,Grade 5,271
2020-2021,3,JACKSON COUNTY,Grade 6,244
2020-2021,3,JACKSON COUNTY,Grade 7,281
2020-2021,3,JACKSON COUNTY,Grade 8,282
2020-2021,3,JACKSON COUNTY,Grade 9,269
2020-2021,3,JACKSON COUNTY,Grade 10,273
2020-2021,3,JACKSON COUNTY,Grade 11,237
2020-2021,3,JACKSON COUNTY,Grade 12,219
2020-2021,5,JASPER COUNTY,Early Education,20
2020-2021,5,JASPER COUNTY,Pre-kindergarten,201
2020-2021,5,JASPER COUNTY,Kindergarten,412
2020-2021,5,JASPER COUNTY,Grade 1,389
2020-2021,5,JASPER COUNTY,Grade 2,414
2020-2021,5,JASPER COUNTY,Grade 3,429
2020-2021,5,JASPER COUNTY,Grade 4,395
2020-2021,5,JASPER COUNTY,Grade 5,454
2020-2021,5,JASPER COUNTY,Grade 6,464
2020-2021,5,JASPER COUNTY,Grade 7,472
2020-2021,5,JASPER COUNTY,Grade 8,451
2020-2021,5,JASPER COUNTY,Grade 9,485
2020-2021,5,JASPER COUNTY,Grade 10,491
2020-2021,5,JASPER COUNTY,Grade 11,397
2020-2021,5,JASPER COUNTY,Grade 12,410
2020-2021,18,JEFF DAVIS COUNTY,Early Education,2
2020-2021,18,JEFF DAVIS COUNTY,Pre-kindergarten,13
2020-2021,18,JEFF DAVIS COUNTY,Kindergarten,13
2020-2021,18,JEFF DAVIS COUNTY,Grade 1,10
2020-2021,18,JEFF DAVIS COUNTY,Grade 2,6
2020-2021,18,JEFF DAVIS COUNTY,Grade 3,15
2020-2021,18,JEFF DAVIS COUNTY,Grade 4,22
2020-2021,18,JEFF DAVIS COUNTY,Grade 5,21
2020-2021,18,JEFF DAVIS COUNTY,Grade 6,15
2020-2021,18,JEFF DAVIS COUNTY,Grade 7,15
2020-2021,18,JEFF DAVIS COUNTY,Grade 8,21
2020-2021,18,JEFF DAVIS COUNTY,Grade 9,21
2020-2021,18,JEFF DAVIS COUNTY,Grade 10,20
2020-2021,18,JEFF DAVIS COUNTY,Grade 11,23
2020-2021,18,JEFF DAVIS COUNTY,Grade 12,15
2020-2021,5,JEFFERSON COUNTY,Early Education,273
2020-2021,5,JEFFERSON COUNTY,Pre-kindergarten,1853
2020-2021,5,JEFFERSON COUNTY,Kindergarten,3047
2020-2021,5,JEFFERSON COUNTY,Grade 1,3109
2020-2021,5,JEFFERSON COUNTY,Grade 2,3069
2020-2021,5,JEFFERSON COUNTY,Grade 3,2947
2020-2021,5,JEFFERSON COUNTY,Grade 4,2927
2020-2021,5,JEFFERSON COUNTY,Grade 5,3054
2020-2021,5,JEFFERSON COUNTY,Grade 6,3144
2020-2021,5,JEFFERSON COUNTY,Grade 7,3060
2020-2021,5,JEFFERSON COUNTY,Grade 8,3031
2020-2021,5,JEFFERSON COUNTY,Grade 9,3124
2020-2021,5,JEFFERSON COUNTY,Grade 10,2978
2020-2021,5,JEFFERSON COUNTY,Grade 11,2621
2020-2021,5,JEFFERSON COUNTY,Grade 12,2465
2020-2021,1,JIM HOGG COUNTY,Early Education,4
2020-2021,1,JIM HOGG COUNTY,Pre-kindergarten,42
2020-2021,1,JIM HOGG COUNTY,Kindergarten,82
2020-2021,1,JIM HOGG COUNTY,Grade 1,98
2020-2021,1,JIM HOGG COUNTY,Grade 2,86
2020-2021,1,JIM HOGG COUNTY,Grade 3,84
2020-2021,1,JIM HOGG COUNTY,Grade 4,79
2020-2021,1,JIM HOGG COUNTY,Grade 5,64
2020-2021,1,JIM HOGG COUNTY,Grade 6,96
2020-2021,1,JIM HOGG COUNTY,Grade 7,85
2020-2021,1,JIM HOGG COUNTY,Grade 8,95
2020-2021,1,JIM HOGG COUNTY,Grade 9,92
2020-2021,1,JIM HOGG COUNTY,Grade 10,86
2020-2021,1,JIM HOGG COUNTY,Grade 11,81
2020-2021,1,JIM HOGG COUNTY,Grade 12,68
2020-2021,2,JIM WELLS COUNTY,Early Education,28
2020-2021,2,JIM WELLS COUNTY,Pre-kindergarten,342
2020-2021,2,JIM WELLS COUNTY,Kindergarten,590
2020-2021,2,JIM WELLS COUNTY,Grade 1,571
2020-2021,2,JIM WELLS COUNTY,Grade 2,566
2020-2021,2,JIM WELLS COUNTY,Grade 3,533
2020-2021,2,JIM WELLS COUNTY,Grade 4,567
2020-2021,2,JIM WELLS COUNTY,Grade 5,552
2020-2021,2,JIM WELLS COUNTY,Grade 6,603
2020-2021,2,JIM WELLS COUNTY,Grade 7,556
2020-2021,2,JIM WELLS COUNTY,Grade 8,655
2020-2021,2,JIM WELLS COUNTY,Grade 9,629
2020-2021,2,JIM WELLS COUNTY,Grade 10,592
2020-2021,2,JIM WELLS COUNTY,Grade 11,499
2020-2021,2,JIM WELLS COUNTY,Grade 12,436
2020-2021,11,JOHNSON COUNTY,Early Education,160
2020-2021,11,JOHNSON COUNTY,Pre-kindergarten,900
2020-2021,11,JOHNSON COUNTY,Kindergarten,2507
2020-2021,11,JOHNSON COUNTY,Grade 1,2524
2020-2021,11,JOHNSON COUNTY,Grade 2,2524
2020-2021,11,JOHNSON COUNTY,Grade 3,2567
2020-2021,11,JOHNSON COUNTY,Grade 4,2567
2020-2021,11,JOHNSON COUNTY,Grade 5,2712
2020-2021,11,JOHNSON COUNTY,Grade 6,2827
2020-2021,11,JOHNSON COUNTY,Grade 7,2957
2020-2021,11,JOHNSON COUNTY,Grade 8,2931
2020-2021,11,JOHNSON COUNTY,Grade 9,3079
2020-2021,11,JOHNSON COUNTY,Grade 10,3002
2020-2021,11,JOHNSON COUNTY,Grade 11,2665
2020-2021,11,JOHNSON COUNTY,Grade 12,2373
2020-2021,14,JONES COUNTY,Early Education,1
2020-2021,14,JONES COUNTY,Pre-kindergarten,160
2020-2021,14,JONES COUNTY,Kindergarten,161
2020-2021,14,JONES COUNTY,Grade 1,208
2020-2021,14,JONES COUNTY,Grade 2,184
2020-2021,14,JONES COUNTY,Grade 3,191
2020-2021,14,JONES COUNTY,Grade 4,169
2020-2021,14,JONES COUNTY,Grade 5,195
2020-2021,14,JONES COUNTY,Grade 6,205
2020-2021,14,JONES COUNTY,Grade 7,169
2020-2021,14,JONES COUNTY,Grade 8,214
2020-2021,14,JONES COUNTY,Grade 9,197
2020-2021,14,JONES COUNTY,Grade 10,216
2020-2021,14,JONES COUNTY,Grade 11,185
2020-2021,14,JONES COUNTY,Grade 12,178
2020-2021,3,KARNES COUNTY,Early Education,10
2020-2021,20,KARNES COUNTY,Early Education,1
2020-2021,3,KARNES COUNTY,Pre-kindergarten,105
2020-2021,20,KARNES COUNTY,Pre-kindergarten,15
2020-2021,3,KARNES COUNTY,Kindergarten,150
2020-2021,20,KARNES COUNTY,Kindergarten,31
2020-2021,3,KARNES COUNTY,Grade 1,181
2020-2021,20,KARNES COUNTY,Grade 1,40
2020-2021,3,KARNES COUNTY,Grade 2,132
2020-2021,20,KARNES COUNTY,Grade 2,27
2020-2021,3,KARNES COUNTY,Grade 3,145
2020-2021,20,KARNES COUNTY,Grade 3,34
2020-2021,3,KARNES COUNTY,Grade 4,159
2020-2021,20,KARNES COUNTY,Grade 4,22
2020-2021,3,KARNES COUNTY,Grade 5,140
2020-2021,20,KARNES COUNTY,Grade 5,33
2020-2021,3,KARNES COUNTY,Grade 6,169
2020-2021,20,KARNES COUNTY,Grade 6,29
2020-2021,3,KARNES COUNTY,Grade 7,180
2020-2021,20,KARNES COUNTY,Grade 7,31
2020-2021,3,KARNES COUNTY,Grade 8,174
2020-2021,20,KARNES COUNTY,Grade 8,27
2020-2021,3,KARNES COUNTY,Grade 9,217
2020-2021,20,KARNES COUNTY,Grade 9,34
2020-2021,3,KARNES COUNTY,Grade 10,182
2020-2021,20,KARNES COUNTY,Grade 10,24
2020-2021,3,KARNES COUNTY,Grade 11,163
2020-2021,20,KARNES COUNTY,Grade 11,36
2020-2021,3,KARNES COUNTY,Grade 12,162
2020-2021,20,KARNES COUNTY,Grade 12,24
2020-2021,10,KAUFMAN COUNTY,Early Education,140
2020-2021,10,KAUFMAN COUNTY,Pre-kindergarten,980
2020-2021,10,KAUFMAN COUNTY,Kindergarten,2251
2020-2021,10,KAUFMAN COUNTY,Grade 1,2328
2020-2021,10,KAUFMAN COUNTY,Grade 2,2303
2020-2021,10,KAUFMAN COUNTY,Grade 3,2360
2020-2021,10,KAUFMAN COUNTY,Grade 4,2331
2020-2021,10,KAUFMAN COUNTY,Grade 5,2441
2020-2021,10,KAUFMAN COUNTY,Grade 6,2583
2020-2021,10,KAUFMAN COUNTY,Grade 7,2676
2020-2021,10,KAUFMAN COUNTY,Grade 8,2686
2020-2021,10,KAUFMAN COUNTY,Grade 9,2700
2020-2021,10,KAUFMAN COUNTY,Grade 10,2588
2020-2021,10,KAUFMAN COUNTY,Grade 11,2206
2020-2021,10,KAUFMAN COUNTY,Grade 12,2084
2020-2021,13,KENDALL COUNTY,Early Education,2
2020-2021,20,KENDALL COUNTY,Early Education,83
2020-2021,13,KENDALL COUNTY,Pre-kindergarten,58
2020-2021,20,KENDALL COUNTY,Pre-kindergarten,128
2020-2021,13,KENDALL COUNTY,Kindergarten,74
2020-2021,20,KENDALL COUNTY,Kindergarten,578
2020-2021,13,KENDALL COUNTY,Grade 1,68
2020-2021,20,KENDALL COUNTY,Grade 1,680
2020-2021,13,KENDALL COUNTY,Grade 2,57
2020-2021,20,KENDALL COUNTY,Grade 2,628
2020-2021,13,KENDALL COUNTY,Grade 3,78
2020-2021,20,KENDALL COUNTY,Grade 3,707
2020-2021,13,KENDALL COUNTY,Grade 4,69
2020-2021,20,KENDALL COUNTY,Grade 4,656
2020-2021,13,KENDALL COUNTY,Grade 5,78
2020-2021,20,KENDALL COUNTY,Grade 5,726
2020-2021,13,KENDALL COUNTY,Grade 6,74
2020-2021,20,KENDALL COUNTY,Grade 6,817
2020-2021,13,KENDALL COUNTY,Grade 7,93
2020-2021,20,KENDALL COUNTY,Grade 7,791
2020-2021,13,KENDALL COUNTY,Grade 8,89
2020-2021,20,KENDALL COUNTY,Grade 8,768
2020-2021,13,KENDALL COUNTY,Grade 9,80
2020-2021,20,KENDALL COUNTY,Grade 9,820
2020-2021,13,KENDALL COUNTY,Grade 10,90
2020-2021,20,KENDALL COUNTY,Grade 10,849
2020-2021,13,KENDALL COUNTY,Grade 11,73
2020-2021,20,KENDALL COUNTY,Grade 11,796
2020-2021,13,KENDALL COUNTY,Grade 12,81
2020-2021,20,KENDALL COUNTY,Grade 12,672
2020-2021,2,KENEDY COUNTY,Pre-kindergarten,15
2020-2021,2,KENEDY COUNTY,Kindergarten,9
2020-2021,2,KENEDY COUNTY,Grade 1,11
2020-2021,2,KENEDY COUNTY,Grade 2,12
2020-2021,2,KENEDY COUNTY,Grade 3,10
2020-2021,2,KENEDY COUNTY,Grade 4,12
2020-2021,2,KENEDY COUNTY,Grade 5,11
2020-2021,2,KENEDY COUNTY,Grade 6,9
2020-2021,17,KENT COUNTY,Pre-kindergarten,14
2020-2021,17,KENT COUNTY,Kindergarten,10
2020-2021,17,KENT COUNTY,Grade 1,14
2020-2021,17,KENT COUNTY,Grade 2,14
2020-2021,17,KENT COUNTY,Grade 3,13
2020-2021,17,KENT COUNTY,Grade 4,16
2020-2021,17,KENT COUNTY,Grade 5,10
2020-2021,17,KENT COUNTY,Grade 6,12
2020-2021,17,KENT COUNTY,Grade 7,15
2020-2021,17,KENT COUNTY,Grade 8,11
2020-2021,17,KENT COUNTY,Grade 9,13
2020-2021,17,KENT COUNTY,Grade 10,12
2020-2021,17,KENT COUNTY,Grade 11,10
2020-2021,17,KENT COUNTY,Grade 12,12
2020-2021,20,KERR COUNTY,Early Education,21
2020-2021,20,KERR COUNTY,Pre-kindergarten,261
2020-2021,20,KERR COUNTY,Kindergarten,491
2020-2021,20,KERR COUNTY,Grade 1,510
2020-2021,20,KERR COUNTY,Grade 2,480
2020-2021,20,KERR COUNTY,Grade 3,450
2020-2021,20,KERR COUNTY,Grade 4,465
2020-2021,20,KERR COUNTY,Grade 5,498
2020-2021,20,KERR COUNTY,Grade 6,467
2020-2021,20,KERR COUNTY,Grade 7,526
2020-2021,20,KERR COUNTY,Grade 8,526
2020-2021,20,KERR COUNTY,Grade 9,568
2020-2021,20,KERR COUNTY,Grade 10,504
2020-2021,20,KERR COUNTY,Grade 11,438
2020-2021,20,KERR COUNTY,Grade 12,418
2020-2021,15,KIMBLE COUNTY,Pre-kindergarten,40
2020-2021,15,KIMBLE COUNTY,Kindergarten,51
2020-2021,15,KIMBLE COUNTY,Grade 1,46
2020-2021,15,KIMBLE COUNTY,Grade 2,34
2020-2021,15,KIMBLE COUNTY,Grade 3,37
2020-2021,15,KIMBLE COUNTY,Grade 4,39
2020-2021,15,KIMBLE COUNTY,Grade 5,40
2020-2021,15,KIMBLE COUNTY,Grade 6,50
2020-2021,15,KIMBLE COUNTY,Grade 7,46
2020-2021,15,KIMBLE COUNTY,Grade 8,55
2020-2021,15,KIMBLE COUNTY,Grade 9,32
2020-2021,15,KIMBLE COUNTY,Grade 10,47
2020-2021,15,KIMBLE COUNTY,Grade 11,48
2020-2021,15,KIMBLE COUNTY,Grade 12,34
2020-2021,17,KING COUNTY,Pre-kindergarten,10
2020-2021,17,KING COUNTY,Kindergarten,11
2020-2021,17,KING COUNTY,Grade 1,8
2020-2021,17,KING COUNTY,Grade 2,5
2020-2021,17,KING COUNTY,Grade 3,12
2020-2021,17,KING COUNTY,Grade 4,16
2020-2021,17,KING COUNTY,Grade 5,7
2020-2021,17,KING COUNTY,Grade 6,11
2020-2021,17,KING COUNTY,Grade 7,10
2020-2021,17,KING COUNTY,Grade 8,6
2020-2021,17,KING COUNTY,Grade 9,8
2020-2021,17,KING COUNTY,Grade 10,7
2020-2021,17,KING COUNTY,Grade 11,9
2020-2021,17,KING COUNTY,Grade 12,7
2020-2021,20,KINNEY COUNTY,Pre-kindergarten,20
2020-2021,20,KINNEY COUNTY,Kindergarten,45
2020-2021,20,KINNEY COUNTY,Grade 1,39
2020-2021,20,KINNEY COUNTY,Grade 2,31
2020-2021,20,KINNEY COUNTY,Grade 3,36
2020-2021,20,KINNEY COUNTY,Grade 4,30
2020-2021,20,KINNEY COUNTY,Grade 5,39
2020-2021,20,KINNEY COUNTY,Grade 6,44
2020-2021,20,KINNEY COUNTY,Grade 7,43
2020-2021,20,KINNEY COUNTY,Grade 8,35
2020-2021,20,KINNEY COUNTY,Grade 9,49
2020-2021,20,KINNEY COUNTY,Grade 10,32
2020-2021,20,KINNEY COUNTY,Grade 11,38
2020-2021,20,KINNEY COUNTY,Grade 12,38
2020-2021,2,KLEBERG COUNTY,Early Education,7
2020-2021,2,KLEBERG COUNTY,Pre-kindergarten,230
2020-2021,2,KLEBERG COUNTY,Kindergarten,323
2020-2021,2,KLEBERG COUNTY,Grade 1,354
2020-2021,2,KLEBERG COUNTY,Grade 2,349
2020-2021,2,KLEBERG COUNTY,Grade 3,339
2020-2021,2,KLEBERG COUNTY,Grade 4,298
2020-2021,2,KLEBERG COUNTY,Grade 5,330
2020-2021,2,KLEBERG COUNTY,Grade 6,367
2020-2021,2,KLEBERG COUNTY,Grade 7,365
2020-2021,2,KLEBERG COUNTY,Grade 8,341
2020-2021,2,KLEBERG COUNTY,Grade 9,440
2020-2021,2,KLEBERG COUNTY,Grade 10,351
2020-2021,2,KLEBERG COUNTY,Grade 11,327
2020-2021,2,KLEBERG COUNTY,Grade 12,308
2020-2021,9,KNOX COUNTY,Early Education,19
2020-2021,9,KNOX COUNTY,Pre-kindergarten,62
2020-2021,9,KNOX COUNTY,Kindergarten,55
2020-2021,9,KNOX COUNTY,Grade 1,48
2020-2021,9,KNOX COUNTY,Grade 2,49
2020-2021,9,KNOX COUNTY,Grade 3,60
2020-2021,9,KNOX COUNTY,Grade 4,50
2020-2021,9,KNOX COUNTY,Grade 5,63
2020-2021,9,KNOX COUNTY,Grade 6,58
2020-2021,9,KNOX COUNTY,Grade 7,62
2020-2021,9,KNOX COUNTY,Grade 8,61
2020-2021,9,KNOX COUNTY,Grade 9,40
2020-2021,9,KNOX COUNTY,Grade 10,54
2020-2021,9,KNOX COUNTY,Grade 11,40
2020-2021,9,KNOX COUNTY,Grade 12,45
2020-2021,20,LA SALLE COUNTY,Early Education,1
2020-2021,20,LA SALLE COUNTY,Pre-kindergarten,62
2020-2021,20,LA SALLE COUNTY,Kindergarten,83
2020-2021,20,LA SALLE COUNTY,Grade 1,90
2020-2021,20,LA SALLE COUNTY,Grade 2,92
2020-2021,20,LA SALLE COUNTY,Grade 3,88
2020-2021,20,LA SALLE COUNTY,Grade 4,81
2020-2021,20,LA SALLE COUNTY,Grade 5,102
2020-2021,20,LA SALLE COUNTY,Grade 6,104
2020-2021,20,LA SALLE COUNTY,Grade 7,85
2020-2021,20,LA SALLE COUNTY,Grade 8,102
2020-2021,20,LA SALLE COUNTY,Grade 9,101
2020-2021,20,LA SALLE COUNTY,Grade 10,95
2020-2021,20,LA SALLE COUNTY,Grade 11,99
2020-2021,20,LA SALLE COUNTY,Grade 12,80
2020-2021,8,LAMAR COUNTY,Early Education,17
2020-2021,8,LAMAR COUNTY,Pre-kindergarten,428
2020-2021,8,LAMAR COUNTY,Kindergarten,626
2020-2021,8,LAMAR COUNTY,Grade 1,677
2020-2021,8,LAMAR COUNTY,Grade 2,610
2020-2021,8,LAMAR COUNTY,Grade 3,625
2020-2021,8,LAMAR COUNTY,Grade 4,594
2020-2021,8,LAMAR COUNTY,Grade 5,614
2020-2021,8,LAMAR COUNTY,Grade 6,587
2020-2021,8,LAMAR COUNTY,Grade 7,631
2020-2021,8,LAMAR COUNTY,Grade 8,643
2020-2021,8,LAMAR COUNTY,Grade 9,621
2020-2021,8,LAMAR COUNTY,Grade 10,610
2020-2021,8,LAMAR COUNTY,Grade 11,551
2020-2021,8,LAMAR COUNTY,Grade 12,482
2020-2021,17,LAMB COUNTY,Early Education,9
2020-2021,17,LAMB COUNTY,Pre-kindergarten,155
2020-2021,17,LAMB COUNTY,Kindergarten,185
2020-2021,17,LAMB COUNTY,Grade 1,167
2020-2021,17,LAMB COUNTY,Grade 2,217
2020-2021,17,LAMB COUNTY,Grade 3,214
2020-2021,17,LAMB COUNTY,Grade 4,186
2020-2021,17,LAMB COUNTY,Grade 5,216
2020-2021,17,LAMB COUNTY,Grade 6,217
2020-2021,17,LAMB COUNTY,Grade 7,218
2020-2021,17,LAMB COUNTY,Grade 8,204
2020-2021,17,LAMB COUNTY,Grade 9,228
2020-2021,17,LAMB COUNTY,Grade 10,186
2020-2021,17,LAMB COUNTY,Grade 11,189
2020-2021,17,LAMB COUNTY,Grade 12,192
2020-2021,12,LAMPASAS COUNTY,Early Education,21
2020-2021,12,LAMPASAS COUNTY,Pre-kindergarten,128
2020-2021,12,LAMPASAS COUNTY,Kindergarten,279
2020-2021,12,LAMPASAS COUNTY,Grade 1,258
2020-2021,12,LAMPASAS COUNTY,Grade 2,266
2020-2021,12,LAMPASAS COUNTY,Grade 3,269
2020-2021,12,LAMPASAS COUNTY,Grade 4,271
2020-2021,12,LAMPASAS COUNTY,Grade 5,282
2020-2021,12,LAMPASAS COUNTY,Grade 6,255
2020-2021,12,LAMPASAS COUNTY,Grade 7,325
2020-2021,12,LAMPASAS COUNTY,Grade 8,264
2020-2021,12,LAMPASAS COUNTY,Grade 9,296
2020-2021,12,LAMPASAS COUNTY,Grade 10,290
2020-2021,12,LAMPASAS COUNTY,Grade 11,265
2020-2021,12,LAMPASAS COUNTY,Grade 12,263
2020-2021,3,LAVACA COUNTY,Early Education,16
2020-2021,3,LAVACA COUNTY,Pre-kindergarten,119
2020-2021,3,LAVACA COUNTY,Kindergarten,179
2020-2021,3,LAVACA COUNTY,Grade 1,185
2020-2021,3,LAVACA COUNTY,Grade 2,168
2020-2021,3,LAVACA COUNTY,Grade 3,166
2020-2021,3,LAVACA COUNTY,Grade 4,152
2020-2021,3,LAVACA COUNTY,Grade 5,183
2020-2021,3,LAVACA COUNTY,Grade 6,180
2020-2021,3,LAVACA COUNTY,Grade 7,211
2020-2021,3,LAVACA COUNTY,Grade 8,210
2020-2021,3,LAVACA COUNTY,Grade 9,184
2020-2021,3,LAVACA COUNTY,Grade 10,156
2020-2021,3,LAVACA COUNTY,Grade 11,145
2020-2021,3,LAVACA COUNTY,Grade 12,177
2020-2021,13,LEE COUNTY,Early Education,14
2020-2021,13,LEE COUNTY,Pre-kindergarten,123
2020-2021,13,LEE COUNTY,Kindergarten,205
2020-2021,13,LEE COUNTY,Grade 1,220
2020-2021,13,LEE COUNTY,Grade 2,204
2020-2021,13,LEE COUNTY,Grade 3,191
2020-2021,13,LEE COUNTY,Grade 4,189
2020-2021,13,LEE COUNTY,Grade 5,218
2020-2021,13,LEE COUNTY,Grade 6,259
2020-2021,13,LEE COUNTY,Grade 7,257
2020-2021,13,LEE COUNTY,Grade 8,256
2020-2021,13,LEE COUNTY,Grade 9,255
2020-2021,13,LEE COUNTY,Grade 10,259
2020-2021,13,LEE COUNTY,Grade 11,259
2020-2021,13,LEE COUNTY,Grade 12,224
2020-2021,6,LEON COUNTY,Early Education,22
2020-2021,6,LEON COUNTY,Pre-kindergarten,156
2020-2021,6,LEON COUNTY,Kindergarten,230
2020-2021,6,LEON COUNTY,Grade 1,223
2020-2021,6,LEON COUNTY,Grade 2,204
2020-2021,6,LEON COUNTY,Grade 3,227
2020-2021,6,LEON COUNTY,Grade 4,194
2020-2021,6,LEON COUNTY,Grade 5,234
2020-2021,6,LEON COUNTY,Grade 6,234
2020-2021,6,LEON COUNTY,Grade 7,232
2020-2021,6,LEON COUNTY,Grade 8,217
2020-2021,6,LEON COUNTY,Grade 9,249
2020-2021,6,LEON COUNTY,Grade 10,246
2020-2021,6,LEON COUNTY,Grade 11,239
2020-2021,6,LEON COUNTY,Grade 12,208
2020-2021,4,LIBERTY COUNTY,Early Education,77
2020-2021,5,LIBERTY COUNTY,Early Education,10
2020-2021,4,LIBERTY COUNTY,Pre-kindergarten,613
2020-2021,5,LIBERTY COUNTY,Pre-kindergarten,101
2020-2021,4,LIBERTY COUNTY,Kindergarten,1241
2020-2021,5,LIBERTY COUNTY,Kindergarten,197
2020-2021,4,LIBERTY COUNTY,Grade 1,1318
2020-2021,5,LIBERTY COUNTY,Grade 1,211
2020-2021,4,LIBERTY COUNTY,Grade 2,1299
2020-2021,5,LIBERTY COUNTY,Grade 2,219
2020-2021,4,LIBERTY COUNTY,Grade 3,1266
2020-2021,5,LIBERTY COUNTY,Grade 3,175
2020-2021,4,LIBERTY COUNTY,Grade 4,1322
2020-2021,5,LIBERTY COUNTY,Grade 4,193
2020-2021,4,LIBERTY COUNTY,Grade 5,1354
2020-2021,5,LIBERTY COUNTY,Grade 5,193
2020-2021,4,LIBERTY COUNTY,Grade 6,1472
2020-2021,5,LIBERTY COUNTY,Grade 6,211
2020-2021,4,LIBERTY COUNTY,Grade 7,1461
2020-2021,5,LIBERTY COUNTY,Grade 7,212
2020-2021,4,LIBERTY COUNTY,Grade 8,1435
2020-2021,5,LIBERTY COUNTY,Grade 8,197
2020-2021,4,LIBERTY COUNTY,Grade 9,1333
2020-2021,5,LIBERTY COUNTY,Grade 9,213
2020-2021,4,LIBERTY COUNTY,Grade 10,1232
2020-2021,5,LIBERTY COUNTY,Grade 10,219
2020-2021,4,LIBERTY COUNTY,Grade 11,1128
2020-2021,5,LIBERTY COUNTY,Grade 11,175
2020-2021,4,LIBERTY COUNTY,Grade 12,965
2020-2021,5,LIBERTY COUNTY,Grade 12,162
2020-2021,12,LIMESTONE COUNTY,Early Education,12
2020-2021,12,LIMESTONE COUNTY,Pre-kindergarten,160
2020-2021,12,LIMESTONE COUNTY,Kindergarten,243
2020-2021,12,LIMESTONE COUNTY,Grade 1,288
2020-2021,12,LIMESTONE COUNTY,Grade 2,266
2020-2021,12,LIMESTONE COUNTY,Grade 3,266
2020-2021,12,LIMESTONE COUNTY,Grade 4,254
2020-2021,12,LIMESTONE COUNTY,Grade 5,280
2020-2021,12,LIMESTONE COUNTY,Grade 6,301
2020-2021,12,LIMESTONE COUNTY,Grade 7,293
2020-2021,12,LIMESTONE COUNTY,Grade 8,246
2020-2021,12,LIMESTONE COUNTY,Grade 9,282
2020-2021,12,LIMESTONE COUNTY,Grade 10,276
2020-2021,12,LIMESTONE COUNTY,Grade 11,246
2020-2021,12,LIMESTONE COUNTY,Grade 12,262
2020-2021,16,LIPSCOMB COUNTY,Pre-kindergarten,41
2020-2021,16,LIPSCOMB COUNTY,Kindergarten,42
2020-2021,16,LIPSCOMB COUNTY,Grade 1,55
2020-2021,16,LIPSCOMB COUNTY,Grade 2,54
2020-2021,16,LIPSCOMB COUNTY,Grade 3,41
2020-2021,16,LIPSCOMB COUNTY,Grade 4,48
2020-2021,16,LIPSCOMB COUNTY,Grade 5,56
2020-2021,16,LIPSCOMB COUNTY,Grade 6,50
2020-2021,16,LIPSCOMB COUNTY,Grade 7,49
2020-2021,16,LIPSCOMB COUNTY,Grade 8,52
2020-2021,16,LIPSCOMB COUNTY,Grade 9,43
2020-2021,16,LIPSCOMB COUNTY,Grade 10,58
2020-2021,16,LIPSCOMB COUNTY,Grade 11,53
2020-2021,16,LIPSCOMB COUNTY,Grade 12,29
2020-2021,2,LIVE OAK COUNTY,Early Education,7
2020-2021,2,LIVE OAK COUNTY,Pre-kindergarten,88
2020-2021,2,LIVE OAK COUNTY,Kindergarten,108
2020-2021,2,LIVE OAK COUNTY,Grade 1,124
2020-2021,2,LIVE OAK COUNTY,Grade 2,112
2020-2021,2,LIVE OAK COUNTY,Grade 3,107
2020-2021,2,LIVE OAK COUNTY,Grade 4,126
2020-2021,2,LIVE OAK COUNTY,Grade 5,107
2020-2021,2,LIVE OAK COUNTY,Grade 6,118
2020-2021,2,LIVE OAK COUNTY,Grade 7,138
2020-2021,2,LIVE OAK COUNTY,Grade 8,105
2020-2021,2,LIVE OAK COUNTY,Grade 9,119
2020-2021,2,LIVE OAK COUNTY,Grade 10,120
2020-2021,2,LIVE OAK COUNTY,Grade 11,112
2020-2021,2,LIVE OAK COUNTY,Grade 12,112
2020-2021,13,LLANO COUNTY,Early Education,8
2020-2021,13,LLANO COUNTY,Pre-kindergarten,64
2020-2021,13,LLANO COUNTY,Kindergarten,136
2020-2021,13,LLANO COUNTY,Grade 1,133
2020-2021,13,LLANO COUNTY,Grade 2,111
2020-2021,13,LLANO COUNTY,Grade 3,121
2020-2021,13,LLANO COUNTY,Grade 4,122
2020-2021,13,LLANO COUNTY,Grade 5,125
2020-2021,13,LLANO COUNTY,Grade 6,139
2020-2021,13,LLANO COUNTY,Grade 7,135
2020-2021,13,LLANO COUNTY,Grade 8,127
2020-2021,13,LLANO COUNTY,Grade 9,157
2020-2021,13,LLANO COUNTY,Grade 10,151
2020-2021,13,LLANO COUNTY,Grade 11,107
2020-2021,13,LLANO COUNTY,Grade 12,95
2020-2021,17,LUBBOCK COUNTY,Early Education,198
2020-2021,17,LUBBOCK COUNTY,Pre-kindergarten,1899
2020-2021,17,LUBBOCK COUNTY,Kindergarten,3666
2020-2021,17,LUBBOCK COUNTY,Grade 1,3812
2020-2021,17,LUBBOCK COUNTY,Grade 2,3627
2020-2021,17,LUBBOCK COUNTY,Grade 3,3556
2020-2021,17,LUBBOCK COUNTY,Grade 4,3640
2020-2021,17,LUBBOCK COUNTY,Grade 5,3886
2020-2021,17,LUBBOCK COUNTY,Grade 6,3909
2020-2021,17,LUBBOCK COUNTY,Grade 7,3970
2020-2021,17,LUBBOCK COUNTY,Grade 8,4048
2020-2021,17,LUBBOCK COUNTY,Grade 9,3691
2020-2021,17,LUBBOCK COUNTY,Grade 10,3712
2020-2021,17,LUBBOCK COUNTY,Grade 11,3378
2020-2021,17,LUBBOCK COUNTY,Grade 12,3282
2020-2021,17,LYNN COUNTY,Early Education,2
2020-2021,17,LYNN COUNTY,Pre-kindergarten,96
2020-2021,17,LYNN COUNTY,Kindergarten,110
2020-2021,17,LYNN COUNTY,Grade 1,125
2020-2021,17,LYNN COUNTY,Grade 2,115
2020-2021,17,LYNN COUNTY,Grade 3,124
2020-2021,17,LYNN COUNTY,Grade 4,101
2020-2021,17,LYNN COUNTY,Grade 5,113
2020-2021,17,LYNN COUNTY,Grade 6,132
2020-2021,17,LYNN COUNTY,Grade 7,117
2020-2021,17,LYNN COUNTY,Grade 8,159
2020-2021,17,LYNN COUNTY,Grade 9,112
2020-2021,17,LYNN COUNTY,Grade 10,108
2020-2021,17,LYNN COUNTY,Grade 11,94
2020-2021,17,LYNN COUNTY,Grade 12,97
2020-2021,6,MADISON COUNTY,Early Education,8
2020-2021,6,MADISON COUNTY,Pre-kindergarten,135
2020-2021,6,MADISON COUNTY,Kindergarten,204
2020-2021,6,MADISON COUNTY,Grade 1,183
2020-2021,6,MADISON COUNTY,Grade 2,211
2020-2021,6,MADISON COUNTY,Grade 3,180
2020-2021,6,MADISON COUNTY,Grade 4,177
2020-2021,6,MADISON COUNTY,Grade 5,182
2020-2021,6,MADISON COUNTY,Grade 6,201
2020-2021,6,MADISON COUNTY,Grade 7,193
2020-2021,6,MADISON COUNTY,Grade 8,192
2020-2021,6,MADISON COUNTY,Grade 9,201
2020-2021,6,MADISON COUNTY,Grade 10,201
2020-2021,6,MADISON COUNTY,Grade 11,156
2020-2021,6,MADISON COUNTY,Grade 12,170
2020-2021,8,MARION COUNTY,Pre-kindergarten,63
2020-2021,8,MARION COUNTY,Kindergarten,77
2020-2021,8,MARION COUNTY,Grade 1,65
2020-2021,8,MARION COUNTY,Grade 2,86
2020-2021,8,MARION COUNTY,Grade 3,87
2020-2021,8,MARION COUNTY,Grade 4,79
2020-2021,8,MARION COUNTY,Grade 5,104
2020-2021,8,MARION COUNTY,Grade 6,96
2020-2021,8,MARION COUNTY,Grade 7,100
2020-2021,8,MARION COUNTY,Grade 8,105
2020-2021,8,MARION COUNTY,Grade 9,93
2020-2021,8,MARION COUNTY,Grade 10,108
2020-2021,8,MARION COUNTY,Grade 11,84
2020-2021,8,MARION COUNTY,Grade 12,80
2020-2021,18,MARTIN COUNTY,Early Education,6
2020-2021,18,MARTIN COUNTY,Pre-kindergarten,40
2020-2021,18,MARTIN COUNTY,Kindergarten,98
2020-2021,18,MARTIN COUNTY,Grade 1,105
2020-2021,18,MARTIN COUNTY,Grade 2,100
2020-2021,18,MARTIN COUNTY,Grade 3,93
2020-2021,18,MARTIN COUNTY,Grade 4,96
2020-2021,18,MARTIN COUNTY,Grade 5,96
2020-2021,18,MARTIN COUNTY,Grade 6,116
2020-2021,18,MARTIN COUNTY,Grade 7,106
2020-2021,18,MARTIN COUNTY,Grade 8,101
2020-2021,18,MARTIN COUNTY,Grade 9,84
2020-2021,18,MARTIN COUNTY,Grade 10,99
2020-2021,18,MARTIN COUNTY,Grade 11,79
2020-2021,18,MARTIN COUNTY,Grade 12,61
2020-2021,15,MASON COUNTY,Early Education,1
2020-2021,15,MASON COUNTY,Pre-kindergarten,36
2020-2021,15,MASON COUNTY,Kindergarten,52
2020-2021,15,MASON COUNTY,Grade 1,58
2020-2021,15,MASON COUNTY,Grade 2,43
2020-2021,15,MASON COUNTY,Grade 3,54
2020-2021,15,MASON COUNTY,Grade 4,53
2020-2021,15,MASON COUNTY,Grade 5,36
2020-2021,15,MASON COUNTY,Grade 6,52
2020-2021,15,MASON COUNTY,Grade 7,58
2020-2021,15,MASON COUNTY,Grade 8,45
2020-2021,15,MASON COUNTY,Grade 9,62
2020-2021,15,MASON COUNTY,Grade 10,63
2020-2021,15,MASON COUNTY,Grade 11,60
2020-2021,15,MASON COUNTY,Grade 12,43
2020-2021,3,MATAGORDA COUNTY,Early Education,35
2020-2021,3,MATAGORDA COUNTY,Pre-kindergarten,297
2020-2021,3,MATAGORDA COUNTY,Kindergarten,473
2020-2021,3,MATAGORDA COUNTY,Grade 1,526
2020-2021,3,MATAGORDA COUNTY,Grade 2,495
2020-2021,3,MATAGORDA COUNTY,Grade 3,500
2020-2021,3,MATAGORDA COUNTY,Grade 4,507
2020-2021,3,MATAGORDA COUNTY,Grade 5,513
2020-2021,3,MATAGORDA COUNTY,Grade 6,553
2020-2021,3,MATAGORDA COUNTY,Grade 7,588
2020-2021,3,MATAGORDA COUNTY,Grade 8,540
2020-2021,3,MATAGORDA COUNTY,Grade 9,517
2020-2021,3,MATAGORDA COUNTY,Grade 10,513
2020-2021,3,MATAGORDA COUNTY,Grade 11,429
2020-2021,3,MATAGORDA COUNTY,Grade 12,483
2020-2021,20,MAVERICK COUNTY,Early Education,46
2020-2021,20,MAVERICK COUNTY,Pre-kindergarten,427
2020-2021,20,MAVERICK COUNTY,Kindergarten,1011
2020-2021,20,MAVERICK COUNTY,Grade 1,982
2020-2021,20,MAVERICK COUNTY,Grade 2,1063
2020-2021,20,MAVERICK COUNTY,Grade 3,988
2020-2021,20,MAVERICK COUNTY,Grade 4,930
2020-2021,20,MAVERICK COUNTY,Grade 5,978
2020-2021,20,MAVERICK COUNTY,Grade 6,1017
2020-2021,20,MAVERICK COUNTY,Grade 7,1095
2020-2021,20,MAVERICK COUNTY,Grade 8,1135
2020-2021,20,MAVERICK COUNTY,Grade 9,1209
2020-2021,20,MAVERICK COUNTY,Grade 10,1167
2020-2021,20,MAVERICK COUNTY,Grade 11,1078
2020-2021,20,MAVERICK COUNTY,Grade 12,902
2020-2021,15,MCCULLOCH COUNTY,Early Education,8
2020-2021,15,MCCULLOCH COUNTY,Pre-kindergarten,60
2020-2021,15,MCCULLOCH COUNTY,Kindergarten,87
2020-2021,15,MCCULLOCH COUNTY,Grade 1,72
2020-2021,15,MCCULLOCH COUNTY,Grade 2,88
2020-2021,15,MCCULLOCH COUNTY,Grade 3,107
2020-2021,15,MCCULLOCH COUNTY,Grade 4,79
2020-2021,15,MCCULLOCH COUNTY,Grade 5,97
2020-2021,15,MCCULLOCH COUNTY,Grade 6,97
2020-2021,15,MCCULLOCH COUNTY,Grade 7,108
2020-2021,15,MCCULLOCH COUNTY,Grade 8,109
2020-2021,15,MCCULLOCH COUNTY,Grade 9,94
2020-2021,15,MCCULLOCH COUNTY,Grade 10,95
2020-2021,15,MCCULLOCH COUNTY,Grade 11,88
2020-2021,15,MCCULLOCH COUNTY,Grade 12,99
2020-2021,12,MCLENNAN COUNTY,Early Education,131
2020-2021,12,MCLENNAN COUNTY,Pre-kindergarten,1867
2020-2021,12,MCLENNAN COUNTY,Kindergarten,3865
2020-2021,12,MCLENNAN COUNTY,Grade 1,4091
2020-2021,12,MCLENNAN COUNTY,Grade 2,3997
2020-2021,12,MCLENNAN COUNTY,Grade 3,3957
2020-2021,12,MCLENNAN COUNTY,Grade 4,3928
2020-2021,12,MCLENNAN COUNTY,Grade 5,4018
2020-2021,12,MCLENNAN COUNTY,Grade 6,4249
2020-2021,12,MCLENNAN COUNTY,Grade 7,4237
2020-2021,12,MCLENNAN COUNTY,Grade 8,4164
2020-2021,12,MCLENNAN COUNTY,Grade 9,4278
2020-2021,12,MCLENNAN COUNTY,Grade 10,4026
2020-2021,12,MCLENNAN COUNTY,Grade 11,3629
2020-2021,12,MCLENNAN COUNTY,Grade 12,3441
2020-2021,2,MCMULLEN COUNTY,Pre-kindergarten,18
2020-2021,2,MCMULLEN COUNTY,Kindergarten,12
2020-2021,2,MCMULLEN COUNTY,Grade 1,20
2020-2021,2,MCMULLEN COUNTY,Grade 2,16
2020-2021,2,MCMULLEN COUNTY,Grade 3,17
2020-2021,2,MCMULLEN COUNTY,Grade 4,20
2020-2021,2,MCMULLEN COUNTY,Grade 5,17
2020-2021,2,MCMULLEN COUNTY,Grade 6,17
2020-2021,2,MCMULLEN COUNTY,Grade 7,23
2020-2021,2,MCMULLEN COUNTY,Grade 8,21
2020-2021,2,MCMULLEN COUNTY,Grade 9,18
2020-2021,2,MCMULLEN COUNTY,Grade 10,30
2020-2021,2,MCMULLEN COUNTY,Grade 11,24
2020-2021,2,MCMULLEN COUNTY,Grade 12,14
2020-2021,20,MEDINA COUNTY,Early Education,63
2020-2021,20,MEDINA COUNTY,Pre-kindergarten,374
2020-2021,20,MEDINA COUNTY,Kindergarten,764
2020-2021,20,MEDINA COUNTY,Grade 1,876
2020-2021,20,MEDINA COUNTY,Grade 2,755
2020-2021,20,MEDINA COUNTY,Grade 3,802
2020-2021,20,MEDINA COUNTY,Grade 4,832
2020-2021,20,MEDINA COUNTY,Grade 5,827
2020-2021,20,MEDINA COUNTY,Grade 6,909
2020-2021,20,MEDINA COUNTY,Grade 7,875
2020-2021,20,MEDINA COUNTY,Grade 8,864
2020-2021,20,MEDINA COUNTY,Grade 9,909
2020-2021,20,MEDINA COUNTY,Grade 10,853
2020-2021,20,MEDINA COUNTY,Grade 11,808
2020-2021,20,MEDINA COUNTY,Grade 12,769
2020-2021,15,MENARD COUNTY,Pre-kindergarten,21
2020-2021,15,MENARD COUNTY,Kindergarten,16
2020-2021,15,MENARD COUNTY,Grade 1,23
2020-2021,15,MENARD COUNTY,Grade 2,19
2020-2021,15,MENARD COUNTY,Grade 3,24
2020-2021,15,MENARD COUNTY,Grade 4,13
2020-2021,15,MENARD COUNTY,Grade 5,21
2020-2021,15,MENARD COUNTY,Grade 6,20
2020-2021,15,MENARD COUNTY,Grade 7,26
2020-2021,15,MENARD COUNTY,Grade 8,16
2020-2021,15,MENARD COUNTY,Grade 9,29
2020-2021,15,MENARD COUNTY,Grade 10,18
2020-2021,15,MENARD COUNTY,Grade 11,18
2020-2021,15,MENARD COUNTY,Grade 12,15
2020-2021,18,MIDLAND COUNTY,Early Education,102
2020-2021,18,MIDLAND COUNTY,Pre-kindergarten,859
2020-2021,18,MIDLAND COUNTY,Kindergarten,2268
2020-2021,18,MIDLAND COUNTY,Grade 1,2343
2020-2021,18,MIDLAND COUNTY,Grade 2,2306
2020-2021,18,MIDLAND COUNTY,Grade 3,2178
2020-2021,18,MIDLAND COUNTY,Grade 4,2257
2020-2021,18,MIDLAND COUNTY,Grade 5,2185
2020-2021,18,MIDLAND COUNTY,Grade 6,2244
2020-2021,18,MIDLAND COUNTY,Grade 7,2213
2020-2021,18,MIDLAND COUNTY,Grade 8,2200
2020-2021,18,MIDLAND COUNTY,Grade 9,2144
2020-2021,18,MIDLAND COUNTY,Grade 10,2145
2020-2021,18,MIDLAND COUNTY,Grade 11,1832
2020-2021,18,MIDLAND COUNTY,Grade 12,1518
2020-2021,6,MILAM COUNTY,Early Education,8
2020-2021,6,MILAM COUNTY,Pre-kindergarten,201
2020-2021,13,MILAM COUNTY,Pre-kindergarten,15
2020-2021,6,MILAM COUNTY,Kindergarten,274
2020-2021,13,MILAM COUNTY,Kindergarten,31
2020-2021,6,MILAM COUNTY,Grade 1,260
2020-2021,13,MILAM COUNTY,Grade 1,41
2020-2021,6,MILAM COUNTY,Grade 2,237
2020-2021,13,MILAM COUNTY,Grade 2,36
2020-2021,6,MILAM COUNTY,Grade 3,274
2020-2021,13,MILAM COUNTY,Grade 3,37
2020-2021,6,MILAM COUNTY,Grade 4,251
2020-2021,13,MILAM COUNTY,Grade 4,34
2020-2021,6,MILAM COUNTY,Grade 5,273
2020-2021,13,MILAM COUNTY,Grade 5,40
2020-2021,6,MILAM COUNTY,Grade 6,294
2020-2021,13,MILAM COUNTY,Grade 6,43
2020-2021,6,MILAM COUNTY,Grade 7,313
2020-2021,13,MILAM COUNTY,Grade 7,35
2020-2021,6,MILAM COUNTY,Grade 8,312
2020-2021,13,MILAM COUNTY,Grade 8,44
2020-2021,6,MILAM COUNTY,Grade 9,273
2020-2021,13,MILAM COUNTY,Grade 9,49
2020-2021,6,MILAM COUNTY,Grade 10,306
2020-2021,13,MILAM COUNTY,Grade 10,54
2020-2021,6,MILAM COUNTY,Grade 11,230
2020-2021,13,MILAM COUNTY,Grade 11,66
2020-2021,6,MILAM COUNTY,Grade 12,282
2020-2021,13,MILAM COUNTY,Grade 12,51
2020-2021,12,MILLS COUNTY,Early Education,2
2020-2021,12,MILLS COUNTY,Pre-kindergarten,43
2020-2021,12,MILLS COUNTY,Kindergarten,44
2020-2021,12,MILLS COUNTY,Grade 1,53
2020-2021,12,MILLS COUNTY,Grade 2,43
2020-2021,12,MILLS COUNTY,Grade 3,46
2020-2021,12,MILLS COUNTY,Grade 4,42
2020-2021,12,MILLS COUNTY,Grade 5,48
2020-2021,12,MILLS COUNTY,Grade 6,54
2020-2021,12,MILLS COUNTY,Grade 7,55
2020-2021,12,MILLS COUNTY,Grade 8,73
2020-2021,12,MILLS COUNTY,Grade 9,107
2020-2021,12,MILLS COUNTY,Grade 10,95
2020-2021,12,MILLS COUNTY,Grade 11,88
2020-2021,12,MILLS COUNTY,Grade 12,55
2020-2021,14,MITCHELL COUNTY,Early Education,17
2020-2021,14,MITCHELL COUNTY,Pre-kindergarten,80
2020-2021,14,MITCHELL COUNTY,Kindergarten,100
2020-2021,14,MITCHELL COUNTY,Grade 1,96
2020-2021,14,MITCHELL COUNTY,Grade 2,93
2020-2021,14,MITCHELL COUNTY,Grade 3,86
2020-2021,14,MITCHELL COUNTY,Grade 4,81
2020-2021,14,MITCHELL COUNTY,Grade 5,87
2020-2021,14,MITCHELL COUNTY,Grade 6,93
2020-2021,14,MITCHELL COUNTY,Grade 7,112
2020-2021,14,MITCHELL COUNTY,Grade 8,87
2020-2021,14,MITCHELL COUNTY,Grade 9,94
2020-2021,14,MITCHELL COUNTY,Grade 10,77
2020-2021,14,MITCHELL COUNTY,Grade 11,93
2020-2021,14,MITCHELL COUNTY,Grade 12,75
2020-2021,9,MONTAGUE COUNTY,Early Education,11
2020-2021,9,MONTAGUE COUNTY,Pre-kindergarten,199
2020-2021,9,MONTAGUE COUNTY,Kindergarten,235
2020-2021,9,MONTAGUE COUNTY,Grade 1,232
2020-2021,9,MONTAGUE COUNTY,Grade 2,233
2020-2021,9,MONTAGUE COUNTY,Grade 3,211
2020-2021,9,MONTAGUE COUNTY,Grade 4,242
2020-2021,9,MONTAGUE COUNTY,Grade 5,258
2020-2021,9,MONTAGUE COUNTY,Grade 6,274
2020-2021,9,MONTAGUE COUNTY,Grade 7,259
2020-2021,9,MONTAGUE COUNTY,Grade 8,274
2020-2021,9,MONTAGUE COUNTY,Grade 9,270
2020-2021,9,MONTAGUE COUNTY,Grade 10,245
2020-2021,9,MONTAGUE COUNTY,Grade 11,259
2020-2021,9,MONTAGUE COUNTY,Grade 12,214
2020-2021,6,MONTGOMERY COUNTY,Early Education,503
2020-2021,6,MONTGOMERY COUNTY,Pre-kindergarten,2665
2020-2021,6,MONTGOMERY COUNTY,Kindergarten,7531
2020-2021,6,MONTGOMERY COUNTY,Grade 1,8143
2020-2021,6,MONTGOMERY COUNTY,Grade 2,8196
2020-2021,6,MONTGOMERY COUNTY,Grade 3,8269
2020-2021,6,MONTGOMERY COUNTY,Grade 4,8351
2020-2021,6,MONTGOMERY COUNTY,Grade 5,8784
2020-2021,6,MONTGOMERY COUNTY,Grade 6,9179
2020-2021,6,MONTGOMERY COUNTY,Grade 7,9227
2020-2021,6,MONTGOMERY COUNTY,Grade 8,9292
2020-2021,6,MONTGOMERY COUNTY,Grade 9,9341
2020-2021,6,MONTGOMERY COUNTY,Grade 10,9329
2020-2021,6,MONTGOMERY COUNTY,Grade 11,8603
2020-2021,6,MONTGOMERY COUNTY,Grade 12,7936
2020-2021,16,MOORE COUNTY,Early Education,13
2020-2021,16,MOORE COUNTY,Pre-kindergarten,220
2020-2021,16,MOORE COUNTY,Kindergarten,376
2020-2021,16,MOORE COUNTY,Grade 1,370
2020-2021,16,MOORE COUNTY,Grade 2,354
2020-2021,16,MOORE COUNTY,Grade 3,327
2020-2021,16,MOORE COUNTY,Grade 4,330
2020-2021,16,MOORE COUNTY,Grade 5,361
2020-2021,16,MOORE COUNTY,Grade 6,384
2020-2021,16,MOORE COUNTY,Grade 7,349
2020-2021,16,MOORE COUNTY,Grade 8,381
2020-2021,16,MOORE COUNTY,Grade 9,327
2020-2021,16,MOORE COUNTY,Grade 10,360
2020-2021,16,MOORE COUNTY,Grade 11,319
2020-2021,16,MOORE COUNTY,Grade 12,290
2020-2021,8,MORRIS COUNTY,Early Education,22
2020-2021,8,MORRIS COUNTY,Pre-kindergarten,106
2020-2021,8,MORRIS COUNTY,Kindergarten,113
2020-2021,8,MORRIS COUNTY,Grade 1,135
2020-2021,8,MORRIS COUNTY,Grade 2,129
2020-2021,8,MORRIS COUNTY,Grade 3,127
2020-2021,8,MORRIS COUNTY,Grade 4,128
2020-2021,8,MORRIS COUNTY,Grade 5,134
2020-2021,8,MORRIS COUNTY,Grade 6,143
2020-2021,8,MORRIS COUNTY,Grade 7,164
2020-2021,8,MORRIS COUNTY,Grade 8,153
2020-2021,8,MORRIS COUNTY,Grade 9,148
2020-2021,8,MORRIS COUNTY,Grade 10,139
2020-2021,8,MORRIS COUNTY,Grade 11,135
2020-2021,8,MORRIS COUNTY,Grade 12,142
2020-2021,17,MOTLEY COUNTY,Pre-kindergarten,17
2020-2021,17,MOTLEY COUNTY,Kindergarten,9
2020-2021,17,MOTLEY COUNTY,Grade 1,10
2020-2021,17,MOTLEY COUNTY,Grade 2,10
2020-2021,17,MOTLEY COUNTY,Grade 3,6
2020-2021,17,MOTLEY COUNTY,Grade 4,13
2020-2021,17,MOTLEY COUNTY,Grade 5,12
2020-2021,17,MOTLEY COUNTY,Grade 6,11
2020-2021,17,MOTLEY COUNTY,Grade 7,14
2020-2021,17,MOTLEY COUNTY,Grade 8,14
2020-2021,17,MOTLEY COUNTY,Grade 9,13
2020-2021,17,MOTLEY COUNTY,Grade 10,12
2020-2021,17,MOTLEY COUNTY,Grade 11,15
2020-2021,17,MOTLEY COUNTY,Grade 12,11
2020-2021,7,NACOGDOCHES COUNTY,Early Education,23
2020-2021,7,NACOGDOCHES COUNTY,Pre-kindergarten,386
2020-2021,7,NACOGDOCHES COUNTY,Kindergarten,748
2020-2021,7,NACOGDOCHES COUNTY,Grade 1,806
2020-2021,7,NACOGDOCHES COUNTY,Grade 2,783
2020-2021,7,NACOGDOCHES COUNTY,Grade 3,752
2020-2021,7,NACOGDOCHES COUNTY,Grade 4,801
2020-2021,7,NACOGDOCHES COUNTY,Grade 5,791
2020-2021,7,NACOGDOCHES COUNTY,Grade 6,778
2020-2021,7,NACOGDOCHES COUNTY,Grade 7,865
2020-2021,7,NACOGDOCHES COUNTY,Grade 8,837
2020-2021,7,NACOGDOCHES COUNTY,Grade 9,797
2020-2021,7,NACOGDOCHES COUNTY,Grade 10,828
2020-2021,7,NACOGDOCHES COUNTY,Grade 11,764
2020-2021,7,NACOGDOCHES COUNTY,Grade 12,681
2020-2021,12,NAVARRO COUNTY,Early Education,17
2020-2021,12,NAVARRO COUNTY,Pre-kindergarten,348
2020-2021,12,NAVARRO COUNTY,Kindergarten,706
2020-2021,12,NAVARRO COUNTY,Grade 1,795
2020-2021,12,NAVARRO COUNTY,Grade 2,718
2020-2021,12,NAVARRO COUNTY,Grade 3,707
2020-2021,12,NAVARRO COUNTY,Grade 4,736
2020-2021,12,NAVARRO COUNTY,Grade 5,751
2020-2021,12,NAVARRO COUNTY,Grade 6,790
2020-2021,12,NAVARRO COUNTY,Grade 7,779
2020-2021,12,NAVARRO COUNTY,Grade 8,852
2020-2021,12,NAVARRO COUNTY,Grade 9,816
2020-2021,12,NAVARRO COUNTY,Grade 10,768
2020-2021,12,NAVARRO COUNTY,Grade 11,752
2020-2021,12,NAVARRO COUNTY,Grade 12,658
2020-2021,5,NEWTON COUNTY,Early Education,11
2020-2021,5,NEWTON COUNTY,Pre-kindergarten,79
2020-2021,5,NEWTON COUNTY,Kindergarten,125
2020-2021,5,NEWTON COUNTY,Grade 1,116
2020-2021,5,NEWTON COUNTY,Grade 2,125
2020-2021,5,NEWTON COUNTY,Grade 3,143
2020-2021,5,NEWTON COUNTY,Grade 4,142
2020-2021,5,NEWTON COUNTY,Grade 5,122
2020-2021,5,NEWTON COUNTY,Grade 6,151
2020-2021,5,NEWTON COUNTY,Grade 7,126
2020-2021,5,NEWTON COUNTY,Grade 8,128
2020-2021,5,NEWTON COUNTY,Grade 9,126
2020-2021,5,NEWTON COUNTY,Grade 10,139
2020-2021,5,NEWTON COUNTY,Grade 11,119
2020-2021,5,NEWTON COUNTY,Grade 12,120
2020-2021,14,NOLAN COUNTY,Early Education,79
2020-2021,14,NOLAN COUNTY,Pre-kindergarten,216
2020-2021,14,NOLAN COUNTY,Kindergarten,188
2020-2021,14,NOLAN COUNTY,Grade 1,218
2020-2021,14,NOLAN COUNTY,Grade 2,211
2020-2021,14,NOLAN COUNTY,Grade 3,196
2020-2021,14,NOLAN COUNTY,Grade 4,189
2020-2021,14,NOLAN COUNTY,Grade 5,233
2020-2021,14,NOLAN COUNTY,Grade 6,237
2020-2021,14,NOLAN COUNTY,Grade 7,241
2020-2021,14,NOLAN COUNTY,Grade 8,249
2020-2021,14,NOLAN COUNTY,Grade 9,250
2020-2021,14,NOLAN COUNTY,Grade 10,230
2020-2021,14,NOLAN COUNTY,Grade 11,223
2020-2021,14,NOLAN COUNTY,Grade 12,190
2020-2021,2,NUECES COUNTY,Early Education,241
2020-2021,2,NUECES COUNTY,Pre-kindergarten,1396
2020-2021,2,NUECES COUNTY,Kindergarten,3885
2020-2021,2,NUECES COUNTY,Grade 1,4294
2020-2021,2,NUECES COUNTY,Grade 2,4138
2020-2021,2,NUECES COUNTY,Grade 3,4031
2020-2021,2,NUECES COUNTY,Grade 4,4183
2020-2021,2,NUECES COUNTY,Grade 5,4316
2020-2021,2,NUECES COUNTY,Grade 6,4512
2020-2021,2,NUECES COUNTY,Grade 7,4714
2020-2021,2,NUECES COUNTY,Grade 8,4636
2020-2021,2,NUECES COUNTY,Grade 9,4877
2020-2021,2,NUECES COUNTY,Grade 10,4638
2020-2021,2,NUECES COUNTY,Grade 11,4222
2020-2021,2,NUECES COUNTY,Grade 12,4086
2020-2021,16,OCHILTREE COUNTY,Early Education,8
2020-2021,16,OCHILTREE COUNTY,Pre-kindergarten,68
2020-2021,16,OCHILTREE COUNTY,Kindergarten,155
2020-2021,16,OCHILTREE COUNTY,Grade 1,161
2020-2021,16,OCHILTREE COUNTY,Grade 2,148
2020-2021,16,OCHILTREE COUNTY,Grade 3,137
2020-2021,16,OCHILTREE COUNTY,Grade 4,147
2020-2021,16,OCHILTREE COUNTY,Grade 5,149
2020-2021,16,OCHILTREE COUNTY,Grade 6,154
2020-2021,16,OCHILTREE COUNTY,Grade 7,177
2020-2021,16,OCHILTREE COUNTY,Grade 8,168
2020-2021,16,OCHILTREE COUNTY,Grade 9,175
2020-2021,16,OCHILTREE COUNTY,Grade 10,170
2020-2021,16,OCHILTREE COUNTY,Grade 11,169
2020-2021,16,OCHILTREE COUNTY,Grade 12,147
2020-2021,16,OLDHAM COUNTY,Pre-kindergarten,31
2020-2021,16,OLDHAM COUNTY,Kindergarten,57
2020-2021,16,OLDHAM COUNTY,Grade 1,51
2020-2021,16,OLDHAM COUNTY,Grade 2,50
2020-2021,16,OLDHAM COUNTY,Grade 3,41
2020-2021,16,OLDHAM COUNTY,Grade 4,51
2020-2021,16,OLDHAM COUNTY,Grade 5,50
2020-2021,16,OLDHAM COUNTY,Grade 6,57
2020-2021,16,OLDHAM COUNTY,Grade 7,75
2020-2021,16,OLDHAM COUNTY,Grade 8,77
2020-2021,16,OLDHAM COUNTY,Grade 9,84
2020-2021,16,OLDHAM COUNTY,Grade 10,105
2020-2021,16,OLDHAM COUNTY,Grade 11,79
2020-2021,16,OLDHAM COUNTY,Grade 12,96
2020-2021,5,ORANGE COUNTY,Early Education,58
2020-2021,5,ORANGE COUNTY,Pre-kindergarten,541
2020-2021,5,ORANGE COUNTY,Kindergarten,1121
2020-2021,5,ORANGE COUNTY,Grade 1,1170
2020-2021,5,ORANGE COUNTY,Grade 2,1046
2020-2021,5,ORANGE COUNTY,Grade 3,1058
2020-2021,5,ORANGE COUNTY,Grade 4,1063
2020-2021,5,ORANGE COUNTY,Grade 5,1092
2020-2021,5,ORANGE COUNTY,Grade 6,1123
2020-2021,5,ORANGE COUNTY,Grade 7,1160
2020-2021,5,ORANGE COUNTY,Grade 8,1129
2020-2021,5,ORANGE COUNTY,Grade 9,1189
2020-2021,5,ORANGE COUNTY,Grade 10,1049
2020-2021,5,ORANGE COUNTY,Grade 11,1041
2020-2021,5,ORANGE COUNTY,Grade 12,931
2020-2021,11,PALO PINTO COUNTY,Early Education,20
2020-2021,11,PALO PINTO COUNTY,Pre-kindergarten,203
2020-2021,11,PALO PINTO COUNTY,Kindergarten,329
2020-2021,11,PALO PINTO COUNTY,Grade 1,323
2020-2021,11,PALO PINTO COUNTY,Grade 2,318
2020-2021,11,PALO PINTO COUNTY,Grade 3,330
2020-2021,11,PALO PINTO COUNTY,Grade 4,289
2020-2021,11,PALO PINTO COUNTY,Grade 5,311
2020-2021,11,PALO PINTO COUNTY,Grade 6,326
2020-2021,11,PALO PINTO COUNTY,Grade 7,334
2020-2021,11,PALO PINTO COUNTY,Grade 8,356
2020-2021,11,PALO PINTO COUNTY,Grade 9,364
2020-2021,11,PALO PINTO COUNTY,Grade 10,320
2020-2021,11,PALO PINTO COUNTY,Grade 11,275
2020-2021,11,PALO PINTO COUNTY,Grade 12,233
2020-2021,7,PANOLA COUNTY,Early Education,21
2020-2021,7,PANOLA COUNTY,Pre-kindergarten,165
2020-2021,7,PANOLA COUNTY,Kindergarten,276
2020-2021,7,PANOLA COUNTY,Grade 1,252
2020-2021,7,PANOLA COUNTY,Grade 2,257
2020-2021,7,PANOLA COUNTY,Grade 3,297
2020-2021,7,PANOLA COUNTY,Grade 4,246
2020-2021,7,PANOLA COUNTY,Grade 5,256
2020-2021,7,PANOLA COUNTY,Grade 6,302
2020-2021,7,PANOLA COUNTY,Grade 7,294
2020-2021,7,PANOLA COUNTY,Grade 8,338
2020-2021,7,PANOLA COUNTY,Grade 9,292
2020-2021,7,PANOLA COUNTY,Grade 10,351
2020-2021,7,PANOLA COUNTY,Grade 11,303
2020-2021,7,PANOLA COUNTY,Grade 12,339
2020-2021,11,PARKER COUNTY,Early Education,125
2020-2021,11,PARKER COUNTY,Pre-kindergarten,412
2020-2021,11,PARKER COUNTY,Kindergarten,1693
2020-2021,11,PARKER COUNTY,Grade 1,1793
2020-2021,11,PARKER COUNTY,Grade 2,1702
2020-2021,11,PARKER COUNTY,Grade 3,1758
2020-2021,11,PARKER COUNTY,Grade 4,1718
2020-2021,11,PARKER COUNTY,Grade 5,1779
2020-2021,11,PARKER COUNTY,Grade 6,1800
2020-2021,11,PARKER COUNTY,Grade 7,1897
2020-2021,11,PARKER COUNTY,Grade 8,1869
2020-2021,11,PARKER COUNTY,Grade 9,1777
2020-2021,11,PARKER COUNTY,Grade 10,1842
2020-2021,11,PARKER COUNTY,Grade 11,1648
2020-2021,11,PARKER COUNTY,Grade 12,1622
2020-2021,16,PARMER COUNTY,Early Education,7
2020-2021,16,PARMER COUNTY,Pre-kindergarten,143
2020-2021,16,PARMER COUNTY,Kindergarten,149
2020-2021,16,PARMER COUNTY,Grade 1,167
2020-2021,16,PARMER COUNTY,Grade 2,166
2020-2021,16,PARMER COUNTY,Grade 3,167
2020-2021,16,PARMER COUNTY,Grade 4,163
2020-2021,16,PARMER COUNTY,Grade 5,170
2020-2021,16,PARMER COUNTY,Grade 6,177
2020-2021,16,PARMER COUNTY,Grade 7,170
2020-2021,16,PARMER COUNTY,Grade 8,169
2020-2021,16,PARMER COUNTY,Grade 9,166
2020-2021,16,PARMER COUNTY,Grade 10,168
2020-2021,16,PARMER COUNTY,Grade 11,145
2020-2021,16,PARMER COUNTY,Grade 12,149
2020-2021,18,PECOS COUNTY,Early Education,15
2020-2021,18,PECOS COUNTY,Pre-kindergarten,42
2020-2021,18,PECOS COUNTY,Kindergarten,184
2020-2021,18,PECOS COUNTY,Grade 1,220
2020-2021,18,PECOS COUNTY,Grade 2,202
2020-2021,18,PECOS COUNTY,Grade 3,219
2020-2021,18,PECOS COUNTY,Grade 4,214
2020-2021,18,PECOS COUNTY,Grade 5,207
2020-2021,18,PECOS COUNTY,Grade 6,244
2020-2021,18,PECOS COUNTY,Grade 7,247
2020-2021,18,PECOS COUNTY,Grade 8,259
2020-2021,18,PECOS COUNTY,Grade 9,212
2020-2021,18,PECOS COUNTY,Grade 10,235
2020-2021,18,PECOS COUNTY,Grade 11,214
2020-2021,18,PECOS COUNTY,Grade 12,174
2020-2021,6,POLK COUNTY,Early Education,23
2020-2021,6,POLK COUNTY,Pre-kindergarten,286
2020-2021,6,POLK COUNTY,Kindergarten,497
2020-2021,6,POLK COUNTY,Grade 1,516
2020-2021,6,POLK COUNTY,Grade 2,494
2020-2021,6,POLK COUNTY,Grade 3,479
2020-2021,6,POLK COUNTY,Grade 4,479
2020-2021,6,POLK COUNTY,Grade 5,496
2020-2021,6,POLK COUNTY,Grade 6,539
2020-2021,6,POLK COUNTY,Grade 7,525
2020-2021,6,POLK COUNTY,Grade 8,530
2020-2021,6,POLK COUNTY,Grade 9,551
2020-2021,6,POLK COUNTY,Grade 10,487
2020-2021,6,POLK COUNTY,Grade 11,426
2020-2021,6,POLK COUNTY,Grade 12,399
2020-2021,16,POTTER COUNTY,Early Education,137
2020-2021,16,POTTER COUNTY,Pre-kindergarten,1403
2020-2021,16,POTTER COUNTY,Kindergarten,2524
2020-2021,16,POTTER COUNTY,Grade 1,2617
2020-2021,16,POTTER COUNTY,Grade 2,2592
2020-2021,16,POTTER COUNTY,Grade 3,2512
2020-2021,16,POTTER COUNTY,Grade 4,2574
2020-2021,16,POTTER COUNTY,Grade 5,2623
2020-2021,16,POTTER COUNTY,Grade 6,2696
2020-2021,16,POTTER COUNTY,Grade 7,2711
2020-2021,16,POTTER COUNTY,Grade 8,2770
2020-2021,16,POTTER COUNTY,Grade 9,2693
2020-2021,16,POTTER COUNTY,Grade 10,2622
2020-2021,16,POTTER COUNTY,Grade 11,2377
2020-2021,16,POTTER COUNTY,Grade 12,2143
2020-2021,18,PRESIDIO COUNTY,Early Education,3
2020-2021,18,PRESIDIO COUNTY,Pre-kindergarten,57
2020-2021,18,PRESIDIO COUNTY,Kindergarten,91
2020-2021,18,PRESIDIO COUNTY,Grade 1,90
2020-2021,18,PRESIDIO COUNTY,Grade 2,83
2020-2021,18,PRESIDIO COUNTY,Grade 3,82
2020-2021,18,PRESIDIO COUNTY,Grade 4,83
2020-2021,18,PRESIDIO COUNTY,Grade 5,93
2020-2021,18,PRESIDIO COUNTY,Grade 6,83
2020-2021,18,PRESIDIO COUNTY,Grade 7,102
2020-2021,18,PRESIDIO COUNTY,Grade 8,109
2020-2021,18,PRESIDIO COUNTY,Grade 9,121
2020-2021,18,PRESIDIO COUNTY,Grade 10,112
2020-2021,18,PRESIDIO COUNTY,Grade 11,126
2020-2021,18,PRESIDIO COUNTY,Grade 12,117
2020-2021,7,RAINS COUNTY,Early Education,8
2020-2021,7,RAINS COUNTY,Pre-kindergarten,57
2020-2021,7,RAINS COUNTY,Kindergarten,108
2020-2021,7,RAINS COUNTY,Grade 1,134
2020-2021,7,RAINS COUNTY,Grade 2,124
2020-2021,7,RAINS COUNTY,Grade 3,125
2020-2021,7,RAINS COUNTY,Grade 4,113
2020-2021,7,RAINS COUNTY,Grade 5,145
2020-2021,7,RAINS COUNTY,Grade 6,140
2020-2021,7,RAINS COUNTY,Grade 7,152
2020-2021,7,RAINS COUNTY,Grade 8,114
2020-2021,7,RAINS COUNTY,Grade 9,129
2020-2021,7,RAINS COUNTY,Grade 10,132
2020-2021,7,RAINS COUNTY,Grade 11,115
2020-2021,7,RAINS COUNTY,Grade 12,113
2020-2021,16,RANDALL COUNTY,Early Education,72
2020-2021,16,RANDALL COUNTY,Pre-kindergarten,105
2020-2021,16,RANDALL COUNTY,Kindergarten,733
2020-2021,16,RANDALL COUNTY,Grade 1,761
2020-2021,16,RANDALL COUNTY,Grade 2,773
2020-2021,16,RANDALL COUNTY,Grade 3,779
2020-2021,16,RANDALL COUNTY,Grade 4,795
2020-2021,16,RANDALL COUNTY,Grade 5,755
2020-2021,16,RANDALL COUNTY,Grade 6,841
2020-2021,16,RANDALL COUNTY,Grade 7,851
2020-2021,16,RANDALL COUNTY,Grade 8,864
2020-2021,16,RANDALL COUNTY,Grade 9,795
2020-2021,16,RANDALL COUNTY,Grade 10,754
2020-2021,16,RANDALL COUNTY,Grade 11,730
2020-2021,16,RANDALL COUNTY,Grade 12,716
2020-2021,18,REAGAN COUNTY,Early Education,9
2020-2021,18,REAGAN COUNTY,Pre-kindergarten,53
2020-2021,18,REAGAN COUNTY,Kindergarten,55
2020-2021,18,REAGAN COUNTY,Grade 1,68
2020-2021,18,REAGAN COUNTY,Grade 2,71
2020-2021,18,REAGAN COUNTY,Grade 3,47
2020-2021,18,REAGAN COUNTY,Grade 4,51
2020-2021,18,REAGAN COUNTY,Grade 5,51
2020-2021,18,REAGAN COUNTY,Grade 6,57
2020-2021,18,REAGAN COUNTY,Grade 7,57
2020-2021,18,REAGAN COUNTY,Grade 8,68
2020-2021,18,REAGAN COUNTY,Grade 9,73
2020-2021,18,REAGAN COUNTY,Grade 10,62
2020-2021,18,REAGAN COUNTY,Grade 11,47
2020-2021,18,REAGAN COUNTY,Grade 12,68
2020-2021,20,REAL COUNTY,Early Education,2
2020-2021,20,REAL COUNTY,Pre-kindergarten,16
2020-2021,20,REAL COUNTY,Kindergarten,27
2020-2021,20,REAL COUNTY,Grade 1,30
2020-2021,20,REAL COUNTY,Grade 2,24
2020-2021,20,REAL COUNTY,Grade 3,32
2020-2021,20,REAL COUNTY,Grade 4,29
2020-2021,20,REAL COUNTY,Grade 5,52
2020-2021,20,REAL COUNTY,Grade 6,46
2020-2021,20,REAL COUNTY,Grade 7,54
2020-2021,20,REAL COUNTY,Grade 8,46
2020-2021,20,REAL COUNTY,Grade 9,53
2020-2021,20,REAL COUNTY,Grade 10,38
2020-2021,20,REAL COUNTY,Grade 11,45
2020-2021,20,REAL COUNTY,Grade 12,27
2020-2021,8,RED RIVER COUNTY,Early Education,3
2020-2021,8,RED RIVER COUNTY,Pre-kindergarten,124
2020-2021,8,RED RIVER COUNTY,Kindergarten,141
2020-2021,8,RED RIVER COUNTY,Grade 1,145
2020-2021,8,RED RIVER COUNTY,Grade 2,133
2020-2021,8,RED RIVER COUNTY,Grade 3,145
2020-2021,8,RED RIVER COUNTY,Grade 4,144
2020-2021,8,RED RIVER COUNTY,Grade 5,137
2020-2021,8,RED RIVER COUNTY,Grade 6,163
2020-2021,8,RED RIVER COUNTY,Grade 7,153
2020-2021,8,RED RIVER COUNTY,Grade 8,146
2020-2021,8,RED RIVER COUNTY,Grade 9,155
2020-2021,8,RED RIVER COUNTY,Grade 10,117
2020-2021,8,RED RIVER COUNTY,Grade 11,131
2020-2021,8,RED RIVER COUNTY,Grade 12,139
2020-2021,18,REEVES COUNTY,Early Education,3
2020-2021,18,REEVES COUNTY,Pre-kindergarten,123
2020-2021,18,REEVES COUNTY,Kindergarten,221
2020-2021,18,REEVES COUNTY,Grade 1,221
2020-2021,18,REEVES COUNTY,Grade 2,204
2020-2021,18,REEVES COUNTY,Grade 3,212
2020-2021,18,REEVES COUNTY,Grade 4,206
2020-2021,18,REEVES COUNTY,Grade 5,206
2020-2021,18,REEVES COUNTY,Grade 6,240
2020-2021,18,REEVES COUNTY,Grade 7,253
2020-2021,18,REEVES COUNTY,Grade 8,203
2020-2021,18,REEVES COUNTY,Grade 9,225
2020-2021,18,REEVES COUNTY,Grade 10,191
2020-2021,18,REEVES COUNTY,Grade 11,163
2020-2021,18,REEVES COUNTY,Grade 12,181
2020-2021,3,REFUGIO COUNTY,Early Education,5
2020-2021,3,REFUGIO COUNTY,Pre-kindergarten,40
2020-2021,3,REFUGIO COUNTY,Kindergarten,102
2020-2021,3,REFUGIO COUNTY,Grade 1,73
2020-2021,3,REFUGIO COUNTY,Grade 2,88
2020-2021,3,REFUGIO COUNTY,Grade 3,90
2020-2021,3,REFUGIO COUNTY,Grade 4,93
2020-2021,3,REFUGIO COUNTY,Grade 5,84
2020-2021,3,REFUGIO COUNTY,Grade 6,90
2020-2021,3,REFUGIO COUNTY,Grade 7,117
2020-2021,3,REFUGIO COUNTY,Grade 8,107
2020-2021,3,REFUGIO COUNTY,Grade 9,100
2020-2021,3,REFUGIO COUNTY,Grade 10,81
2020-2021,3,REFUGIO COUNTY,Grade 11,96
2020-2021,3,REFUGIO COUNTY,Grade 12,81
2020-2021,16,ROBERTS COUNTY,Pre-kindergarten,11
2020-2021,16,ROBERTS COUNTY,Kindergarten,13
2020-2021,16,ROBERTS COUNTY,Grade 1,16
2020-2021,16,ROBERTS COUNTY,Grade 2,11
2020-2021,16,ROBERTS COUNTY,Grade 3,12
2020-2021,16,ROBERTS COUNTY,Grade 4,15
2020-2021,16,ROBERTS COUNTY,Grade 5,13
2020-2021,16,ROBERTS COUNTY,Grade 6,9
2020-2021,16,ROBERTS COUNTY,Grade 7,18
2020-2021,16,ROBERTS COUNTY,Grade 8,18
2020-2021,16,ROBERTS COUNTY,Grade 9,21
2020-2021,16,ROBERTS COUNTY,Grade 10,12
2020-2021,16,ROBERTS COUNTY,Grade 11,15
2020-2021,16,ROBERTS COUNTY,Grade 12,11
2020-2021,6,ROBERTSON COUNTY,Early Education,9
2020-2021,6,ROBERTSON COUNTY,Pre-kindergarten,227
2020-2021,6,ROBERTSON COUNTY,Kindergarten,212
2020-2021,6,ROBERTSON COUNTY,Grade 1,230
2020-2021,6,ROBERTSON COUNTY,Grade 2,206
2020-2021,6,ROBERTSON COUNTY,Grade 3,216
2020-2021,6,ROBERTSON COUNTY,Grade 4,230
2020-2021,6,ROBERTSON COUNTY,Grade 5,233
2020-2021,6,ROBERTSON COUNTY,Grade 6,242
2020-2021,6,ROBERTSON COUNTY,Grade 7,251
2020-2021,6,ROBERTSON COUNTY,Grade 8,258
2020-2021,6,ROBERTSON COUNTY,Grade 9,259
2020-2021,6,ROBERTSON COUNTY,Grade 10,238
2020-2021,6,ROBERTSON COUNTY,Grade 11,222
2020-2021,6,ROBERTSON COUNTY,Grade 12,197
2020-2021,10,ROCKWALL COUNTY,Early Education,176
2020-2021,10,ROCKWALL COUNTY,Pre-kindergarten,454
2020-2021,10,ROCKWALL COUNTY,Kindergarten,1473
2020-2021,10,ROCKWALL COUNTY,Grade 1,1647
2020-2021,10,ROCKWALL COUNTY,Grade 2,1641
2020-2021,10,ROCKWALL COUNTY,Grade 3,1655
2020-2021,10,ROCKWALL COUNTY,Grade 4,1699
2020-2021,10,ROCKWALL COUNTY,Grade 5,1778
2020-2021,10,ROCKWALL COUNTY,Grade 6,1819
2020-2021,10,ROCKWALL COUNTY,Grade 7,1950
2020-2021,10,ROCKWALL COUNTY,Grade 8,1987
2020-2021,10,ROCKWALL COUNTY,Grade 9,2000
2020-2021,10,ROCKWALL COUNTY,Grade 10,1985
2020-2021,10,ROCKWALL COUNTY,Grade 11,1869
2020-2021,10,ROCKWALL COUNTY,Grade 12,1740
2020-2021,15,RUNNELS COUNTY,Early Education,11
2020-2021,15,RUNNELS COUNTY,Pre-kindergarten,98
2020-2021,15,RUNNELS COUNTY,Kindergarten,130
2020-2021,15,RUNNELS COUNTY,Grade 1,139
2020-2021,15,RUNNELS COUNTY,Grade 2,120
2020-2021,15,RUNNELS COUNTY,Grade 3,138
2020-2021,15,RUNNELS COUNTY,Grade 4,138
2020-2021,15,RUNNELS COUNTY,Grade 5,148
2020-2021,15,RUNNELS COUNTY,Grade 6,145
2020-2021,15,RUNNELS COUNTY,Grade 7,165
2020-2021,15,RUNNELS COUNTY,Grade 8,167
2020-2021,15,RUNNELS COUNTY,Grade 9,165
2020-2021,15,RUNNELS COUNTY,Grade 10,173
2020-2021,15,RUNNELS COUNTY,Grade 11,140
2020-2021,15,RUNNELS COUNTY,Grade 12,143
2020-2021,7,RUSK COUNTY,Early Education,11
2020-2021,7,RUSK COUNTY,Pre-kindergarten,314
2020-2021,7,RUSK COUNTY,Kindergarten,520
2020-2021,7,RUSK COUNTY,Grade 1,512
2020-2021,7,RUSK COUNTY,Grade 2,519
2020-2021,7,RUSK COUNTY,Grade 3,566
2020-2021,7,RUSK COUNTY,Grade 4,563
2020-2021,7,RUSK COUNTY,Grade 5,563
2020-2021,7,RUSK COUNTY,Grade 6,604
2020-2021,7,RUSK COUNTY,Grade 7,609
2020-2021,7,RUSK COUNTY,Grade 8,653
2020-2021,7,RUSK COUNTY,Grade 9,602
2020-2021,7,RUSK COUNTY,Grade 10,627
2020-2021,7,RUSK COUNTY,Grade 11,554
2020-2021,7,RUSK COUNTY,Grade 12,519
2020-2021,7,SABINE COUNTY,Early Education,2
2020-2021,7,SABINE COUNTY,Pre-kindergarten,66
2020-2021,7,SABINE COUNTY,Kindergarten,111
2020-2021,7,SABINE COUNTY,Grade 1,102
2020-2021,7,SABINE COUNTY,Grade 2,88
2020-2021,7,SABINE COUNTY,Grade 3,89
2020-2021,7,SABINE COUNTY,Grade 4,103
2020-2021,7,SABINE COUNTY,Grade 5,108
2020-2021,7,SABINE COUNTY,Grade 6,108
2020-2021,7,SABINE COUNTY,Grade 7,119
2020-2021,7,SABINE COUNTY,Grade 8,123
2020-2021,7,SABINE COUNTY,Grade 9,117
2020-2021,7,SABINE COUNTY,Grade 10,116
2020-2021,7,SABINE COUNTY,Grade 11,98
2020-2021,7,SABINE COUNTY,Grade 12,98
2020-2021,7,SAN AUGUSTINE COUNTY,Early Education,2
2020-2021,7,SAN AUGUSTINE COUNTY,Pre-kindergarten,62
2020-2021,7,SAN AUGUSTINE COUNTY,Kindergarten,71
2020-2021,7,SAN AUGUSTINE COUNTY,Grade 1,60
2020-2021,7,SAN AUGUSTINE COUNTY,Grade 2,67
2020-2021,7,SAN AUGUSTINE COUNTY,Grade 3,80
2020-2021,7,SAN AUGUSTINE COUNTY,Grade 4,68
2020-2021,7,SAN AUGUSTINE COUNTY,Grade 5,80
2020-2021,7,SAN AUGUSTINE COUNTY,Grade 6,86
2020-2021,7,SAN AUGUSTINE COUNTY,Grade 7,76
2020-2021,7,SAN AUGUSTINE COUNTY,Grade 8,94
2020-2021,7,SAN AUGUSTINE COUNTY,Grade 9,85
2020-2021,7,SAN AUGUSTINE COUNTY,Grade 10,82
2020-2021,7,SAN AUGUSTINE COUNTY,Grade 11,54
2020-2021,7,SAN AUGUSTINE COUNTY,Grade 12,71
2020-2021,6,SAN JACINTO COUNTY,Early Education,9
2020-2021,6,SAN JACINTO COUNTY,Pre-kindergarten,138
2020-2021,6,SAN JACINTO COUNTY,Kindergarten,227
2020-2021,6,SAN JACINTO COUNTY,Grade 1,266
2020-2021,6,SAN JACINTO COUNTY,Grade 2,248
2020-2021,6,SAN JACINTO COUNTY,Grade 3,222
2020-2021,6,SAN JACINTO COUNTY,Grade 4,254
2020-2021,6,SAN JACINTO COUNTY,Grade 5,244
2020-2021,6,SAN JACINTO COUNTY,Grade 6,278
2020-2021,6,SAN JACINTO COUNTY,Grade 7,298
2020-2021,6,SAN JACINTO COUNTY,Grade 8,281
2020-2021,6,SAN JACINTO COUNTY,Grade 9,278
2020-2021,6,SAN JACINTO COUNTY,Grade 10,275
2020-2021,6,SAN JACINTO COUNTY,Grade 11,228
2020-2021,6,SAN JACINTO COUNTY,Grade 12,217
2020-2021,2,SAN PATRICIO COUNTY,Early Education,46
2020-2021,2,SAN PATRICIO COUNTY,Pre-kindergarten,451
2020-2021,2,SAN PATRICIO COUNTY,Kindergarten,948
2020-2021,2,SAN PATRICIO COUNTY,Grade 1,1023
2020-2021,2,SAN PATRICIO COUNTY,Grade 2,982
2020-2021,2,SAN PATRICIO COUNTY,Grade 3,1000
2020-2021,2,SAN PATRICIO COUNTY,Grade 4,977
2020-2021,2,SAN PATRICIO COUNTY,Grade 5,974
2020-2021,2,SAN PATRICIO COUNTY,Grade 6,1068
2020-2021,2,SAN PATRICIO COUNTY,Grade 7,1117
2020-2021,2,SAN PATRICIO COUNTY,Grade 8,1044
2020-2021,2,SAN PATRICIO COUNTY,Grade 9,1145
2020-2021,2,SAN PATRICIO COUNTY,Grade 10,1126
2020-2021,2,SAN PATRICIO COUNTY,Grade 11,1014
2020-2021,2,SAN PATRICIO COUNTY,Grade 12,866
2020-2021,15,SAN SABA COUNTY,Early Education,2
2020-2021,15,SAN SABA COUNTY,Pre-kindergarten,52
2020-2021,15,SAN SABA COUNTY,Kindergarten,76
2020-2021,15,SAN SABA COUNTY,Grade 1,67
2020-2021,15,SAN SABA COUNTY,Grade 2,65
2020-2021,15,SAN SABA COUNTY,Grade 3,79
2020-2021,15,SAN SABA COUNTY,Grade 4,63
2020-2021,15,SAN SABA COUNTY,Grade 5,62
2020-2021,15,SAN SABA COUNTY,Grade 6,77
2020-2021,15,SAN SABA COUNTY,Grade 7,68
2020-2021,15,SAN SABA COUNTY,Grade 8,80
2020-2021,15,SAN SABA COUNTY,Grade 9,65
2020-2021,15,SAN SABA COUNTY,Grade 10,68
2020-2021,15,SAN SABA COUNTY,Grade 11,70
2020-2021,15,SAN SABA COUNTY,Grade 12,71
2020-2021,15,SCHLEICHER COUNTY,Pre-kindergarten,31
2020-2021,15,SCHLEICHER COUNTY,Kindergarten,32
2020-2021,15,SCHLEICHER COUNTY,Grade 1,32
2020-2021,15,SCHLEICHER COUNTY,Grade 2,43
2020-2021,15,SCHLEICHER COUNTY,Grade 3,38
2020-2021,15,SCHLEICHER COUNTY,Grade 4,25
2020-2021,15,SCHLEICHER COUNTY,Grade 5,28
2020-2021,15,SCHLEICHER COUNTY,Grade 6,47
2020-2021,15,SCHLEICHER COUNTY,Grade 7,49
2020-2021,15,SCHLEICHER COUNTY,Grade 8,43
2020-2021,15,SCHLEICHER COUNTY,Grade 9,38
2020-2021,15,SCHLEICHER COUNTY,Grade 10,41
2020-2021,15,SCHLEICHER COUNTY,Grade 11,37
2020-2021,15,SCHLEICHER COUNTY,Grade 12,37
2020-2021,14,SCURRY COUNTY,Early Education,16
2020-2021,14,SCURRY COUNTY,Pre-kindergarten,139
2020-2021,14,SCURRY COUNTY,Kindergarten,235
2020-2021,14,SCURRY COUNTY,Grade 1,237
2020-2021,14,SCURRY COUNTY,Grade 2,211
2020-2021,14,SCURRY COUNTY,Grade 3,224
2020-2021,14,SCURRY COUNTY,Grade 4,230
2020-2021,14,SCURRY COUNTY,Grade 5,260
2020-2021,14,SCURRY COUNTY,Grade 6,236
2020-2021,14,SCURRY COUNTY,Grade 7,231
2020-2021,14,SCURRY COUNTY,Grade 8,215
2020-2021,14,SCURRY COUNTY,Grade 9,258
2020-2021,14,SCURRY COUNTY,Grade 10,240
2020-2021,14,SCURRY COUNTY,Grade 11,242
2020-2021,14,SCURRY COUNTY,Grade 12,174
2020-2021,14,SHACKELFORD COUNTY,Early Education,4
2020-2021,14,SHACKELFORD COUNTY,Pre-kindergarten,37
2020-2021,14,SHACKELFORD COUNTY,Kindergarten,39
2020-2021,14,SHACKELFORD COUNTY,Grade 1,44
2020-2021,14,SHACKELFORD COUNTY,Grade 2,41
2020-2021,14,SHACKELFORD COUNTY,Grade 3,46
2020-2021,14,SHACKELFORD COUNTY,Grade 4,37
2020-2021,14,SHACKELFORD COUNTY,Grade 5,44
2020-2021,14,SHACKELFORD COUNTY,Grade 6,44
2020-2021,14,SHACKELFORD COUNTY,Grade 7,46
2020-2021,14,SHACKELFORD COUNTY,Grade 8,56
2020-2021,14,SHACKELFORD COUNTY,Grade 9,54
2020-2021,14,SHACKELFORD COUNTY,Grade 10,44
2020-2021,14,SHACKELFORD COUNTY,Grade 11,42
2020-2021,14,SHACKELFORD COUNTY,Grade 12,43
2020-2021,7,SHELBY COUNTY,Early Education,13
2020-2021,7,SHELBY COUNTY,Pre-kindergarten,335
2020-2021,7,SHELBY COUNTY,Kindergarten,358
2020-2021,7,SHELBY COUNTY,Grade 1,341
2020-2021,7,SHELBY COUNTY,Grade 2,368
2020-2021,7,SHELBY COUNTY,Grade 3,310
2020-2021,7,SHELBY COUNTY,Grade 4,351
2020-2021,7,SHELBY COUNTY,Grade 5,362
2020-2021,7,SHELBY COUNTY,Grade 6,416
2020-2021,7,SHELBY COUNTY,Grade 7,378
2020-2021,7,SHELBY COUNTY,Grade 8,429
2020-2021,7,SHELBY COUNTY,Grade 9,396
2020-2021,7,SHELBY COUNTY,Grade 10,378
2020-2021,7,SHELBY COUNTY,Grade 11,363
2020-2021,7,SHELBY COUNTY,Grade 12,340
2020-2021,16,SHERMAN COUNTY,Early Education,2
2020-2021,16,SHERMAN COUNTY,Pre-kindergarten,43
2020-2021,16,SHERMAN COUNTY,Kindergarten,66
2020-2021,16,SHERMAN COUNTY,Grade 1,55
2020-2021,16,SHERMAN COUNTY,Grade 2,53
2020-2021,16,SHERMAN COUNTY,Grade 3,59
2020-2021,16,SHERMAN COUNTY,Grade 4,57
2020-2021,16,SHERMAN COUNTY,Grade 5,52
2020-2021,16,SHERMAN COUNTY,Grade 6,56
2020-2021,16,SHERMAN COUNTY,Grade 7,41
2020-2021,16,SHERMAN COUNTY,Grade 8,57
2020-2021,16,SHERMAN COUNTY,Grade 9,55
2020-2021,16,SHERMAN COUNTY,Grade 10,49
2020-2021,16,SHERMAN COUNTY,Grade 11,50
2020-2021,16,SHERMAN COUNTY,Grade 12,50
2020-2021,7,SMITH COUNTY,Early Education,162
2020-2021,7,SMITH COUNTY,Pre-kindergarten,1109
2020-2021,7,SMITH COUNTY,Kindergarten,2724
2020-2021,7,SMITH COUNTY,Grade 1,2977
2020-2021,7,SMITH COUNTY,Grade 2,2883
2020-2021,7,SMITH COUNTY,Grade 3,2806
2020-2021,7,SMITH COUNTY,Grade 4,2760
2020-2021,7,SMITH COUNTY,Grade 5,2855
2020-2021,7,SMITH COUNTY,Grade 6,2959
2020-2021,7,SMITH COUNTY,Grade 7,2974
2020-2021,7,SMITH COUNTY,Grade 8,3078
2020-2021,7,SMITH COUNTY,Grade 9,3015
2020-2021,7,SMITH COUNTY,Grade 10,2965
2020-2021,7,SMITH COUNTY,Grade 11,2705
2020-2021,7,SMITH COUNTY,Grade 12,2546
2020-2021,11,SOMERVELL COUNTY,Early Education,3
2020-2021,11,SOMERVELL COUNTY,Pre-kindergarten,46
2020-2021,11,SOMERVELL COUNTY,Kindergarten,126
2020-2021,11,SOMERVELL COUNTY,Grade 1,146
2020-2021,11,SOMERVELL COUNTY,Grade 2,166
2020-2021,11,SOMERVELL COUNTY,Grade 3,147
2020-2021,11,SOMERVELL COUNTY,Grade 4,128
2020-2021,11,SOMERVELL COUNTY,Grade 5,155
2020-2021,11,SOMERVELL COUNTY,Grade 6,159
2020-2021,11,SOMERVELL COUNTY,Grade 7,156
2020-2021,11,SOMERVELL COUNTY,Grade 8,185
2020-2021,11,SOMERVELL COUNTY,Grade 9,190
2020-2021,11,SOMERVELL COUNTY,Grade 10,182
2020-2021,11,SOMERVELL COUNTY,Grade 11,185
2020-2021,11,SOMERVELL COUNTY,Grade 12,154
2020-2021,1,STARR COUNTY,Early Education,18
2020-2021,1,STARR COUNTY,Pre-kindergarten,1071
2020-2021,1,STARR COUNTY,Kindergarten,1073
2020-2021,1,STARR COUNTY,Grade 1,1117
2020-2021,1,STARR COUNTY,Grade 2,1087
2020-2021,1,STARR COUNTY,Grade 3,1056
2020-2021,1,STARR COUNTY,Grade 4,1175
2020-2021,1,STARR COUNTY,Grade 5,1159
2020-2021,1,STARR COUNTY,Grade 6,1133
2020-2021,1,STARR COUNTY,Grade 7,1138
2020-2021,1,STARR COUNTY,Grade 8,1183
2020-2021,1,STARR COUNTY,Grade 9,1427
2020-2021,1,STARR COUNTY,Grade 10,1353
2020-2021,1,STARR COUNTY,Grade 11,1134
2020-2021,1,STARR COUNTY,Grade 12,1130
2020-2021,14,STEPHENS COUNTY,Pre-kindergarten,68
2020-2021,14,STEPHENS COUNTY,Kindergarten,108
2020-2021,14,STEPHENS COUNTY,Grade 1,108
2020-2021,14,STEPHENS COUNTY,Grade 2,95
2020-2021,14,STEPHENS COUNTY,Grade 3,89
2020-2021,14,STEPHENS COUNTY,Grade 4,92
2020-2021,14,STEPHENS COUNTY,Grade 5,98
2020-2021,14,STEPHENS COUNTY,Grade 6,97
2020-2021,14,STEPHENS COUNTY,Grade 7,111
2020-2021,14,STEPHENS COUNTY,Grade 8,106
2020-2021,14,STEPHENS COUNTY,Grade 9,121
2020-2021,14,STEPHENS COUNTY,Grade 10,102
2020-2021,14,STEPHENS COUNTY,Grade 11,127
2020-2021,14,STEPHENS COUNTY,Grade 12,80
2020-2021,15,STERLING COUNTY,Early Education,2
2020-2021,15,STERLING COUNTY,Pre-kindergarten,14
2020-2021,15,STERLING COUNTY,Kindergarten,21
2020-2021,15,STERLING COUNTY,Grade 1,33
2020-2021,15,STERLING COUNTY,Grade 2,17
2020-2021,15,STERLING COUNTY,Grade 3,14
2020-2021,15,STERLING COUNTY,Grade 4,17
2020-2021,15,STERLING COUNTY,Grade 5,28
2020-2021,15,STERLING COUNTY,Grade 6,42
2020-2021,15,STERLING COUNTY,Grade 7,22
2020-2021,15,STERLING COUNTY,Grade 8,29
2020-2021,15,STERLING COUNTY,Grade 9,29
2020-2021,15,STERLING COUNTY,Grade 10,26
2020-2021,15,STERLING COUNTY,Grade 11,21
2020-2021,15,STERLING COUNTY,Grade 12,23
2020-2021,14,STONEWALL COUNTY,Early Education,1
2020-2021,14,STONEWALL COUNTY,Pre-kindergarten,14
2020-2021,14,STONEWALL COUNTY,Kindergarten,14
2020-2021,14,STONEWALL COUNTY,Grade 1,17
2020-2021,14,STONEWALL COUNTY,Grade 2,17
2020-2021,14,STONEWALL COUNTY,Grade 3,11
2020-2021,14,STONEWALL COUNTY,Grade 4,13
2020-2021,14,STONEWALL COUNTY,Grade 5,15
2020-2021,14,STONEWALL COUNTY,Grade 6,10
2020-2021,14,STONEWALL COUNTY,Grade 7,14
2020-2021,14,STONEWALL COUNTY,Grade 8,17
2020-2021,14,STONEWALL COUNTY,Grade 9,20
2020-2021,14,STONEWALL COUNTY,Grade 10,14
2020-2021,14,STONEWALL COUNTY,Grade 11,15
2020-2021,14,STONEWALL COUNTY,Grade 12,21
2020-2021,15,SUTTON COUNTY,Early Education,3
2020-2021,15,SUTTON COUNTY,Pre-kindergarten,26
2020-2021,15,SUTTON COUNTY,Kindergarten,52
2020-2021,15,SUTTON COUNTY,Grade 1,52
2020-2021,15,SUTTON COUNTY,Grade 2,51
2020-2021,15,SUTTON COUNTY,Grade 3,43
2020-2021,15,SUTTON COUNTY,Grade 4,53
2020-2021,15,SUTTON COUNTY,Grade 5,47
2020-2021,15,SUTTON COUNTY,Grade 6,58
2020-2021,15,SUTTON COUNTY,Grade 7,52
2020-2021,15,SUTTON COUNTY,Grade 8,43
2020-2021,15,SUTTON COUNTY,Grade 9,52
2020-2021,15,SUTTON COUNTY,Grade 10,52
2020-2021,15,SUTTON COUNTY,Grade 11,64
2020-2021,15,SUTTON COUNTY,Grade 12,51
2020-2021,16,SWISHER COUNTY,Early Education,6
2020-2021,16,SWISHER COUNTY,Pre-kindergarten,92
2020-2021,16,SWISHER COUNTY,Kindergarten,94
2020-2021,16,SWISHER COUNTY,Grade 1,108
2020-2021,16,SWISHER COUNTY,Grade 2,96
2020-2021,16,SWISHER COUNTY,Grade 3,101
2020-2021,16,SWISHER COUNTY,Grade 4,84
2020-2021,16,SWISHER COUNTY,Grade 5,121
2020-2021,16,SWISHER COUNTY,Grade 6,117
2020-2021,16,SWISHER COUNTY,Grade 7,107
2020-2021,16,SWISHER COUNTY,Grade 8,125
2020-2021,16,SWISHER COUNTY,Grade 9,112
2020-2021,16,SWISHER COUNTY,Grade 10,132
2020-2021,16,SWISHER COUNTY,Grade 11,112
2020-2021,16,SWISHER COUNTY,Grade 12,89
2020-2021,11,TARRANT COUNTY,Early Education,1459
2020-2021,11,TARRANT COUNTY,Pre-kindergarten,11845
2020-2021,11,TARRANT COUNTY,Kindergarten,22386
2020-2021,11,TARRANT COUNTY,Grade 1,23900
2020-2021,11,TARRANT COUNTY,Grade 2,23866
2020-2021,11,TARRANT COUNTY,Grade 3,23929
2020-2021,11,TARRANT COUNTY,Grade 4,24728
2020-2021,11,TARRANT COUNTY,Grade 5,25399
2020-2021,11,TARRANT COUNTY,Grade 6,26525
2020-2021,11,TARRANT COUNTY,Grade 7,27412
2020-2021,11,TARRANT COUNTY,Grade 8,27509
2020-2021,11,TARRANT COUNTY,Grade 9,28853
2020-2021,11,TARRANT COUNTY,Grade 10,28089
2020-2021,11,TARRANT COUNTY,Grade 11,25875
2020-2021,11,TARRANT COUNTY,Grade 12,24499
2020-2021,14,TAYLOR COUNTY,Early Education,233
2020-2021,14,TAYLOR COUNTY,Pre-kindergarten,1214
2020-2021,14,TAYLOR COUNTY,Kindergarten,3045
2020-2021,14,TAYLOR COUNTY,Grade 1,3099
2020-2021,14,TAYLOR COUNTY,Grade 2,2989
2020-2021,14,TAYLOR COUNTY,Grade 3,3067
2020-2021,14,TAYLOR COUNTY,Grade 4,3097
2020-2021,14,TAYLOR COUNTY,Grade 5,3097
2020-2021,14,TAYLOR COUNTY,Grade 6,3176
2020-2021,14,TAYLOR COUNTY,Grade 7,3246
2020-2021,14,TAYLOR COUNTY,Grade 8,3078
2020-2021,14,TAYLOR COUNTY,Grade 9,2916
2020-2021,14,TAYLOR COUNTY,Grade 10,2502
2020-2021,14,TAYLOR COUNTY,Grade 11,2204
2020-2021,14,TAYLOR COUNTY,Grade 12,1940
2020-2021,18,TERRELL COUNTY,Pre-kindergarten,7
2020-2021,18,TERRELL COUNTY,Kindergarten,6
2020-2021,18,TERRELL COUNTY,Grade 1,9
2020-2021,18,TERRELL COUNTY,Grade 2,9
2020-2021,18,TERRELL COUNTY,Grade 3,9
2020-2021,18,TERRELL COUNTY,Grade 4,6
2020-2021,18,TERRELL COUNTY,Grade 5,12
2020-2021,18,TERRELL COUNTY,Grade 6,10
2020-2021,18,TERRELL COUNTY,Grade 7,9
2020-2021,18,TERRELL COUNTY,Grade 8,11
2020-2021,18,TERRELL COUNTY,Grade 9,7
2020-2021,18,TERRELL COUNTY,Grade 10,12
2020-2021,18,TERRELL COUNTY,Grade 11,6
2020-2021,18,TERRELL COUNTY,Grade 12,8
2020-2021,17,TERRY COUNTY,Early Education,2
2020-2021,17,TERRY COUNTY,Pre-kindergarten,154
2020-2021,17,TERRY COUNTY,Kindergarten,158
2020-2021,17,TERRY COUNTY,Grade 1,159
2020-2021,17,TERRY COUNTY,Grade 2,144
2020-2021,17,TERRY COUNTY,Grade 3,161
2020-2021,17,TERRY COUNTY,Grade 4,141
2020-2021,17,TERRY COUNTY,Grade 5,141
2020-2021,17,TERRY COUNTY,Grade 6,169
2020-2021,17,TERRY COUNTY,Grade 7,156
2020-2021,17,TERRY COUNTY,Grade 8,178
2020-2021,17,TERRY COUNTY,Grade 9,169
2020-2021,17,TERRY COUNTY,Grade 10,156
2020-2021,17,TERRY COUNTY,Grade 11,138
2020-2021,17,TERRY COUNTY,Grade 12,145
2020-2021,9,THROCKMORTON COUNTY,Pre-kindergarten,23
2020-2021,9,THROCKMORTON COUNTY,Kindergarten,18
2020-2021,9,THROCKMORTON COUNTY,Grade 1,19
2020-2021,9,THROCKMORTON COUNTY,Grade 2,18
2020-2021,9,THROCKMORTON COUNTY,Grade 3,17
2020-2021,9,THROCKMORTON COUNTY,Grade 4,17
2020-2021,9,THROCKMORTON COUNTY,Grade 5,16
2020-2021,9,THROCKMORTON COUNTY,Grade 6,23
2020-2021,9,THROCKMORTON COUNTY,Grade 7,21
2020-2021,9,THROCKMORTON COUNTY,Grade 8,28
2020-2021,9,THROCKMORTON COUNTY,Grade 9,27
2020-2021,9,THROCKMORTON COUNTY,Grade 10,29
2020-2021,9,THROCKMORTON COUNTY,Grade 11,26
2020-2021,9,THROCKMORTON COUNTY,Grade 12,19
2020-2021,8,TITUS COUNTY,Early Education,100
2020-2021,8,TITUS COUNTY,Pre-kindergarten,425
2020-2021,8,TITUS COUNTY,Kindergarten,468
2020-2021,8,TITUS COUNTY,Grade 1,499
2020-2021,8,TITUS COUNTY,Grade 2,513
2020-2021,8,TITUS COUNTY,Grade 3,458
2020-2021,8,TITUS COUNTY,Grade 4,458
2020-2021,8,TITUS COUNTY,Grade 5,491
2020-2021,8,TITUS COUNTY,Grade 6,544
2020-2021,8,TITUS COUNTY,Grade 7,537
2020-2021,8,TITUS COUNTY,Grade 8,554
2020-2021,8,TITUS COUNTY,Grade 9,537
2020-2021,8,TITUS COUNTY,Grade 10,524
2020-2021,8,TITUS COUNTY,Grade 11,469
2020-2021,8,TITUS COUNTY,Grade 12,421
2020-2021,15,TOM GREEN COUNTY,Early Education,145
2020-2021,15,TOM GREEN COUNTY,Pre-kindergarten,293
2020-2021,15,TOM GREEN COUNTY,Kindergarten,1474
2020-2021,15,TOM GREEN COUNTY,Grade 1,1555
2020-2021,15,TOM GREEN COUNTY,Grade 2,1597
2020-2021,15,TOM GREEN COUNTY,Grade 3,1548
2020-2021,15,TOM GREEN COUNTY,Grade 4,1475
2020-2021,15,TOM GREEN COUNTY,Grade 5,1606
2020-2021,15,TOM GREEN COUNTY,Grade 6,1690
2020-2021,15,TOM GREEN COUNTY,Grade 7,1637
2020-2021,15,TOM GREEN COUNTY,Grade 8,1614
2020-2021,15,TOM GREEN COUNTY,Grade 9,1644
2020-2021,15,TOM GREEN COUNTY,Grade 10,1531
2020-2021,15,TOM GREEN COUNTY,Grade 11,1421
2020-2021,15,TOM GREEN COUNTY,Grade 12,1227
2020-2021,13,TRAVIS COUNTY,Early Education,507
2020-2021,4,TRAVIS COUNTY,Pre-kindergarten,3009
2020-2021,13,TRAVIS COUNTY,Pre-kindergarten,5832
2020-2021,4,TRAVIS COUNTY,Kindergarten,2394
2020-2021,13,TRAVIS COUNTY,Kindergarten,11195
2020-2021,4,TRAVIS COUNTY,Grade 1,2478
2020-2021,13,TRAVIS COUNTY,Grade 1,11422
2020-2021,4,TRAVIS COUNTY,Grade 2,2441
2020-2021,13,TRAVIS COUNTY,Grade 2,11387
2020-2021,4,TRAVIS COUNTY,Grade 3,2309
2020-2021,13,TRAVIS COUNTY,Grade 3,11247
2020-2021,4,TRAVIS COUNTY,Grade 4,2171
2020-2021,13,TRAVIS COUNTY,Grade 4,11533
2020-2021,4,TRAVIS COUNTY,Grade 5,2631
2020-2021,13,TRAVIS COUNTY,Grade 5,11541
2020-2021,4,TRAVIS COUNTY,Grade 6,2842
2020-2021,13,TRAVIS COUNTY,Grade 6,11571
2020-2021,4,TRAVIS COUNTY,Grade 7,2643
2020-2021,13,TRAVIS COUNTY,Grade 7,11798
2020-2021,4,TRAVIS COUNTY,Grade 8,2458
2020-2021,13,TRAVIS COUNTY,Grade 8,11930
2020-2021,4,TRAVIS COUNTY,Grade 9,1802
2020-2021,13,TRAVIS COUNTY,Grade 9,12673
2020-2021,4,TRAVIS COUNTY,Grade 10,1605
2020-2021,13,TRAVIS COUNTY,Grade 10,12269
2020-2021,4,TRAVIS COUNTY,Grade 11,1349
2020-2021,13,TRAVIS COUNTY,Grade 11,11085
2020-2021,4,TRAVIS COUNTY,Grade 12,1068
2020-2021,13,TRAVIS COUNTY,Grade 12,10645
2020-2021,6,TRINITY COUNTY,Early Education,3
2020-2021,6,TRINITY COUNTY,Pre-kindergarten,116
2020-2021,6,TRINITY COUNTY,Kindergarten,142
2020-2021,6,TRINITY COUNTY,Grade 1,162
2020-2021,6,TRINITY COUNTY,Grade 2,134
2020-2021,6,TRINITY COUNTY,Grade 3,137
2020-2021,6,TRINITY COUNTY,Grade 4,187
2020-2021,6,TRINITY COUNTY,Grade 5,194
2020-2021,6,TRINITY COUNTY,Grade 6,161
2020-2021,6,TRINITY COUNTY,Grade 7,159
2020-2021,6,TRINITY COUNTY,Grade 8,177
2020-2021,6,TRINITY COUNTY,Grade 9,203
2020-2021,6,TRINITY COUNTY,Grade 10,167
2020-2021,6,TRINITY COUNTY,Grade 11,172
2020-2021,6,TRINITY COUNTY,Grade 12,154
2020-2021,5,TYLER COUNTY,Early Education,15
2020-2021,5,TYLER COUNTY,Pre-kindergarten,139
2020-2021,5,TYLER COUNTY,Kindergarten,232
2020-2021,5,TYLER COUNTY,Grade 1,246
2020-2021,5,TYLER COUNTY,Grade 2,292
2020-2021,5,TYLER COUNTY,Grade 3,243
2020-2021,5,TYLER COUNTY,Grade 4,248
2020-2021,5,TYLER COUNTY,Grade 5,262
2020-2021,5,TYLER COUNTY,Grade 6,275
2020-2021,5,TYLER COUNTY,Grade 7,282
2020-2021,5,TYLER COUNTY,Grade 8,282
2020-2021,5,TYLER COUNTY,Grade 9,280
2020-2021,5,TYLER COUNTY,Grade 10,258
2020-2021,5,TYLER COUNTY,Grade 11,241
2020-2021,5,TYLER COUNTY,Grade 12,213
2020-2021,7,UPSHUR COUNTY,Early Education,23
2020-2021,7,UPSHUR COUNTY,Pre-kindergarten,290
2020-2021,7,UPSHUR COUNTY,Kindergarten,496
2020-2021,7,UPSHUR COUNTY,Grade 1,543
2020-2021,7,UPSHUR COUNTY,Grade 2,504
2020-2021,7,UPSHUR COUNTY,Grade 3,548
2020-2021,7,UPSHUR COUNTY,Grade 4,535
2020-2021,7,UPSHUR COUNTY,Grade 5,563
2020-2021,7,UPSHUR COUNTY,Grade 6,529
2020-2021,7,UPSHUR COUNTY,Grade 7,553
2020-2021,7,UPSHUR COUNTY,Grade 8,593
2020-2021,7,UPSHUR COUNTY,Grade 9,576
2020-2021,7,UPSHUR COUNTY,Grade 10,524
2020-2021,7,UPSHUR COUNTY,Grade 11,520
2020-2021,7,UPSHUR COUNTY,Grade 12,512
2020-2021,18,UPTON COUNTY,Early Education,1
2020-2021,18,UPTON COUNTY,Pre-kindergarten,45
2020-2021,18,UPTON COUNTY,Kindergarten,46
2020-2021,18,UPTON COUNTY,Grade 1,62
2020-2021,18,UPTON COUNTY,Grade 2,57
2020-2021,18,UPTON COUNTY,Grade 3,53
2020-2021,18,UPTON COUNTY,Grade 4,55
2020-2021,18,UPTON COUNTY,Grade 5,61
2020-2021,18,UPTON COUNTY,Grade 6,61
2020-2021,18,UPTON COUNTY,Grade 7,56
2020-2021,18,UPTON COUNTY,Grade 8,46
2020-2021,18,UPTON COUNTY,Grade 9,46
2020-2021,18,UPTON COUNTY,Grade 10,77
2020-2021,18,UPTON COUNTY,Grade 11,67
2020-2021,18,UPTON COUNTY,Grade 12,50
2020-2021,20,UVALDE COUNTY,Early Education,44
2020-2021,20,UVALDE COUNTY,Pre-kindergarten,271
2020-2021,20,UVALDE COUNTY,Kindergarten,380
2020-2021,20,UVALDE COUNTY,Grade 1,354
2020-2021,20,UVALDE COUNTY,Grade 2,381
2020-2021,20,UVALDE COUNTY,Grade 3,337
2020-2021,20,UVALDE COUNTY,Grade 4,380
2020-2021,20,UVALDE COUNTY,Grade 5,379
2020-2021,20,UVALDE COUNTY,Grade 6,430
2020-2021,20,UVALDE COUNTY,Grade 7,404
2020-2021,20,UVALDE COUNTY,Grade 8,373
2020-2021,20,UVALDE COUNTY,Grade 9,430
2020-2021,20,UVALDE COUNTY,Grade 10,441
2020-2021,20,UVALDE COUNTY,Grade 11,343
2020-2021,20,UVALDE COUNTY,Grade 12,291
2020-2021,15,VAL VERDE COUNTY,Early Education,24
2020-2021,15,VAL VERDE COUNTY,Pre-kindergarten,375
2020-2021,15,VAL VERDE COUNTY,Kindergarten,685
2020-2021,15,VAL VERDE COUNTY,Grade 1,732
2020-2021,15,VAL VERDE COUNTY,Grade 2,775
2020-2021,15,VAL VERDE COUNTY,Grade 3,682
2020-2021,15,VAL VERDE COUNTY,Grade 4,718
2020-2021,15,VAL VERDE COUNTY,Grade 5,752
2020-2021,15,VAL VERDE COUNTY,Grade 6,749
2020-2021,15,VAL VERDE COUNTY,Grade 7,801
2020-2021,15,VAL VERDE COUNTY,Grade 8,729
2020-2021,15,VAL VERDE COUNTY,Grade 9,749
2020-2021,15,VAL VERDE COUNTY,Grade 10,822
2020-2021,15,VAL VERDE COUNTY,Grade 11,745
2020-2021,15,VAL VERDE COUNTY,Grade 12,767
2020-2021,7,VAN ZANDT COUNTY,Early Education,7
2020-2021,10,VAN ZANDT COUNTY,Early Education,10
2020-2021,7,VAN ZANDT COUNTY,Pre-kindergarten,198
2020-2021,10,VAN ZANDT COUNTY,Pre-kindergarten,140
2020-2021,7,VAN ZANDT COUNTY,Kindergarten,337
2020-2021,10,VAN ZANDT COUNTY,Kindergarten,319
2020-2021,7,VAN ZANDT COUNTY,Grade 1,371
2020-2021,10,VAN ZANDT COUNTY,Grade 1,331
2020-2021,7,VAN ZANDT COUNTY,Grade 2,372
2020-2021,10,VAN ZANDT COUNTY,Grade 2,351
2020-2021,7,VAN ZANDT COUNTY,Grade 3,370
2020-2021,10,VAN ZANDT COUNTY,Grade 3,325
2020-2021,7,VAN ZANDT COUNTY,Grade 4,375
2020-2021,10,VAN ZANDT COUNTY,Grade 4,339
2020-2021,7,VAN ZANDT COUNTY,Grade 5,432
2020-2021,10,VAN ZANDT COUNTY,Grade 5,303
2020-2021,7,VAN ZANDT COUNTY,Grade 6,383
2020-2021,10,VAN ZANDT COUNTY,Grade 6,376
2020-2021,7,VAN ZANDT COUNTY,Grade 7,449
2020-2021,10,VAN ZANDT COUNTY,Grade 7,363
2020-2021,7,VAN ZANDT COUNTY,Grade 8,434
2020-2021,10,VAN ZANDT COUNTY,Grade 8,385
2020-2021,7,VAN ZANDT COUNTY,Grade 9,409
2020-2021,10,VAN ZANDT COUNTY,Grade 9,393
2020-2021,7,VAN ZANDT COUNTY,Grade 10,436
2020-2021,10,VAN ZANDT COUNTY,Grade 10,351
2020-2021,7,VAN ZANDT COUNTY,Grade 11,432
2020-2021,10,VAN ZANDT COUNTY,Grade 11,335
2020-2021,7,VAN ZANDT COUNTY,Grade 12,375
2020-2021,10,VAN ZANDT COUNTY,Grade 12,280
2020-2021,3,VICTORIA COUNTY,Early Education,56
2020-2021,3,VICTORIA COUNTY,Pre-kindergarten,665
2020-2021,3,VICTORIA COUNTY,Kindergarten,1043
2020-2021,3,VICTORIA COUNTY,Grade 1,1013
2020-2021,3,VICTORIA COUNTY,Grade 2,1023
2020-2021,3,VICTORIA COUNTY,Grade 3,1028
2020-2021,3,VICTORIA COUNTY,Grade 4,1025
2020-2021,3,VICTORIA COUNTY,Grade 5,1037
2020-2021,3,VICTORIA COUNTY,Grade 6,1122
2020-2021,3,VICTORIA COUNTY,Grade 7,1177
2020-2021,3,VICTORIA COUNTY,Grade 8,1148
2020-2021,3,VICTORIA COUNTY,Grade 9,1273
2020-2021,3,VICTORIA COUNTY,Grade 10,1129
2020-2021,3,VICTORIA COUNTY,Grade 11,905
2020-2021,3,VICTORIA COUNTY,Grade 12,863
2020-2021,6,WALKER COUNTY,Early Education,29
2020-2021,6,WALKER COUNTY,Pre-kindergarten,281
2020-2021,6,WALKER COUNTY,Kindergarten,559
2020-2021,6,WALKER COUNTY,Grade 1,598
2020-2021,6,WALKER COUNTY,Grade 2,570
2020-2021,6,WALKER COUNTY,Grade 3,956
2020-2021,6,WALKER COUNTY,Grade 4,915
2020-2021,6,WALKER COUNTY,Grade 5,977
2020-2021,6,WALKER COUNTY,Grade 6,1054
2020-2021,6,WALKER COUNTY,Grade 7,1177
2020-2021,6,WALKER COUNTY,Grade 8,1214
2020-2021,6,WALKER COUNTY,Grade 9,1212
2020-2021,6,WALKER COUNTY,Grade 10,1032
2020-2021,6,WALKER COUNTY,Grade 11,968
2020-2021,6,WALKER COUNTY,Grade 12,793
2020-2021,4,WALLER COUNTY,Early Education,51
2020-2021,4,WALLER COUNTY,Pre-kindergarten,448
2020-2021,4,WALLER COUNTY,Kindergarten,774
2020-2021,4,WALLER COUNTY,Grade 1,845
2020-2021,4,WALLER COUNTY,Grade 2,817
2020-2021,4,WALLER COUNTY,Grade 3,827
2020-2021,4,WALLER COUNTY,Grade 4,846
2020-2021,4,WALLER COUNTY,Grade 5,901
2020-2021,4,WALLER COUNTY,Grade 6,976
2020-2021,4,WALLER COUNTY,Grade 7,957
2020-2021,4,WALLER COUNTY,Grade 8,1015
2020-2021,4,WALLER COUNTY,Grade 9,932
2020-2021,4,WALLER COUNTY,Grade 10,864
2020-2021,4,WALLER COUNTY,Grade 11,792
2020-2021,4,WALLER COUNTY,Grade 12,704
2020-2021,18,WARD COUNTY,Early Education,14
2020-2021,18,WARD COUNTY,Pre-kindergarten,40
2020-2021,18,WARD COUNTY,Kindergarten,138
2020-2021,18,WARD COUNTY,Grade 1,195
2020-2021,18,WARD COUNTY,Grade 2,189
2020-2021,18,WARD COUNTY,Grade 3,158
2020-2021,18,WARD COUNTY,Grade 4,168
2020-2021,18,WARD COUNTY,Grade 5,177
2020-2021,18,WARD COUNTY,Grade 6,188
2020-2021,18,WARD COUNTY,Grade 7,190
2020-2021,18,WARD COUNTY,Grade 8,177
2020-2021,18,WARD COUNTY,Grade 9,154
2020-2021,18,WARD COUNTY,Grade 10,177
2020-2021,18,WARD COUNTY,Grade 11,177
2020-2021,18,WARD COUNTY,Grade 12,127
2020-2021,6,WASHINGTON COUNTY,Early Education,36
2020-2021,6,WASHINGTON COUNTY,Pre-kindergarten,205
2020-2021,6,WASHINGTON COUNTY,Kindergarten,359
2020-2021,6,WASHINGTON COUNTY,Grade 1,362
2020-2021,6,WASHINGTON COUNTY,Grade 2,385
2020-2021,6,WASHINGTON COUNTY,Grade 3,386
2020-2021,6,WASHINGTON COUNTY,Grade 4,378
2020-2021,6,WASHINGTON COUNTY,Grade 5,367
2020-2021,6,WASHINGTON COUNTY,Grade 6,383
2020-2021,6,WASHINGTON COUNTY,Grade 7,428
2020-2021,6,WASHINGTON COUNTY,Grade 8,450
2020-2021,6,WASHINGTON COUNTY,Grade 9,434
2020-2021,6,WASHINGTON COUNTY,Grade 10,472
2020-2021,6,WASHINGTON COUNTY,Grade 11,400
2020-2021,6,WASHINGTON COUNTY,Grade 12,380
2020-2021,1,WEBB COUNTY,Early Education,190
2020-2021,1,WEBB COUNTY,Pre-kindergarten,2815
2020-2021,1,WEBB COUNTY,Kindergarten,3981
2020-2021,1,WEBB COUNTY,Grade 1,4572
2020-2021,1,WEBB COUNTY,Grade 2,4628
2020-2021,1,WEBB COUNTY,Grade 3,4564
2020-2021,1,WEBB COUNTY,Grade 4,4544
2020-2021,1,WEBB COUNTY,Grade 5,4600
2020-2021,1,WEBB COUNTY,Grade 6,4754
2020-2021,1,WEBB COUNTY,Grade 7,4824
2020-2021,1,WEBB COUNTY,Grade 8,4894
2020-2021,1,WEBB COUNTY,Grade 9,5281
2020-2021,1,WEBB COUNTY,Grade 10,5090
2020-2021,1,WEBB COUNTY,Grade 11,4788
2020-2021,1,WEBB COUNTY,Grade 12,4929
2020-2021,3,WHARTON COUNTY,Early Education,50
2020-2021,3,WHARTON COUNTY,Pre-kindergarten,277
2020-2021,3,WHARTON COUNTY,Kindergarten,522
2020-2021,3,WHARTON COUNTY,Grade 1,537
2020-2021,3,WHARTON COUNTY,Grade 2,572
2020-2021,3,WHARTON COUNTY,Grade 3,525
2020-2021,3,WHARTON COUNTY,Grade 4,554
2020-2021,3,WHARTON COUNTY,Grade 5,595
2020-2021,3,WHARTON COUNTY,Grade 6,566
2020-2021,3,WHARTON COUNTY,Grade 7,603
2020-2021,3,WHARTON COUNTY,Grade 8,644
2020-2021,3,WHARTON COUNTY,Grade 9,675
2020-2021,3,WHARTON COUNTY,Grade 10,656
2020-2021,3,WHARTON COUNTY,Grade 11,631
2020-2021,3,WHARTON COUNTY,Grade 12,562
2020-2021,16,WHEELER COUNTY,Early Education,6
2020-2021,16,WHEELER COUNTY,Pre-kindergarten,89
2020-2021,16,WHEELER COUNTY,Kindergarten,67
2020-2021,16,WHEELER COUNTY,Grade 1,81
2020-2021,16,WHEELER COUNTY,Grade 2,76
2020-2021,16,WHEELER COUNTY,Grade 3,75
2020-2021,16,WHEELER COUNTY,Grade 4,80
2020-2021,16,WHEELER COUNTY,Grade 5,70
2020-2021,16,WHEELER COUNTY,Grade 6,75
2020-2021,16,WHEELER COUNTY,Grade 7,80
2020-2021,16,WHEELER COUNTY,Grade 8,78
2020-2021,16,WHEELER COUNTY,Grade 9,77
2020-2021,16,WHEELER COUNTY,Grade 10,88
2020-2021,16,WHEELER COUNTY,Grade 11,74
2020-2021,16,WHEELER COUNTY,Grade 12,71
2020-2021,9,WICHITA COUNTY,Early Education,73
2020-2021,9,WICHITA COUNTY,Pre-kindergarten,1063
2020-2021,9,WICHITA COUNTY,Kindergarten,1490
2020-2021,9,WICHITA COUNTY,Grade 1,1549
2020-2021,9,WICHITA COUNTY,Grade 2,1474
2020-2021,9,WICHITA COUNTY,Grade 3,1510
2020-2021,9,WICHITA COUNTY,Grade 4,1440
2020-2021,9,WICHITA COUNTY,Grade 5,1466
2020-2021,9,WICHITA COUNTY,Grade 6,1506
2020-2021,9,WICHITA COUNTY,Grade 7,1515
2020-2021,9,WICHITA COUNTY,Grade 8,1480
2020-2021,9,WICHITA COUNTY,Grade 9,1487
2020-2021,9,WICHITA COUNTY,Grade 10,1395
2020-2021,9,WICHITA COUNTY,Grade 11,1352
2020-2021,9,WICHITA COUNTY,Grade 12,1361
2020-2021,9,WILBARGER COUNTY,Early Education,12
2020-2021,9,WILBARGER COUNTY,Pre-kindergarten,53
2020-2021,9,WILBARGER COUNTY,Kindergarten,170
2020-2021,9,WILBARGER COUNTY,Grade 1,151
2020-2021,9,WILBARGER COUNTY,Grade 2,177
2020-2021,9,WILBARGER COUNTY,Grade 3,162
2020-2021,9,WILBARGER COUNTY,Grade 4,171
2020-2021,9,WILBARGER COUNTY,Grade 5,147
2020-2021,9,WILBARGER COUNTY,Grade 6,163
2020-2021,9,WILBARGER COUNTY,Grade 7,178
2020-2021,9,WILBARGER COUNTY,Grade 8,147
2020-2021,9,WILBARGER COUNTY,Grade 9,194
2020-2021,9,WILBARGER COUNTY,Grade 10,197
2020-2021,9,WILBARGER COUNTY,Grade 11,164
2020-2021,9,WILBARGER COUNTY,Grade 12,158
2020-2021,1,WILLACY COUNTY,Early Education,2
2020-2021,1,WILLACY COUNTY,Pre-kindergarten,296
2020-2021,1,WILLACY COUNTY,Kindergarten,274
2020-2021,1,WILLACY COUNTY,Grade 1,245
2020-2021,1,WILLACY COUNTY,Grade 2,260
2020-2021,1,WILLACY COUNTY,Grade 3,246
2020-2021,1,WILLACY COUNTY,Grade 4,301
2020-2021,1,WILLACY COUNTY,Grade 5,287
2020-2021,1,WILLACY COUNTY,Grade 6,293
2020-2021,1,WILLACY COUNTY,Grade 7,328
2020-2021,1,WILLACY COUNTY,Grade 8,309
2020-2021,1,WILLACY COUNTY,Grade 9,318
2020-2021,1,WILLACY COUNTY,Grade 10,307
2020-2021,1,WILLACY COUNTY,Grade 11,306
2020-2021,1,WILLACY COUNTY,Grade 12,302
2020-2021,13,WILLIAMSON COUNTY,Early Education,698
2020-2021,13,WILLIAMSON COUNTY,Pre-kindergarten,2163
2020-2021,13,WILLIAMSON COUNTY,Kindergarten,7810
2020-2021,13,WILLIAMSON COUNTY,Grade 1,8687
2020-2021,13,WILLIAMSON COUNTY,Grade 2,8793
2020-2021,13,WILLIAMSON COUNTY,Grade 3,8844
2020-2021,13,WILLIAMSON COUNTY,Grade 4,9051
2020-2021,13,WILLIAMSON COUNTY,Grade 5,9236
2020-2021,13,WILLIAMSON COUNTY,Grade 6,9638
2020-2021,13,WILLIAMSON COUNTY,Grade 7,10121
2020-2021,13,WILLIAMSON COUNTY,Grade 8,9951
2020-2021,13,WILLIAMSON COUNTY,Grade 9,10171
2020-2021,13,WILLIAMSON COUNTY,Grade 10,10114
2020-2021,13,WILLIAMSON COUNTY,Grade 11,9688
2020-2021,13,WILLIAMSON COUNTY,Grade 12,9294
2020-2021,20,WILSON COUNTY,Early Education,46
2020-2021,20,WILSON COUNTY,Pre-kindergarten,226
2020-2021,20,WILSON COUNTY,Kindergarten,575
2020-2021,20,WILSON COUNTY,Grade 1,663
2020-2021,20,WILSON COUNTY,Grade 2,592
2020-2021,20,WILSON COUNTY,Grade 3,669
2020-2021,20,WILSON COUNTY,Grade 4,592
2020-2021,20,WILSON COUNTY,Grade 5,667
2020-2021,20,WILSON COUNTY,Grade 6,692
2020-2021,20,WILSON COUNTY,Grade 7,662
2020-2021,20,WILSON COUNTY,Grade 8,748
2020-2021,20,WILSON COUNTY,Grade 9,711
2020-2021,20,WILSON COUNTY,Grade 10,684
2020-2021,20,WILSON COUNTY,Grade 11,654
2020-2021,20,WILSON COUNTY,Grade 12,660
2020-2021,18,WINKLER COUNTY,Early Education,7
2020-2021,18,WINKLER COUNTY,Pre-kindergarten,61
2020-2021,18,WINKLER COUNTY,Kindergarten,128
2020-2021,18,WINKLER COUNTY,Grade 1,115
2020-2021,18,WINKLER COUNTY,Grade 2,115
2020-2021,18,WINKLER COUNTY,Grade 3,116
2020-2021,18,WINKLER COUNTY,Grade 4,123
2020-2021,18,WINKLER COUNTY,Grade 5,117
2020-2021,18,WINKLER COUNTY,Grade 6,132
2020-2021,18,WINKLER COUNTY,Grade 7,151
2020-2021,18,WINKLER COUNTY,Grade 8,135
2020-2021,18,WINKLER COUNTY,Grade 9,133
2020-2021,18,WINKLER COUNTY,Grade 10,118
2020-2021,18,WINKLER COUNTY,Grade 11,114
2020-2021,18,WINKLER COUNTY,Grade 12,113
2020-2021,11,WISE COUNTY,Early Education,40
2020-2021,11,WISE COUNTY,Pre-kindergarten,283
2020-2021,11,WISE COUNTY,Kindergarten,719
2020-2021,11,WISE COUNTY,Grade 1,698
2020-2021,11,WISE COUNTY,Grade 2,701
2020-2021,11,WISE COUNTY,Grade 3,654
2020-2021,11,WISE COUNTY,Grade 4,711
2020-2021,11,WISE COUNTY,Grade 5,669
2020-2021,11,WISE COUNTY,Grade 6,684
2020-2021,11,WISE COUNTY,Grade 7,793
2020-2021,11,WISE COUNTY,Grade 8,778
2020-2021,11,WISE COUNTY,Grade 9,775
2020-2021,11,WISE COUNTY,Grade 10,720
2020-2021,11,WISE COUNTY,Grade 11,667
2020-2021,11,WISE COUNTY,Grade 12,712
2020-2021,7,WOOD COUNTY,Early Education,17
2020-2021,7,WOOD COUNTY,Pre-kindergarten,260
2020-2021,7,WOOD COUNTY,Kindergarten,433
2020-2021,7,WOOD COUNTY,Grade 1,434
2020-2021,7,WOOD COUNTY,Grade 2,417
2020-2021,7,WOOD COUNTY,Grade 3,425
2020-2021,7,WOOD COUNTY,Grade 4,406
2020-2021,7,WOOD COUNTY,Grade 5,436
2020-2021,7,WOOD COUNTY,Grade 6,500
2020-2021,7,WOOD COUNTY,Grade 7,456
2020-2021,7,WOOD COUNTY,Grade 8,483
2020-2021,7,WOOD COUNTY,Grade 9,491
2020-2021,7,WOOD COUNTY,Grade 10,459
2020-2021,7,WOOD COUNTY,Grade 11,444
2020-2021,7,WOOD COUNTY,Grade 12,416
2020-2021,17,YOAKUM COUNTY,Early Education,19
2020-2021,17,YOAKUM COUNTY,Pre-kindergarten,64
2020-2021,17,YOAKUM COUNTY,Kindergarten,122
2020-2021,17,YOAKUM COUNTY,Grade 1,137
2020-2021,17,YOAKUM COUNTY,Grade 2,157
2020-2021,17,YOAKUM COUNTY,Grade 3,132
2020-2021,17,YOAKUM COUNTY,Grade 4,138
2020-2021,17,YOAKUM COUNTY,Grade 5,160
2020-2021,17,YOAKUM COUNTY,Grade 6,166
2020-2021,17,YOAKUM COUNTY,Grade 7,172
2020-2021,17,YOAKUM COUNTY,Grade 8,173
2020-2021,17,YOAKUM COUNTY,Grade 9,151
2020-2021,17,YOAKUM COUNTY,Grade 10,185
2020-2021,17,YOAKUM COUNTY,Grade 11,144
2020-2021,17,YOAKUM COUNTY,Grade 12,149
2020-2021,9,YOUNG COUNTY,Early Education,40
2020-2021,9,YOUNG COUNTY,Pre-kindergarten,144
2020-2021,9,YOUNG COUNTY,Kindergarten,219
2020-2021,9,YOUNG COUNTY,Grade 1,221
2020-2021,9,YOUNG COUNTY,Grade 2,195
2020-2021,9,YOUNG COUNTY,Grade 3,221
2020-2021,9,YOUNG COUNTY,Grade 4,209
2020-2021,9,YOUNG COUNTY,Grade 5,231
2020-2021,9,YOUNG COUNTY,Grade 6,290
2020-2021,9,YOUNG COUNTY,Grade 7,251
2020-2021,9,YOUNG COUNTY,Grade 8,253
2020-2021,9,YOUNG COUNTY,Grade 9,263
2020-2021,9,YOUNG COUNTY,Grade 10,224
2020-2021,9,YOUNG COUNTY,Grade 11,229
2020-2021,9,YOUNG COUNTY,Grade 12,206
2020-2021,1,ZAPATA COUNTY,Early Education,9
2020-2021,1,ZAPATA COUNTY,Pre-kindergarten,153
2020-2021,1,ZAPATA COUNTY,Kindergarten,240
2020-2021,1,ZAPATA COUNTY,Grade 1,261
2020-2021,1,ZAPATA COUNTY,Grade 2,238
2020-2021,1,ZAPATA COUNTY,Grade 3,244
2020-2021,1,ZAPATA COUNTY,Grade 4,256
2020-2021,1,ZAPATA COUNTY,Grade 5,270
2020-2021,1,ZAPATA COUNTY,Grade 6,282
2020-2021,1,ZAPATA COUNTY,Grade 7,289
2020-2021,1,ZAPATA COUNTY,Grade 8,263
2020-2021,1,ZAPATA COUNTY,Grade 9,270
2020-2021,1,ZAPATA COUNTY,Grade 10,248
2020-2021,1,ZAPATA COUNTY,Grade 11,247
2020-2021,1,ZAPATA COUNTY,Grade 12,216
2020-2021,20,ZAVALA COUNTY,Early Education,14
2020-2021,20,ZAVALA COUNTY,Pre-kindergarten,102
2020-2021,20,ZAVALA COUNTY,Kindergarten,158
2020-2021,20,ZAVALA COUNTY,Grade 1,172
2020-2021,20,ZAVALA COUNTY,Grade 2,185
2020-2021,20,ZAVALA COUNTY,Grade 3,169
2020-2021,20,ZAVALA COUNTY,Grade 4,146
2020-2021,20,ZAVALA COUNTY,Grade 5,182
2020-2021,20,ZAVALA COUNTY,Grade 6,187
2020-2021,20,ZAVALA COUNTY,Grade 7,179
2020-2021,20,ZAVALA COUNTY,Grade 8,184
2020-2021,20,ZAVALA COUNTY,Grade 9,189
2020-2021,20,ZAVALA COUNTY,Grade 10,198
2020-2021,20,ZAVALA COUNTY,Grade 11,145
2020-2021,20,ZAVALA COUNTY,Grade 12,155
