T E X A S  E D U C A T I O N  A G E N C Y,,,,
,,,,
PEIMS Student Enrollment Data for 2021-2022,,,,
,,,,
YEAR,REGION,COUNTY NAME,GRADE,ENROLLMENT
2021-2022,7,ANDERSON COUNTY,Early Education,3
2021-2022,7,ANDERSON COUNTY,Pre-kindergarten,444
2021-2022,7,ANDERSON COUNTY,Kindergarten,556
2021-2022,7,ANDERSON COUNTY,Grade 1,557
2021-2022,7,ANDERSON COUNTY,Grade 2,561
2021-2022,7,ANDERSON COUNTY,Grade 3,569
2021-2022,7,ANDERSON COUNTY,Grade 4,539
2021-2022,7,ANDERSON COUNTY,Grade 5,555
2021-2022,7,ANDERSON COUNTY,Grade 6,559
2021-2022,7,ANDERSON COUNTY,Grade 7,634
2021-2022,7,ANDERSON COUNTY,Grade 8,598
2021-2022,7,ANDERSON COUNTY,Grade 9,670
2021-2022,7,ANDERSON COUNTY,Grade 10,579
2021-2022,7,ANDERSON COUNTY,Grade 11,585
2021-2022,7,ANDERSON COUNTY,Grade 12,522
2021-2022,18,ANDREWS COUNTY,Early Education,27
2021-2022,18,ANDREWS COUNTY,Pre-kindergarten,87
2021-2022,18,ANDREWS COUNTY,Kindergarten,317
2021-2022,18,ANDREWS COUNTY,Grade 1,347
2021-2022,18,ANDREWS COUNTY,Grade 2,290
2021-2022,18,ANDREWS COUNTY,Grade 3,332
2021-2022,18,ANDREWS COUNTY,Grade 4,305
2021-2022,18,ANDREWS COUNTY,Grade 5,300
2021-2022,18,ANDREWS COUNTY,Grade 6,289
2021-2022,18,ANDREWS COUNTY,Grade 7,324
2021-2022,18,ANDREWS COUNTY,Grade 8,318
2021-2022,18,ANDREWS COUNTY,Grade 9,369
2021-2022,18,ANDREWS COUNTY,Grade 10,292
2021-2022,18,ANDREWS COUNTY,Grade 11,297
2021-2022,18,ANDREWS COUNTY,Grade 12,253
2021-2022,7,ANGELINA COUNTY,Early Education,56
2021-2022,7,ANGELINA COUNTY,Pre-kindergarten,804
2021-2022,7,ANGELINA COUNTY,Kindergarten,1165
2021-2022,7,ANGELINA COUNTY,Grade 1,1191
2021-2022,7,ANGELINA COUNTY,Grade 2,1161
2021-2022,7,ANGELINA COUNTY,Grade 3,1159
2021-2022,7,ANGELINA COUNTY,Grade 4,1193
2021-2022,7,ANGELINA COUNTY,Grade 5,1154
2021-2022,7,ANGELINA COUNTY,Grade 6,1154
2021-2022,7,ANGELINA COUNTY,Grade 7,1209
2021-2022,7,ANGELINA COUNTY,Grade 8,1258
2021-2022,7,ANGELINA COUNTY,Grade 9,1346
2021-2022,7,ANGELINA COUNTY,Grade 10,1215
2021-2022,7,ANGELINA COUNTY,Grade 11,1113
2021-2022,7,ANGELINA COUNTY,Grade 12,1099
2021-2022,2,ARANSAS COUNTY,Early Education,6
2021-2022,2,ARANSAS COUNTY,Pre-kindergarten,128
2021-2022,2,ARANSAS COUNTY,Kindergarten,182
2021-2022,2,ARANSAS COUNTY,Grade 1,174
2021-2022,2,ARANSAS COUNTY,Grade 2,223
2021-2022,2,ARANSAS COUNTY,Grade 3,201
2021-2022,2,ARANSAS COUNTY,Grade 4,219
2021-2022,2,ARANSAS COUNTY,Grade 5,219
2021-2022,2,ARANSAS COUNTY,Grade 6,258
2021-2022,2,ARANSAS COUNTY,Grade 7,222
2021-2022,2,ARANSAS COUNTY,Grade 8,243
2021-2022,2,ARANSAS COUNTY,Grade 9,246
2021-2022,2,ARANSAS COUNTY,Grade 10,226
2021-2022,2,ARANSAS COUNTY,Grade 11,237
2021-2022,2,ARANSAS COUNTY,Grade 12,221
2021-2022,9,ARCHER COUNTY,Early Education,3
2021-2022,9,ARCHER COUNTY,Pre-kindergarten,99
2021-2022,9,ARCHER COUNTY,Kindergarten,159
2021-2022,9,ARCHER COUNTY,Grade 1,162
2021-2022,9,ARCHER COUNTY,Grade 2,148
2021-2022,9,ARCHER COUNTY,Grade 3,161
2021-2022,9,ARCHER COUNTY,Grade 4,156
2021-2022,9,ARCHER COUNTY,Grade 5,155
2021-2022,9,ARCHER COUNTY,Grade 6,146
2021-2022,9,ARCHER COUNTY,Grade 7,165
2021-2022,9,ARCHER COUNTY,Grade 8,176
2021-2022,9,ARCHER COUNTY,Grade 9,164
2021-2022,9,ARCHER COUNTY,Grade 10,163
2021-2022,9,ARCHER COUNTY,Grade 11,147
2021-2022,9,ARCHER COUNTY,Grade 12,162
2021-2022,16,ARMSTRONG COUNTY,Pre-kindergarten,15
2021-2022,16,ARMSTRONG COUNTY,Kindergarten,18
2021-2022,16,ARMSTRONG COUNTY,Grade 1,16
2021-2022,16,ARMSTRONG COUNTY,Grade 2,22
2021-2022,16,ARMSTRONG COUNTY,Grade 3,32
2021-2022,16,ARMSTRONG COUNTY,Grade 4,18
2021-2022,16,ARMSTRONG COUNTY,Grade 5,22
2021-2022,16,ARMSTRONG COUNTY,Grade 6,21
2021-2022,16,ARMSTRONG COUNTY,Grade 7,28
2021-2022,16,ARMSTRONG COUNTY,Grade 8,25
2021-2022,16,ARMSTRONG COUNTY,Grade 9,21
2021-2022,16,ARMSTRONG COUNTY,Grade 10,25
2021-2022,16,ARMSTRONG COUNTY,Grade 11,28
2021-2022,16,ARMSTRONG COUNTY,Grade 12,16
2021-2022,20,ATASCOSA COUNTY,Early Education,37
2021-2022,20,ATASCOSA COUNTY,Pre-kindergarten,463
2021-2022,20,ATASCOSA COUNTY,Kindergarten,601
2021-2022,20,ATASCOSA COUNTY,Grade 1,643
2021-2022,20,ATASCOSA COUNTY,Grade 2,593
2021-2022,20,ATASCOSA COUNTY,Grade 3,622
2021-2022,20,ATASCOSA COUNTY,Grade 4,619
2021-2022,20,ATASCOSA COUNTY,Grade 5,643
2021-2022,20,ATASCOSA COUNTY,Grade 6,669
2021-2022,20,ATASCOSA COUNTY,Grade 7,701
2021-2022,20,ATASCOSA COUNTY,Grade 8,653
2021-2022,20,ATASCOSA COUNTY,Grade 9,735
2021-2022,20,ATASCOSA COUNTY,Grade 10,624
2021-2022,20,ATASCOSA COUNTY,Grade 11,572
2021-2022,20,ATASCOSA COUNTY,Grade 12,599
2021-2022,6,AUSTIN COUNTY,Early Education,33
2021-2022,6,AUSTIN COUNTY,Pre-kindergarten,151
2021-2022,6,AUSTIN COUNTY,Kindergarten,366
2021-2022,6,AUSTIN COUNTY,Grade 1,435
2021-2022,6,AUSTIN COUNTY,Grade 2,370
2021-2022,6,AUSTIN COUNTY,Grade 3,395
2021-2022,6,AUSTIN COUNTY,Grade 4,431
2021-2022,6,AUSTIN COUNTY,Grade 5,398
2021-2022,6,AUSTIN COUNTY,Grade 6,460
2021-2022,6,AUSTIN COUNTY,Grade 7,464
2021-2022,6,AUSTIN COUNTY,Grade 8,501
2021-2022,6,AUSTIN COUNTY,Grade 9,491
2021-2022,6,AUSTIN COUNTY,Grade 10,454
2021-2022,6,AUSTIN COUNTY,Grade 11,426
2021-2022,6,AUSTIN COUNTY,Grade 12,418
2021-2022,17,BAILEY COUNTY,Early Education,11
2021-2022,17,BAILEY COUNTY,Pre-kindergarten,79
2021-2022,17,BAILEY COUNTY,Kindergarten,93
2021-2022,17,BAILEY COUNTY,Grade 1,105
2021-2022,17,BAILEY COUNTY,Grade 2,98
2021-2022,17,BAILEY COUNTY,Grade 3,92
2021-2022,17,BAILEY COUNTY,Grade 4,94
2021-2022,17,BAILEY COUNTY,Grade 5,105
2021-2022,17,BAILEY COUNTY,Grade 6,88
2021-2022,17,BAILEY COUNTY,Grade 7,106
2021-2022,17,BAILEY COUNTY,Grade 8,107
2021-2022,17,BAILEY COUNTY,Grade 9,100
2021-2022,17,BAILEY COUNTY,Grade 10,98
2021-2022,17,BAILEY COUNTY,Grade 11,92
2021-2022,17,BAILEY COUNTY,Grade 12,80
2021-2022,20,BANDERA COUNTY,Early Education,16
2021-2022,20,BANDERA COUNTY,Pre-kindergarten,104
2021-2022,20,BANDERA COUNTY,Kindergarten,159
2021-2022,20,BANDERA COUNTY,Grade 1,188
2021-2022,20,BANDERA COUNTY,Grade 2,185
2021-2022,20,BANDERA COUNTY,Grade 3,191
2021-2022,20,BANDERA COUNTY,Grade 4,190
2021-2022,20,BANDERA COUNTY,Grade 5,176
2021-2022,20,BANDERA COUNTY,Grade 6,185
2021-2022,20,BANDERA COUNTY,Grade 7,207
2021-2022,20,BANDERA COUNTY,Grade 8,210
2021-2022,20,BANDERA COUNTY,Grade 9,203
2021-2022,20,BANDERA COUNTY,Grade 10,220
2021-2022,20,BANDERA COUNTY,Grade 11,171
2021-2022,20,BANDERA COUNTY,Grade 12,166
2021-2022,13,BASTROP COUNTY,Early Education,65
2021-2022,13,BASTROP COUNTY,Pre-kindergarten,760
2021-2022,13,BASTROP COUNTY,Kindergarten,1287
2021-2022,13,BASTROP COUNTY,Grade 1,1358
2021-2022,13,BASTROP COUNTY,Grade 2,1326
2021-2022,13,BASTROP COUNTY,Grade 3,1299
2021-2022,13,BASTROP COUNTY,Grade 4,1241
2021-2022,13,BASTROP COUNTY,Grade 5,1352
2021-2022,13,BASTROP COUNTY,Grade 6,1340
2021-2022,13,BASTROP COUNTY,Grade 7,1490
2021-2022,13,BASTROP COUNTY,Grade 8,1531
2021-2022,13,BASTROP COUNTY,Grade 9,1820
2021-2022,13,BASTROP COUNTY,Grade 10,1559
2021-2022,13,BASTROP COUNTY,Grade 11,1425
2021-2022,13,BASTROP COUNTY,Grade 12,1244
2021-2022,9,BAYLOR COUNTY,Early Education,3
2021-2022,9,BAYLOR COUNTY,Pre-kindergarten,28
2021-2022,9,BAYLOR COUNTY,Kindergarten,48
2021-2022,9,BAYLOR COUNTY,Grade 1,54
2021-2022,9,BAYLOR COUNTY,Grade 2,42
2021-2022,9,BAYLOR COUNTY,Grade 3,51
2021-2022,9,BAYLOR COUNTY,Grade 4,46
2021-2022,9,BAYLOR COUNTY,Grade 5,42
2021-2022,9,BAYLOR COUNTY,Grade 6,48
2021-2022,9,BAYLOR COUNTY,Grade 7,48
2021-2022,9,BAYLOR COUNTY,Grade 8,46
2021-2022,9,BAYLOR COUNTY,Grade 9,39
2021-2022,9,BAYLOR COUNTY,Grade 10,46
2021-2022,9,BAYLOR COUNTY,Grade 11,45
2021-2022,9,BAYLOR COUNTY,Grade 12,34
2021-2022,2,BEE COUNTY,Early Education,16
2021-2022,2,BEE COUNTY,Pre-kindergarten,473
2021-2022,2,BEE COUNTY,Kindergarten,373
2021-2022,2,BEE COUNTY,Grade 1,394
2021-2022,2,BEE COUNTY,Grade 2,372
2021-2022,2,BEE COUNTY,Grade 3,363
2021-2022,2,BEE COUNTY,Grade 4,333
2021-2022,2,BEE COUNTY,Grade 5,323
2021-2022,2,BEE COUNTY,Grade 6,331
2021-2022,2,BEE COUNTY,Grade 7,370
2021-2022,2,BEE COUNTY,Grade 8,414
2021-2022,2,BEE COUNTY,Grade 9,414
2021-2022,2,BEE COUNTY,Grade 10,318
2021-2022,2,BEE COUNTY,Grade 11,314
2021-2022,2,BEE COUNTY,Grade 12,266
2021-2022,12,BELL COUNTY,Early Education,310
2021-2022,12,BELL COUNTY,Pre-kindergarten,3752
2021-2022,13,BELL COUNTY,Pre-kindergarten,19
2021-2022,12,BELL COUNTY,Kindergarten,5626
2021-2022,13,BELL COUNTY,Kindergarten,31
2021-2022,12,BELL COUNTY,Grade 1,6027
2021-2022,13,BELL COUNTY,Grade 1,28
2021-2022,12,BELL COUNTY,Grade 2,5654
2021-2022,13,BELL COUNTY,Grade 2,34
2021-2022,12,BELL COUNTY,Grade 3,5710
2021-2022,13,BELL COUNTY,Grade 3,30
2021-2022,12,BELL COUNTY,Grade 4,5591
2021-2022,13,BELL COUNTY,Grade 4,27
2021-2022,12,BELL COUNTY,Grade 5,5486
2021-2022,13,BELL COUNTY,Grade 5,26
2021-2022,12,BELL COUNTY,Grade 6,5420
2021-2022,13,BELL COUNTY,Grade 6,26
2021-2022,12,BELL COUNTY,Grade 7,5577
2021-2022,13,BELL COUNTY,Grade 7,25
2021-2022,12,BELL COUNTY,Grade 8,5760
2021-2022,13,BELL COUNTY,Grade 8,35
2021-2022,12,BELL COUNTY,Grade 9,6544
2021-2022,13,BELL COUNTY,Grade 9,36
2021-2022,20,BELL COUNTY,Grade 9,421
2021-2022,12,BELL COUNTY,Grade 10,5266
2021-2022,13,BELL COUNTY,Grade 10,27
2021-2022,20,BELL COUNTY,Grade 10,483
2021-2022,12,BELL COUNTY,Grade 11,4716
2021-2022,13,BELL COUNTY,Grade 11,26
2021-2022,20,BELL COUNTY,Grade 11,396
2021-2022,12,BELL COUNTY,Grade 12,4148
2021-2022,13,BELL COUNTY,Grade 12,25
2021-2022,20,BELL COUNTY,Grade 12,291
2021-2022,20,BEXAR COUNTY,Early Education,1399
2021-2022,20,BEXAR COUNTY,Pre-kindergarten,16477
2021-2022,20,BEXAR COUNTY,Kindergarten,23688
2021-2022,20,BEXAR COUNTY,Grade 1,24868
2021-2022,20,BEXAR COUNTY,Grade 2,24566
2021-2022,20,BEXAR COUNTY,Grade 3,24370
2021-2022,20,BEXAR COUNTY,Grade 4,24542
2021-2022,20,BEXAR COUNTY,Grade 5,24922
2021-2022,20,BEXAR COUNTY,Grade 6,25335
2021-2022,20,BEXAR COUNTY,Grade 7,25868
2021-2022,20,BEXAR COUNTY,Grade 8,26302
2021-2022,20,BEXAR COUNTY,Grade 9,30049
2021-2022,20,BEXAR COUNTY,Grade 10,24881
2021-2022,20,BEXAR COUNTY,Grade 11,23770
2021-2022,20,BEXAR COUNTY,Grade 12,22253
2021-2022,13,BLANCO COUNTY,Early Education,9
2021-2022,13,BLANCO COUNTY,Pre-kindergarten,46
2021-2022,13,BLANCO COUNTY,Kindergarten,116
2021-2022,13,BLANCO COUNTY,Grade 1,117
2021-2022,13,BLANCO COUNTY,Grade 2,110
2021-2022,13,BLANCO COUNTY,Grade 3,108
2021-2022,13,BLANCO COUNTY,Grade 4,120
2021-2022,13,BLANCO COUNTY,Grade 5,120
2021-2022,13,BLANCO COUNTY,Grade 6,122
2021-2022,13,BLANCO COUNTY,Grade 7,144
2021-2022,13,BLANCO COUNTY,Grade 8,142
2021-2022,13,BLANCO COUNTY,Grade 9,165
2021-2022,13,BLANCO COUNTY,Grade 10,151
2021-2022,13,BLANCO COUNTY,Grade 11,152
2021-2022,13,BLANCO COUNTY,Grade 12,138
2021-2022,17,BORDEN COUNTY,Pre-kindergarten,11
2021-2022,17,BORDEN COUNTY,Kindergarten,19
2021-2022,17,BORDEN COUNTY,Grade 1,20
2021-2022,17,BORDEN COUNTY,Grade 2,19
2021-2022,17,BORDEN COUNTY,Grade 3,19
2021-2022,17,BORDEN COUNTY,Grade 4,12
2021-2022,17,BORDEN COUNTY,Grade 5,12
2021-2022,17,BORDEN COUNTY,Grade 6,19
2021-2022,17,BORDEN COUNTY,Grade 7,24
2021-2022,17,BORDEN COUNTY,Grade 8,20
2021-2022,17,BORDEN COUNTY,Grade 9,15
2021-2022,17,BORDEN COUNTY,Grade 10,24
2021-2022,17,BORDEN COUNTY,Grade 11,16
2021-2022,17,BORDEN COUNTY,Grade 12,15
2021-2022,12,BOSQUE COUNTY,Early Education,19
2021-2022,12,BOSQUE COUNTY,Pre-kindergarten,118
2021-2022,12,BOSQUE COUNTY,Kindergarten,217
2021-2022,12,BOSQUE COUNTY,Grade 1,174
2021-2022,12,BOSQUE COUNTY,Grade 2,185
2021-2022,12,BOSQUE COUNTY,Grade 3,215
2021-2022,12,BOSQUE COUNTY,Grade 4,200
2021-2022,12,BOSQUE COUNTY,Grade 5,187
2021-2022,12,BOSQUE COUNTY,Grade 6,192
2021-2022,12,BOSQUE COUNTY,Grade 7,232
2021-2022,12,BOSQUE COUNTY,Grade 8,248
2021-2022,12,BOSQUE COUNTY,Grade 9,245
2021-2022,12,BOSQUE COUNTY,Grade 10,198
2021-2022,12,BOSQUE COUNTY,Grade 11,201
2021-2022,12,BOSQUE COUNTY,Grade 12,170
2021-2022,8,BOWIE COUNTY,Early Education,61
2021-2022,8,BOWIE COUNTY,Pre-kindergarten,1060
2021-2022,8,BOWIE COUNTY,Kindergarten,1362
2021-2022,8,BOWIE COUNTY,Grade 1,1281
2021-2022,8,BOWIE COUNTY,Grade 2,1194
2021-2022,8,BOWIE COUNTY,Grade 3,1235
2021-2022,8,BOWIE COUNTY,Grade 4,1274
2021-2022,8,BOWIE COUNTY,Grade 5,1253
2021-2022,8,BOWIE COUNTY,Grade 6,1217
2021-2022,8,BOWIE COUNTY,Grade 7,1323
2021-2022,8,BOWIE COUNTY,Grade 8,1281
2021-2022,8,BOWIE COUNTY,Grade 9,1393
2021-2022,8,BOWIE COUNTY,Grade 10,1209
2021-2022,8,BOWIE COUNTY,Grade 11,1166
2021-2022,8,BOWIE COUNTY,Grade 12,1099
2021-2022,4,BRAZORIA COUNTY,Early Education,327
2021-2022,4,BRAZORIA COUNTY,Pre-kindergarten,1930
2021-2022,4,BRAZORIA COUNTY,Kindergarten,4804
2021-2022,4,BRAZORIA COUNTY,Grade 1,5033
2021-2022,4,BRAZORIA COUNTY,Grade 2,5241
2021-2022,4,BRAZORIA COUNTY,Grade 3,5154
2021-2022,4,BRAZORIA COUNTY,Grade 4,5280
2021-2022,4,BRAZORIA COUNTY,Grade 5,5357
2021-2022,4,BRAZORIA COUNTY,Grade 6,5654
2021-2022,4,BRAZORIA COUNTY,Grade 7,5799
2021-2022,4,BRAZORIA COUNTY,Grade 8,5917
2021-2022,4,BRAZORIA COUNTY,Grade 9,6237
2021-2022,4,BRAZORIA COUNTY,Grade 10,5769
2021-2022,4,BRAZORIA COUNTY,Grade 11,5448
2021-2022,4,BRAZORIA COUNTY,Grade 12,5064
2021-2022,6,BRAZOS COUNTY,Early Education,143
2021-2022,6,BRAZOS COUNTY,Pre-kindergarten,1290
2021-2022,6,BRAZOS COUNTY,Kindergarten,2376
2021-2022,6,BRAZOS COUNTY,Grade 1,2376
2021-2022,6,BRAZOS COUNTY,Grade 2,2397
2021-2022,6,BRAZOS COUNTY,Grade 3,2249
2021-2022,6,BRAZOS COUNTY,Grade 4,2236
2021-2022,6,BRAZOS COUNTY,Grade 5,2221
2021-2022,6,BRAZOS COUNTY,Grade 6,2249
2021-2022,6,BRAZOS COUNTY,Grade 7,2296
2021-2022,6,BRAZOS COUNTY,Grade 8,2352
2021-2022,6,BRAZOS COUNTY,Grade 9,2743
2021-2022,6,BRAZOS COUNTY,Grade 10,2199
2021-2022,6,BRAZOS COUNTY,Grade 11,2076
2021-2022,6,BRAZOS COUNTY,Grade 12,1958
2021-2022,18,BREWSTER COUNTY,Early Education,5
2021-2022,18,BREWSTER COUNTY,Pre-kindergarten,90
2021-2022,18,BREWSTER COUNTY,Kindergarten,66
2021-2022,18,BREWSTER COUNTY,Grade 1,71
2021-2022,18,BREWSTER COUNTY,Grade 2,79
2021-2022,18,BREWSTER COUNTY,Grade 3,70
2021-2022,18,BREWSTER COUNTY,Grade 4,76
2021-2022,18,BREWSTER COUNTY,Grade 5,72
2021-2022,18,BREWSTER COUNTY,Grade 6,82
2021-2022,18,BREWSTER COUNTY,Grade 7,85
2021-2022,18,BREWSTER COUNTY,Grade 8,91
2021-2022,18,BREWSTER COUNTY,Grade 9,88
2021-2022,18,BREWSTER COUNTY,Grade 10,105
2021-2022,18,BREWSTER COUNTY,Grade 11,77
2021-2022,18,BREWSTER COUNTY,Grade 12,94
2021-2022,16,BRISCOE COUNTY,Pre-kindergarten,10
2021-2022,16,BRISCOE COUNTY,Kindergarten,14
2021-2022,16,BRISCOE COUNTY,Grade 1,15
2021-2022,16,BRISCOE COUNTY,Grade 2,8
2021-2022,16,BRISCOE COUNTY,Grade 3,11
2021-2022,16,BRISCOE COUNTY,Grade 4,18
2021-2022,16,BRISCOE COUNTY,Grade 5,16
2021-2022,16,BRISCOE COUNTY,Grade 6,7
2021-2022,16,BRISCOE COUNTY,Grade 7,19
2021-2022,16,BRISCOE COUNTY,Grade 8,16
2021-2022,16,BRISCOE COUNTY,Grade 9,12
2021-2022,16,BRISCOE COUNTY,Grade 10,22
2021-2022,16,BRISCOE COUNTY,Grade 11,10
2021-2022,16,BRISCOE COUNTY,Grade 12,9
2021-2022,1,BROOKS COUNTY,Early Education,1
2021-2022,1,BROOKS COUNTY,Pre-kindergarten,87
2021-2022,1,BROOKS COUNTY,Kindergarten,94
2021-2022,1,BROOKS COUNTY,Grade 1,80
2021-2022,1,BROOKS COUNTY,Grade 2,89
2021-2022,1,BROOKS COUNTY,Grade 3,79
2021-2022,1,BROOKS COUNTY,Grade 4,101
2021-2022,1,BROOKS COUNTY,Grade 5,92
2021-2022,1,BROOKS COUNTY,Grade 6,95
2021-2022,1,BROOKS COUNTY,Grade 7,102
2021-2022,1,BROOKS COUNTY,Grade 8,115
2021-2022,1,BROOKS COUNTY,Grade 9,124
2021-2022,1,BROOKS COUNTY,Grade 10,109
2021-2022,1,BROOKS COUNTY,Grade 11,83
2021-2022,1,BROOKS COUNTY,Grade 12,91
2021-2022,15,BROWN COUNTY,Early Education,40
2021-2022,15,BROWN COUNTY,Pre-kindergarten,304
2021-2022,15,BROWN COUNTY,Kindergarten,429
2021-2022,15,BROWN COUNTY,Grade 1,412
2021-2022,15,BROWN COUNTY,Grade 2,440
2021-2022,15,BROWN COUNTY,Grade 3,438
2021-2022,15,BROWN COUNTY,Grade 4,448
2021-2022,15,BROWN COUNTY,Grade 5,426
2021-2022,15,BROWN COUNTY,Grade 6,487
2021-2022,15,BROWN COUNTY,Grade 7,477
2021-2022,15,BROWN COUNTY,Grade 8,507
2021-2022,15,BROWN COUNTY,Grade 9,558
2021-2022,15,BROWN COUNTY,Grade 10,454
2021-2022,15,BROWN COUNTY,Grade 11,447
2021-2022,15,BROWN COUNTY,Grade 12,383
2021-2022,6,BURLESON COUNTY,Early Education,6
2021-2022,6,BURLESON COUNTY,Pre-kindergarten,145
2021-2022,6,BURLESON COUNTY,Kindergarten,197
2021-2022,6,BURLESON COUNTY,Grade 1,206
2021-2022,6,BURLESON COUNTY,Grade 2,225
2021-2022,6,BURLESON COUNTY,Grade 3,211
2021-2022,6,BURLESON COUNTY,Grade 4,187
2021-2022,6,BURLESON COUNTY,Grade 5,204
2021-2022,6,BURLESON COUNTY,Grade 6,217
2021-2022,6,BURLESON COUNTY,Grade 7,216
2021-2022,6,BURLESON COUNTY,Grade 8,230
2021-2022,6,BURLESON COUNTY,Grade 9,246
2021-2022,6,BURLESON COUNTY,Grade 10,214
2021-2022,6,BURLESON COUNTY,Grade 11,218
2021-2022,6,BURLESON COUNTY,Grade 12,192
2021-2022,13,BURNET COUNTY,Early Education,30
2021-2022,13,BURNET COUNTY,Pre-kindergarten,280
2021-2022,13,BURNET COUNTY,Kindergarten,512
2021-2022,13,BURNET COUNTY,Grade 1,543
2021-2022,13,BURNET COUNTY,Grade 2,526
2021-2022,13,BURNET COUNTY,Grade 3,509
2021-2022,13,BURNET COUNTY,Grade 4,490
2021-2022,13,BURNET COUNTY,Grade 5,512
2021-2022,13,BURNET COUNTY,Grade 6,553
2021-2022,13,BURNET COUNTY,Grade 7,516
2021-2022,13,BURNET COUNTY,Grade 8,591
2021-2022,13,BURNET COUNTY,Grade 9,630
2021-2022,13,BURNET COUNTY,Grade 10,593
2021-2022,13,BURNET COUNTY,Grade 11,523
2021-2022,13,BURNET COUNTY,Grade 12,483
2021-2022,13,CALDWELL COUNTY,Early Education,35
2021-2022,13,CALDWELL COUNTY,Pre-kindergarten,299
2021-2022,13,CALDWELL COUNTY,Kindergarten,539
2021-2022,13,CALDWELL COUNTY,Grade 1,572
2021-2022,13,CALDWELL COUNTY,Grade 2,550
2021-2022,13,CALDWELL COUNTY,Grade 3,540
2021-2022,13,CALDWELL COUNTY,Grade 4,552
2021-2022,13,CALDWELL COUNTY,Grade 5,568
2021-2022,13,CALDWELL COUNTY,Grade 6,539
2021-2022,13,CALDWELL COUNTY,Grade 7,593
2021-2022,13,CALDWELL COUNTY,Grade 8,613
2021-2022,13,CALDWELL COUNTY,Grade 9,758
2021-2022,13,CALDWELL COUNTY,Grade 10,617
2021-2022,13,CALDWELL COUNTY,Grade 11,561
2021-2022,13,CALDWELL COUNTY,Grade 12,467
2021-2022,3,CALHOUN COUNTY,Early Education,14
2021-2022,3,CALHOUN COUNTY,Pre-kindergarten,148
2021-2022,3,CALHOUN COUNTY,Kindergarten,270
2021-2022,3,CALHOUN COUNTY,Grade 1,264
2021-2022,3,CALHOUN COUNTY,Grade 2,270
2021-2022,3,CALHOUN COUNTY,Grade 3,245
2021-2022,3,CALHOUN COUNTY,Grade 4,261
2021-2022,3,CALHOUN COUNTY,Grade 5,258
2021-2022,3,CALHOUN COUNTY,Grade 6,278
2021-2022,3,CALHOUN COUNTY,Grade 7,245
2021-2022,3,CALHOUN COUNTY,Grade 8,274
2021-2022,3,CALHOUN COUNTY,Grade 9,298
2021-2022,3,CALHOUN COUNTY,Grade 10,270
2021-2022,3,CALHOUN COUNTY,Grade 11,228
2021-2022,3,CALHOUN COUNTY,Grade 12,253
2021-2022,14,CALLAHAN COUNTY,Early Education,11
2021-2022,14,CALLAHAN COUNTY,Pre-kindergarten,113
2021-2022,14,CALLAHAN COUNTY,Kindergarten,192
2021-2022,14,CALLAHAN COUNTY,Grade 1,228
2021-2022,14,CALLAHAN COUNTY,Grade 2,188
2021-2022,14,CALLAHAN COUNTY,Grade 3,190
2021-2022,14,CALLAHAN COUNTY,Grade 4,175
2021-2022,14,CALLAHAN COUNTY,Grade 5,163
2021-2022,14,CALLAHAN COUNTY,Grade 6,201
2021-2022,14,CALLAHAN COUNTY,Grade 7,209
2021-2022,14,CALLAHAN COUNTY,Grade 8,197
2021-2022,14,CALLAHAN COUNTY,Grade 9,212
2021-2022,14,CALLAHAN COUNTY,Grade 10,190
2021-2022,14,CALLAHAN COUNTY,Grade 11,157
2021-2022,14,CALLAHAN COUNTY,Grade 12,145
2021-2022,1,CAMERON COUNTY,Early Education,134
2021-2022,1,CAMERON COUNTY,Pre-kindergarten,4853
2021-2022,1,CAMERON COUNTY,Kindergarten,4841
2021-2022,1,CAMERON COUNTY,Grade 1,5462
2021-2022,1,CAMERON COUNTY,Grade 2,5281
2021-2022,1,CAMERON COUNTY,Grade 3,5447
2021-2022,1,CAMERON COUNTY,Grade 4,5745
2021-2022,1,CAMERON COUNTY,Grade 5,5923
2021-2022,1,CAMERON COUNTY,Grade 6,5977
2021-2022,1,CAMERON COUNTY,Grade 7,6882
2021-2022,1,CAMERON COUNTY,Grade 8,7056
2021-2022,1,CAMERON COUNTY,Grade 9,8033
2021-2022,1,CAMERON COUNTY,Grade 10,7172
2021-2022,1,CAMERON COUNTY,Grade 11,7309
2021-2022,1,CAMERON COUNTY,Grade 12,7070
2021-2022,8,CAMP COUNTY,Early Education,8
2021-2022,8,CAMP COUNTY,Pre-kindergarten,74
2021-2022,8,CAMP COUNTY,Kindergarten,156
2021-2022,8,CAMP COUNTY,Grade 1,192
2021-2022,8,CAMP COUNTY,Grade 2,191
2021-2022,8,CAMP COUNTY,Grade 3,186
2021-2022,8,CAMP COUNTY,Grade 4,139
2021-2022,8,CAMP COUNTY,Grade 5,152
2021-2022,8,CAMP COUNTY,Grade 6,182
2021-2022,8,CAMP COUNTY,Grade 7,163
2021-2022,8,CAMP COUNTY,Grade 8,218
2021-2022,8,CAMP COUNTY,Grade 9,195
2021-2022,8,CAMP COUNTY,Grade 10,167
2021-2022,8,CAMP COUNTY,Grade 11,174
2021-2022,8,CAMP COUNTY,Grade 12,161
2021-2022,16,CARSON COUNTY,Early Education,6
2021-2022,16,CARSON COUNTY,Pre-kindergarten,52
2021-2022,16,CARSON COUNTY,Kindergarten,78
2021-2022,16,CARSON COUNTY,Grade 1,82
2021-2022,16,CARSON COUNTY,Grade 2,86
2021-2022,16,CARSON COUNTY,Grade 3,77
2021-2022,16,CARSON COUNTY,Grade 4,76
2021-2022,16,CARSON COUNTY,Grade 5,81
2021-2022,16,CARSON COUNTY,Grade 6,88
2021-2022,16,CARSON COUNTY,Grade 7,102
2021-2022,16,CARSON COUNTY,Grade 8,92
2021-2022,16,CARSON COUNTY,Grade 9,86
2021-2022,16,CARSON COUNTY,Grade 10,82
2021-2022,16,CARSON COUNTY,Grade 11,87
2021-2022,16,CARSON COUNTY,Grade 12,71
2021-2022,8,CASS COUNTY,Early Education,10
2021-2022,8,CASS COUNTY,Pre-kindergarten,346
2021-2022,8,CASS COUNTY,Kindergarten,402
2021-2022,8,CASS COUNTY,Grade 1,416
2021-2022,8,CASS COUNTY,Grade 2,375
2021-2022,8,CASS COUNTY,Grade 3,363
2021-2022,8,CASS COUNTY,Grade 4,387
2021-2022,8,CASS COUNTY,Grade 5,380
2021-2022,8,CASS COUNTY,Grade 6,393
2021-2022,8,CASS COUNTY,Grade 7,394
2021-2022,8,CASS COUNTY,Grade 8,393
2021-2022,8,CASS COUNTY,Grade 9,422
2021-2022,8,CASS COUNTY,Grade 10,393
2021-2022,8,CASS COUNTY,Grade 11,367
2021-2022,8,CASS COUNTY,Grade 12,367
2021-2022,16,CASTRO COUNTY,Early Education,3
2021-2022,16,CASTRO COUNTY,Pre-kindergarten,115
2021-2022,16,CASTRO COUNTY,Kindergarten,104
2021-2022,16,CASTRO COUNTY,Grade 1,121
2021-2022,16,CASTRO COUNTY,Grade 2,115
2021-2022,16,CASTRO COUNTY,Grade 3,123
2021-2022,16,CASTRO COUNTY,Grade 4,104
2021-2022,16,CASTRO COUNTY,Grade 5,115
2021-2022,16,CASTRO COUNTY,Grade 6,120
2021-2022,16,CASTRO COUNTY,Grade 7,129
2021-2022,16,CASTRO COUNTY,Grade 8,113
2021-2022,16,CASTRO COUNTY,Grade 9,121
2021-2022,16,CASTRO COUNTY,Grade 10,114
2021-2022,16,CASTRO COUNTY,Grade 11,107
2021-2022,16,CASTRO COUNTY,Grade 12,115
2021-2022,4,CHAMBERS COUNTY,Early Education,74
2021-2022,5,CHAMBERS COUNTY,Early Education,8
2021-2022,4,CHAMBERS COUNTY,Pre-kindergarten,214
2021-2022,5,CHAMBERS COUNTY,Pre-kindergarten,92
2021-2022,4,CHAMBERS COUNTY,Kindergarten,606
2021-2022,5,CHAMBERS COUNTY,Kindergarten,103
2021-2022,4,CHAMBERS COUNTY,Grade 1,598
2021-2022,5,CHAMBERS COUNTY,Grade 1,97
2021-2022,4,CHAMBERS COUNTY,Grade 2,680
2021-2022,5,CHAMBERS COUNTY,Grade 2,108
2021-2022,4,CHAMBERS COUNTY,Grade 3,622
2021-2022,5,CHAMBERS COUNTY,Grade 3,105
2021-2022,4,CHAMBERS COUNTY,Grade 4,540
2021-2022,5,CHAMBERS COUNTY,Grade 4,114
2021-2022,4,CHAMBERS COUNTY,Grade 5,619
2021-2022,5,CHAMBERS COUNTY,Grade 5,123
2021-2022,4,CHAMBERS COUNTY,Grade 6,653
2021-2022,5,CHAMBERS COUNTY,Grade 6,104
2021-2022,4,CHAMBERS COUNTY,Grade 7,633
2021-2022,5,CHAMBERS COUNTY,Grade 7,119
2021-2022,4,CHAMBERS COUNTY,Grade 8,619
2021-2022,5,CHAMBERS COUNTY,Grade 8,115
2021-2022,4,CHAMBERS COUNTY,Grade 9,687
2021-2022,5,CHAMBERS COUNTY,Grade 9,124
2021-2022,4,CHAMBERS COUNTY,Grade 10,570
2021-2022,5,CHAMBERS COUNTY,Grade 10,114
2021-2022,4,CHAMBERS COUNTY,Grade 11,579
2021-2022,5,CHAMBERS COUNTY,Grade 11,117
2021-2022,4,CHAMBERS COUNTY,Grade 12,521
2021-2022,5,CHAMBERS COUNTY,Grade 12,99
2021-2022,7,CHEROKEE COUNTY,Early Education,14
2021-2022,7,CHEROKEE COUNTY,Pre-kindergarten,450
2021-2022,7,CHEROKEE COUNTY,Kindergarten,606
2021-2022,7,CHEROKEE COUNTY,Grade 1,653
2021-2022,7,CHEROKEE COUNTY,Grade 2,567
2021-2022,7,CHEROKEE COUNTY,Grade 3,570
2021-2022,7,CHEROKEE COUNTY,Grade 4,583
2021-2022,7,CHEROKEE COUNTY,Grade 5,550
2021-2022,7,CHEROKEE COUNTY,Grade 6,577
2021-2022,7,CHEROKEE COUNTY,Grade 7,643
2021-2022,7,CHEROKEE COUNTY,Grade 8,619
2021-2022,7,CHEROKEE COUNTY,Grade 9,667
2021-2022,7,CHEROKEE COUNTY,Grade 10,555
2021-2022,7,CHEROKEE COUNTY,Grade 11,555
2021-2022,7,CHEROKEE COUNTY,Grade 12,487
2021-2022,16,CHILDRESS COUNTY,Early Education,2
2021-2022,16,CHILDRESS COUNTY,Pre-kindergarten,36
2021-2022,16,CHILDRESS COUNTY,Kindergarten,72
2021-2022,16,CHILDRESS COUNTY,Grade 1,66
2021-2022,16,CHILDRESS COUNTY,Grade 2,63
2021-2022,16,CHILDRESS COUNTY,Grade 3,62
2021-2022,16,CHILDRESS COUNTY,Grade 4,78
2021-2022,16,CHILDRESS COUNTY,Grade 5,72
2021-2022,16,CHILDRESS COUNTY,Grade 6,89
2021-2022,16,CHILDRESS COUNTY,Grade 7,93
2021-2022,16,CHILDRESS COUNTY,Grade 8,87
2021-2022,16,CHILDRESS COUNTY,Grade 9,92
2021-2022,16,CHILDRESS COUNTY,Grade 10,73
2021-2022,16,CHILDRESS COUNTY,Grade 11,65
2021-2022,16,CHILDRESS COUNTY,Grade 12,64
2021-2022,9,CLAY COUNTY,Early Education,5
2021-2022,9,CLAY COUNTY,Pre-kindergarten,86
2021-2022,9,CLAY COUNTY,Kindergarten,112
2021-2022,9,CLAY COUNTY,Grade 1,111
2021-2022,9,CLAY COUNTY,Grade 2,122
2021-2022,9,CLAY COUNTY,Grade 3,123
2021-2022,9,CLAY COUNTY,Grade 4,121
2021-2022,9,CLAY COUNTY,Grade 5,116
2021-2022,9,CLAY COUNTY,Grade 6,123
2021-2022,9,CLAY COUNTY,Grade 7,139
2021-2022,9,CLAY COUNTY,Grade 8,132
2021-2022,9,CLAY COUNTY,Grade 9,127
2021-2022,9,CLAY COUNTY,Grade 10,118
2021-2022,9,CLAY COUNTY,Grade 11,120
2021-2022,9,CLAY COUNTY,Grade 12,135
2021-2022,17,COCHRAN COUNTY,Early Education,1
2021-2022,17,COCHRAN COUNTY,Pre-kindergarten,54
2021-2022,17,COCHRAN COUNTY,Kindergarten,43
2021-2022,17,COCHRAN COUNTY,Grade 1,39
2021-2022,17,COCHRAN COUNTY,Grade 2,47
2021-2022,17,COCHRAN COUNTY,Grade 3,39
2021-2022,17,COCHRAN COUNTY,Grade 4,44
2021-2022,17,COCHRAN COUNTY,Grade 5,49
2021-2022,17,COCHRAN COUNTY,Grade 6,57
2021-2022,17,COCHRAN COUNTY,Grade 7,56
2021-2022,17,COCHRAN COUNTY,Grade 8,59
2021-2022,17,COCHRAN COUNTY,Grade 9,53
2021-2022,17,COCHRAN COUNTY,Grade 10,49
2021-2022,17,COCHRAN COUNTY,Grade 11,41
2021-2022,17,COCHRAN COUNTY,Grade 12,43
2021-2022,15,COKE COUNTY,Early Education,7
2021-2022,15,COKE COUNTY,Pre-kindergarten,26
2021-2022,15,COKE COUNTY,Kindergarten,39
2021-2022,15,COKE COUNTY,Grade 1,34
2021-2022,15,COKE COUNTY,Grade 2,32
2021-2022,15,COKE COUNTY,Grade 3,41
2021-2022,15,COKE COUNTY,Grade 4,41
2021-2022,15,COKE COUNTY,Grade 5,35
2021-2022,15,COKE COUNTY,Grade 6,31
2021-2022,15,COKE COUNTY,Grade 7,36
2021-2022,15,COKE COUNTY,Grade 8,49
2021-2022,15,COKE COUNTY,Grade 9,32
2021-2022,15,COKE COUNTY,Grade 10,34
2021-2022,15,COKE COUNTY,Grade 11,33
2021-2022,15,COKE COUNTY,Grade 12,31
2021-2022,15,COLEMAN COUNTY,Early Education,2
2021-2022,15,COLEMAN COUNTY,Pre-kindergarten,82
2021-2022,15,COLEMAN COUNTY,Kindergarten,91
2021-2022,15,COLEMAN COUNTY,Grade 1,88
2021-2022,15,COLEMAN COUNTY,Grade 2,73
2021-2022,15,COLEMAN COUNTY,Grade 3,87
2021-2022,15,COLEMAN COUNTY,Grade 4,97
2021-2022,15,COLEMAN COUNTY,Grade 5,83
2021-2022,15,COLEMAN COUNTY,Grade 6,85
2021-2022,15,COLEMAN COUNTY,Grade 7,95
2021-2022,15,COLEMAN COUNTY,Grade 8,87
2021-2022,15,COLEMAN COUNTY,Grade 9,107
2021-2022,15,COLEMAN COUNTY,Grade 10,81
2021-2022,15,COLEMAN COUNTY,Grade 11,73
2021-2022,15,COLEMAN COUNTY,Grade 12,89
2021-2022,10,COLLIN COUNTY,Early Education,1345
2021-2022,10,COLLIN COUNTY,Pre-kindergarten,3963
2021-2022,10,COLLIN COUNTY,Kindergarten,15585
2021-2022,10,COLLIN COUNTY,Grade 1,15836
2021-2022,10,COLLIN COUNTY,Grade 2,16351
2021-2022,10,COLLIN COUNTY,Grade 3,16866
2021-2022,10,COLLIN COUNTY,Grade 4,17253
2021-2022,10,COLLIN COUNTY,Grade 5,17232
2021-2022,10,COLLIN COUNTY,Grade 6,17696
2021-2022,10,COLLIN COUNTY,Grade 7,18176
2021-2022,10,COLLIN COUNTY,Grade 8,18738
2021-2022,10,COLLIN COUNTY,Grade 9,19577
2021-2022,10,COLLIN COUNTY,Grade 10,18229
2021-2022,10,COLLIN COUNTY,Grade 11,17739
2021-2022,10,COLLIN COUNTY,Grade 12,17130
2021-2022,16,COLLINGSWORTH COUNTY,Early Education,2
2021-2022,16,COLLINGSWORTH COUNTY,Pre-kindergarten,28
2021-2022,16,COLLINGSWORTH COUNTY,Kindergarten,32
2021-2022,16,COLLINGSWORTH COUNTY,Grade 1,25
2021-2022,16,COLLINGSWORTH COUNTY,Grade 2,43
2021-2022,16,COLLINGSWORTH COUNTY,Grade 3,29
2021-2022,16,COLLINGSWORTH COUNTY,Grade 4,47
2021-2022,16,COLLINGSWORTH COUNTY,Grade 5,49
2021-2022,16,COLLINGSWORTH COUNTY,Grade 6,47
2021-2022,16,COLLINGSWORTH COUNTY,Grade 7,47
2021-2022,16,COLLINGSWORTH COUNTY,Grade 8,42
2021-2022,16,COLLINGSWORTH COUNTY,Grade 9,46
2021-2022,16,COLLINGSWORTH COUNTY,Grade 10,44
2021-2022,16,COLLINGSWORTH COUNTY,Grade 11,28
2021-2022,16,COLLINGSWORTH COUNTY,Grade 12,34
2021-2022,3,COLORADO COUNTY,Early Education,21
2021-2022,3,COLORADO COUNTY,Pre-kindergarten,189
2021-2022,3,COLORADO COUNTY,Kindergarten,240
2021-2022,3,COLORADO COUNTY,Grade 1,275
2021-2022,3,COLORADO COUNTY,Grade 2,249
2021-2022,3,COLORADO COUNTY,Grade 3,256
2021-2022,3,COLORADO COUNTY,Grade 4,228
2021-2022,3,COLORADO COUNTY,Grade 5,239
2021-2022,3,COLORADO COUNTY,Grade 6,246
2021-2022,3,COLORADO COUNTY,Grade 7,259
2021-2022,3,COLORADO COUNTY,Grade 8,283
2021-2022,3,COLORADO COUNTY,Grade 9,306
2021-2022,3,COLORADO COUNTY,Grade 10,279
2021-2022,3,COLORADO COUNTY,Grade 11,235
2021-2022,3,COLORADO COUNTY,Grade 12,238
2021-2022,13,COMAL COUNTY,Early Education,46
2021-2022,20,COMAL COUNTY,Early Education,152
2021-2022,13,COMAL COUNTY,Pre-kindergarten,246
2021-2022,20,COMAL COUNTY,Pre-kindergarten,287
2021-2022,13,COMAL COUNTY,Kindergarten,686
2021-2022,20,COMAL COUNTY,Kindergarten,1854
2021-2022,13,COMAL COUNTY,Grade 1,794
2021-2022,20,COMAL COUNTY,Grade 1,1939
2021-2022,13,COMAL COUNTY,Grade 2,732
2021-2022,20,COMAL COUNTY,Grade 2,1942
2021-2022,13,COMAL COUNTY,Grade 3,763
2021-2022,20,COMAL COUNTY,Grade 3,1966
2021-2022,13,COMAL COUNTY,Grade 4,685
2021-2022,20,COMAL COUNTY,Grade 4,1971
2021-2022,13,COMAL COUNTY,Grade 5,712
2021-2022,20,COMAL COUNTY,Grade 5,2107
2021-2022,13,COMAL COUNTY,Grade 6,729
2021-2022,20,COMAL COUNTY,Grade 6,2134
2021-2022,13,COMAL COUNTY,Grade 7,746
2021-2022,20,COMAL COUNTY,Grade 7,2200
2021-2022,13,COMAL COUNTY,Grade 8,756
2021-2022,20,COMAL COUNTY,Grade 8,2401
2021-2022,13,COMAL COUNTY,Grade 9,757
2021-2022,20,COMAL COUNTY,Grade 9,2431
2021-2022,13,COMAL COUNTY,Grade 10,751
2021-2022,20,COMAL COUNTY,Grade 10,2243
2021-2022,13,COMAL COUNTY,Grade 11,638
2021-2022,20,COMAL COUNTY,Grade 11,2114
2021-2022,13,COMAL COUNTY,Grade 12,635
2021-2022,20,COMAL COUNTY,Grade 12,1894
2021-2022,14,COMANCHE COUNTY,Early Education,42
2021-2022,14,COMANCHE COUNTY,Pre-kindergarten,136
2021-2022,14,COMANCHE COUNTY,Kindergarten,175
2021-2022,14,COMANCHE COUNTY,Grade 1,157
2021-2022,14,COMANCHE COUNTY,Grade 2,153
2021-2022,14,COMANCHE COUNTY,Grade 3,171
2021-2022,14,COMANCHE COUNTY,Grade 4,154
2021-2022,14,COMANCHE COUNTY,Grade 5,172
2021-2022,14,COMANCHE COUNTY,Grade 6,159
2021-2022,14,COMANCHE COUNTY,Grade 7,175
2021-2022,14,COMANCHE COUNTY,Grade 8,172
2021-2022,14,COMANCHE COUNTY,Grade 9,187
2021-2022,14,COMANCHE COUNTY,Grade 10,179
2021-2022,14,COMANCHE COUNTY,Grade 11,160
2021-2022,14,COMANCHE COUNTY,Grade 12,139
2021-2022,15,CONCHO COUNTY,Early Education,3
2021-2022,15,CONCHO COUNTY,Pre-kindergarten,13
2021-2022,15,CONCHO COUNTY,Kindergarten,32
2021-2022,15,CONCHO COUNTY,Grade 1,36
2021-2022,15,CONCHO COUNTY,Grade 2,27
2021-2022,15,CONCHO COUNTY,Grade 3,19
2021-2022,15,CONCHO COUNTY,Grade 4,33
2021-2022,15,CONCHO COUNTY,Grade 5,36
2021-2022,15,CONCHO COUNTY,Grade 6,33
2021-2022,15,CONCHO COUNTY,Grade 7,35
2021-2022,15,CONCHO COUNTY,Grade 8,42
2021-2022,15,CONCHO COUNTY,Grade 9,37
2021-2022,15,CONCHO COUNTY,Grade 10,33
2021-2022,15,CONCHO COUNTY,Grade 11,31
2021-2022,15,CONCHO COUNTY,Grade 12,38
2021-2022,11,COOKE COUNTY,Early Education,39
2021-2022,11,COOKE COUNTY,Pre-kindergarten,307
2021-2022,11,COOKE COUNTY,Kindergarten,546
2021-2022,11,COOKE COUNTY,Grade 1,500
2021-2022,11,COOKE COUNTY,Grade 2,457
2021-2022,11,COOKE COUNTY,Grade 3,576
2021-2022,11,COOKE COUNTY,Grade 4,471
2021-2022,11,COOKE COUNTY,Grade 5,481
2021-2022,11,COOKE COUNTY,Grade 6,524
2021-2022,11,COOKE COUNTY,Grade 7,509
2021-2022,11,COOKE COUNTY,Grade 8,530
2021-2022,11,COOKE COUNTY,Grade 9,561
2021-2022,11,COOKE COUNTY,Grade 10,466
2021-2022,11,COOKE COUNTY,Grade 11,458
2021-2022,11,COOKE COUNTY,Grade 12,445
2021-2022,12,CORYELL COUNTY,Early Education,34
2021-2022,12,CORYELL COUNTY,Pre-kindergarten,422
2021-2022,12,CORYELL COUNTY,Kindergarten,814
2021-2022,12,CORYELL COUNTY,Grade 1,884
2021-2022,12,CORYELL COUNTY,Grade 2,854
2021-2022,12,CORYELL COUNTY,Grade 3,852
2021-2022,12,CORYELL COUNTY,Grade 4,791
2021-2022,12,CORYELL COUNTY,Grade 5,862
2021-2022,12,CORYELL COUNTY,Grade 6,876
2021-2022,12,CORYELL COUNTY,Grade 7,902
2021-2022,12,CORYELL COUNTY,Grade 8,890
2021-2022,12,CORYELL COUNTY,Grade 9,950
2021-2022,12,CORYELL COUNTY,Grade 10,825
2021-2022,12,CORYELL COUNTY,Grade 11,835
2021-2022,12,CORYELL COUNTY,Grade 12,768
2021-2022,17,COTTLE COUNTY,Pre-kindergarten,7
2021-2022,17,COTTLE COUNTY,Kindergarten,10
2021-2022,17,COTTLE COUNTY,Grade 1,12
2021-2022,17,COTTLE COUNTY,Grade 2,9
2021-2022,17,COTTLE COUNTY,Grade 3,14
2021-2022,17,COTTLE COUNTY,Grade 4,8
2021-2022,17,COTTLE COUNTY,Grade 5,13
2021-2022,17,COTTLE COUNTY,Grade 6,13
2021-2022,17,COTTLE COUNTY,Grade 7,17
2021-2022,17,COTTLE COUNTY,Grade 8,8
2021-2022,17,COTTLE COUNTY,Grade 9,11
2021-2022,17,COTTLE COUNTY,Grade 10,11
2021-2022,17,COTTLE COUNTY,Grade 11,11
2021-2022,17,COTTLE COUNTY,Grade 12,17
2021-2022,15,CRANE COUNTY,Early Education,2
2021-2022,15,CRANE COUNTY,Pre-kindergarten,72
2021-2022,15,CRANE COUNTY,Kindergarten,102
2021-2022,15,CRANE COUNTY,Grade 1,74
2021-2022,15,CRANE COUNTY,Grade 2,87
2021-2022,15,CRANE COUNTY,Grade 3,84
2021-2022,15,CRANE COUNTY,Grade 4,73
2021-2022,15,CRANE COUNTY,Grade 5,80
2021-2022,15,CRANE COUNTY,Grade 6,82
2021-2022,15,CRANE COUNTY,Grade 7,81
2021-2022,15,CRANE COUNTY,Grade 8,88
2021-2022,15,CRANE COUNTY,Grade 9,73
2021-2022,15,CRANE COUNTY,Grade 10,87
2021-2022,15,CRANE COUNTY,Grade 11,83
2021-2022,15,CRANE COUNTY,Grade 12,83
2021-2022,15,CROCKETT COUNTY,Pre-kindergarten,25
2021-2022,15,CROCKETT COUNTY,Kindergarten,37
2021-2022,15,CROCKETT COUNTY,Grade 1,57
2021-2022,15,CROCKETT COUNTY,Grade 2,56
2021-2022,15,CROCKETT COUNTY,Grade 3,48
2021-2022,15,CROCKETT COUNTY,Grade 4,47
2021-2022,15,CROCKETT COUNTY,Grade 5,51
2021-2022,15,CROCKETT COUNTY,Grade 6,54
2021-2022,15,CROCKETT COUNTY,Grade 7,52
2021-2022,15,CROCKETT COUNTY,Grade 8,67
2021-2022,15,CROCKETT COUNTY,Grade 9,52
2021-2022,15,CROCKETT COUNTY,Grade 10,73
2021-2022,15,CROCKETT COUNTY,Grade 11,53
2021-2022,15,CROCKETT COUNTY,Grade 12,57
2021-2022,17,CROSBY COUNTY,Early Education,3
2021-2022,17,CROSBY COUNTY,Pre-kindergarten,65
2021-2022,17,CROSBY COUNTY,Kindergarten,73
2021-2022,17,CROSBY COUNTY,Grade 1,91
2021-2022,17,CROSBY COUNTY,Grade 2,51
2021-2022,17,CROSBY COUNTY,Grade 3,56
2021-2022,17,CROSBY COUNTY,Grade 4,68
2021-2022,17,CROSBY COUNTY,Grade 5,73
2021-2022,17,CROSBY COUNTY,Grade 6,72
2021-2022,17,CROSBY COUNTY,Grade 7,87
2021-2022,17,CROSBY COUNTY,Grade 8,93
2021-2022,17,CROSBY COUNTY,Grade 9,94
2021-2022,17,CROSBY COUNTY,Grade 10,74
2021-2022,17,CROSBY COUNTY,Grade 11,76
2021-2022,17,CROSBY COUNTY,Grade 12,76
2021-2022,18,CULBERSON COUNTY,Pre-kindergarten,26
2021-2022,18,CULBERSON COUNTY,Kindergarten,21
2021-2022,18,CULBERSON COUNTY,Grade 1,31
2021-2022,18,CULBERSON COUNTY,Grade 2,20
2021-2022,18,CULBERSON COUNTY,Grade 3,33
2021-2022,18,CULBERSON COUNTY,Grade 4,23
2021-2022,18,CULBERSON COUNTY,Grade 5,21
2021-2022,18,CULBERSON COUNTY,Grade 6,24
2021-2022,18,CULBERSON COUNTY,Grade 7,41
2021-2022,18,CULBERSON COUNTY,Grade 8,32
2021-2022,18,CULBERSON COUNTY,Grade 9,22
2021-2022,18,CULBERSON COUNTY,Grade 10,29
2021-2022,18,CULBERSON COUNTY,Grade 11,23
2021-2022,18,CULBERSON COUNTY,Grade 12,14
2021-2022,16,DALLAM COUNTY,Early Education,7
2021-2022,16,DALLAM COUNTY,Pre-kindergarten,114
2021-2022,16,DALLAM COUNTY,Kindergarten,148
2021-2022,16,DALLAM COUNTY,Grade 1,171
2021-2022,16,DALLAM COUNTY,Grade 2,148
2021-2022,16,DALLAM COUNTY,Grade 3,146
2021-2022,16,DALLAM COUNTY,Grade 4,135
2021-2022,16,DALLAM COUNTY,Grade 5,138
2021-2022,16,DALLAM COUNTY,Grade 6,139
2021-2022,16,DALLAM COUNTY,Grade 7,145
2021-2022,16,DALLAM COUNTY,Grade 8,152
2021-2022,16,DALLAM COUNTY,Grade 9,145
2021-2022,16,DALLAM COUNTY,Grade 10,132
2021-2022,16,DALLAM COUNTY,Grade 11,127
2021-2022,16,DALLAM COUNTY,Grade 12,105
2021-2022,10,DALLAS COUNTY,Early Education,1760
2021-2022,10,DALLAS COUNTY,Pre-kindergarten,25361
2021-2022,10,DALLAS COUNTY,Kindergarten,34398
2021-2022,10,DALLAS COUNTY,Grade 1,35281
2021-2022,10,DALLAS COUNTY,Grade 2,35004
2021-2022,10,DALLAS COUNTY,Grade 3,34866
2021-2022,10,DALLAS COUNTY,Grade 4,34926
2021-2022,10,DALLAS COUNTY,Grade 5,34982
2021-2022,10,DALLAS COUNTY,Grade 6,35458
2021-2022,10,DALLAS COUNTY,Grade 7,37550
2021-2022,10,DALLAS COUNTY,Grade 8,37605
2021-2022,10,DALLAS COUNTY,Grade 9,44169
2021-2022,10,DALLAS COUNTY,Grade 10,36822
2021-2022,10,DALLAS COUNTY,Grade 11,34859
2021-2022,10,DALLAS COUNTY,Grade 12,31437
2021-2022,17,DAWSON COUNTY,Early Education,13
2021-2022,17,DAWSON COUNTY,Pre-kindergarten,129
2021-2022,17,DAWSON COUNTY,Kindergarten,153
2021-2022,17,DAWSON COUNTY,Grade 1,164
2021-2022,17,DAWSON COUNTY,Grade 2,147
2021-2022,17,DAWSON COUNTY,Grade 3,173
2021-2022,17,DAWSON COUNTY,Grade 4,184
2021-2022,17,DAWSON COUNTY,Grade 5,145
2021-2022,17,DAWSON COUNTY,Grade 6,188
2021-2022,17,DAWSON COUNTY,Grade 7,160
2021-2022,17,DAWSON COUNTY,Grade 8,164
2021-2022,17,DAWSON COUNTY,Grade 9,198
2021-2022,17,DAWSON COUNTY,Grade 10,174
2021-2022,17,DAWSON COUNTY,Grade 11,138
2021-2022,17,DAWSON COUNTY,Grade 12,138
2021-2022,16,DEAF SMITH COUNTY,Early Education,28
2021-2022,16,DEAF SMITH COUNTY,Pre-kindergarten,251
2021-2022,16,DEAF SMITH COUNTY,Kindergarten,307
2021-2022,16,DEAF SMITH COUNTY,Grade 1,317
2021-2022,16,DEAF SMITH COUNTY,Grade 2,272
2021-2022,16,DEAF SMITH COUNTY,Grade 3,294
2021-2022,16,DEAF SMITH COUNTY,Grade 4,253
2021-2022,16,DEAF SMITH COUNTY,Grade 5,313
2021-2022,16,DEAF SMITH COUNTY,Grade 6,300
2021-2022,16,DEAF SMITH COUNTY,Grade 7,297
2021-2022,16,DEAF SMITH COUNTY,Grade 8,333
2021-2022,16,DEAF SMITH COUNTY,Grade 9,334
2021-2022,16,DEAF SMITH COUNTY,Grade 10,289
2021-2022,16,DEAF SMITH COUNTY,Grade 11,271
2021-2022,16,DEAF SMITH COUNTY,Grade 12,260
2021-2022,8,DELTA COUNTY,Early Education,3
2021-2022,8,DELTA COUNTY,Pre-kindergarten,69
2021-2022,8,DELTA COUNTY,Kindergarten,80
2021-2022,8,DELTA COUNTY,Grade 1,81
2021-2022,8,DELTA COUNTY,Grade 2,71
2021-2022,8,DELTA COUNTY,Grade 3,73
2021-2022,8,DELTA COUNTY,Grade 4,73
2021-2022,8,DELTA COUNTY,Grade 5,63
2021-2022,8,DELTA COUNTY,Grade 6,69
2021-2022,8,DELTA COUNTY,Grade 7,75
2021-2022,8,DELTA COUNTY,Grade 8,63
2021-2022,8,DELTA COUNTY,Grade 9,70
2021-2022,8,DELTA COUNTY,Grade 10,70
2021-2022,8,DELTA COUNTY,Grade 11,75
2021-2022,8,DELTA COUNTY,Grade 12,62
2021-2022,11,DENTON COUNTY,Early Education,659
2021-2022,11,DENTON COUNTY,Pre-kindergarten,3447
2021-2022,10,DENTON COUNTY,Kindergarten,100
2021-2022,11,DENTON COUNTY,Kindergarten,9620
2021-2022,10,DENTON COUNTY,Grade 1,99
2021-2022,11,DENTON COUNTY,Grade 1,9568
2021-2022,10,DENTON COUNTY,Grade 2,100
2021-2022,11,DENTON COUNTY,Grade 2,9935
2021-2022,10,DENTON COUNTY,Grade 3,100
2021-2022,11,DENTON COUNTY,Grade 3,9924
2021-2022,10,DENTON COUNTY,Grade 4,99
2021-2022,11,DENTON COUNTY,Grade 4,9858
2021-2022,10,DENTON COUNTY,Grade 5,138
2021-2022,11,DENTON COUNTY,Grade 5,9964
2021-2022,10,DENTON COUNTY,Grade 6,120
2021-2022,11,DENTON COUNTY,Grade 6,10178
2021-2022,10,DENTON COUNTY,Grade 7,117
2021-2022,11,DENTON COUNTY,Grade 7,10551
2021-2022,10,DENTON COUNTY,Grade 8,112
2021-2022,11,DENTON COUNTY,Grade 8,10823
2021-2022,10,DENTON COUNTY,Grade 9,105
2021-2022,11,DENTON COUNTY,Grade 9,11671
2021-2022,10,DENTON COUNTY,Grade 10,79
2021-2022,11,DENTON COUNTY,Grade 10,11009
2021-2022,10,DENTON COUNTY,Grade 11,92
2021-2022,11,DENTON COUNTY,Grade 11,10517
2021-2022,10,DENTON COUNTY,Grade 12,83
2021-2022,11,DENTON COUNTY,Grade 12,9985
2021-2022,3,DEWITT COUNTY,Early Education,28
2021-2022,3,DEWITT COUNTY,Pre-kindergarten,197
2021-2022,3,DEWITT COUNTY,Kindergarten,313
2021-2022,3,DEWITT COUNTY,Grade 1,291
2021-2022,3,DEWITT COUNTY,Grade 2,307
2021-2022,3,DEWITT COUNTY,Grade 3,291
2021-2022,3,DEWITT COUNTY,Grade 4,306
2021-2022,3,DEWITT COUNTY,Grade 5,263
2021-2022,3,DEWITT COUNTY,Grade 6,351
2021-2022,3,DEWITT COUNTY,Grade 7,371
2021-2022,3,DEWITT COUNTY,Grade 8,333
2021-2022,3,DEWITT COUNTY,Grade 9,385
2021-2022,3,DEWITT COUNTY,Grade 10,320
2021-2022,3,DEWITT COUNTY,Grade 11,297
2021-2022,3,DEWITT COUNTY,Grade 12,285
2021-2022,17,DICKENS COUNTY,Pre-kindergarten,27
2021-2022,17,DICKENS COUNTY,Kindergarten,15
2021-2022,17,DICKENS COUNTY,Grade 1,12
2021-2022,17,DICKENS COUNTY,Grade 2,21
2021-2022,17,DICKENS COUNTY,Grade 3,16
2021-2022,17,DICKENS COUNTY,Grade 4,15
2021-2022,17,DICKENS COUNTY,Grade 5,14
2021-2022,17,DICKENS COUNTY,Grade 6,21
2021-2022,17,DICKENS COUNTY,Grade 7,25
2021-2022,17,DICKENS COUNTY,Grade 8,24
2021-2022,17,DICKENS COUNTY,Grade 9,23
2021-2022,17,DICKENS COUNTY,Grade 10,23
2021-2022,17,DICKENS COUNTY,Grade 11,33
2021-2022,17,DICKENS COUNTY,Grade 12,38
2021-2022,20,DIMMIT COUNTY,Early Education,3
2021-2022,20,DIMMIT COUNTY,Pre-kindergarten,55
2021-2022,20,DIMMIT COUNTY,Kindergarten,130
2021-2022,20,DIMMIT COUNTY,Grade 1,127
2021-2022,20,DIMMIT COUNTY,Grade 2,144
2021-2022,20,DIMMIT COUNTY,Grade 3,157
2021-2022,20,DIMMIT COUNTY,Grade 4,143
2021-2022,20,DIMMIT COUNTY,Grade 5,140
2021-2022,20,DIMMIT COUNTY,Grade 6,125
2021-2022,20,DIMMIT COUNTY,Grade 7,136
2021-2022,20,DIMMIT COUNTY,Grade 8,164
2021-2022,20,DIMMIT COUNTY,Grade 9,188
2021-2022,20,DIMMIT COUNTY,Grade 10,131
2021-2022,20,DIMMIT COUNTY,Grade 11,149
2021-2022,20,DIMMIT COUNTY,Grade 12,131
2021-2022,16,DONLEY COUNTY,Pre-kindergarten,40
2021-2022,16,DONLEY COUNTY,Kindergarten,47
2021-2022,16,DONLEY COUNTY,Grade 1,37
2021-2022,16,DONLEY COUNTY,Grade 2,37
2021-2022,16,DONLEY COUNTY,Grade 3,41
2021-2022,16,DONLEY COUNTY,Grade 4,35
2021-2022,16,DONLEY COUNTY,Grade 5,43
2021-2022,16,DONLEY COUNTY,Grade 6,41
2021-2022,16,DONLEY COUNTY,Grade 7,47
2021-2022,16,DONLEY COUNTY,Grade 8,40
2021-2022,16,DONLEY COUNTY,Grade 9,50
2021-2022,16,DONLEY COUNTY,Grade 10,49
2021-2022,16,DONLEY COUNTY,Grade 11,38
2021-2022,16,DONLEY COUNTY,Grade 12,35
2021-2022,2,DUVAL COUNTY,Early Education,3
2021-2022,2,DUVAL COUNTY,Pre-kindergarten,152
2021-2022,2,DUVAL COUNTY,Kindergarten,171
2021-2022,2,DUVAL COUNTY,Grade 1,179
2021-2022,2,DUVAL COUNTY,Grade 2,180
2021-2022,2,DUVAL COUNTY,Grade 3,138
2021-2022,2,DUVAL COUNTY,Grade 4,179
2021-2022,2,DUVAL COUNTY,Grade 5,177
2021-2022,2,DUVAL COUNTY,Grade 6,180
2021-2022,2,DUVAL COUNTY,Grade 7,217
2021-2022,2,DUVAL COUNTY,Grade 8,169
2021-2022,2,DUVAL COUNTY,Grade 9,207
2021-2022,2,DUVAL COUNTY,Grade 10,184
2021-2022,2,DUVAL COUNTY,Grade 11,145
2021-2022,2,DUVAL COUNTY,Grade 12,191
2021-2022,14,EASTLAND COUNTY,Early Education,16
2021-2022,14,EASTLAND COUNTY,Pre-kindergarten,135
2021-2022,14,EASTLAND COUNTY,Kindergarten,199
2021-2022,14,EASTLAND COUNTY,Grade 1,204
2021-2022,14,EASTLAND COUNTY,Grade 2,198
2021-2022,14,EASTLAND COUNTY,Grade 3,186
2021-2022,14,EASTLAND COUNTY,Grade 4,155
2021-2022,14,EASTLAND COUNTY,Grade 5,188
2021-2022,14,EASTLAND COUNTY,Grade 6,218
2021-2022,14,EASTLAND COUNTY,Grade 7,202
2021-2022,14,EASTLAND COUNTY,Grade 8,203
2021-2022,14,EASTLAND COUNTY,Grade 9,201
2021-2022,14,EASTLAND COUNTY,Grade 10,216
2021-2022,14,EASTLAND COUNTY,Grade 11,213
2021-2022,14,EASTLAND COUNTY,Grade 12,156
2021-2022,18,ECTOR COUNTY,Early Education,90
2021-2022,18,ECTOR COUNTY,Pre-kindergarten,1678
2021-2022,18,ECTOR COUNTY,Kindergarten,2409
2021-2022,18,ECTOR COUNTY,Grade 1,2556
2021-2022,18,ECTOR COUNTY,Grade 2,2583
2021-2022,18,ECTOR COUNTY,Grade 3,2626
2021-2022,18,ECTOR COUNTY,Grade 4,2574
2021-2022,18,ECTOR COUNTY,Grade 5,2430
2021-2022,18,ECTOR COUNTY,Grade 6,2411
2021-2022,18,ECTOR COUNTY,Grade 7,2678
2021-2022,18,ECTOR COUNTY,Grade 8,2576
2021-2022,18,ECTOR COUNTY,Grade 9,2908
2021-2022,18,ECTOR COUNTY,Grade 10,2380
2021-2022,18,ECTOR COUNTY,Grade 11,2189
2021-2022,18,ECTOR COUNTY,Grade 12,1856
2021-2022,15,EDWARDS COUNTY,Early Education,1
2021-2022,15,EDWARDS COUNTY,Pre-kindergarten,25
2021-2022,15,EDWARDS COUNTY,Kindergarten,35
2021-2022,15,EDWARDS COUNTY,Grade 1,36
2021-2022,15,EDWARDS COUNTY,Grade 2,36
2021-2022,15,EDWARDS COUNTY,Grade 3,33
2021-2022,15,EDWARDS COUNTY,Grade 4,44
2021-2022,15,EDWARDS COUNTY,Grade 5,26
2021-2022,15,EDWARDS COUNTY,Grade 6,36
2021-2022,15,EDWARDS COUNTY,Grade 7,44
2021-2022,15,EDWARDS COUNTY,Grade 8,41
2021-2022,15,EDWARDS COUNTY,Grade 9,45
2021-2022,15,EDWARDS COUNTY,Grade 10,40
2021-2022,15,EDWARDS COUNTY,Grade 11,35
2021-2022,15,EDWARDS COUNTY,Grade 12,34
2021-2022,19,EL PASO COUNTY,Early Education,374
2021-2022,19,EL PASO COUNTY,Pre-kindergarten,7055
2021-2022,19,EL PASO COUNTY,Kindergarten,10188
2021-2022,19,EL PASO COUNTY,Grade 1,10860
2021-2022,19,EL PASO COUNTY,Grade 2,10707
2021-2022,19,EL PASO COUNTY,Grade 3,10855
2021-2022,19,EL PASO COUNTY,Grade 4,11345
2021-2022,19,EL PASO COUNTY,Grade 5,11533
2021-2022,19,EL PASO COUNTY,Grade 6,11600
2021-2022,19,EL PASO COUNTY,Grade 7,12491
2021-2022,19,EL PASO COUNTY,Grade 8,12989
2021-2022,19,EL PASO COUNTY,Grade 9,16702
2021-2022,19,EL PASO COUNTY,Grade 10,13825
2021-2022,19,EL PASO COUNTY,Grade 11,12971
2021-2022,19,EL PASO COUNTY,Grade 12,12467
2021-2022,10,ELLIS COUNTY,Early Education,185
2021-2022,10,ELLIS COUNTY,Pre-kindergarten,1373
2021-2022,10,ELLIS COUNTY,Kindergarten,2763
2021-2022,10,ELLIS COUNTY,Grade 1,2925
2021-2022,10,ELLIS COUNTY,Grade 2,2867
2021-2022,10,ELLIS COUNTY,Grade 3,2938
2021-2022,10,ELLIS COUNTY,Grade 4,2952
2021-2022,10,ELLIS COUNTY,Grade 5,2962
2021-2022,10,ELLIS COUNTY,Grade 6,3218
2021-2022,10,ELLIS COUNTY,Grade 7,3279
2021-2022,10,ELLIS COUNTY,Grade 8,3490
2021-2022,10,ELLIS COUNTY,Grade 9,3690
2021-2022,10,ELLIS COUNTY,Grade 10,3237
2021-2022,10,ELLIS COUNTY,Grade 11,3084
2021-2022,10,ELLIS COUNTY,Grade 12,2747
2021-2022,11,ERATH COUNTY,Early Education,33
2021-2022,11,ERATH COUNTY,Pre-kindergarten,290
2021-2022,11,ERATH COUNTY,Kindergarten,445
2021-2022,11,ERATH COUNTY,Grade 1,446
2021-2022,11,ERATH COUNTY,Grade 2,474
2021-2022,11,ERATH COUNTY,Grade 3,444
2021-2022,11,ERATH COUNTY,Grade 4,432
2021-2022,11,ERATH COUNTY,Grade 5,447
2021-2022,11,ERATH COUNTY,Grade 6,402
2021-2022,11,ERATH COUNTY,Grade 7,435
2021-2022,11,ERATH COUNTY,Grade 8,457
2021-2022,11,ERATH COUNTY,Grade 9,2304
2021-2022,11,ERATH COUNTY,Grade 10,2220
2021-2022,11,ERATH COUNTY,Grade 11,2232
2021-2022,11,ERATH COUNTY,Grade 12,1824
2021-2022,12,FALLS COUNTY,Early Education,4
2021-2022,12,FALLS COUNTY,Pre-kindergarten,151
2021-2022,12,FALLS COUNTY,Kindergarten,178
2021-2022,12,FALLS COUNTY,Grade 1,183
2021-2022,12,FALLS COUNTY,Grade 2,178
2021-2022,12,FALLS COUNTY,Grade 3,170
2021-2022,12,FALLS COUNTY,Grade 4,184
2021-2022,12,FALLS COUNTY,Grade 5,160
2021-2022,12,FALLS COUNTY,Grade 6,171
2021-2022,12,FALLS COUNTY,Grade 7,160
2021-2022,12,FALLS COUNTY,Grade 8,157
2021-2022,12,FALLS COUNTY,Grade 9,176
2021-2022,12,FALLS COUNTY,Grade 10,158
2021-2022,12,FALLS COUNTY,Grade 11,132
2021-2022,12,FALLS COUNTY,Grade 12,142
2021-2022,10,FANNIN COUNTY,Early Education,7
2021-2022,8,FANNIN COUNTY,Pre-kindergarten,27
2021-2022,10,FANNIN COUNTY,Pre-kindergarten,291
2021-2022,8,FANNIN COUNTY,Kindergarten,37
2021-2022,10,FANNIN COUNTY,Kindergarten,330
2021-2022,8,FANNIN COUNTY,Grade 1,35
2021-2022,10,FANNIN COUNTY,Grade 1,370
2021-2022,8,FANNIN COUNTY,Grade 2,42
2021-2022,10,FANNIN COUNTY,Grade 2,341
2021-2022,8,FANNIN COUNTY,Grade 3,37
2021-2022,10,FANNIN COUNTY,Grade 3,333
2021-2022,8,FANNIN COUNTY,Grade 4,47
2021-2022,10,FANNIN COUNTY,Grade 4,324
2021-2022,8,FANNIN COUNTY,Grade 5,44
2021-2022,10,FANNIN COUNTY,Grade 5,357
2021-2022,8,FANNIN COUNTY,Grade 6,43
2021-2022,10,FANNIN COUNTY,Grade 6,358
2021-2022,8,FANNIN COUNTY,Grade 7,47
2021-2022,10,FANNIN COUNTY,Grade 7,342
2021-2022,8,FANNIN COUNTY,Grade 8,64
2021-2022,10,FANNIN COUNTY,Grade 8,395
2021-2022,8,FANNIN COUNTY,Grade 9,61
2021-2022,10,FANNIN COUNTY,Grade 9,374
2021-2022,8,FANNIN COUNTY,Grade 10,49
2021-2022,10,FANNIN COUNTY,Grade 10,361
2021-2022,8,FANNIN COUNTY,Grade 11,53
2021-2022,10,FANNIN COUNTY,Grade 11,330
2021-2022,8,FANNIN COUNTY,Grade 12,54
2021-2022,10,FANNIN COUNTY,Grade 12,312
2021-2022,13,FAYETTE COUNTY,Early Education,19
2021-2022,13,FAYETTE COUNTY,Pre-kindergarten,148
2021-2022,13,FAYETTE COUNTY,Kindergarten,243
2021-2022,13,FAYETTE COUNTY,Grade 1,263
2021-2022,13,FAYETTE COUNTY,Grade 2,236
2021-2022,13,FAYETTE COUNTY,Grade 3,242
2021-2022,13,FAYETTE COUNTY,Grade 4,247
2021-2022,13,FAYETTE COUNTY,Grade 5,280
2021-2022,13,FAYETTE COUNTY,Grade 6,275
2021-2022,13,FAYETTE COUNTY,Grade 7,310
2021-2022,13,FAYETTE COUNTY,Grade 8,289
2021-2022,13,FAYETTE COUNTY,Grade 9,335
2021-2022,13,FAYETTE COUNTY,Grade 10,299
2021-2022,13,FAYETTE COUNTY,Grade 11,282
2021-2022,13,FAYETTE COUNTY,Grade 12,255
2021-2022,14,FISHER COUNTY,Early Education,1
2021-2022,14,FISHER COUNTY,Pre-kindergarten,40
2021-2022,14,FISHER COUNTY,Kindergarten,37
2021-2022,14,FISHER COUNTY,Grade 1,42
2021-2022,14,FISHER COUNTY,Grade 2,46
2021-2022,14,FISHER COUNTY,Grade 3,46
2021-2022,14,FISHER COUNTY,Grade 4,38
2021-2022,14,FISHER COUNTY,Grade 5,43
2021-2022,14,FISHER COUNTY,Grade 6,44
2021-2022,14,FISHER COUNTY,Grade 7,43
2021-2022,14,FISHER COUNTY,Grade 8,45
2021-2022,14,FISHER COUNTY,Grade 9,33
2021-2022,14,FISHER COUNTY,Grade 10,46
2021-2022,14,FISHER COUNTY,Grade 11,42
2021-2022,14,FISHER COUNTY,Grade 12,26
2021-2022,17,FLOYD COUNTY,Early Education,5
2021-2022,17,FLOYD COUNTY,Pre-kindergarten,70
2021-2022,17,FLOYD COUNTY,Kindergarten,68
2021-2022,17,FLOYD COUNTY,Grade 1,78
2021-2022,17,FLOYD COUNTY,Grade 2,56
2021-2022,17,FLOYD COUNTY,Grade 3,79
2021-2022,17,FLOYD COUNTY,Grade 4,75
2021-2022,17,FLOYD COUNTY,Grade 5,86
2021-2022,17,FLOYD COUNTY,Grade 6,86
2021-2022,17,FLOYD COUNTY,Grade 7,85
2021-2022,17,FLOYD COUNTY,Grade 8,100
2021-2022,17,FLOYD COUNTY,Grade 9,93
2021-2022,17,FLOYD COUNTY,Grade 10,91
2021-2022,17,FLOYD COUNTY,Grade 11,81
2021-2022,17,FLOYD COUNTY,Grade 12,67
2021-2022,9,FOARD COUNTY,Pre-kindergarten,18
2021-2022,9,FOARD COUNTY,Kindergarten,19
2021-2022,9,FOARD COUNTY,Grade 1,11
2021-2022,9,FOARD COUNTY,Grade 2,18
2021-2022,9,FOARD COUNTY,Grade 3,10
2021-2022,9,FOARD COUNTY,Grade 4,19
2021-2022,9,FOARD COUNTY,Grade 5,11
2021-2022,9,FOARD COUNTY,Grade 6,14
2021-2022,9,FOARD COUNTY,Grade 7,13
2021-2022,9,FOARD COUNTY,Grade 8,7
2021-2022,9,FOARD COUNTY,Grade 9,10
2021-2022,9,FOARD COUNTY,Grade 10,14
2021-2022,9,FOARD COUNTY,Grade 11,11
2021-2022,9,FOARD COUNTY,Grade 12,17
2021-2022,4,FORT BEND COUNTY,Early Education,760
2021-2022,4,FORT BEND COUNTY,Pre-kindergarten,3149
2021-2022,4,FORT BEND COUNTY,Kindergarten,8059
2021-2022,4,FORT BEND COUNTY,Grade 1,8451
2021-2022,4,FORT BEND COUNTY,Grade 2,8629
2021-2022,4,FORT BEND COUNTY,Grade 3,8763
2021-2022,4,FORT BEND COUNTY,Grade 4,8973
2021-2022,4,FORT BEND COUNTY,Grade 5,9114
2021-2022,4,FORT BEND COUNTY,Grade 6,9287
2021-2022,4,FORT BEND COUNTY,Grade 7,9725
2021-2022,4,FORT BEND COUNTY,Grade 8,9861
2021-2022,4,FORT BEND COUNTY,Grade 9,11166
2021-2022,4,FORT BEND COUNTY,Grade 10,9929
2021-2022,4,FORT BEND COUNTY,Grade 11,9473
2021-2022,4,FORT BEND COUNTY,Grade 12,8683
2021-2022,8,FRANKLIN COUNTY,Early Education,9
2021-2022,8,FRANKLIN COUNTY,Pre-kindergarten,49
2021-2022,8,FRANKLIN COUNTY,Kindergarten,114
2021-2022,8,FRANKLIN COUNTY,Grade 1,113
2021-2022,8,FRANKLIN COUNTY,Grade 2,101
2021-2022,8,FRANKLIN COUNTY,Grade 3,89
2021-2022,8,FRANKLIN COUNTY,Grade 4,119
2021-2022,8,FRANKLIN COUNTY,Grade 5,105
2021-2022,8,FRANKLIN COUNTY,Grade 6,109
2021-2022,8,FRANKLIN COUNTY,Grade 7,109
2021-2022,8,FRANKLIN COUNTY,Grade 8,132
2021-2022,8,FRANKLIN COUNTY,Grade 9,123
2021-2022,8,FRANKLIN COUNTY,Grade 10,113
2021-2022,8,FRANKLIN COUNTY,Grade 11,122
2021-2022,8,FRANKLIN COUNTY,Grade 12,121
2021-2022,12,FREESTONE COUNTY,Early Education,9
2021-2022,12,FREESTONE COUNTY,Pre-kindergarten,128
2021-2022,12,FREESTONE COUNTY,Kindergarten,249
2021-2022,12,FREESTONE COUNTY,Grade 1,241
2021-2022,12,FREESTONE COUNTY,Grade 2,229
2021-2022,12,FREESTONE COUNTY,Grade 3,287
2021-2022,12,FREESTONE COUNTY,Grade 4,259
2021-2022,12,FREESTONE COUNTY,Grade 5,253
2021-2022,12,FREESTONE COUNTY,Grade 6,258
2021-2022,12,FREESTONE COUNTY,Grade 7,284
2021-2022,12,FREESTONE COUNTY,Grade 8,291
2021-2022,12,FREESTONE COUNTY,Grade 9,313
2021-2022,12,FREESTONE COUNTY,Grade 10,258
2021-2022,12,FREESTONE COUNTY,Grade 11,231
2021-2022,12,FREESTONE COUNTY,Grade 12,233
2021-2022,20,FRIO COUNTY,Early Education,6
2021-2022,20,FRIO COUNTY,Pre-kindergarten,162
2021-2022,20,FRIO COUNTY,Kindergarten,192
2021-2022,20,FRIO COUNTY,Grade 1,216
2021-2022,20,FRIO COUNTY,Grade 2,204
2021-2022,20,FRIO COUNTY,Grade 3,206
2021-2022,20,FRIO COUNTY,Grade 4,203
2021-2022,20,FRIO COUNTY,Grade 5,196
2021-2022,20,FRIO COUNTY,Grade 6,202
2021-2022,20,FRIO COUNTY,Grade 7,227
2021-2022,20,FRIO COUNTY,Grade 8,259
2021-2022,20,FRIO COUNTY,Grade 9,207
2021-2022,20,FRIO COUNTY,Grade 10,239
2021-2022,20,FRIO COUNTY,Grade 11,234
2021-2022,20,FRIO COUNTY,Grade 12,198
2021-2022,17,GAINES COUNTY,Early Education,4
2021-2022,17,GAINES COUNTY,Pre-kindergarten,133
2021-2022,17,GAINES COUNTY,Kindergarten,316
2021-2022,17,GAINES COUNTY,Grade 1,273
2021-2022,17,GAINES COUNTY,Grade 2,252
2021-2022,17,GAINES COUNTY,Grade 3,275
2021-2022,17,GAINES COUNTY,Grade 4,266
2021-2022,17,GAINES COUNTY,Grade 5,267
2021-2022,17,GAINES COUNTY,Grade 6,271
2021-2022,17,GAINES COUNTY,Grade 7,291
2021-2022,17,GAINES COUNTY,Grade 8,286
2021-2022,17,GAINES COUNTY,Grade 9,272
2021-2022,17,GAINES COUNTY,Grade 10,253
2021-2022,17,GAINES COUNTY,Grade 11,231
2021-2022,17,GAINES COUNTY,Grade 12,241
2021-2022,4,GALVESTON COUNTY,Early Education,457
2021-2022,4,GALVESTON COUNTY,Pre-kindergarten,2476
2021-2022,5,GALVESTON COUNTY,Pre-kindergarten,2
2021-2022,4,GALVESTON COUNTY,Kindergarten,5441
2021-2022,5,GALVESTON COUNTY,Kindergarten,6
2021-2022,4,GALVESTON COUNTY,Grade 1,5696
2021-2022,5,GALVESTON COUNTY,Grade 1,6
2021-2022,4,GALVESTON COUNTY,Grade 2,5720
2021-2022,5,GALVESTON COUNTY,Grade 2,12
2021-2022,4,GALVESTON COUNTY,Grade 3,5702
2021-2022,5,GALVESTON COUNTY,Grade 3,6
2021-2022,4,GALVESTON COUNTY,Grade 4,5754
2021-2022,5,GALVESTON COUNTY,Grade 4,11
2021-2022,4,GALVESTON COUNTY,Grade 5,5914
2021-2022,5,GALVESTON COUNTY,Grade 5,11
2021-2022,4,GALVESTON COUNTY,Grade 6,6094
2021-2022,5,GALVESTON COUNTY,Grade 6,11
2021-2022,4,GALVESTON COUNTY,Grade 7,6283
2021-2022,5,GALVESTON COUNTY,Grade 7,10
2021-2022,4,GALVESTON COUNTY,Grade 8,6426
2021-2022,5,GALVESTON COUNTY,Grade 8,10
2021-2022,4,GALVESTON COUNTY,Grade 9,7222
2021-2022,5,GALVESTON COUNTY,Grade 9,18
2021-2022,4,GALVESTON COUNTY,Grade 10,6195
2021-2022,5,GALVESTON COUNTY,Grade 10,22
2021-2022,4,GALVESTON COUNTY,Grade 11,6023
2021-2022,5,GALVESTON COUNTY,Grade 11,17
2021-2022,4,GALVESTON COUNTY,Grade 12,5779
2021-2022,5,GALVESTON COUNTY,Grade 12,16
2021-2022,17,GARZA COUNTY,Early Education,4
2021-2022,17,GARZA COUNTY,Pre-kindergarten,52
2021-2022,17,GARZA COUNTY,Kindergarten,62
2021-2022,17,GARZA COUNTY,Grade 1,58
2021-2022,17,GARZA COUNTY,Grade 2,66
2021-2022,17,GARZA COUNTY,Grade 3,51
2021-2022,17,GARZA COUNTY,Grade 4,59
2021-2022,17,GARZA COUNTY,Grade 5,65
2021-2022,17,GARZA COUNTY,Grade 6,56
2021-2022,17,GARZA COUNTY,Grade 7,97
2021-2022,17,GARZA COUNTY,Grade 8,71
2021-2022,17,GARZA COUNTY,Grade 9,89
2021-2022,17,GARZA COUNTY,Grade 10,63
2021-2022,17,GARZA COUNTY,Grade 11,49
2021-2022,17,GARZA COUNTY,Grade 12,59
2021-2022,13,GILLESPIE COUNTY,Early Education,13
2021-2022,13,GILLESPIE COUNTY,Pre-kindergarten,170
2021-2022,13,GILLESPIE COUNTY,Kindergarten,226
2021-2022,13,GILLESPIE COUNTY,Grade 1,261
2021-2022,13,GILLESPIE COUNTY,Grade 2,252
2021-2022,13,GILLESPIE COUNTY,Grade 3,233
2021-2022,13,GILLESPIE COUNTY,Grade 4,254
2021-2022,13,GILLESPIE COUNTY,Grade 5,269
2021-2022,13,GILLESPIE COUNTY,Grade 6,254
2021-2022,13,GILLESPIE COUNTY,Grade 7,284
2021-2022,13,GILLESPIE COUNTY,Grade 8,269
2021-2022,13,GILLESPIE COUNTY,Grade 9,357
2021-2022,13,GILLESPIE COUNTY,Grade 10,301
2021-2022,13,GILLESPIE COUNTY,Grade 11,293
2021-2022,13,GILLESPIE COUNTY,Grade 12,269
2021-2022,18,GLASSCOCK COUNTY,Pre-kindergarten,19
2021-2022,18,GLASSCOCK COUNTY,Kindergarten,15
2021-2022,18,GLASSCOCK COUNTY,Grade 1,24
2021-2022,18,GLASSCOCK COUNTY,Grade 2,23
2021-2022,18,GLASSCOCK COUNTY,Grade 3,14
2021-2022,18,GLASSCOCK COUNTY,Grade 4,25
2021-2022,18,GLASSCOCK COUNTY,Grade 5,19
2021-2022,18,GLASSCOCK COUNTY,Grade 6,21
2021-2022,18,GLASSCOCK COUNTY,Grade 7,26
2021-2022,18,GLASSCOCK COUNTY,Grade 8,25
2021-2022,18,GLASSCOCK COUNTY,Grade 9,26
2021-2022,18,GLASSCOCK COUNTY,Grade 10,19
2021-2022,18,GLASSCOCK COUNTY,Grade 11,25
2021-2022,18,GLASSCOCK COUNTY,Grade 12,12
2021-2022,3,GOLIAD COUNTY,Early Education,28
2021-2022,3,GOLIAD COUNTY,Pre-kindergarten,59
2021-2022,3,GOLIAD COUNTY,Kindergarten,85
2021-2022,3,GOLIAD COUNTY,Grade 1,98
2021-2022,3,GOLIAD COUNTY,Grade 2,85
2021-2022,3,GOLIAD COUNTY,Grade 3,91
2021-2022,3,GOLIAD COUNTY,Grade 4,85
2021-2022,3,GOLIAD COUNTY,Grade 5,91
2021-2022,3,GOLIAD COUNTY,Grade 6,91
2021-2022,3,GOLIAD COUNTY,Grade 7,105
2021-2022,3,GOLIAD COUNTY,Grade 8,115
2021-2022,3,GOLIAD COUNTY,Grade 9,114
2021-2022,3,GOLIAD COUNTY,Grade 10,102
2021-2022,3,GOLIAD COUNTY,Grade 11,81
2021-2022,3,GOLIAD COUNTY,Grade 12,85
2021-2022,13,GONZALES COUNTY,Early Education,7
2021-2022,13,GONZALES COUNTY,Pre-kindergarten,230
2021-2022,13,GONZALES COUNTY,Kindergarten,279
2021-2022,13,GONZALES COUNTY,Grade 1,311
2021-2022,13,GONZALES COUNTY,Grade 2,264
2021-2022,13,GONZALES COUNTY,Grade 3,275
2021-2022,13,GONZALES COUNTY,Grade 4,276
2021-2022,13,GONZALES COUNTY,Grade 5,279
2021-2022,13,GONZALES COUNTY,Grade 6,276
2021-2022,13,GONZALES COUNTY,Grade 7,301
2021-2022,13,GONZALES COUNTY,Grade 8,303
2021-2022,13,GONZALES COUNTY,Grade 9,317
2021-2022,13,GONZALES COUNTY,Grade 10,311
2021-2022,13,GONZALES COUNTY,Grade 11,289
2021-2022,13,GONZALES COUNTY,Grade 12,266
2021-2022,16,GRAY COUNTY,Early Education,14
2021-2022,16,GRAY COUNTY,Pre-kindergarten,216
2021-2022,16,GRAY COUNTY,Kindergarten,264
2021-2022,16,GRAY COUNTY,Grade 1,278
2021-2022,16,GRAY COUNTY,Grade 2,304
2021-2022,16,GRAY COUNTY,Grade 3,267
2021-2022,16,GRAY COUNTY,Grade 4,277
2021-2022,16,GRAY COUNTY,Grade 5,244
2021-2022,16,GRAY COUNTY,Grade 6,282
2021-2022,16,GRAY COUNTY,Grade 7,310
2021-2022,16,GRAY COUNTY,Grade 8,290
2021-2022,16,GRAY COUNTY,Grade 9,300
2021-2022,16,GRAY COUNTY,Grade 10,274
2021-2022,16,GRAY COUNTY,Grade 11,289
2021-2022,16,GRAY COUNTY,Grade 12,261
2021-2022,10,GRAYSON COUNTY,Early Education,181
2021-2022,10,GRAYSON COUNTY,Pre-kindergarten,755
2021-2022,10,GRAYSON COUNTY,Kindergarten,1838
2021-2022,10,GRAYSON COUNTY,Grade 1,1784
2021-2022,10,GRAYSON COUNTY,Grade 2,1844
2021-2022,10,GRAYSON COUNTY,Grade 3,1733
2021-2022,10,GRAYSON COUNTY,Grade 4,1793
2021-2022,10,GRAYSON COUNTY,Grade 5,1811
2021-2022,10,GRAYSON COUNTY,Grade 6,1759
2021-2022,10,GRAYSON COUNTY,Grade 7,1925
2021-2022,10,GRAYSON COUNTY,Grade 8,1929
2021-2022,10,GRAYSON COUNTY,Grade 9,1990
2021-2022,10,GRAYSON COUNTY,Grade 10,1858
2021-2022,10,GRAYSON COUNTY,Grade 11,1751
2021-2022,10,GRAYSON COUNTY,Grade 12,1565
2021-2022,7,GREGG COUNTY,Early Education,55
2021-2022,7,GREGG COUNTY,Pre-kindergarten,1025
2021-2022,7,GREGG COUNTY,Kindergarten,1666
2021-2022,7,GREGG COUNTY,Grade 1,1686
2021-2022,7,GREGG COUNTY,Grade 2,1704
2021-2022,7,GREGG COUNTY,Grade 3,1693
2021-2022,7,GREGG COUNTY,Grade 4,1801
2021-2022,7,GREGG COUNTY,Grade 5,1788
2021-2022,7,GREGG COUNTY,Grade 6,1782
2021-2022,7,GREGG COUNTY,Grade 7,1768
2021-2022,7,GREGG COUNTY,Grade 8,1832
2021-2022,7,GREGG COUNTY,Grade 9,1926
2021-2022,7,GREGG COUNTY,Grade 10,1758
2021-2022,7,GREGG COUNTY,Grade 11,1632
2021-2022,7,GREGG COUNTY,Grade 12,1568
2021-2022,6,GRIMES COUNTY,Early Education,45
2021-2022,6,GRIMES COUNTY,Pre-kindergarten,178
2021-2022,6,GRIMES COUNTY,Kindergarten,342
2021-2022,6,GRIMES COUNTY,Grade 1,314
2021-2022,6,GRIMES COUNTY,Grade 2,335
2021-2022,6,GRIMES COUNTY,Grade 3,345
2021-2022,6,GRIMES COUNTY,Grade 4,317
2021-2022,6,GRIMES COUNTY,Grade 5,335
2021-2022,6,GRIMES COUNTY,Grade 6,306
2021-2022,6,GRIMES COUNTY,Grade 7,363
2021-2022,6,GRIMES COUNTY,Grade 8,398
2021-2022,6,GRIMES COUNTY,Grade 9,412
2021-2022,6,GRIMES COUNTY,Grade 10,356
2021-2022,6,GRIMES COUNTY,Grade 11,309
2021-2022,6,GRIMES COUNTY,Grade 12,281
2021-2022,20,GUADALUPE COUNTY,Early Education,121
2021-2022,20,GUADALUPE COUNTY,Pre-kindergarten,786
2021-2022,20,GUADALUPE COUNTY,Kindergarten,1665
2021-2022,20,GUADALUPE COUNTY,Grade 1,1708
2021-2022,20,GUADALUPE COUNTY,Grade 2,1767
2021-2022,20,GUADALUPE COUNTY,Grade 3,1825
2021-2022,20,GUADALUPE COUNTY,Grade 4,1892
2021-2022,20,GUADALUPE COUNTY,Grade 5,1805
2021-2022,20,GUADALUPE COUNTY,Grade 6,1996
2021-2022,20,GUADALUPE COUNTY,Grade 7,2131
2021-2022,20,GUADALUPE COUNTY,Grade 8,2119
2021-2022,20,GUADALUPE COUNTY,Grade 9,2455
2021-2022,20,GUADALUPE COUNTY,Grade 10,2137
2021-2022,20,GUADALUPE COUNTY,Grade 11,2053
2021-2022,20,GUADALUPE COUNTY,Grade 12,1961
2021-2022,17,HALE COUNTY,Early Education,68
2021-2022,17,HALE COUNTY,Pre-kindergarten,277
2021-2022,17,HALE COUNTY,Kindergarten,415
2021-2022,17,HALE COUNTY,Grade 1,430
2021-2022,17,HALE COUNTY,Grade 2,438
2021-2022,17,HALE COUNTY,Grade 3,427
2021-2022,17,HALE COUNTY,Grade 4,460
2021-2022,17,HALE COUNTY,Grade 5,479
2021-2022,17,HALE COUNTY,Grade 6,525
2021-2022,17,HALE COUNTY,Grade 7,517
2021-2022,17,HALE COUNTY,Grade 8,488
2021-2022,17,HALE COUNTY,Grade 9,621
2021-2022,17,HALE COUNTY,Grade 10,493
2021-2022,17,HALE COUNTY,Grade 11,443
2021-2022,17,HALE COUNTY,Grade 12,470
2021-2022,16,HALL COUNTY,Early Education,13
2021-2022,16,HALL COUNTY,Pre-kindergarten,48
2021-2022,16,HALL COUNTY,Kindergarten,32
2021-2022,16,HALL COUNTY,Grade 1,35
2021-2022,16,HALL COUNTY,Grade 2,48
2021-2022,16,HALL COUNTY,Grade 3,32
2021-2022,16,HALL COUNTY,Grade 4,47
2021-2022,16,HALL COUNTY,Grade 5,41
2021-2022,16,HALL COUNTY,Grade 6,37
2021-2022,16,HALL COUNTY,Grade 7,47
2021-2022,16,HALL COUNTY,Grade 8,45
2021-2022,16,HALL COUNTY,Grade 9,58
2021-2022,16,HALL COUNTY,Grade 10,52
2021-2022,16,HALL COUNTY,Grade 11,57
2021-2022,16,HALL COUNTY,Grade 12,43
2021-2022,12,HAMILTON COUNTY,Early Education,4
2021-2022,12,HAMILTON COUNTY,Pre-kindergarten,96
2021-2022,12,HAMILTON COUNTY,Kindergarten,87
2021-2022,12,HAMILTON COUNTY,Grade 1,127
2021-2022,12,HAMILTON COUNTY,Grade 2,95
2021-2022,12,HAMILTON COUNTY,Grade 3,97
2021-2022,12,HAMILTON COUNTY,Grade 4,114
2021-2022,12,HAMILTON COUNTY,Grade 5,99
2021-2022,12,HAMILTON COUNTY,Grade 6,105
2021-2022,12,HAMILTON COUNTY,Grade 7,120
2021-2022,12,HAMILTON COUNTY,Grade 8,118
2021-2022,12,HAMILTON COUNTY,Grade 9,106
2021-2022,12,HAMILTON COUNTY,Grade 10,100
2021-2022,12,HAMILTON COUNTY,Grade 11,82
2021-2022,12,HAMILTON COUNTY,Grade 12,87
2021-2022,16,HANSFORD COUNTY,Early Education,6
2021-2022,16,HANSFORD COUNTY,Pre-kindergarten,78
2021-2022,16,HANSFORD COUNTY,Kindergarten,78
2021-2022,16,HANSFORD COUNTY,Grade 1,89
2021-2022,16,HANSFORD COUNTY,Grade 2,95
2021-2022,16,HANSFORD COUNTY,Grade 3,77
2021-2022,16,HANSFORD COUNTY,Grade 4,96
2021-2022,16,HANSFORD COUNTY,Grade 5,98
2021-2022,16,HANSFORD COUNTY,Grade 6,97
2021-2022,16,HANSFORD COUNTY,Grade 7,90
2021-2022,16,HANSFORD COUNTY,Grade 8,100
2021-2022,16,HANSFORD COUNTY,Grade 9,99
2021-2022,16,HANSFORD COUNTY,Grade 10,114
2021-2022,16,HANSFORD COUNTY,Grade 11,102
2021-2022,16,HANSFORD COUNTY,Grade 12,118
2021-2022,9,HARDEMAN COUNTY,Pre-kindergarten,50
2021-2022,9,HARDEMAN COUNTY,Kindergarten,46
2021-2022,9,HARDEMAN COUNTY,Grade 1,53
2021-2022,9,HARDEMAN COUNTY,Grade 2,35
2021-2022,9,HARDEMAN COUNTY,Grade 3,50
2021-2022,9,HARDEMAN COUNTY,Grade 4,45
2021-2022,9,HARDEMAN COUNTY,Grade 5,39
2021-2022,9,HARDEMAN COUNTY,Grade 6,51
2021-2022,9,HARDEMAN COUNTY,Grade 7,50
2021-2022,9,HARDEMAN COUNTY,Grade 8,56
2021-2022,9,HARDEMAN COUNTY,Grade 9,57
2021-2022,9,HARDEMAN COUNTY,Grade 10,57
2021-2022,9,HARDEMAN COUNTY,Grade 11,58
2021-2022,9,HARDEMAN COUNTY,Grade 12,50
2021-2022,5,HARDIN COUNTY,Early Education,52
2021-2022,5,HARDIN COUNTY,Pre-kindergarten,355
2021-2022,5,HARDIN COUNTY,Kindergarten,839
2021-2022,5,HARDIN COUNTY,Grade 1,865
2021-2022,5,HARDIN COUNTY,Grade 2,816
2021-2022,5,HARDIN COUNTY,Grade 3,869
2021-2022,5,HARDIN COUNTY,Grade 4,818
2021-2022,5,HARDIN COUNTY,Grade 5,805
2021-2022,5,HARDIN COUNTY,Grade 6,815
2021-2022,5,HARDIN COUNTY,Grade 7,886
2021-2022,5,HARDIN COUNTY,Grade 8,864
2021-2022,5,HARDIN COUNTY,Grade 9,930
2021-2022,5,HARDIN COUNTY,Grade 10,759
2021-2022,5,HARDIN COUNTY,Grade 11,767
2021-2022,5,HARDIN COUNTY,Grade 12,784
2021-2022,4,HARRIS COUNTY,Early Education,3466
2021-2022,4,HARRIS COUNTY,Pre-kindergarten,36987
2021-2022,4,HARRIS COUNTY,Kindergarten,59489
2021-2022,4,HARRIS COUNTY,Grade 1,63252
2021-2022,4,HARRIS COUNTY,Grade 2,61611
2021-2022,4,HARRIS COUNTY,Grade 3,62751
2021-2022,4,HARRIS COUNTY,Grade 4,63186
2021-2022,4,HARRIS COUNTY,Grade 5,64305
2021-2022,4,HARRIS COUNTY,Grade 6,65080
2021-2022,4,HARRIS COUNTY,Grade 7,68594
2021-2022,4,HARRIS COUNTY,Grade 8,68440
2021-2022,4,HARRIS COUNTY,Grade 9,79287
2021-2022,4,HARRIS COUNTY,Grade 10,65049
2021-2022,4,HARRIS COUNTY,Grade 11,62670
2021-2022,4,HARRIS COUNTY,Grade 12,58694
2021-2022,7,HARRISON COUNTY,Early Education,18
2021-2022,7,HARRISON COUNTY,Pre-kindergarten,460
2021-2022,7,HARRISON COUNTY,Kindergarten,922
2021-2022,7,HARRISON COUNTY,Grade 1,889
2021-2022,7,HARRISON COUNTY,Grade 2,909
2021-2022,7,HARRISON COUNTY,Grade 3,1110
2021-2022,7,HARRISON COUNTY,Grade 4,1313
2021-2022,7,HARRISON COUNTY,Grade 5,1382
2021-2022,7,HARRISON COUNTY,Grade 6,2610
2021-2022,7,HARRISON COUNTY,Grade 7,2978
2021-2022,7,HARRISON COUNTY,Grade 8,3131
2021-2022,7,HARRISON COUNTY,Grade 9,3268
2021-2022,7,HARRISON COUNTY,Grade 10,2908
2021-2022,7,HARRISON COUNTY,Grade 11,2616
2021-2022,7,HARRISON COUNTY,Grade 12,2179
2021-2022,16,HARTLEY COUNTY,Pre-kindergarten,21
2021-2022,16,HARTLEY COUNTY,Kindergarten,23
2021-2022,16,HARTLEY COUNTY,Grade 1,33
2021-2022,16,HARTLEY COUNTY,Grade 2,23
2021-2022,16,HARTLEY COUNTY,Grade 3,40
2021-2022,16,HARTLEY COUNTY,Grade 4,32
2021-2022,16,HARTLEY COUNTY,Grade 5,32
2021-2022,16,HARTLEY COUNTY,Grade 6,30
2021-2022,16,HARTLEY COUNTY,Grade 7,37
2021-2022,16,HARTLEY COUNTY,Grade 8,36
2021-2022,16,HARTLEY COUNTY,Grade 9,20
2021-2022,16,HARTLEY COUNTY,Grade 10,19
2021-2022,16,HARTLEY COUNTY,Grade 11,25
2021-2022,16,HARTLEY COUNTY,Grade 12,24
2021-2022,14,HASKELL COUNTY,Early Education,3
2021-2022,14,HASKELL COUNTY,Pre-kindergarten,54
2021-2022,14,HASKELL COUNTY,Kindergarten,55
2021-2022,14,HASKELL COUNTY,Grade 1,53
2021-2022,14,HASKELL COUNTY,Grade 2,49
2021-2022,14,HASKELL COUNTY,Grade 3,51
2021-2022,14,HASKELL COUNTY,Grade 4,56
2021-2022,14,HASKELL COUNTY,Grade 5,50
2021-2022,14,HASKELL COUNTY,Grade 6,63
2021-2022,14,HASKELL COUNTY,Grade 7,64
2021-2022,14,HASKELL COUNTY,Grade 8,66
2021-2022,14,HASKELL COUNTY,Grade 9,53
2021-2022,14,HASKELL COUNTY,Grade 10,49
2021-2022,14,HASKELL COUNTY,Grade 11,51
2021-2022,14,HASKELL COUNTY,Grade 12,58
2021-2022,13,HAYS COUNTY,Early Education,185
2021-2022,13,HAYS COUNTY,Pre-kindergarten,1394
2021-2022,13,HAYS COUNTY,Kindergarten,2873
2021-2022,13,HAYS COUNTY,Grade 1,2922
2021-2022,13,HAYS COUNTY,Grade 2,2818
2021-2022,13,HAYS COUNTY,Grade 3,2826
2021-2022,13,HAYS COUNTY,Grade 4,2810
2021-2022,13,HAYS COUNTY,Grade 5,2927
2021-2022,13,HAYS COUNTY,Grade 6,2990
2021-2022,13,HAYS COUNTY,Grade 7,3108
2021-2022,13,HAYS COUNTY,Grade 8,3229
2021-2022,13,HAYS COUNTY,Grade 9,3831
2021-2022,13,HAYS COUNTY,Grade 10,3223
2021-2022,13,HAYS COUNTY,Grade 11,2970
2021-2022,13,HAYS COUNTY,Grade 12,2559
2021-2022,16,HEMPHILL COUNTY,Early Education,7
2021-2022,16,HEMPHILL COUNTY,Pre-kindergarten,39
2021-2022,16,HEMPHILL COUNTY,Kindergarten,56
2021-2022,16,HEMPHILL COUNTY,Grade 1,55
2021-2022,16,HEMPHILL COUNTY,Grade 2,43
2021-2022,16,HEMPHILL COUNTY,Grade 3,41
2021-2022,16,HEMPHILL COUNTY,Grade 4,55
2021-2022,16,HEMPHILL COUNTY,Grade 5,49
2021-2022,16,HEMPHILL COUNTY,Grade 6,80
2021-2022,16,HEMPHILL COUNTY,Grade 7,62
2021-2022,16,HEMPHILL COUNTY,Grade 8,74
2021-2022,16,HEMPHILL COUNTY,Grade 9,86
2021-2022,16,HEMPHILL COUNTY,Grade 10,70
2021-2022,16,HEMPHILL COUNTY,Grade 11,64
2021-2022,16,HEMPHILL COUNTY,Grade 12,60
2021-2022,7,HENDERSON COUNTY,Early Education,10
2021-2022,7,HENDERSON COUNTY,Pre-kindergarten,302
2021-2022,10,HENDERSON COUNTY,Pre-kindergarten,195
2021-2022,7,HENDERSON COUNTY,Kindergarten,548
2021-2022,10,HENDERSON COUNTY,Kindergarten,191
2021-2022,7,HENDERSON COUNTY,Grade 1,546
2021-2022,10,HENDERSON COUNTY,Grade 1,194
2021-2022,7,HENDERSON COUNTY,Grade 2,516
2021-2022,10,HENDERSON COUNTY,Grade 2,220
2021-2022,7,HENDERSON COUNTY,Grade 3,482
2021-2022,10,HENDERSON COUNTY,Grade 3,203
2021-2022,7,HENDERSON COUNTY,Grade 4,521
2021-2022,10,HENDERSON COUNTY,Grade 4,217
2021-2022,7,HENDERSON COUNTY,Grade 5,519
2021-2022,10,HENDERSON COUNTY,Grade 5,209
2021-2022,7,HENDERSON COUNTY,Grade 6,514
2021-2022,10,HENDERSON COUNTY,Grade 6,215
2021-2022,7,HENDERSON COUNTY,Grade 7,544
2021-2022,10,HENDERSON COUNTY,Grade 7,211
2021-2022,7,HENDERSON COUNTY,Grade 8,550
2021-2022,10,HENDERSON COUNTY,Grade 8,226
2021-2022,7,HENDERSON COUNTY,Grade 9,568
2021-2022,10,HENDERSON COUNTY,Grade 9,253
2021-2022,7,HENDERSON COUNTY,Grade 10,523
2021-2022,10,HENDERSON COUNTY,Grade 10,207
2021-2022,7,HENDERSON COUNTY,Grade 11,467
2021-2022,10,HENDERSON COUNTY,Grade 11,231
2021-2022,7,HENDERSON COUNTY,Grade 12,407
2021-2022,10,HENDERSON COUNTY,Grade 12,194
2021-2022,1,HIDALGO COUNTY,Early Education,246
2021-2022,1,HIDALGO COUNTY,Pre-kindergarten,15422
2021-2022,1,HIDALGO COUNTY,Kindergarten,17541
2021-2022,1,HIDALGO COUNTY,Grade 1,19132
2021-2022,1,HIDALGO COUNTY,Grade 2,18986
2021-2022,1,HIDALGO COUNTY,Grade 3,18059
2021-2022,1,HIDALGO COUNTY,Grade 4,17673
2021-2022,1,HIDALGO COUNTY,Grade 5,17126
2021-2022,1,HIDALGO COUNTY,Grade 6,19106
2021-2022,1,HIDALGO COUNTY,Grade 7,19817
2021-2022,1,HIDALGO COUNTY,Grade 8,19234
2021-2022,1,HIDALGO COUNTY,Grade 9,21094
2021-2022,1,HIDALGO COUNTY,Grade 10,17252
2021-2022,1,HIDALGO COUNTY,Grade 11,16000
2021-2022,1,HIDALGO COUNTY,Grade 12,14966
2021-2022,12,HILL COUNTY,Early Education,16
2021-2022,12,HILL COUNTY,Pre-kindergarten,454
2021-2022,12,HILL COUNTY,Kindergarten,433
2021-2022,12,HILL COUNTY,Grade 1,455
2021-2022,12,HILL COUNTY,Grade 2,480
2021-2022,12,HILL COUNTY,Grade 3,454
2021-2022,12,HILL COUNTY,Grade 4,427
2021-2022,12,HILL COUNTY,Grade 5,464
2021-2022,12,HILL COUNTY,Grade 6,476
2021-2022,12,HILL COUNTY,Grade 7,466
2021-2022,12,HILL COUNTY,Grade 8,503
2021-2022,12,HILL COUNTY,Grade 9,512
2021-2022,12,HILL COUNTY,Grade 10,460
2021-2022,12,HILL COUNTY,Grade 11,453
2021-2022,12,HILL COUNTY,Grade 12,416
2021-2022,17,HOCKLEY COUNTY,Early Education,33
2021-2022,17,HOCKLEY COUNTY,Pre-kindergarten,274
2021-2022,17,HOCKLEY COUNTY,Kindergarten,361
2021-2022,17,HOCKLEY COUNTY,Grade 1,312
2021-2022,17,HOCKLEY COUNTY,Grade 2,322
2021-2022,17,HOCKLEY COUNTY,Grade 3,317
2021-2022,17,HOCKLEY COUNTY,Grade 4,338
2021-2022,17,HOCKLEY COUNTY,Grade 5,336
2021-2022,17,HOCKLEY COUNTY,Grade 6,344
2021-2022,17,HOCKLEY COUNTY,Grade 7,364
2021-2022,17,HOCKLEY COUNTY,Grade 8,378
2021-2022,17,HOCKLEY COUNTY,Grade 9,361
2021-2022,17,HOCKLEY COUNTY,Grade 10,316
2021-2022,17,HOCKLEY COUNTY,Grade 11,326
2021-2022,17,HOCKLEY COUNTY,Grade 12,315
2021-2022,11,HOOD COUNTY,Early Education,35
2021-2022,11,HOOD COUNTY,Pre-kindergarten,358
2021-2022,11,HOOD COUNTY,Kindergarten,707
2021-2022,11,HOOD COUNTY,Grade 1,644
2021-2022,11,HOOD COUNTY,Grade 2,655
2021-2022,11,HOOD COUNTY,Grade 3,705
2021-2022,11,HOOD COUNTY,Grade 4,587
2021-2022,11,HOOD COUNTY,Grade 5,668
2021-2022,11,HOOD COUNTY,Grade 6,689
2021-2022,11,HOOD COUNTY,Grade 7,725
2021-2022,11,HOOD COUNTY,Grade 8,736
2021-2022,11,HOOD COUNTY,Grade 9,763
2021-2022,11,HOOD COUNTY,Grade 10,675
2021-2022,11,HOOD COUNTY,Grade 11,644
2021-2022,11,HOOD COUNTY,Grade 12,491
2021-2022,8,HOPKINS COUNTY,Early Education,18
2021-2022,8,HOPKINS COUNTY,Pre-kindergarten,374
2021-2022,8,HOPKINS COUNTY,Kindergarten,439
2021-2022,8,HOPKINS COUNTY,Grade 1,489
2021-2022,8,HOPKINS COUNTY,Grade 2,460
2021-2022,8,HOPKINS COUNTY,Grade 3,478
2021-2022,8,HOPKINS COUNTY,Grade 4,465
2021-2022,8,HOPKINS COUNTY,Grade 5,509
2021-2022,8,HOPKINS COUNTY,Grade 6,509
2021-2022,8,HOPKINS COUNTY,Grade 7,516
2021-2022,8,HOPKINS COUNTY,Grade 8,561
2021-2022,8,HOPKINS COUNTY,Grade 9,538
2021-2022,8,HOPKINS COUNTY,Grade 10,505
2021-2022,8,HOPKINS COUNTY,Grade 11,469
2021-2022,8,HOPKINS COUNTY,Grade 12,450
2021-2022,6,HOUSTON COUNTY,Early Education,4
2021-2022,6,HOUSTON COUNTY,Pre-kindergarten,218
2021-2022,6,HOUSTON COUNTY,Kindergarten,217
2021-2022,6,HOUSTON COUNTY,Grade 1,196
2021-2022,6,HOUSTON COUNTY,Grade 2,201
2021-2022,6,HOUSTON COUNTY,Grade 3,207
2021-2022,6,HOUSTON COUNTY,Grade 4,199
2021-2022,6,HOUSTON COUNTY,Grade 5,220
2021-2022,6,HOUSTON COUNTY,Grade 6,217
2021-2022,6,HOUSTON COUNTY,Grade 7,252
2021-2022,6,HOUSTON COUNTY,Grade 8,241
2021-2022,6,HOUSTON COUNTY,Grade 9,269
2021-2022,6,HOUSTON COUNTY,Grade 10,235
2021-2022,6,HOUSTON COUNTY,Grade 11,180
2021-2022,6,HOUSTON COUNTY,Grade 12,206
2021-2022,18,HOWARD COUNTY,Early Education,31
2021-2022,18,HOWARD COUNTY,Pre-kindergarten,134
2021-2022,18,HOWARD COUNTY,Kindergarten,463
2021-2022,18,HOWARD COUNTY,Grade 1,383
2021-2022,18,HOWARD COUNTY,Grade 2,416
2021-2022,18,HOWARD COUNTY,Grade 3,403
2021-2022,18,HOWARD COUNTY,Grade 4,382
2021-2022,18,HOWARD COUNTY,Grade 5,401
2021-2022,18,HOWARD COUNTY,Grade 6,415
2021-2022,18,HOWARD COUNTY,Grade 7,426
2021-2022,18,HOWARD COUNTY,Grade 8,446
2021-2022,18,HOWARD COUNTY,Grade 9,461
2021-2022,18,HOWARD COUNTY,Grade 10,405
2021-2022,18,HOWARD COUNTY,Grade 11,367
2021-2022,18,HOWARD COUNTY,Grade 12,356
2021-2022,19,HUDSPETH COUNTY,Pre-kindergarten,24
2021-2022,19,HUDSPETH COUNTY,Kindergarten,52
2021-2022,19,HUDSPETH COUNTY,Grade 1,41
2021-2022,19,HUDSPETH COUNTY,Grade 2,40
2021-2022,19,HUDSPETH COUNTY,Grade 3,42
2021-2022,19,HUDSPETH COUNTY,Grade 4,40
2021-2022,19,HUDSPETH COUNTY,Grade 5,44
2021-2022,19,HUDSPETH COUNTY,Grade 6,49
2021-2022,19,HUDSPETH COUNTY,Grade 7,46
2021-2022,19,HUDSPETH COUNTY,Grade 8,33
2021-2022,19,HUDSPETH COUNTY,Grade 9,52
2021-2022,19,HUDSPETH COUNTY,Grade 10,45
2021-2022,19,HUDSPETH COUNTY,Grade 11,37
2021-2022,19,HUDSPETH COUNTY,Grade 12,43
2021-2022,10,HUNT COUNTY,Early Education,42
2021-2022,10,HUNT COUNTY,Pre-kindergarten,808
2021-2022,10,HUNT COUNTY,Kindergarten,1069
2021-2022,10,HUNT COUNTY,Grade 1,1153
2021-2022,10,HUNT COUNTY,Grade 2,1105
2021-2022,10,HUNT COUNTY,Grade 3,1062
2021-2022,10,HUNT COUNTY,Grade 4,1083
2021-2022,10,HUNT COUNTY,Grade 5,1111
2021-2022,10,HUNT COUNTY,Grade 6,1065
2021-2022,10,HUNT COUNTY,Grade 7,1196
2021-2022,10,HUNT COUNTY,Grade 8,1225
2021-2022,10,HUNT COUNTY,Grade 9,1218
2021-2022,10,HUNT COUNTY,Grade 10,1147
2021-2022,10,HUNT COUNTY,Grade 11,1087
2021-2022,10,HUNT COUNTY,Grade 12,1013
2021-2022,16,HUTCHINSON COUNTY,Early Education,9
2021-2022,16,HUTCHINSON COUNTY,Pre-kindergarten,196
2021-2022,16,HUTCHINSON COUNTY,Kindergarten,295
2021-2022,16,HUTCHINSON COUNTY,Grade 1,279
2021-2022,16,HUTCHINSON COUNTY,Grade 2,272
2021-2022,16,HUTCHINSON COUNTY,Grade 3,263
2021-2022,16,HUTCHINSON COUNTY,Grade 4,280
2021-2022,16,HUTCHINSON COUNTY,Grade 5,255
2021-2022,16,HUTCHINSON COUNTY,Grade 6,279
2021-2022,16,HUTCHINSON COUNTY,Grade 7,284
2021-2022,16,HUTCHINSON COUNTY,Grade 8,305
2021-2022,16,HUTCHINSON COUNTY,Grade 9,337
2021-2022,16,HUTCHINSON COUNTY,Grade 10,289
2021-2022,16,HUTCHINSON COUNTY,Grade 11,290
2021-2022,16,HUTCHINSON COUNTY,Grade 12,280
2021-2022,15,IRION COUNTY,Pre-kindergarten,40
2021-2022,15,IRION COUNTY,Kindergarten,19
2021-2022,15,IRION COUNTY,Grade 1,25
2021-2022,15,IRION COUNTY,Grade 2,26
2021-2022,15,IRION COUNTY,Grade 3,22
2021-2022,15,IRION COUNTY,Grade 4,23
2021-2022,15,IRION COUNTY,Grade 5,23
2021-2022,15,IRION COUNTY,Grade 6,22
2021-2022,15,IRION COUNTY,Grade 7,18
2021-2022,15,IRION COUNTY,Grade 8,26
2021-2022,15,IRION COUNTY,Grade 9,17
2021-2022,15,IRION COUNTY,Grade 10,22
2021-2022,15,IRION COUNTY,Grade 11,24
2021-2022,15,IRION COUNTY,Grade 12,27
2021-2022,9,JACK COUNTY,Early Education,7
2021-2022,9,JACK COUNTY,Pre-kindergarten,67
2021-2022,9,JACK COUNTY,Kindergarten,105
2021-2022,9,JACK COUNTY,Grade 1,121
2021-2022,9,JACK COUNTY,Grade 2,103
2021-2022,9,JACK COUNTY,Grade 3,120
2021-2022,9,JACK COUNTY,Grade 4,125
2021-2022,9,JACK COUNTY,Grade 5,132
2021-2022,9,JACK COUNTY,Grade 6,105
2021-2022,9,JACK COUNTY,Grade 7,134
2021-2022,9,JACK COUNTY,Grade 8,137
2021-2022,9,JACK COUNTY,Grade 9,160
2021-2022,9,JACK COUNTY,Grade 10,135
2021-2022,9,JACK COUNTY,Grade 11,109
2021-2022,9,JACK COUNTY,Grade 12,92
2021-2022,3,JACKSON COUNTY,Early Education,16
2021-2022,3,JACKSON COUNTY,Pre-kindergarten,141
2021-2022,3,JACKSON COUNTY,Kindergarten,239
2021-2022,3,JACKSON COUNTY,Grade 1,257
2021-2022,3,JACKSON COUNTY,Grade 2,248
2021-2022,3,JACKSON COUNTY,Grade 3,240
2021-2022,3,JACKSON COUNTY,Grade 4,240
2021-2022,3,JACKSON COUNTY,Grade 5,222
2021-2022,3,JACKSON COUNTY,Grade 6,285
2021-2022,3,JACKSON COUNTY,Grade 7,246
2021-2022,3,JACKSON COUNTY,Grade 8,285
2021-2022,3,JACKSON COUNTY,Grade 9,281
2021-2022,3,JACKSON COUNTY,Grade 10,263
2021-2022,3,JACKSON COUNTY,Grade 11,258
2021-2022,3,JACKSON COUNTY,Grade 12,234
2021-2022,5,JASPER COUNTY,Early Education,18
2021-2022,5,JASPER COUNTY,Pre-kindergarten,232
2021-2022,5,JASPER COUNTY,Kindergarten,440
2021-2022,5,JASPER COUNTY,Grade 1,435
2021-2022,5,JASPER COUNTY,Grade 2,355
2021-2022,5,JASPER COUNTY,Grade 3,411
2021-2022,5,JASPER COUNTY,Grade 4,428
2021-2022,5,JASPER COUNTY,Grade 5,409
2021-2022,5,JASPER COUNTY,Grade 6,483
2021-2022,5,JASPER COUNTY,Grade 7,461
2021-2022,5,JASPER COUNTY,Grade 8,466
2021-2022,5,JASPER COUNTY,Grade 9,469
2021-2022,5,JASPER COUNTY,Grade 10,445
2021-2022,5,JASPER COUNTY,Grade 11,450
2021-2022,5,JASPER COUNTY,Grade 12,379
2021-2022,18,JEFF DAVIS COUNTY,Early Education,2
2021-2022,18,JEFF DAVIS COUNTY,Pre-kindergarten,11
2021-2022,18,JEFF DAVIS COUNTY,Kindergarten,12
2021-2022,18,JEFF DAVIS COUNTY,Grade 1,10
2021-2022,18,JEFF DAVIS COUNTY,Grade 2,10
2021-2022,18,JEFF DAVIS COUNTY,Grade 3,7
2021-2022,18,JEFF DAVIS COUNTY,Grade 4,16
2021-2022,18,JEFF DAVIS COUNTY,Grade 5,20
2021-2022,18,JEFF DAVIS COUNTY,Grade 6,19
2021-2022,18,JEFF DAVIS COUNTY,Grade 7,16
2021-2022,18,JEFF DAVIS COUNTY,Grade 8,17
2021-2022,18,JEFF DAVIS COUNTY,Grade 9,17
2021-2022,18,JEFF DAVIS COUNTY,Grade 10,17
2021-2022,18,JEFF DAVIS COUNTY,Grade 11,19
2021-2022,18,JEFF DAVIS COUNTY,Grade 12,21
2021-2022,5,JEFFERSON COUNTY,Early Education,357
2021-2022,5,JEFFERSON COUNTY,Pre-kindergarten,2126
2021-2022,5,JEFFERSON COUNTY,Kindergarten,3032
2021-2022,5,JEFFERSON COUNTY,Grade 1,3170
2021-2022,5,JEFFERSON COUNTY,Grade 2,2982
2021-2022,5,JEFFERSON COUNTY,Grade 3,2971
2021-2022,5,JEFFERSON COUNTY,Grade 4,2830
2021-2022,5,JEFFERSON COUNTY,Grade 5,2865
2021-2022,5,JEFFERSON COUNTY,Grade 6,2983
2021-2022,5,JEFFERSON COUNTY,Grade 7,3059
2021-2022,5,JEFFERSON COUNTY,Grade 8,2985
2021-2022,5,JEFFERSON COUNTY,Grade 9,3417
2021-2022,5,JEFFERSON COUNTY,Grade 10,2762
2021-2022,5,JEFFERSON COUNTY,Grade 11,2601
2021-2022,5,JEFFERSON COUNTY,Grade 12,2393
2021-2022,1,JIM HOGG COUNTY,Early Education,2
2021-2022,1,JIM HOGG COUNTY,Pre-kindergarten,32
2021-2022,1,JIM HOGG COUNTY,Kindergarten,82
2021-2022,1,JIM HOGG COUNTY,Grade 1,77
2021-2022,1,JIM HOGG COUNTY,Grade 2,88
2021-2022,1,JIM HOGG COUNTY,Grade 3,73
2021-2022,1,JIM HOGG COUNTY,Grade 4,89
2021-2022,1,JIM HOGG COUNTY,Grade 5,71
2021-2022,1,JIM HOGG COUNTY,Grade 6,65
2021-2022,1,JIM HOGG COUNTY,Grade 7,90
2021-2022,1,JIM HOGG COUNTY,Grade 8,78
2021-2022,1,JIM HOGG COUNTY,Grade 9,91
2021-2022,1,JIM HOGG COUNTY,Grade 10,85
2021-2022,1,JIM HOGG COUNTY,Grade 11,80
2021-2022,1,JIM HOGG COUNTY,Grade 12,75
2021-2022,2,JIM WELLS COUNTY,Early Education,22
2021-2022,2,JIM WELLS COUNTY,Pre-kindergarten,299
2021-2022,2,JIM WELLS COUNTY,Kindergarten,526
2021-2022,2,JIM WELLS COUNTY,Grade 1,586
2021-2022,2,JIM WELLS COUNTY,Grade 2,550
2021-2022,2,JIM WELLS COUNTY,Grade 3,539
2021-2022,2,JIM WELLS COUNTY,Grade 4,515
2021-2022,2,JIM WELLS COUNTY,Grade 5,550
2021-2022,2,JIM WELLS COUNTY,Grade 6,531
2021-2022,2,JIM WELLS COUNTY,Grade 7,575
2021-2022,2,JIM WELLS COUNTY,Grade 8,559
2021-2022,2,JIM WELLS COUNTY,Grade 9,710
2021-2022,2,JIM WELLS COUNTY,Grade 10,546
2021-2022,2,JIM WELLS COUNTY,Grade 11,515
2021-2022,2,JIM WELLS COUNTY,Grade 12,440
2021-2022,11,JOHNSON COUNTY,Early Education,200
2021-2022,11,JOHNSON COUNTY,Pre-kindergarten,1182
2021-2022,11,JOHNSON COUNTY,Kindergarten,2587
2021-2022,11,JOHNSON COUNTY,Grade 1,2665
2021-2022,11,JOHNSON COUNTY,Grade 2,2561
2021-2022,11,JOHNSON COUNTY,Grade 3,2644
2021-2022,11,JOHNSON COUNTY,Grade 4,2680
2021-2022,11,JOHNSON COUNTY,Grade 5,2672
2021-2022,11,JOHNSON COUNTY,Grade 6,2781
2021-2022,11,JOHNSON COUNTY,Grade 7,2898
2021-2022,11,JOHNSON COUNTY,Grade 8,3022
2021-2022,11,JOHNSON COUNTY,Grade 9,3320
2021-2022,11,JOHNSON COUNTY,Grade 10,2915
2021-2022,11,JOHNSON COUNTY,Grade 11,2808
2021-2022,11,JOHNSON COUNTY,Grade 12,2491
2021-2022,14,JONES COUNTY,Early Education,13
2021-2022,14,JONES COUNTY,Pre-kindergarten,175
2021-2022,14,JONES COUNTY,Kindergarten,189
2021-2022,14,JONES COUNTY,Grade 1,194
2021-2022,14,JONES COUNTY,Grade 2,178
2021-2022,14,JONES COUNTY,Grade 3,191
2021-2022,14,JONES COUNTY,Grade 4,191
2021-2022,14,JONES COUNTY,Grade 5,173
2021-2022,14,JONES COUNTY,Grade 6,206
2021-2022,14,JONES COUNTY,Grade 7,201
2021-2022,14,JONES COUNTY,Grade 8,171
2021-2022,14,JONES COUNTY,Grade 9,222
2021-2022,14,JONES COUNTY,Grade 10,179
2021-2022,14,JONES COUNTY,Grade 11,206
2021-2022,14,JONES COUNTY,Grade 12,169
2021-2022,3,KARNES COUNTY,Early Education,1
2021-2022,20,KARNES COUNTY,Early Education,9
2021-2022,3,KARNES COUNTY,Pre-kindergarten,57
2021-2022,20,KARNES COUNTY,Pre-kindergarten,77
2021-2022,3,KARNES COUNTY,Kindergarten,61
2021-2022,20,KARNES COUNTY,Kindergarten,110
2021-2022,3,KARNES COUNTY,Grade 1,77
2021-2022,20,KARNES COUNTY,Grade 1,96
2021-2022,3,KARNES COUNTY,Grade 2,71
2021-2022,20,KARNES COUNTY,Grade 2,117
2021-2022,3,KARNES COUNTY,Grade 3,52
2021-2022,20,KARNES COUNTY,Grade 3,93
2021-2022,3,KARNES COUNTY,Grade 4,62
2021-2022,20,KARNES COUNTY,Grade 4,112
2021-2022,3,KARNES COUNTY,Grade 5,64
2021-2022,20,KARNES COUNTY,Grade 5,107
2021-2022,3,KARNES COUNTY,Grade 6,66
2021-2022,20,KARNES COUNTY,Grade 6,91
2021-2022,3,KARNES COUNTY,Grade 7,73
2021-2022,20,KARNES COUNTY,Grade 7,103
2021-2022,3,KARNES COUNTY,Grade 8,71
2021-2022,20,KARNES COUNTY,Grade 8,116
2021-2022,3,KARNES COUNTY,Grade 9,93
2021-2022,20,KARNES COUNTY,Grade 9,115
2021-2022,3,KARNES COUNTY,Grade 10,77
2021-2022,20,KARNES COUNTY,Grade 10,120
2021-2022,3,KARNES COUNTY,Grade 11,66
2021-2022,20,KARNES COUNTY,Grade 11,109
2021-2022,3,KARNES COUNTY,Grade 12,59
2021-2022,20,KARNES COUNTY,Grade 12,109
2021-2022,10,KAUFMAN COUNTY,Early Education,148
2021-2022,10,KAUFMAN COUNTY,Pre-kindergarten,1121
2021-2022,10,KAUFMAN COUNTY,Kindergarten,2475
2021-2022,10,KAUFMAN COUNTY,Grade 1,2489
2021-2022,10,KAUFMAN COUNTY,Grade 2,2569
2021-2022,10,KAUFMAN COUNTY,Grade 3,2545
2021-2022,10,KAUFMAN COUNTY,Grade 4,2579
2021-2022,10,KAUFMAN COUNTY,Grade 5,2563
2021-2022,10,KAUFMAN COUNTY,Grade 6,2757
2021-2022,10,KAUFMAN COUNTY,Grade 7,2838
2021-2022,10,KAUFMAN COUNTY,Grade 8,2860
2021-2022,10,KAUFMAN COUNTY,Grade 9,3124
2021-2022,10,KAUFMAN COUNTY,Grade 10,2703
2021-2022,10,KAUFMAN COUNTY,Grade 11,2427
2021-2022,10,KAUFMAN COUNTY,Grade 12,2114
2021-2022,13,KENDALL COUNTY,Early Education,2
2021-2022,20,KENDALL COUNTY,Early Education,87
2021-2022,13,KENDALL COUNTY,Pre-kindergarten,64
2021-2022,20,KENDALL COUNTY,Pre-kindergarten,138
2021-2022,13,KENDALL COUNTY,Kindergarten,59
2021-2022,20,KENDALL COUNTY,Kindergarten,707
2021-2022,13,KENDALL COUNTY,Grade 1,77
2021-2022,20,KENDALL COUNTY,Grade 1,681
2021-2022,13,KENDALL COUNTY,Grade 2,68
2021-2022,20,KENDALL COUNTY,Grade 2,770
2021-2022,13,KENDALL COUNTY,Grade 3,54
2021-2022,20,KENDALL COUNTY,Grade 3,677
2021-2022,13,KENDALL COUNTY,Grade 4,79
2021-2022,20,KENDALL COUNTY,Grade 4,802
2021-2022,13,KENDALL COUNTY,Grade 5,68
2021-2022,20,KENDALL COUNTY,Grade 5,720
2021-2022,13,KENDALL COUNTY,Grade 6,76
2021-2022,20,KENDALL COUNTY,Grade 6,805
2021-2022,13,KENDALL COUNTY,Grade 7,81
2021-2022,20,KENDALL COUNTY,Grade 7,885
2021-2022,13,KENDALL COUNTY,Grade 8,97
2021-2022,20,KENDALL COUNTY,Grade 8,848
2021-2022,13,KENDALL COUNTY,Grade 9,104
2021-2022,20,KENDALL COUNTY,Grade 9,872
2021-2022,13,KENDALL COUNTY,Grade 10,82
2021-2022,20,KENDALL COUNTY,Grade 10,833
2021-2022,13,KENDALL COUNTY,Grade 11,88
2021-2022,20,KENDALL COUNTY,Grade 11,804
2021-2022,13,KENDALL COUNTY,Grade 12,68
2021-2022,20,KENDALL COUNTY,Grade 12,777
2021-2022,2,KENEDY COUNTY,Pre-kindergarten,21
2021-2022,2,KENEDY COUNTY,Kindergarten,12
2021-2022,2,KENEDY COUNTY,Grade 1,8
2021-2022,2,KENEDY COUNTY,Grade 2,12
2021-2022,2,KENEDY COUNTY,Grade 3,12
2021-2022,2,KENEDY COUNTY,Grade 4,12
2021-2022,2,KENEDY COUNTY,Grade 5,12
2021-2022,2,KENEDY COUNTY,Grade 6,12
2021-2022,17,KENT COUNTY,Early Education,2
2021-2022,17,KENT COUNTY,Pre-kindergarten,6
2021-2022,17,KENT COUNTY,Kindergarten,11
2021-2022,17,KENT COUNTY,Grade 1,8
2021-2022,17,KENT COUNTY,Grade 2,15
2021-2022,17,KENT COUNTY,Grade 3,15
2021-2022,17,KENT COUNTY,Grade 4,12
2021-2022,17,KENT COUNTY,Grade 5,17
2021-2022,17,KENT COUNTY,Grade 6,11
2021-2022,17,KENT COUNTY,Grade 7,10
2021-2022,17,KENT COUNTY,Grade 8,16
2021-2022,17,KENT COUNTY,Grade 9,11
2021-2022,17,KENT COUNTY,Grade 10,11
2021-2022,17,KENT COUNTY,Grade 11,14
2021-2022,17,KENT COUNTY,Grade 12,12
2021-2022,20,KERR COUNTY,Early Education,21
2021-2022,20,KERR COUNTY,Pre-kindergarten,303
2021-2022,20,KERR COUNTY,Kindergarten,480
2021-2022,20,KERR COUNTY,Grade 1,528
2021-2022,20,KERR COUNTY,Grade 2,493
2021-2022,20,KERR COUNTY,Grade 3,469
2021-2022,20,KERR COUNTY,Grade 4,449
2021-2022,20,KERR COUNTY,Grade 5,470
2021-2022,20,KERR COUNTY,Grade 6,509
2021-2022,20,KERR COUNTY,Grade 7,497
2021-2022,20,KERR COUNTY,Grade 8,535
2021-2022,20,KERR COUNTY,Grade 9,606
2021-2022,20,KERR COUNTY,Grade 10,526
2021-2022,20,KERR COUNTY,Grade 11,465
2021-2022,20,KERR COUNTY,Grade 12,412
2021-2022,15,KIMBLE COUNTY,Pre-kindergarten,61
2021-2022,15,KIMBLE COUNTY,Kindergarten,46
2021-2022,15,KIMBLE COUNTY,Grade 1,47
2021-2022,15,KIMBLE COUNTY,Grade 2,49
2021-2022,15,KIMBLE COUNTY,Grade 3,35
2021-2022,15,KIMBLE COUNTY,Grade 4,37
2021-2022,15,KIMBLE COUNTY,Grade 5,39
2021-2022,15,KIMBLE COUNTY,Grade 6,39
2021-2022,15,KIMBLE COUNTY,Grade 7,49
2021-2022,15,KIMBLE COUNTY,Grade 8,52
2021-2022,15,KIMBLE COUNTY,Grade 9,61
2021-2022,15,KIMBLE COUNTY,Grade 10,33
2021-2022,15,KIMBLE COUNTY,Grade 11,47
2021-2022,15,KIMBLE COUNTY,Grade 12,44
2021-2022,17,KING COUNTY,Pre-kindergarten,4
2021-2022,17,KING COUNTY,Kindergarten,15
2021-2022,17,KING COUNTY,Grade 1,12
2021-2022,17,KING COUNTY,Grade 2,9
2021-2022,17,KING COUNTY,Grade 3,7
2021-2022,17,KING COUNTY,Grade 4,12
2021-2022,17,KING COUNTY,Grade 5,16
2021-2022,17,KING COUNTY,Grade 6,8
2021-2022,17,KING COUNTY,Grade 7,10
2021-2022,17,KING COUNTY,Grade 8,12
2021-2022,17,KING COUNTY,Grade 9,8
2021-2022,17,KING COUNTY,Grade 10,7
2021-2022,17,KING COUNTY,Grade 11,6
2021-2022,17,KING COUNTY,Grade 12,10
2021-2022,20,KINNEY COUNTY,Early Education,1
2021-2022,20,KINNEY COUNTY,Pre-kindergarten,22
2021-2022,20,KINNEY COUNTY,Kindergarten,47
2021-2022,20,KINNEY COUNTY,Grade 1,39
2021-2022,20,KINNEY COUNTY,Grade 2,42
2021-2022,20,KINNEY COUNTY,Grade 3,31
2021-2022,20,KINNEY COUNTY,Grade 4,37
2021-2022,20,KINNEY COUNTY,Grade 5,32
2021-2022,20,KINNEY COUNTY,Grade 6,39
2021-2022,20,KINNEY COUNTY,Grade 7,40
2021-2022,20,KINNEY COUNTY,Grade 8,46
2021-2022,20,KINNEY COUNTY,Grade 9,40
2021-2022,20,KINNEY COUNTY,Grade 10,44
2021-2022,20,KINNEY COUNTY,Grade 11,36
2021-2022,20,KINNEY COUNTY,Grade 12,36
2021-2022,2,KLEBERG COUNTY,Early Education,17
2021-2022,2,KLEBERG COUNTY,Pre-kindergarten,198
2021-2022,2,KLEBERG COUNTY,Kindergarten,300
2021-2022,2,KLEBERG COUNTY,Grade 1,314
2021-2022,2,KLEBERG COUNTY,Grade 2,358
2021-2022,2,KLEBERG COUNTY,Grade 3,344
2021-2022,2,KLEBERG COUNTY,Grade 4,329
2021-2022,2,KLEBERG COUNTY,Grade 5,282
2021-2022,2,KLEBERG COUNTY,Grade 6,328
2021-2022,2,KLEBERG COUNTY,Grade 7,371
2021-2022,2,KLEBERG COUNTY,Grade 8,365
2021-2022,2,KLEBERG COUNTY,Grade 9,475
2021-2022,2,KLEBERG COUNTY,Grade 10,367
2021-2022,2,KLEBERG COUNTY,Grade 11,343
2021-2022,2,KLEBERG COUNTY,Grade 12,299
2021-2022,9,KNOX COUNTY,Early Education,28
2021-2022,9,KNOX COUNTY,Pre-kindergarten,64
2021-2022,9,KNOX COUNTY,Kindergarten,53
2021-2022,9,KNOX COUNTY,Grade 1,58
2021-2022,9,KNOX COUNTY,Grade 2,44
2021-2022,9,KNOX COUNTY,Grade 3,54
2021-2022,9,KNOX COUNTY,Grade 4,58
2021-2022,9,KNOX COUNTY,Grade 5,51
2021-2022,9,KNOX COUNTY,Grade 6,60
2021-2022,9,KNOX COUNTY,Grade 7,56
2021-2022,9,KNOX COUNTY,Grade 8,60
2021-2022,9,KNOX COUNTY,Grade 9,58
2021-2022,9,KNOX COUNTY,Grade 10,40
2021-2022,9,KNOX COUNTY,Grade 11,46
2021-2022,9,KNOX COUNTY,Grade 12,36
2021-2022,20,LA SALLE COUNTY,Pre-kindergarten,46
2021-2022,20,LA SALLE COUNTY,Kindergarten,87
2021-2022,20,LA SALLE COUNTY,Grade 1,75
2021-2022,20,LA SALLE COUNTY,Grade 2,79
2021-2022,20,LA SALLE COUNTY,Grade 3,82
2021-2022,20,LA SALLE COUNTY,Grade 4,79
2021-2022,20,LA SALLE COUNTY,Grade 5,78
2021-2022,20,LA SALLE COUNTY,Grade 6,96
2021-2022,20,LA SALLE COUNTY,Grade 7,102
2021-2022,20,LA SALLE COUNTY,Grade 8,87
2021-2022,20,LA SALLE COUNTY,Grade 9,99
2021-2022,20,LA SALLE COUNTY,Grade 10,87
2021-2022,20,LA SALLE COUNTY,Grade 11,88
2021-2022,20,LA SALLE COUNTY,Grade 12,87
2021-2022,8,LAMAR COUNTY,Early Education,24
2021-2022,8,LAMAR COUNTY,Pre-kindergarten,525
2021-2022,8,LAMAR COUNTY,Kindergarten,619
2021-2022,8,LAMAR COUNTY,Grade 1,654
2021-2022,8,LAMAR COUNTY,Grade 2,667
2021-2022,8,LAMAR COUNTY,Grade 3,609
2021-2022,8,LAMAR COUNTY,Grade 4,631
2021-2022,8,LAMAR COUNTY,Grade 5,593
2021-2022,8,LAMAR COUNTY,Grade 6,606
2021-2022,8,LAMAR COUNTY,Grade 7,597
2021-2022,8,LAMAR COUNTY,Grade 8,647
2021-2022,8,LAMAR COUNTY,Grade 9,680
2021-2022,8,LAMAR COUNTY,Grade 10,579
2021-2022,8,LAMAR COUNTY,Grade 11,550
2021-2022,8,LAMAR COUNTY,Grade 12,478
2021-2022,17,LAMB COUNTY,Early Education,7
2021-2022,17,LAMB COUNTY,Pre-kindergarten,117
2021-2022,17,LAMB COUNTY,Kindergarten,208
2021-2022,17,LAMB COUNTY,Grade 1,182
2021-2022,17,LAMB COUNTY,Grade 2,164
2021-2022,17,LAMB COUNTY,Grade 3,207
2021-2022,17,LAMB COUNTY,Grade 4,208
2021-2022,17,LAMB COUNTY,Grade 5,183
2021-2022,17,LAMB COUNTY,Grade 6,222
2021-2022,17,LAMB COUNTY,Grade 7,221
2021-2022,17,LAMB COUNTY,Grade 8,222
2021-2022,17,LAMB COUNTY,Grade 9,211
2021-2022,17,LAMB COUNTY,Grade 10,212
2021-2022,17,LAMB COUNTY,Grade 11,180
2021-2022,17,LAMB COUNTY,Grade 12,180
2021-2022,12,LAMPASAS COUNTY,Early Education,21
2021-2022,12,LAMPASAS COUNTY,Pre-kindergarten,118
2021-2022,12,LAMPASAS COUNTY,Kindergarten,272
2021-2022,12,LAMPASAS COUNTY,Grade 1,271
2021-2022,12,LAMPASAS COUNTY,Grade 2,269
2021-2022,12,LAMPASAS COUNTY,Grade 3,265
2021-2022,12,LAMPASAS COUNTY,Grade 4,267
2021-2022,12,LAMPASAS COUNTY,Grade 5,280
2021-2022,12,LAMPASAS COUNTY,Grade 6,267
2021-2022,12,LAMPASAS COUNTY,Grade 7,265
2021-2022,12,LAMPASAS COUNTY,Grade 8,333
2021-2022,12,LAMPASAS COUNTY,Grade 9,290
2021-2022,12,LAMPASAS COUNTY,Grade 10,294
2021-2022,12,LAMPASAS COUNTY,Grade 11,283
2021-2022,12,LAMPASAS COUNTY,Grade 12,245
2021-2022,3,LAVACA COUNTY,Early Education,8
2021-2022,3,LAVACA COUNTY,Pre-kindergarten,142
2021-2022,3,LAVACA COUNTY,Kindergarten,194
2021-2022,3,LAVACA COUNTY,Grade 1,190
2021-2022,3,LAVACA COUNTY,Grade 2,191
2021-2022,3,LAVACA COUNTY,Grade 3,178
2021-2022,3,LAVACA COUNTY,Grade 4,179
2021-2022,3,LAVACA COUNTY,Grade 5,161
2021-2022,3,LAVACA COUNTY,Grade 6,192
2021-2022,3,LAVACA COUNTY,Grade 7,191
2021-2022,3,LAVACA COUNTY,Grade 8,212
2021-2022,3,LAVACA COUNTY,Grade 9,206
2021-2022,3,LAVACA COUNTY,Grade 10,183
2021-2022,3,LAVACA COUNTY,Grade 11,154
2021-2022,3,LAVACA COUNTY,Grade 12,136
2021-2022,13,LEE COUNTY,Early Education,15
2021-2022,13,LEE COUNTY,Pre-kindergarten,103
2021-2022,13,LEE COUNTY,Kindergarten,234
2021-2022,13,LEE COUNTY,Grade 1,206
2021-2022,13,LEE COUNTY,Grade 2,215
2021-2022,13,LEE COUNTY,Grade 3,224
2021-2022,13,LEE COUNTY,Grade 4,198
2021-2022,13,LEE COUNTY,Grade 5,207
2021-2022,13,LEE COUNTY,Grade 6,246
2021-2022,13,LEE COUNTY,Grade 7,274
2021-2022,13,LEE COUNTY,Grade 8,265
2021-2022,13,LEE COUNTY,Grade 9,314
2021-2022,13,LEE COUNTY,Grade 10,238
2021-2022,13,LEE COUNTY,Grade 11,244
2021-2022,13,LEE COUNTY,Grade 12,230
2021-2022,6,LEON COUNTY,Early Education,7
2021-2022,6,LEON COUNTY,Pre-kindergarten,201
2021-2022,6,LEON COUNTY,Kindergarten,235
2021-2022,6,LEON COUNTY,Grade 1,251
2021-2022,6,LEON COUNTY,Grade 2,220
2021-2022,6,LEON COUNTY,Grade 3,216
2021-2022,6,LEON COUNTY,Grade 4,242
2021-2022,6,LEON COUNTY,Grade 5,206
2021-2022,6,LEON COUNTY,Grade 6,253
2021-2022,6,LEON COUNTY,Grade 7,247
2021-2022,6,LEON COUNTY,Grade 8,244
2021-2022,6,LEON COUNTY,Grade 9,247
2021-2022,6,LEON COUNTY,Grade 10,266
2021-2022,6,LEON COUNTY,Grade 11,250
2021-2022,6,LEON COUNTY,Grade 12,234
2021-2022,4,LIBERTY COUNTY,Early Education,67
2021-2022,5,LIBERTY COUNTY,Early Education,18
2021-2022,4,LIBERTY COUNTY,Pre-kindergarten,702
2021-2022,5,LIBERTY COUNTY,Pre-kindergarten,162
2021-2022,4,LIBERTY COUNTY,Kindergarten,1326
2021-2022,5,LIBERTY COUNTY,Kindergarten,261
2021-2022,4,LIBERTY COUNTY,Grade 1,1363
2021-2022,5,LIBERTY COUNTY,Grade 1,272
2021-2022,4,LIBERTY COUNTY,Grade 2,1439
2021-2022,5,LIBERTY COUNTY,Grade 2,296
2021-2022,4,LIBERTY COUNTY,Grade 3,1359
2021-2022,5,LIBERTY COUNTY,Grade 3,306
2021-2022,4,LIBERTY COUNTY,Grade 4,1309
2021-2022,5,LIBERTY COUNTY,Grade 4,265
2021-2022,4,LIBERTY COUNTY,Grade 5,1420
2021-2022,5,LIBERTY COUNTY,Grade 5,281
2021-2022,4,LIBERTY COUNTY,Grade 6,1435
2021-2022,5,LIBERTY COUNTY,Grade 6,309
2021-2022,4,LIBERTY COUNTY,Grade 7,1545
2021-2022,5,LIBERTY COUNTY,Grade 7,327
2021-2022,4,LIBERTY COUNTY,Grade 8,1542
2021-2022,5,LIBERTY COUNTY,Grade 8,318
2021-2022,4,LIBERTY COUNTY,Grade 9,1646
2021-2022,5,LIBERTY COUNTY,Grade 9,327
2021-2022,4,LIBERTY COUNTY,Grade 10,1278
2021-2022,5,LIBERTY COUNTY,Grade 10,285
2021-2022,4,LIBERTY COUNTY,Grade 11,1125
2021-2022,5,LIBERTY COUNTY,Grade 11,274
2021-2022,4,LIBERTY COUNTY,Grade 12,948
2021-2022,5,LIBERTY COUNTY,Grade 12,261
2021-2022,12,LIMESTONE COUNTY,Early Education,9
2021-2022,12,LIMESTONE COUNTY,Pre-kindergarten,179
2021-2022,12,LIMESTONE COUNTY,Kindergarten,290
2021-2022,12,LIMESTONE COUNTY,Grade 1,255
2021-2022,12,LIMESTONE COUNTY,Grade 2,289
2021-2022,12,LIMESTONE COUNTY,Grade 3,256
2021-2022,12,LIMESTONE COUNTY,Grade 4,262
2021-2022,12,LIMESTONE COUNTY,Grade 5,261
2021-2022,12,LIMESTONE COUNTY,Grade 6,282
2021-2022,12,LIMESTONE COUNTY,Grade 7,289
2021-2022,12,LIMESTONE COUNTY,Grade 8,295
2021-2022,12,LIMESTONE COUNTY,Grade 9,251
2021-2022,12,LIMESTONE COUNTY,Grade 10,283
2021-2022,12,LIMESTONE COUNTY,Grade 11,276
2021-2022,12,LIMESTONE COUNTY,Grade 12,228
2021-2022,16,LIPSCOMB COUNTY,Early Education,3
2021-2022,16,LIPSCOMB COUNTY,Pre-kindergarten,39
2021-2022,16,LIPSCOMB COUNTY,Kindergarten,43
2021-2022,16,LIPSCOMB COUNTY,Grade 1,48
2021-2022,16,LIPSCOMB COUNTY,Grade 2,55
2021-2022,16,LIPSCOMB COUNTY,Grade 3,47
2021-2022,16,LIPSCOMB COUNTY,Grade 4,35
2021-2022,16,LIPSCOMB COUNTY,Grade 5,44
2021-2022,16,LIPSCOMB COUNTY,Grade 6,58
2021-2022,16,LIPSCOMB COUNTY,Grade 7,54
2021-2022,16,LIPSCOMB COUNTY,Grade 8,46
2021-2022,16,LIPSCOMB COUNTY,Grade 9,57
2021-2022,16,LIPSCOMB COUNTY,Grade 10,42
2021-2022,16,LIPSCOMB COUNTY,Grade 11,59
2021-2022,16,LIPSCOMB COUNTY,Grade 12,53
2021-2022,2,LIVE OAK COUNTY,Early Education,4
2021-2022,2,LIVE OAK COUNTY,Pre-kindergarten,96
2021-2022,2,LIVE OAK COUNTY,Kindergarten,139
2021-2022,2,LIVE OAK COUNTY,Grade 1,119
2021-2022,2,LIVE OAK COUNTY,Grade 2,117
2021-2022,2,LIVE OAK COUNTY,Grade 3,118
2021-2022,2,LIVE OAK COUNTY,Grade 4,118
2021-2022,2,LIVE OAK COUNTY,Grade 5,117
2021-2022,2,LIVE OAK COUNTY,Grade 6,109
2021-2022,2,LIVE OAK COUNTY,Grade 7,124
2021-2022,2,LIVE OAK COUNTY,Grade 8,132
2021-2022,2,LIVE OAK COUNTY,Grade 9,111
2021-2022,2,LIVE OAK COUNTY,Grade 10,121
2021-2022,2,LIVE OAK COUNTY,Grade 11,105
2021-2022,2,LIVE OAK COUNTY,Grade 12,114
2021-2022,13,LLANO COUNTY,Early Education,5
2021-2022,13,LLANO COUNTY,Pre-kindergarten,89
2021-2022,13,LLANO COUNTY,Kindergarten,156
2021-2022,13,LLANO COUNTY,Grade 1,150
2021-2022,13,LLANO COUNTY,Grade 2,141
2021-2022,13,LLANO COUNTY,Grade 3,127
2021-2022,13,LLANO COUNTY,Grade 4,133
2021-2022,13,LLANO COUNTY,Grade 5,139
2021-2022,13,LLANO COUNTY,Grade 6,124
2021-2022,13,LLANO COUNTY,Grade 7,145
2021-2022,13,LLANO COUNTY,Grade 8,143
2021-2022,13,LLANO COUNTY,Grade 9,154
2021-2022,13,LLANO COUNTY,Grade 10,146
2021-2022,13,LLANO COUNTY,Grade 11,134
2021-2022,13,LLANO COUNTY,Grade 12,95
2021-2022,17,LUBBOCK COUNTY,Early Education,204
2021-2022,17,LUBBOCK COUNTY,Pre-kindergarten,2210
2021-2022,17,LUBBOCK COUNTY,Kindergarten,3957
2021-2022,17,LUBBOCK COUNTY,Grade 1,3899
2021-2022,17,LUBBOCK COUNTY,Grade 2,3760
2021-2022,17,LUBBOCK COUNTY,Grade 3,3666
2021-2022,17,LUBBOCK COUNTY,Grade 4,3577
2021-2022,17,LUBBOCK COUNTY,Grade 5,3671
2021-2022,17,LUBBOCK COUNTY,Grade 6,3884
2021-2022,17,LUBBOCK COUNTY,Grade 7,4001
2021-2022,17,LUBBOCK COUNTY,Grade 8,4051
2021-2022,17,LUBBOCK COUNTY,Grade 9,4351
2021-2022,17,LUBBOCK COUNTY,Grade 10,3566
2021-2022,17,LUBBOCK COUNTY,Grade 11,3515
2021-2022,17,LUBBOCK COUNTY,Grade 12,3336
2021-2022,17,LYNN COUNTY,Early Education,4
2021-2022,17,LYNN COUNTY,Pre-kindergarten,76
2021-2022,17,LYNN COUNTY,Kindergarten,130
2021-2022,17,LYNN COUNTY,Grade 1,109
2021-2022,17,LYNN COUNTY,Grade 2,131
2021-2022,17,LYNN COUNTY,Grade 3,112
2021-2022,17,LYNN COUNTY,Grade 4,122
2021-2022,17,LYNN COUNTY,Grade 5,100
2021-2022,17,LYNN COUNTY,Grade 6,116
2021-2022,17,LYNN COUNTY,Grade 7,133
2021-2022,17,LYNN COUNTY,Grade 8,125
2021-2022,17,LYNN COUNTY,Grade 9,154
2021-2022,17,LYNN COUNTY,Grade 10,108
2021-2022,17,LYNN COUNTY,Grade 11,107
2021-2022,17,LYNN COUNTY,Grade 12,83
2021-2022,6,MADISON COUNTY,Early Education,9
2021-2022,6,MADISON COUNTY,Pre-kindergarten,186
2021-2022,6,MADISON COUNTY,Kindergarten,189
2021-2022,6,MADISON COUNTY,Grade 1,218
2021-2022,6,MADISON COUNTY,Grade 2,152
2021-2022,6,MADISON COUNTY,Grade 3,207
2021-2022,6,MADISON COUNTY,Grade 4,178
2021-2022,6,MADISON COUNTY,Grade 5,172
2021-2022,6,MADISON COUNTY,Grade 6,194
2021-2022,6,MADISON COUNTY,Grade 7,207
2021-2022,6,MADISON COUNTY,Grade 8,200
2021-2022,6,MADISON COUNTY,Grade 9,197
2021-2022,6,MADISON COUNTY,Grade 10,195
2021-2022,6,MADISON COUNTY,Grade 11,181
2021-2022,6,MADISON COUNTY,Grade 12,149
2021-2022,8,MARION COUNTY,Pre-kindergarten,66
2021-2022,8,MARION COUNTY,Kindergarten,64
2021-2022,8,MARION COUNTY,Grade 1,77
2021-2022,8,MARION COUNTY,Grade 2,70
2021-2022,8,MARION COUNTY,Grade 3,82
2021-2022,8,MARION COUNTY,Grade 4,77
2021-2022,8,MARION COUNTY,Grade 5,73
2021-2022,8,MARION COUNTY,Grade 6,95
2021-2022,8,MARION COUNTY,Grade 7,91
2021-2022,8,MARION COUNTY,Grade 8,95
2021-2022,8,MARION COUNTY,Grade 9,118
2021-2022,8,MARION COUNTY,Grade 10,88
2021-2022,8,MARION COUNTY,Grade 11,88
2021-2022,8,MARION COUNTY,Grade 12,79
2021-2022,18,MARTIN COUNTY,Early Education,3
2021-2022,18,MARTIN COUNTY,Pre-kindergarten,47
2021-2022,18,MARTIN COUNTY,Kindergarten,115
2021-2022,18,MARTIN COUNTY,Grade 1,104
2021-2022,18,MARTIN COUNTY,Grade 2,94
2021-2022,18,MARTIN COUNTY,Grade 3,109
2021-2022,18,MARTIN COUNTY,Grade 4,90
2021-2022,18,MARTIN COUNTY,Grade 5,102
2021-2022,18,MARTIN COUNTY,Grade 6,102
2021-2022,18,MARTIN COUNTY,Grade 7,112
2021-2022,18,MARTIN COUNTY,Grade 8,100
2021-2022,18,MARTIN COUNTY,Grade 9,109
2021-2022,18,MARTIN COUNTY,Grade 10,87
2021-2022,18,MARTIN COUNTY,Grade 11,97
2021-2022,18,MARTIN COUNTY,Grade 12,81
2021-2022,15,MASON COUNTY,Early Education,4
2021-2022,15,MASON COUNTY,Pre-kindergarten,37
2021-2022,15,MASON COUNTY,Kindergarten,53
2021-2022,15,MASON COUNTY,Grade 1,64
2021-2022,15,MASON COUNTY,Grade 2,51
2021-2022,15,MASON COUNTY,Grade 3,50
2021-2022,15,MASON COUNTY,Grade 4,63
2021-2022,15,MASON COUNTY,Grade 5,52
2021-2022,15,MASON COUNTY,Grade 6,43
2021-2022,15,MASON COUNTY,Grade 7,55
2021-2022,15,MASON COUNTY,Grade 8,59
2021-2022,15,MASON COUNTY,Grade 9,51
2021-2022,15,MASON COUNTY,Grade 10,59
2021-2022,15,MASON COUNTY,Grade 11,59
2021-2022,15,MASON COUNTY,Grade 12,59
2021-2022,3,MATAGORDA COUNTY,Early Education,31
2021-2022,3,MATAGORDA COUNTY,Pre-kindergarten,337
2021-2022,3,MATAGORDA COUNTY,Kindergarten,526
2021-2022,3,MATAGORDA COUNTY,Grade 1,493
2021-2022,3,MATAGORDA COUNTY,Grade 2,535
2021-2022,3,MATAGORDA COUNTY,Grade 3,496
2021-2022,3,MATAGORDA COUNTY,Grade 4,507
2021-2022,3,MATAGORDA COUNTY,Grade 5,499
2021-2022,3,MATAGORDA COUNTY,Grade 6,528
2021-2022,3,MATAGORDA COUNTY,Grade 7,553
2021-2022,3,MATAGORDA COUNTY,Grade 8,574
2021-2022,3,MATAGORDA COUNTY,Grade 9,564
2021-2022,3,MATAGORDA COUNTY,Grade 10,474
2021-2022,3,MATAGORDA COUNTY,Grade 11,474
2021-2022,3,MATAGORDA COUNTY,Grade 12,432
2021-2022,20,MAVERICK COUNTY,Early Education,47
2021-2022,20,MAVERICK COUNTY,Pre-kindergarten,435
2021-2022,20,MAVERICK COUNTY,Kindergarten,994
2021-2022,20,MAVERICK COUNTY,Grade 1,961
2021-2022,20,MAVERICK COUNTY,Grade 2,923
2021-2022,20,MAVERICK COUNTY,Grade 3,973
2021-2022,20,MAVERICK COUNTY,Grade 4,928
2021-2022,20,MAVERICK COUNTY,Grade 5,852
2021-2022,20,MAVERICK COUNTY,Grade 6,922
2021-2022,20,MAVERICK COUNTY,Grade 7,981
2021-2022,20,MAVERICK COUNTY,Grade 8,1035
2021-2022,20,MAVERICK COUNTY,Grade 9,1337
2021-2022,20,MAVERICK COUNTY,Grade 10,967
2021-2022,20,MAVERICK COUNTY,Grade 11,1087
2021-2022,20,MAVERICK COUNTY,Grade 12,943
2021-2022,15,MCCULLOCH COUNTY,Early Education,6
2021-2022,15,MCCULLOCH COUNTY,Pre-kindergarten,78
2021-2022,15,MCCULLOCH COUNTY,Kindergarten,88
2021-2022,15,MCCULLOCH COUNTY,Grade 1,90
2021-2022,15,MCCULLOCH COUNTY,Grade 2,69
2021-2022,15,MCCULLOCH COUNTY,Grade 3,96
2021-2022,15,MCCULLOCH COUNTY,Grade 4,108
2021-2022,15,MCCULLOCH COUNTY,Grade 5,83
2021-2022,15,MCCULLOCH COUNTY,Grade 6,91
2021-2022,15,MCCULLOCH COUNTY,Grade 7,94
2021-2022,15,MCCULLOCH COUNTY,Grade 8,106
2021-2022,15,MCCULLOCH COUNTY,Grade 9,114
2021-2022,15,MCCULLOCH COUNTY,Grade 10,87
2021-2022,15,MCCULLOCH COUNTY,Grade 11,92
2021-2022,15,MCCULLOCH COUNTY,Grade 12,83
2021-2022,12,MCLENNAN COUNTY,Early Education,138
2021-2022,12,MCLENNAN COUNTY,Pre-kindergarten,2152
2021-2022,12,MCLENNAN COUNTY,Kindergarten,3769
2021-2022,12,MCLENNAN COUNTY,Grade 1,4017
2021-2022,12,MCLENNAN COUNTY,Grade 2,4042
2021-2022,12,MCLENNAN COUNTY,Grade 3,3950
2021-2022,12,MCLENNAN COUNTY,Grade 4,3901
2021-2022,12,MCLENNAN COUNTY,Grade 5,3877
2021-2022,12,MCLENNAN COUNTY,Grade 6,4137
2021-2022,12,MCLENNAN COUNTY,Grade 7,4240
2021-2022,12,MCLENNAN COUNTY,Grade 8,4168
2021-2022,12,MCLENNAN COUNTY,Grade 9,4400
2021-2022,12,MCLENNAN COUNTY,Grade 10,3827
2021-2022,12,MCLENNAN COUNTY,Grade 11,3565
2021-2022,12,MCLENNAN COUNTY,Grade 12,3364
2021-2022,2,MCMULLEN COUNTY,Pre-kindergarten,13
2021-2022,2,MCMULLEN COUNTY,Kindergarten,21
2021-2022,2,MCMULLEN COUNTY,Grade 1,17
2021-2022,2,MCMULLEN COUNTY,Grade 2,22
2021-2022,2,MCMULLEN COUNTY,Grade 3,16
2021-2022,2,MCMULLEN COUNTY,Grade 4,20
2021-2022,2,MCMULLEN COUNTY,Grade 5,19
2021-2022,2,MCMULLEN COUNTY,Grade 6,19
2021-2022,2,MCMULLEN COUNTY,Grade 7,19
2021-2022,2,MCMULLEN COUNTY,Grade 8,26
2021-2022,2,MCMULLEN COUNTY,Grade 9,21
2021-2022,2,MCMULLEN COUNTY,Grade 10,18
2021-2022,2,MCMULLEN COUNTY,Grade 11,30
2021-2022,2,MCMULLEN COUNTY,Grade 12,22
2021-2022,20,MEDINA COUNTY,Early Education,68
2021-2022,20,MEDINA COUNTY,Pre-kindergarten,415
2021-2022,20,MEDINA COUNTY,Kindergarten,869
2021-2022,20,MEDINA COUNTY,Grade 1,861
2021-2022,20,MEDINA COUNTY,Grade 2,917
2021-2022,20,MEDINA COUNTY,Grade 3,821
2021-2022,20,MEDINA COUNTY,Grade 4,853
2021-2022,20,MEDINA COUNTY,Grade 5,893
2021-2022,20,MEDINA COUNTY,Grade 6,893
2021-2022,20,MEDINA COUNTY,Grade 7,965
2021-2022,20,MEDINA COUNTY,Grade 8,941
2021-2022,20,MEDINA COUNTY,Grade 9,917
2021-2022,20,MEDINA COUNTY,Grade 10,920
2021-2022,20,MEDINA COUNTY,Grade 11,848
2021-2022,20,MEDINA COUNTY,Grade 12,782
2021-2022,15,MENARD COUNTY,Early Education,2
2021-2022,15,MENARD COUNTY,Pre-kindergarten,17
2021-2022,15,MENARD COUNTY,Kindergarten,27
2021-2022,15,MENARD COUNTY,Grade 1,16
2021-2022,15,MENARD COUNTY,Grade 2,21
2021-2022,15,MENARD COUNTY,Grade 3,19
2021-2022,15,MENARD COUNTY,Grade 4,26
2021-2022,15,MENARD COUNTY,Grade 5,16
2021-2022,15,MENARD COUNTY,Grade 6,21
2021-2022,15,MENARD COUNTY,Grade 7,23
2021-2022,15,MENARD COUNTY,Grade 8,29
2021-2022,15,MENARD COUNTY,Grade 9,18
2021-2022,15,MENARD COUNTY,Grade 10,27
2021-2022,15,MENARD COUNTY,Grade 11,20
2021-2022,15,MENARD COUNTY,Grade 12,18
2021-2022,18,MIDLAND COUNTY,Early Education,81
2021-2022,18,MIDLAND COUNTY,Pre-kindergarten,989
2021-2022,18,MIDLAND COUNTY,Kindergarten,2452
2021-2022,18,MIDLAND COUNTY,Grade 1,2433
2021-2022,18,MIDLAND COUNTY,Grade 2,2383
2021-2022,18,MIDLAND COUNTY,Grade 3,2358
2021-2022,18,MIDLAND COUNTY,Grade 4,2220
2021-2022,18,MIDLAND COUNTY,Grade 5,2280
2021-2022,18,MIDLAND COUNTY,Grade 6,2240
2021-2022,18,MIDLAND COUNTY,Grade 7,2291
2021-2022,18,MIDLAND COUNTY,Grade 8,2262
2021-2022,18,MIDLAND COUNTY,Grade 9,2354
2021-2022,18,MIDLAND COUNTY,Grade 10,2077
2021-2022,18,MIDLAND COUNTY,Grade 11,1905
2021-2022,18,MIDLAND COUNTY,Grade 12,1525
2021-2022,6,MILAM COUNTY,Early Education,2
2021-2022,6,MILAM COUNTY,Pre-kindergarten,183
2021-2022,12,MILAM COUNTY,Pre-kindergarten,5
2021-2022,13,MILAM COUNTY,Pre-kindergarten,15
2021-2022,6,MILAM COUNTY,Kindergarten,266
2021-2022,12,MILAM COUNTY,Kindergarten,9
2021-2022,13,MILAM COUNTY,Kindergarten,28
2021-2022,6,MILAM COUNTY,Grade 1,271
2021-2022,12,MILAM COUNTY,Grade 1,15
2021-2022,13,MILAM COUNTY,Grade 1,37
2021-2022,6,MILAM COUNTY,Grade 2,228
2021-2022,12,MILAM COUNTY,Grade 2,7
2021-2022,13,MILAM COUNTY,Grade 2,36
2021-2022,6,MILAM COUNTY,Grade 3,224
2021-2022,12,MILAM COUNTY,Grade 3,16
2021-2022,13,MILAM COUNTY,Grade 3,46
2021-2022,6,MILAM COUNTY,Grade 4,254
2021-2022,12,MILAM COUNTY,Grade 4,10
2021-2022,13,MILAM COUNTY,Grade 4,42
2021-2022,6,MILAM COUNTY,Grade 5,240
2021-2022,12,MILAM COUNTY,Grade 5,9
2021-2022,13,MILAM COUNTY,Grade 5,38
2021-2022,6,MILAM COUNTY,Grade 6,269
2021-2022,12,MILAM COUNTY,Grade 6,12
2021-2022,13,MILAM COUNTY,Grade 6,48
2021-2022,6,MILAM COUNTY,Grade 7,281
2021-2022,12,MILAM COUNTY,Grade 7,9
2021-2022,13,MILAM COUNTY,Grade 7,56
2021-2022,6,MILAM COUNTY,Grade 8,303
2021-2022,12,MILAM COUNTY,Grade 8,14
2021-2022,13,MILAM COUNTY,Grade 8,36
2021-2022,6,MILAM COUNTY,Grade 9,326
2021-2022,12,MILAM COUNTY,Grade 9,10
2021-2022,13,MILAM COUNTY,Grade 9,50
2021-2022,6,MILAM COUNTY,Grade 10,246
2021-2022,12,MILAM COUNTY,Grade 10,8
2021-2022,13,MILAM COUNTY,Grade 10,46
2021-2022,6,MILAM COUNTY,Grade 11,265
2021-2022,12,MILAM COUNTY,Grade 11,8
2021-2022,13,MILAM COUNTY,Grade 11,55
2021-2022,6,MILAM COUNTY,Grade 12,208
2021-2022,12,MILAM COUNTY,Grade 12,8
2021-2022,13,MILAM COUNTY,Grade 12,63
2021-2022,12,MILLS COUNTY,Early Education,2
2021-2022,12,MILLS COUNTY,Pre-kindergarten,35
2021-2022,12,MILLS COUNTY,Kindergarten,59
2021-2022,12,MILLS COUNTY,Grade 1,45
2021-2022,12,MILLS COUNTY,Grade 2,52
2021-2022,12,MILLS COUNTY,Grade 3,46
2021-2022,12,MILLS COUNTY,Grade 4,49
2021-2022,12,MILLS COUNTY,Grade 5,40
2021-2022,12,MILLS COUNTY,Grade 6,49
2021-2022,12,MILLS COUNTY,Grade 7,58
2021-2022,12,MILLS COUNTY,Grade 8,62
2021-2022,12,MILLS COUNTY,Grade 9,105
2021-2022,12,MILLS COUNTY,Grade 10,92
2021-2022,12,MILLS COUNTY,Grade 11,72
2021-2022,12,MILLS COUNTY,Grade 12,86
2021-2022,14,MITCHELL COUNTY,Early Education,30
2021-2022,14,MITCHELL COUNTY,Pre-kindergarten,101
2021-2022,14,MITCHELL COUNTY,Kindergarten,102
2021-2022,14,MITCHELL COUNTY,Grade 1,99
2021-2022,14,MITCHELL COUNTY,Grade 2,92
2021-2022,14,MITCHELL COUNTY,Grade 3,77
2021-2022,14,MITCHELL COUNTY,Grade 4,88
2021-2022,14,MITCHELL COUNTY,Grade 5,78
2021-2022,14,MITCHELL COUNTY,Grade 6,80
2021-2022,14,MITCHELL COUNTY,Grade 7,94
2021-2022,14,MITCHELL COUNTY,Grade 8,109
2021-2022,14,MITCHELL COUNTY,Grade 9,97
2021-2022,14,MITCHELL COUNTY,Grade 10,86
2021-2022,14,MITCHELL COUNTY,Grade 11,73
2021-2022,14,MITCHELL COUNTY,Grade 12,83
2021-2022,9,MONTAGUE COUNTY,Early Education,12
2021-2022,9,MONTAGUE COUNTY,Pre-kindergarten,198
2021-2022,9,MONTAGUE COUNTY,Kindergarten,231
2021-2022,9,MONTAGUE COUNTY,Grade 1,259
2021-2022,9,MONTAGUE COUNTY,Grade 2,227
2021-2022,9,MONTAGUE COUNTY,Grade 3,239
2021-2022,9,MONTAGUE COUNTY,Grade 4,233
2021-2022,9,MONTAGUE COUNTY,Grade 5,238
2021-2022,9,MONTAGUE COUNTY,Grade 6,248
2021-2022,9,MONTAGUE COUNTY,Grade 7,287
2021-2022,9,MONTAGUE COUNTY,Grade 8,261
2021-2022,9,MONTAGUE COUNTY,Grade 9,283
2021-2022,9,MONTAGUE COUNTY,Grade 10,255
2021-2022,9,MONTAGUE COUNTY,Grade 11,230
2021-2022,9,MONTAGUE COUNTY,Grade 12,231
2021-2022,6,MONTGOMERY COUNTY,Early Education,523
2021-2022,6,MONTGOMERY COUNTY,Pre-kindergarten,3282
2021-2022,6,MONTGOMERY COUNTY,Kindergarten,8102
2021-2022,6,MONTGOMERY COUNTY,Grade 1,8539
2021-2022,6,MONTGOMERY COUNTY,Grade 2,8722
2021-2022,6,MONTGOMERY COUNTY,Grade 3,8596
2021-2022,6,MONTGOMERY COUNTY,Grade 4,8772
2021-2022,6,MONTGOMERY COUNTY,Grade 5,8791
2021-2022,6,MONTGOMERY COUNTY,Grade 6,9307
2021-2022,6,MONTGOMERY COUNTY,Grade 7,9682
2021-2022,6,MONTGOMERY COUNTY,Grade 8,9689
2021-2022,6,MONTGOMERY COUNTY,Grade 9,10318
2021-2022,6,MONTGOMERY COUNTY,Grade 10,9627
2021-2022,6,MONTGOMERY COUNTY,Grade 11,8850
2021-2022,6,MONTGOMERY COUNTY,Grade 12,8235
2021-2022,16,MOORE COUNTY,Early Education,17
2021-2022,16,MOORE COUNTY,Pre-kindergarten,216
2021-2022,16,MOORE COUNTY,Kindergarten,402
2021-2022,16,MOORE COUNTY,Grade 1,401
2021-2022,16,MOORE COUNTY,Grade 2,367
2021-2022,16,MOORE COUNTY,Grade 3,347
2021-2022,16,MOORE COUNTY,Grade 4,331
2021-2022,16,MOORE COUNTY,Grade 5,353
2021-2022,16,MOORE COUNTY,Grade 6,370
2021-2022,16,MOORE COUNTY,Grade 7,391
2021-2022,16,MOORE COUNTY,Grade 8,368
2021-2022,16,MOORE COUNTY,Grade 9,398
2021-2022,16,MOORE COUNTY,Grade 10,317
2021-2022,16,MOORE COUNTY,Grade 11,339
2021-2022,16,MOORE COUNTY,Grade 12,283
2021-2022,8,MORRIS COUNTY,Early Education,23
2021-2022,8,MORRIS COUNTY,Pre-kindergarten,100
2021-2022,8,MORRIS COUNTY,Kindergarten,143
2021-2022,8,MORRIS COUNTY,Grade 1,119
2021-2022,8,MORRIS COUNTY,Grade 2,124
2021-2022,8,MORRIS COUNTY,Grade 3,117
2021-2022,8,MORRIS COUNTY,Grade 4,118
2021-2022,8,MORRIS COUNTY,Grade 5,131
2021-2022,8,MORRIS COUNTY,Grade 6,142
2021-2022,8,MORRIS COUNTY,Grade 7,156
2021-2022,8,MORRIS COUNTY,Grade 8,165
2021-2022,8,MORRIS COUNTY,Grade 9,153
2021-2022,8,MORRIS COUNTY,Grade 10,131
2021-2022,8,MORRIS COUNTY,Grade 11,118
2021-2022,8,MORRIS COUNTY,Grade 12,122
2021-2022,17,MOTLEY COUNTY,Pre-kindergarten,15
2021-2022,17,MOTLEY COUNTY,Kindergarten,11
2021-2022,17,MOTLEY COUNTY,Grade 1,10
2021-2022,17,MOTLEY COUNTY,Grade 2,8
2021-2022,17,MOTLEY COUNTY,Grade 3,11
2021-2022,17,MOTLEY COUNTY,Grade 4,6
2021-2022,17,MOTLEY COUNTY,Grade 5,11
2021-2022,17,MOTLEY COUNTY,Grade 6,13
2021-2022,17,MOTLEY COUNTY,Grade 7,10
2021-2022,17,MOTLEY COUNTY,Grade 8,12
2021-2022,17,MOTLEY COUNTY,Grade 9,13
2021-2022,17,MOTLEY COUNTY,Grade 10,11
2021-2022,17,MOTLEY COUNTY,Grade 11,12
2021-2022,17,MOTLEY COUNTY,Grade 12,14
2021-2022,7,NACOGDOCHES COUNTY,Early Education,19
2021-2022,7,NACOGDOCHES COUNTY,Pre-kindergarten,442
2021-2022,7,NACOGDOCHES COUNTY,Kindergarten,760
2021-2022,7,NACOGDOCHES COUNTY,Grade 1,774
2021-2022,7,NACOGDOCHES COUNTY,Grade 2,784
2021-2022,7,NACOGDOCHES COUNTY,Grade 3,770
2021-2022,7,NACOGDOCHES COUNTY,Grade 4,742
2021-2022,7,NACOGDOCHES COUNTY,Grade 5,810
2021-2022,7,NACOGDOCHES COUNTY,Grade 6,800
2021-2022,7,NACOGDOCHES COUNTY,Grade 7,774
2021-2022,7,NACOGDOCHES COUNTY,Grade 8,866
2021-2022,7,NACOGDOCHES COUNTY,Grade 9,913
2021-2022,7,NACOGDOCHES COUNTY,Grade 10,755
2021-2022,7,NACOGDOCHES COUNTY,Grade 11,762
2021-2022,7,NACOGDOCHES COUNTY,Grade 12,694
2021-2022,12,NAVARRO COUNTY,Early Education,39
2021-2022,12,NAVARRO COUNTY,Pre-kindergarten,364
2021-2022,12,NAVARRO COUNTY,Kindergarten,701
2021-2022,12,NAVARRO COUNTY,Grade 1,791
2021-2022,12,NAVARRO COUNTY,Grade 2,760
2021-2022,12,NAVARRO COUNTY,Grade 3,716
2021-2022,12,NAVARRO COUNTY,Grade 4,721
2021-2022,12,NAVARRO COUNTY,Grade 5,742
2021-2022,12,NAVARRO COUNTY,Grade 6,766
2021-2022,12,NAVARRO COUNTY,Grade 7,825
2021-2022,12,NAVARRO COUNTY,Grade 8,791
2021-2022,12,NAVARRO COUNTY,Grade 9,950
2021-2022,12,NAVARRO COUNTY,Grade 10,740
2021-2022,12,NAVARRO COUNTY,Grade 11,676
2021-2022,12,NAVARRO COUNTY,Grade 12,675
2021-2022,5,NEWTON COUNTY,Early Education,17
2021-2022,5,NEWTON COUNTY,Pre-kindergarten,68
2021-2022,5,NEWTON COUNTY,Kindergarten,114
2021-2022,5,NEWTON COUNTY,Grade 1,138
2021-2022,5,NEWTON COUNTY,Grade 2,118
2021-2022,5,NEWTON COUNTY,Grade 3,123
2021-2022,5,NEWTON COUNTY,Grade 4,143
2021-2022,5,NEWTON COUNTY,Grade 5,132
2021-2022,5,NEWTON COUNTY,Grade 6,117
2021-2022,5,NEWTON COUNTY,Grade 7,147
2021-2022,5,NEWTON COUNTY,Grade 8,125
2021-2022,5,NEWTON COUNTY,Grade 9,124
2021-2022,5,NEWTON COUNTY,Grade 10,125
2021-2022,5,NEWTON COUNTY,Grade 11,119
2021-2022,5,NEWTON COUNTY,Grade 12,116
2021-2022,14,NOLAN COUNTY,Early Education,73
2021-2022,14,NOLAN COUNTY,Pre-kindergarten,213
2021-2022,14,NOLAN COUNTY,Kindergarten,643
2021-2022,14,NOLAN COUNTY,Grade 1,645
2021-2022,14,NOLAN COUNTY,Grade 2,701
2021-2022,14,NOLAN COUNTY,Grade 3,432
2021-2022,14,NOLAN COUNTY,Grade 4,575
2021-2022,14,NOLAN COUNTY,Grade 5,550
2021-2022,14,NOLAN COUNTY,Grade 6,325
2021-2022,14,NOLAN COUNTY,Grade 7,227
2021-2022,14,NOLAN COUNTY,Grade 8,243
2021-2022,14,NOLAN COUNTY,Grade 9,266
2021-2022,14,NOLAN COUNTY,Grade 10,208
2021-2022,14,NOLAN COUNTY,Grade 11,195
2021-2022,14,NOLAN COUNTY,Grade 12,220
2021-2022,2,NUECES COUNTY,Early Education,200
2021-2022,2,NUECES COUNTY,Pre-kindergarten,1673
2021-2022,2,NUECES COUNTY,Kindergarten,3718
2021-2022,2,NUECES COUNTY,Grade 1,4079
2021-2022,2,NUECES COUNTY,Grade 2,4125
2021-2022,2,NUECES COUNTY,Grade 3,3996
2021-2022,2,NUECES COUNTY,Grade 4,3955
2021-2022,2,NUECES COUNTY,Grade 5,4079
2021-2022,2,NUECES COUNTY,Grade 6,4156
2021-2022,2,NUECES COUNTY,Grade 7,4392
2021-2022,2,NUECES COUNTY,Grade 8,4628
2021-2022,2,NUECES COUNTY,Grade 9,4972
2021-2022,2,NUECES COUNTY,Grade 10,4385
2021-2022,2,NUECES COUNTY,Grade 11,4184
2021-2022,2,NUECES COUNTY,Grade 12,3976
2021-2022,16,OCHILTREE COUNTY,Early Education,4
2021-2022,16,OCHILTREE COUNTY,Pre-kindergarten,74
2021-2022,16,OCHILTREE COUNTY,Kindergarten,155
2021-2022,16,OCHILTREE COUNTY,Grade 1,155
2021-2022,16,OCHILTREE COUNTY,Grade 2,149
2021-2022,16,OCHILTREE COUNTY,Grade 3,131
2021-2022,16,OCHILTREE COUNTY,Grade 4,134
2021-2022,16,OCHILTREE COUNTY,Grade 5,143
2021-2022,16,OCHILTREE COUNTY,Grade 6,140
2021-2022,16,OCHILTREE COUNTY,Grade 7,148
2021-2022,16,OCHILTREE COUNTY,Grade 8,167
2021-2022,16,OCHILTREE COUNTY,Grade 9,170
2021-2022,16,OCHILTREE COUNTY,Grade 10,161
2021-2022,16,OCHILTREE COUNTY,Grade 11,161
2021-2022,16,OCHILTREE COUNTY,Grade 12,160
2021-2022,16,OLDHAM COUNTY,Early Education,2
2021-2022,16,OLDHAM COUNTY,Pre-kindergarten,33
2021-2022,16,OLDHAM COUNTY,Kindergarten,38
2021-2022,16,OLDHAM COUNTY,Grade 1,58
2021-2022,16,OLDHAM COUNTY,Grade 2,55
2021-2022,16,OLDHAM COUNTY,Grade 3,60
2021-2022,16,OLDHAM COUNTY,Grade 4,44
2021-2022,16,OLDHAM COUNTY,Grade 5,57
2021-2022,16,OLDHAM COUNTY,Grade 6,58
2021-2022,16,OLDHAM COUNTY,Grade 7,69
2021-2022,16,OLDHAM COUNTY,Grade 8,74
2021-2022,16,OLDHAM COUNTY,Grade 9,83
2021-2022,16,OLDHAM COUNTY,Grade 10,90
2021-2022,16,OLDHAM COUNTY,Grade 11,91
2021-2022,16,OLDHAM COUNTY,Grade 12,79
2021-2022,5,ORANGE COUNTY,Early Education,71
2021-2022,5,ORANGE COUNTY,Pre-kindergarten,613
2021-2022,5,ORANGE COUNTY,Kindergarten,1149
2021-2022,5,ORANGE COUNTY,Grade 1,1160
2021-2022,5,ORANGE COUNTY,Grade 2,1109
2021-2022,5,ORANGE COUNTY,Grade 3,1100
2021-2022,5,ORANGE COUNTY,Grade 4,1067
2021-2022,5,ORANGE COUNTY,Grade 5,1075
2021-2022,5,ORANGE COUNTY,Grade 6,1110
2021-2022,5,ORANGE COUNTY,Grade 7,1143
2021-2022,5,ORANGE COUNTY,Grade 8,1153
2021-2022,5,ORANGE COUNTY,Grade 9,1261
2021-2022,5,ORANGE COUNTY,Grade 10,1058
2021-2022,5,ORANGE COUNTY,Grade 11,961
2021-2022,5,ORANGE COUNTY,Grade 12,985
2021-2022,11,PALO PINTO COUNTY,Early Education,19
2021-2022,11,PALO PINTO COUNTY,Pre-kindergarten,289
2021-2022,11,PALO PINTO COUNTY,Kindergarten,318
2021-2022,11,PALO PINTO COUNTY,Grade 1,343
2021-2022,11,PALO PINTO COUNTY,Grade 2,331
2021-2022,11,PALO PINTO COUNTY,Grade 3,328
2021-2022,11,PALO PINTO COUNTY,Grade 4,342
2021-2022,11,PALO PINTO COUNTY,Grade 5,314
2021-2022,11,PALO PINTO COUNTY,Grade 6,329
2021-2022,11,PALO PINTO COUNTY,Grade 7,342
2021-2022,11,PALO PINTO COUNTY,Grade 8,344
2021-2022,11,PALO PINTO COUNTY,Grade 9,400
2021-2022,11,PALO PINTO COUNTY,Grade 10,333
2021-2022,11,PALO PINTO COUNTY,Grade 11,279
2021-2022,11,PALO PINTO COUNTY,Grade 12,254
2021-2022,7,PANOLA COUNTY,Early Education,17
2021-2022,7,PANOLA COUNTY,Pre-kindergarten,178
2021-2022,7,PANOLA COUNTY,Kindergarten,274
2021-2022,7,PANOLA COUNTY,Grade 1,297
2021-2022,7,PANOLA COUNTY,Grade 2,266
2021-2022,7,PANOLA COUNTY,Grade 3,262
2021-2022,7,PANOLA COUNTY,Grade 4,291
2021-2022,7,PANOLA COUNTY,Grade 5,258
2021-2022,7,PANOLA COUNTY,Grade 6,264
2021-2022,7,PANOLA COUNTY,Grade 7,320
2021-2022,7,PANOLA COUNTY,Grade 8,322
2021-2022,7,PANOLA COUNTY,Grade 9,364
2021-2022,7,PANOLA COUNTY,Grade 10,294
2021-2022,7,PANOLA COUNTY,Grade 11,359
2021-2022,7,PANOLA COUNTY,Grade 12,290
2021-2022,11,PARKER COUNTY,Early Education,140
2021-2022,11,PARKER COUNTY,Pre-kindergarten,453
2021-2022,11,PARKER COUNTY,Kindergarten,1961
2021-2022,11,PARKER COUNTY,Grade 1,1862
2021-2022,11,PARKER COUNTY,Grade 2,1916
2021-2022,11,PARKER COUNTY,Grade 3,1858
2021-2022,11,PARKER COUNTY,Grade 4,1928
2021-2022,11,PARKER COUNTY,Grade 5,1817
2021-2022,11,PARKER COUNTY,Grade 6,1936
2021-2022,11,PARKER COUNTY,Grade 7,1899
2021-2022,11,PARKER COUNTY,Grade 8,2004
2021-2022,11,PARKER COUNTY,Grade 9,2054
2021-2022,11,PARKER COUNTY,Grade 10,1816
2021-2022,11,PARKER COUNTY,Grade 11,1816
2021-2022,11,PARKER COUNTY,Grade 12,1600
2021-2022,16,PARMER COUNTY,Early Education,6
2021-2022,16,PARMER COUNTY,Pre-kindergarten,151
2021-2022,16,PARMER COUNTY,Kindergarten,197
2021-2022,16,PARMER COUNTY,Grade 1,147
2021-2022,16,PARMER COUNTY,Grade 2,161
2021-2022,16,PARMER COUNTY,Grade 3,164
2021-2022,16,PARMER COUNTY,Grade 4,164
2021-2022,16,PARMER COUNTY,Grade 5,155
2021-2022,16,PARMER COUNTY,Grade 6,170
2021-2022,16,PARMER COUNTY,Grade 7,182
2021-2022,16,PARMER COUNTY,Grade 8,161
2021-2022,16,PARMER COUNTY,Grade 9,162
2021-2022,16,PARMER COUNTY,Grade 10,166
2021-2022,16,PARMER COUNTY,Grade 11,165
2021-2022,16,PARMER COUNTY,Grade 12,139
2021-2022,18,PECOS COUNTY,Early Education,14
2021-2022,18,PECOS COUNTY,Pre-kindergarten,48
2021-2022,18,PECOS COUNTY,Kindergarten,182
2021-2022,18,PECOS COUNTY,Grade 1,183
2021-2022,18,PECOS COUNTY,Grade 2,211
2021-2022,18,PECOS COUNTY,Grade 3,195
2021-2022,18,PECOS COUNTY,Grade 4,213
2021-2022,18,PECOS COUNTY,Grade 5,213
2021-2022,18,PECOS COUNTY,Grade 6,197
2021-2022,18,PECOS COUNTY,Grade 7,245
2021-2022,18,PECOS COUNTY,Grade 8,249
2021-2022,18,PECOS COUNTY,Grade 9,264
2021-2022,18,PECOS COUNTY,Grade 10,201
2021-2022,18,PECOS COUNTY,Grade 11,214
2021-2022,18,PECOS COUNTY,Grade 12,182
2021-2022,6,POLK COUNTY,Early Education,32
2021-2022,6,POLK COUNTY,Pre-kindergarten,317
2021-2022,6,POLK COUNTY,Kindergarten,555
2021-2022,6,POLK COUNTY,Grade 1,538
2021-2022,6,POLK COUNTY,Grade 2,522
2021-2022,6,POLK COUNTY,Grade 3,532
2021-2022,6,POLK COUNTY,Grade 4,486
2021-2022,6,POLK COUNTY,Grade 5,502
2021-2022,6,POLK COUNTY,Grade 6,533
2021-2022,6,POLK COUNTY,Grade 7,558
2021-2022,6,POLK COUNTY,Grade 8,520
2021-2022,6,POLK COUNTY,Grade 9,598
2021-2022,6,POLK COUNTY,Grade 10,517
2021-2022,6,POLK COUNTY,Grade 11,442
2021-2022,6,POLK COUNTY,Grade 12,400
2021-2022,16,POTTER COUNTY,Early Education,99
2021-2022,16,POTTER COUNTY,Pre-kindergarten,1821
2021-2022,16,POTTER COUNTY,Kindergarten,2454
2021-2022,16,POTTER COUNTY,Grade 1,2502
2021-2022,16,POTTER COUNTY,Grade 2,2564
2021-2022,16,POTTER COUNTY,Grade 3,2527
2021-2022,16,POTTER COUNTY,Grade 4,2474
2021-2022,16,POTTER COUNTY,Grade 5,2533
2021-2022,16,POTTER COUNTY,Grade 6,2560
2021-2022,16,POTTER COUNTY,Grade 7,2663
2021-2022,16,POTTER COUNTY,Grade 8,2677
2021-2022,16,POTTER COUNTY,Grade 9,2924
2021-2022,16,POTTER COUNTY,Grade 10,2284
2021-2022,16,POTTER COUNTY,Grade 11,2321
2021-2022,16,POTTER COUNTY,Grade 12,2179
2021-2022,18,PRESIDIO COUNTY,Early Education,3
2021-2022,18,PRESIDIO COUNTY,Pre-kindergarten,64
2021-2022,18,PRESIDIO COUNTY,Kindergarten,77
2021-2022,18,PRESIDIO COUNTY,Grade 1,87
2021-2022,18,PRESIDIO COUNTY,Grade 2,91
2021-2022,18,PRESIDIO COUNTY,Grade 3,80
2021-2022,18,PRESIDIO COUNTY,Grade 4,81
2021-2022,18,PRESIDIO COUNTY,Grade 5,73
2021-2022,18,PRESIDIO COUNTY,Grade 6,95
2021-2022,18,PRESIDIO COUNTY,Grade 7,76
2021-2022,18,PRESIDIO COUNTY,Grade 8,105
2021-2022,18,PRESIDIO COUNTY,Grade 9,169
2021-2022,18,PRESIDIO COUNTY,Grade 10,96
2021-2022,18,PRESIDIO COUNTY,Grade 11,104
2021-2022,18,PRESIDIO COUNTY,Grade 12,116
2021-2022,7,RAINS COUNTY,Early Education,4
2021-2022,7,RAINS COUNTY,Pre-kindergarten,78
2021-2022,7,RAINS COUNTY,Kindergarten,109
2021-2022,7,RAINS COUNTY,Grade 1,124
2021-2022,7,RAINS COUNTY,Grade 2,130
2021-2022,7,RAINS COUNTY,Grade 3,119
2021-2022,7,RAINS COUNTY,Grade 4,137
2021-2022,7,RAINS COUNTY,Grade 5,123
2021-2022,7,RAINS COUNTY,Grade 6,144
2021-2022,7,RAINS COUNTY,Grade 7,140
2021-2022,7,RAINS COUNTY,Grade 8,149
2021-2022,7,RAINS COUNTY,Grade 9,118
2021-2022,7,RAINS COUNTY,Grade 10,129
2021-2022,7,RAINS COUNTY,Grade 11,116
2021-2022,7,RAINS COUNTY,Grade 12,109
2021-2022,16,RANDALL COUNTY,Early Education,79
2021-2022,16,RANDALL COUNTY,Pre-kindergarten,181
2021-2022,16,RANDALL COUNTY,Kindergarten,782
2021-2022,16,RANDALL COUNTY,Grade 1,780
2021-2022,16,RANDALL COUNTY,Grade 2,804
2021-2022,16,RANDALL COUNTY,Grade 3,826
2021-2022,16,RANDALL COUNTY,Grade 4,822
2021-2022,16,RANDALL COUNTY,Grade 5,836
2021-2022,16,RANDALL COUNTY,Grade 6,830
2021-2022,16,RANDALL COUNTY,Grade 7,852
2021-2022,16,RANDALL COUNTY,Grade 8,865
2021-2022,16,RANDALL COUNTY,Grade 9,900
2021-2022,16,RANDALL COUNTY,Grade 10,752
2021-2022,16,RANDALL COUNTY,Grade 11,714
2021-2022,16,RANDALL COUNTY,Grade 12,688
2021-2022,18,REAGAN COUNTY,Early Education,4
2021-2022,18,REAGAN COUNTY,Pre-kindergarten,62
2021-2022,18,REAGAN COUNTY,Kindergarten,64
2021-2022,18,REAGAN COUNTY,Grade 1,55
2021-2022,18,REAGAN COUNTY,Grade 2,75
2021-2022,18,REAGAN COUNTY,Grade 3,63
2021-2022,18,REAGAN COUNTY,Grade 4,48
2021-2022,18,REAGAN COUNTY,Grade 5,47
2021-2022,18,REAGAN COUNTY,Grade 6,55
2021-2022,18,REAGAN COUNTY,Grade 7,54
2021-2022,18,REAGAN COUNTY,Grade 8,54
2021-2022,18,REAGAN COUNTY,Grade 9,67
2021-2022,18,REAGAN COUNTY,Grade 10,61
2021-2022,18,REAGAN COUNTY,Grade 11,54
2021-2022,18,REAGAN COUNTY,Grade 12,49
2021-2022,20,REAL COUNTY,Pre-kindergarten,29
2021-2022,20,REAL COUNTY,Kindergarten,22
2021-2022,20,REAL COUNTY,Grade 1,33
2021-2022,20,REAL COUNTY,Grade 2,30
2021-2022,20,REAL COUNTY,Grade 3,26
2021-2022,20,REAL COUNTY,Grade 4,32
2021-2022,20,REAL COUNTY,Grade 5,40
2021-2022,20,REAL COUNTY,Grade 6,54
2021-2022,20,REAL COUNTY,Grade 7,50
2021-2022,20,REAL COUNTY,Grade 8,49
2021-2022,20,REAL COUNTY,Grade 9,41
2021-2022,20,REAL COUNTY,Grade 10,50
2021-2022,20,REAL COUNTY,Grade 11,35
2021-2022,20,REAL COUNTY,Grade 12,41
2021-2022,8,RED RIVER COUNTY,Early Education,8
2021-2022,8,RED RIVER COUNTY,Pre-kindergarten,149
2021-2022,8,RED RIVER COUNTY,Kindergarten,155
2021-2022,8,RED RIVER COUNTY,Grade 1,148
2021-2022,8,RED RIVER COUNTY,Grade 2,142
2021-2022,8,RED RIVER COUNTY,Grade 3,148
2021-2022,8,RED RIVER COUNTY,Grade 4,146
2021-2022,8,RED RIVER COUNTY,Grade 5,166
2021-2022,8,RED RIVER COUNTY,Grade 6,152
2021-2022,8,RED RIVER COUNTY,Grade 7,171
2021-2022,8,RED RIVER COUNTY,Grade 8,164
2021-2022,8,RED RIVER COUNTY,Grade 9,160
2021-2022,8,RED RIVER COUNTY,Grade 10,142
2021-2022,8,RED RIVER COUNTY,Grade 11,125
2021-2022,8,RED RIVER COUNTY,Grade 12,121
2021-2022,18,REEVES COUNTY,Early Education,2
2021-2022,18,REEVES COUNTY,Pre-kindergarten,128
2021-2022,18,REEVES COUNTY,Kindergarten,243
2021-2022,18,REEVES COUNTY,Grade 1,208
2021-2022,18,REEVES COUNTY,Grade 2,215
2021-2022,18,REEVES COUNTY,Grade 3,209
2021-2022,18,REEVES COUNTY,Grade 4,195
2021-2022,18,REEVES COUNTY,Grade 5,202
2021-2022,18,REEVES COUNTY,Grade 6,209
2021-2022,18,REEVES COUNTY,Grade 7,242
2021-2022,18,REEVES COUNTY,Grade 8,243
2021-2022,18,REEVES COUNTY,Grade 9,210
2021-2022,18,REEVES COUNTY,Grade 10,198
2021-2022,18,REEVES COUNTY,Grade 11,169
2021-2022,18,REEVES COUNTY,Grade 12,146
2021-2022,3,REFUGIO COUNTY,Early Education,2
2021-2022,3,REFUGIO COUNTY,Pre-kindergarten,47
2021-2022,3,REFUGIO COUNTY,Kindergarten,91
2021-2022,3,REFUGIO COUNTY,Grade 1,101
2021-2022,3,REFUGIO COUNTY,Grade 2,76
2021-2022,3,REFUGIO COUNTY,Grade 3,86
2021-2022,3,REFUGIO COUNTY,Grade 4,92
2021-2022,3,REFUGIO COUNTY,Grade 5,95
2021-2022,3,REFUGIO COUNTY,Grade 6,86
2021-2022,3,REFUGIO COUNTY,Grade 7,83
2021-2022,3,REFUGIO COUNTY,Grade 8,116
2021-2022,3,REFUGIO COUNTY,Grade 9,109
2021-2022,3,REFUGIO COUNTY,Grade 10,95
2021-2022,3,REFUGIO COUNTY,Grade 11,77
2021-2022,3,REFUGIO COUNTY,Grade 12,102
2021-2022,16,ROBERTS COUNTY,Pre-kindergarten,15
2021-2022,16,ROBERTS COUNTY,Kindergarten,11
2021-2022,16,ROBERTS COUNTY,Grade 1,11
2021-2022,16,ROBERTS COUNTY,Grade 2,13
2021-2022,16,ROBERTS COUNTY,Grade 3,10
2021-2022,16,ROBERTS COUNTY,Grade 4,14
2021-2022,16,ROBERTS COUNTY,Grade 5,13
2021-2022,16,ROBERTS COUNTY,Grade 6,15
2021-2022,16,ROBERTS COUNTY,Grade 7,12
2021-2022,16,ROBERTS COUNTY,Grade 8,18
2021-2022,16,ROBERTS COUNTY,Grade 9,17
2021-2022,16,ROBERTS COUNTY,Grade 10,20
2021-2022,16,ROBERTS COUNTY,Grade 11,12
2021-2022,16,ROBERTS COUNTY,Grade 12,15
2021-2022,6,ROBERTSON COUNTY,Early Education,9
2021-2022,6,ROBERTSON COUNTY,Pre-kindergarten,235
2021-2022,6,ROBERTSON COUNTY,Kindergarten,252
2021-2022,6,ROBERTSON COUNTY,Grade 1,225
2021-2022,6,ROBERTSON COUNTY,Grade 2,232
2021-2022,6,ROBERTSON COUNTY,Grade 3,216
2021-2022,6,ROBERTSON COUNTY,Grade 4,230
2021-2022,6,ROBERTSON COUNTY,Grade 5,233
2021-2022,6,ROBERTSON COUNTY,Grade 6,240
2021-2022,6,ROBERTSON COUNTY,Grade 7,250
2021-2022,6,ROBERTSON COUNTY,Grade 8,260
2021-2022,6,ROBERTSON COUNTY,Grade 9,267
2021-2022,6,ROBERTSON COUNTY,Grade 10,259
2021-2022,6,ROBERTSON COUNTY,Grade 11,233
2021-2022,6,ROBERTSON COUNTY,Grade 12,200
2021-2022,10,ROCKWALL COUNTY,Early Education,162
2021-2022,10,ROCKWALL COUNTY,Pre-kindergarten,603
2021-2022,10,ROCKWALL COUNTY,Kindergarten,1729
2021-2022,10,ROCKWALL COUNTY,Grade 1,1743
2021-2022,10,ROCKWALL COUNTY,Grade 2,1818
2021-2022,10,ROCKWALL COUNTY,Grade 3,1782
2021-2022,10,ROCKWALL COUNTY,Grade 4,1837
2021-2022,10,ROCKWALL COUNTY,Grade 5,1870
2021-2022,10,ROCKWALL COUNTY,Grade 6,1947
2021-2022,10,ROCKWALL COUNTY,Grade 7,1949
2021-2022,10,ROCKWALL COUNTY,Grade 8,2083
2021-2022,10,ROCKWALL COUNTY,Grade 9,2316
2021-2022,10,ROCKWALL COUNTY,Grade 10,2002
2021-2022,10,ROCKWALL COUNTY,Grade 11,1926
2021-2022,10,ROCKWALL COUNTY,Grade 12,1788
2021-2022,15,RUNNELS COUNTY,Early Education,3
2021-2022,15,RUNNELS COUNTY,Pre-kindergarten,100
2021-2022,15,RUNNELS COUNTY,Kindergarten,166
2021-2022,15,RUNNELS COUNTY,Grade 1,126
2021-2022,15,RUNNELS COUNTY,Grade 2,145
2021-2022,15,RUNNELS COUNTY,Grade 3,125
2021-2022,15,RUNNELS COUNTY,Grade 4,135
2021-2022,15,RUNNELS COUNTY,Grade 5,135
2021-2022,15,RUNNELS COUNTY,Grade 6,146
2021-2022,15,RUNNELS COUNTY,Grade 7,153
2021-2022,15,RUNNELS COUNTY,Grade 8,171
2021-2022,15,RUNNELS COUNTY,Grade 9,171
2021-2022,15,RUNNELS COUNTY,Grade 10,150
2021-2022,15,RUNNELS COUNTY,Grade 11,154
2021-2022,15,RUNNELS COUNTY,Grade 12,141
2021-2022,7,RUSK COUNTY,Early Education,15
2021-2022,7,RUSK COUNTY,Pre-kindergarten,369
2021-2022,7,RUSK COUNTY,Kindergarten,539
2021-2022,7,RUSK COUNTY,Grade 1,546
2021-2022,7,RUSK COUNTY,Grade 2,535
2021-2022,7,RUSK COUNTY,Grade 3,526
2021-2022,7,RUSK COUNTY,Grade 4,565
2021-2022,7,RUSK COUNTY,Grade 5,572
2021-2022,7,RUSK COUNTY,Grade 6,589
2021-2022,7,RUSK COUNTY,Grade 7,608
2021-2022,7,RUSK COUNTY,Grade 8,643
2021-2022,7,RUSK COUNTY,Grade 9,659
2021-2022,7,RUSK COUNTY,Grade 10,581
2021-2022,7,RUSK COUNTY,Grade 11,590
2021-2022,7,RUSK COUNTY,Grade 12,540
2021-2022,7,SABINE COUNTY,Early Education,2
2021-2022,7,SABINE COUNTY,Pre-kindergarten,85
2021-2022,7,SABINE COUNTY,Kindergarten,107
2021-2022,7,SABINE COUNTY,Grade 1,112
2021-2022,7,SABINE COUNTY,Grade 2,99
2021-2022,7,SABINE COUNTY,Grade 3,92
2021-2022,7,SABINE COUNTY,Grade 4,95
2021-2022,7,SABINE COUNTY,Grade 5,102
2021-2022,7,SABINE COUNTY,Grade 6,109
2021-2022,7,SABINE COUNTY,Grade 7,109
2021-2022,7,SABINE COUNTY,Grade 8,112
2021-2022,7,SABINE COUNTY,Grade 9,130
2021-2022,7,SABINE COUNTY,Grade 10,111
2021-2022,7,SABINE COUNTY,Grade 11,99
2021-2022,7,SABINE COUNTY,Grade 12,98
2021-2022,7,SAN AUGUSTINE COUNTY,Pre-kindergarten,66
2021-2022,7,SAN AUGUSTINE COUNTY,Kindergarten,74
2021-2022,7,SAN AUGUSTINE COUNTY,Grade 1,73
2021-2022,7,SAN AUGUSTINE COUNTY,Grade 2,61
2021-2022,7,SAN AUGUSTINE COUNTY,Grade 3,63
2021-2022,7,SAN AUGUSTINE COUNTY,Grade 4,76
2021-2022,7,SAN AUGUSTINE COUNTY,Grade 5,67
2021-2022,7,SAN AUGUSTINE COUNTY,Grade 6,80
2021-2022,7,SAN AUGUSTINE COUNTY,Grade 7,83
2021-2022,7,SAN AUGUSTINE COUNTY,Grade 8,76
2021-2022,7,SAN AUGUSTINE COUNTY,Grade 9,101
2021-2022,7,SAN AUGUSTINE COUNTY,Grade 10,82
2021-2022,7,SAN AUGUSTINE COUNTY,Grade 11,75
2021-2022,7,SAN AUGUSTINE COUNTY,Grade 12,50
2021-2022,6,SAN JACINTO COUNTY,Early Education,3
2021-2022,6,SAN JACINTO COUNTY,Pre-kindergarten,187
2021-2022,6,SAN JACINTO COUNTY,Kindergarten,215
2021-2022,6,SAN JACINTO COUNTY,Grade 1,258
2021-2022,6,SAN JACINTO COUNTY,Grade 2,252
2021-2022,6,SAN JACINTO COUNTY,Grade 3,238
2021-2022,6,SAN JACINTO COUNTY,Grade 4,232
2021-2022,6,SAN JACINTO COUNTY,Grade 5,251
2021-2022,6,SAN JACINTO COUNTY,Grade 6,252
2021-2022,6,SAN JACINTO COUNTY,Grade 7,284
2021-2022,6,SAN JACINTO COUNTY,Grade 8,309
2021-2022,6,SAN JACINTO COUNTY,Grade 9,328
2021-2022,6,SAN JACINTO COUNTY,Grade 10,259
2021-2022,6,SAN JACINTO COUNTY,Grade 11,237
2021-2022,6,SAN JACINTO COUNTY,Grade 12,199
2021-2022,2,SAN PATRICIO COUNTY,Early Education,52
2021-2022,2,SAN PATRICIO COUNTY,Pre-kindergarten,482
2021-2022,2,SAN PATRICIO COUNTY,Kindergarten,975
2021-2022,2,SAN PATRICIO COUNTY,Grade 1,970
2021-2022,2,SAN PATRICIO COUNTY,Grade 2,1004
2021-2022,2,SAN PATRICIO COUNTY,Grade 3,976
2021-2022,2,SAN PATRICIO COUNTY,Grade 4,976
2021-2022,2,SAN PATRICIO COUNTY,Grade 5,964
2021-2022,2,SAN PATRICIO COUNTY,Grade 6,967
2021-2022,2,SAN PATRICIO COUNTY,Grade 7,1067
2021-2022,2,SAN PATRICIO COUNTY,Grade 8,1088
2021-2022,2,SAN PATRICIO COUNTY,Grade 9,1128
2021-2022,2,SAN PATRICIO COUNTY,Grade 10,1035
2021-2022,2,SAN PATRICIO COUNTY,Grade 11,1015
2021-2022,2,SAN PATRICIO COUNTY,Grade 12,917
2021-2022,15,SAN SABA COUNTY,Early Education,3
2021-2022,15,SAN SABA COUNTY,Pre-kindergarten,48
2021-2022,15,SAN SABA COUNTY,Kindergarten,60
2021-2022,15,SAN SABA COUNTY,Grade 1,77
2021-2022,15,SAN SABA COUNTY,Grade 2,72
2021-2022,15,SAN SABA COUNTY,Grade 3,64
2021-2022,15,SAN SABA COUNTY,Grade 4,75
2021-2022,15,SAN SABA COUNTY,Grade 5,65
2021-2022,15,SAN SABA COUNTY,Grade 6,60
2021-2022,15,SAN SABA COUNTY,Grade 7,79
2021-2022,15,SAN SABA COUNTY,Grade 8,75
2021-2022,15,SAN SABA COUNTY,Grade 9,88
2021-2022,15,SAN SABA COUNTY,Grade 10,69
2021-2022,15,SAN SABA COUNTY,Grade 11,65
2021-2022,15,SAN SABA COUNTY,Grade 12,80
2021-2022,15,SCHLEICHER COUNTY,Pre-kindergarten,18
2021-2022,15,SCHLEICHER COUNTY,Kindergarten,36
2021-2022,15,SCHLEICHER COUNTY,Grade 1,33
2021-2022,15,SCHLEICHER COUNTY,Grade 2,32
2021-2022,15,SCHLEICHER COUNTY,Grade 3,40
2021-2022,15,SCHLEICHER COUNTY,Grade 4,37
2021-2022,15,SCHLEICHER COUNTY,Grade 5,25
2021-2022,15,SCHLEICHER COUNTY,Grade 6,28
2021-2022,15,SCHLEICHER COUNTY,Grade 7,48
2021-2022,15,SCHLEICHER COUNTY,Grade 8,48
2021-2022,15,SCHLEICHER COUNTY,Grade 9,47
2021-2022,15,SCHLEICHER COUNTY,Grade 10,34
2021-2022,15,SCHLEICHER COUNTY,Grade 11,34
2021-2022,15,SCHLEICHER COUNTY,Grade 12,39
2021-2022,14,SCURRY COUNTY,Early Education,20
2021-2022,14,SCURRY COUNTY,Pre-kindergarten,125
2021-2022,14,SCURRY COUNTY,Kindergarten,237
2021-2022,14,SCURRY COUNTY,Grade 1,241
2021-2022,14,SCURRY COUNTY,Grade 2,224
2021-2022,14,SCURRY COUNTY,Grade 3,204
2021-2022,14,SCURRY COUNTY,Grade 4,224
2021-2022,14,SCURRY COUNTY,Grade 5,227
2021-2022,14,SCURRY COUNTY,Grade 6,263
2021-2022,14,SCURRY COUNTY,Grade 7,233
2021-2022,14,SCURRY COUNTY,Grade 8,215
2021-2022,14,SCURRY COUNTY,Grade 9,239
2021-2022,14,SCURRY COUNTY,Grade 10,215
2021-2022,14,SCURRY COUNTY,Grade 11,205
2021-2022,14,SCURRY COUNTY,Grade 12,220
2021-2022,14,SHACKELFORD COUNTY,Pre-kindergarten,38
2021-2022,14,SHACKELFORD COUNTY,Kindergarten,42
2021-2022,14,SHACKELFORD COUNTY,Grade 1,34
2021-2022,14,SHACKELFORD COUNTY,Grade 2,44
2021-2022,14,SHACKELFORD COUNTY,Grade 3,46
2021-2022,14,SHACKELFORD COUNTY,Grade 4,47
2021-2022,14,SHACKELFORD COUNTY,Grade 5,42
2021-2022,14,SHACKELFORD COUNTY,Grade 6,40
2021-2022,14,SHACKELFORD COUNTY,Grade 7,50
2021-2022,14,SHACKELFORD COUNTY,Grade 8,50
2021-2022,14,SHACKELFORD COUNTY,Grade 9,60
2021-2022,14,SHACKELFORD COUNTY,Grade 10,50
2021-2022,14,SHACKELFORD COUNTY,Grade 11,43
2021-2022,14,SHACKELFORD COUNTY,Grade 12,38
2021-2022,7,SHELBY COUNTY,Early Education,11
2021-2022,7,SHELBY COUNTY,Pre-kindergarten,364
2021-2022,7,SHELBY COUNTY,Kindergarten,364
2021-2022,7,SHELBY COUNTY,Grade 1,361
2021-2022,7,SHELBY COUNTY,Grade 2,346
2021-2022,7,SHELBY COUNTY,Grade 3,371
2021-2022,7,SHELBY COUNTY,Grade 4,309
2021-2022,7,SHELBY COUNTY,Grade 5,361
2021-2022,7,SHELBY COUNTY,Grade 6,380
2021-2022,7,SHELBY COUNTY,Grade 7,401
2021-2022,7,SHELBY COUNTY,Grade 8,380
2021-2022,7,SHELBY COUNTY,Grade 9,442
2021-2022,7,SHELBY COUNTY,Grade 10,385
2021-2022,7,SHELBY COUNTY,Grade 11,366
2021-2022,7,SHELBY COUNTY,Grade 12,327
2021-2022,16,SHERMAN COUNTY,Early Education,1
2021-2022,16,SHERMAN COUNTY,Pre-kindergarten,65
2021-2022,16,SHERMAN COUNTY,Kindergarten,52
2021-2022,16,SHERMAN COUNTY,Grade 1,61
2021-2022,16,SHERMAN COUNTY,Grade 2,53
2021-2022,16,SHERMAN COUNTY,Grade 3,52
2021-2022,16,SHERMAN COUNTY,Grade 4,58
2021-2022,16,SHERMAN COUNTY,Grade 5,47
2021-2022,16,SHERMAN COUNTY,Grade 6,53
2021-2022,16,SHERMAN COUNTY,Grade 7,56
2021-2022,16,SHERMAN COUNTY,Grade 8,45
2021-2022,16,SHERMAN COUNTY,Grade 9,61
2021-2022,16,SHERMAN COUNTY,Grade 10,55
2021-2022,16,SHERMAN COUNTY,Grade 11,47
2021-2022,16,SHERMAN COUNTY,Grade 12,49
2021-2022,7,SMITH COUNTY,Early Education,146
2021-2022,7,SMITH COUNTY,Pre-kindergarten,1296
2021-2022,7,SMITH COUNTY,Kindergarten,2981
2021-2022,7,SMITH COUNTY,Grade 1,2933
2021-2022,7,SMITH COUNTY,Grade 2,3022
2021-2022,7,SMITH COUNTY,Grade 3,2925
2021-2022,7,SMITH COUNTY,Grade 4,2847
2021-2022,7,SMITH COUNTY,Grade 5,2847
2021-2022,7,SMITH COUNTY,Grade 6,2928
2021-2022,7,SMITH COUNTY,Grade 7,3000
2021-2022,7,SMITH COUNTY,Grade 8,3001
2021-2022,7,SMITH COUNTY,Grade 9,3298
2021-2022,7,SMITH COUNTY,Grade 10,2887
2021-2022,7,SMITH COUNTY,Grade 11,2762
2021-2022,7,SMITH COUNTY,Grade 12,2471
2021-2022,11,SOMERVELL COUNTY,Early Education,5
2021-2022,11,SOMERVELL COUNTY,Pre-kindergarten,60
2021-2022,11,SOMERVELL COUNTY,Kindergarten,160
2021-2022,11,SOMERVELL COUNTY,Grade 1,131
2021-2022,11,SOMERVELL COUNTY,Grade 2,149
2021-2022,11,SOMERVELL COUNTY,Grade 3,159
2021-2022,11,SOMERVELL COUNTY,Grade 4,145
2021-2022,11,SOMERVELL COUNTY,Grade 5,148
2021-2022,11,SOMERVELL COUNTY,Grade 6,157
2021-2022,11,SOMERVELL COUNTY,Grade 7,167
2021-2022,11,SOMERVELL COUNTY,Grade 8,171
2021-2022,11,SOMERVELL COUNTY,Grade 9,196
2021-2022,11,SOMERVELL COUNTY,Grade 10,183
2021-2022,11,SOMERVELL COUNTY,Grade 11,188
2021-2022,11,SOMERVELL COUNTY,Grade 12,152
2021-2022,1,STARR COUNTY,Early Education,16
2021-2022,1,STARR COUNTY,Pre-kindergarten,833
2021-2022,1,STARR COUNTY,Kindergarten,881
2021-2022,1,STARR COUNTY,Grade 1,1012
2021-2022,1,STARR COUNTY,Grade 2,1032
2021-2022,1,STARR COUNTY,Grade 3,1013
2021-2022,1,STARR COUNTY,Grade 4,993
2021-2022,1,STARR COUNTY,Grade 5,1086
2021-2022,1,STARR COUNTY,Grade 6,1078
2021-2022,1,STARR COUNTY,Grade 7,1071
2021-2022,1,STARR COUNTY,Grade 8,1077
2021-2022,1,STARR COUNTY,Grade 9,1248
2021-2022,1,STARR COUNTY,Grade 10,1263
2021-2022,1,STARR COUNTY,Grade 11,1186
2021-2022,1,STARR COUNTY,Grade 12,1065
2021-2022,14,STEPHENS COUNTY,Early Education,2
2021-2022,14,STEPHENS COUNTY,Pre-kindergarten,68
2021-2022,14,STEPHENS COUNTY,Kindergarten,127
2021-2022,14,STEPHENS COUNTY,Grade 1,113
2021-2022,14,STEPHENS COUNTY,Grade 2,104
2021-2022,14,STEPHENS COUNTY,Grade 3,87
2021-2022,14,STEPHENS COUNTY,Grade 4,92
2021-2022,14,STEPHENS COUNTY,Grade 5,94
2021-2022,14,STEPHENS COUNTY,Grade 6,95
2021-2022,14,STEPHENS COUNTY,Grade 7,102
2021-2022,14,STEPHENS COUNTY,Grade 8,116
2021-2022,14,STEPHENS COUNTY,Grade 9,109
2021-2022,14,STEPHENS COUNTY,Grade 10,107
2021-2022,14,STEPHENS COUNTY,Grade 11,103
2021-2022,14,STEPHENS COUNTY,Grade 12,98
2021-2022,15,STERLING COUNTY,Early Education,3
2021-2022,15,STERLING COUNTY,Pre-kindergarten,15
2021-2022,15,STERLING COUNTY,Kindergarten,27
2021-2022,15,STERLING COUNTY,Grade 1,22
2021-2022,15,STERLING COUNTY,Grade 2,29
2021-2022,15,STERLING COUNTY,Grade 3,18
2021-2022,15,STERLING COUNTY,Grade 4,15
2021-2022,15,STERLING COUNTY,Grade 5,18
2021-2022,15,STERLING COUNTY,Grade 6,24
2021-2022,15,STERLING COUNTY,Grade 7,41
2021-2022,15,STERLING COUNTY,Grade 8,21
2021-2022,15,STERLING COUNTY,Grade 9,28
2021-2022,15,STERLING COUNTY,Grade 10,27
2021-2022,15,STERLING COUNTY,Grade 11,28
2021-2022,15,STERLING COUNTY,Grade 12,21
2021-2022,14,STONEWALL COUNTY,Early Education,1
2021-2022,14,STONEWALL COUNTY,Pre-kindergarten,10
2021-2022,14,STONEWALL COUNTY,Kindergarten,13
2021-2022,14,STONEWALL COUNTY,Grade 1,12
2021-2022,14,STONEWALL COUNTY,Grade 2,14
2021-2022,14,STONEWALL COUNTY,Grade 3,14
2021-2022,14,STONEWALL COUNTY,Grade 4,10
2021-2022,14,STONEWALL COUNTY,Grade 5,13
2021-2022,14,STONEWALL COUNTY,Grade 6,16
2021-2022,14,STONEWALL COUNTY,Grade 7,12
2021-2022,14,STONEWALL COUNTY,Grade 8,11
2021-2022,14,STONEWALL COUNTY,Grade 9,16
2021-2022,14,STONEWALL COUNTY,Grade 10,17
2021-2022,14,STONEWALL COUNTY,Grade 11,12
2021-2022,14,STONEWALL COUNTY,Grade 12,14
2021-2022,15,SUTTON COUNTY,Early Education,5
2021-2022,15,SUTTON COUNTY,Pre-kindergarten,26
2021-2022,15,SUTTON COUNTY,Kindergarten,50
2021-2022,15,SUTTON COUNTY,Grade 1,53
2021-2022,15,SUTTON COUNTY,Grade 2,56
2021-2022,15,SUTTON COUNTY,Grade 3,54
2021-2022,15,SUTTON COUNTY,Grade 4,38
2021-2022,15,SUTTON COUNTY,Grade 5,50
2021-2022,15,SUTTON COUNTY,Grade 6,45
2021-2022,15,SUTTON COUNTY,Grade 7,60
2021-2022,15,SUTTON COUNTY,Grade 8,49
2021-2022,15,SUTTON COUNTY,Grade 9,40
2021-2022,15,SUTTON COUNTY,Grade 10,55
2021-2022,15,SUTTON COUNTY,Grade 11,53
2021-2022,15,SUTTON COUNTY,Grade 12,57
2021-2022,16,SWISHER COUNTY,Early Education,10
2021-2022,16,SWISHER COUNTY,Pre-kindergarten,60
2021-2022,16,SWISHER COUNTY,Kindergarten,103
2021-2022,16,SWISHER COUNTY,Grade 1,82
2021-2022,16,SWISHER COUNTY,Grade 2,105
2021-2022,16,SWISHER COUNTY,Grade 3,102
2021-2022,16,SWISHER COUNTY,Grade 4,105
2021-2022,16,SWISHER COUNTY,Grade 5,85
2021-2022,16,SWISHER COUNTY,Grade 6,121
2021-2022,16,SWISHER COUNTY,Grade 7,118
2021-2022,16,SWISHER COUNTY,Grade 8,114
2021-2022,16,SWISHER COUNTY,Grade 9,131
2021-2022,16,SWISHER COUNTY,Grade 10,118
2021-2022,16,SWISHER COUNTY,Grade 11,108
2021-2022,16,SWISHER COUNTY,Grade 12,115
2021-2022,11,TARRANT COUNTY,Early Education,1453
2021-2022,11,TARRANT COUNTY,Pre-kindergarten,14097
2021-2022,11,TARRANT COUNTY,Kindergarten,23287
2021-2022,11,TARRANT COUNTY,Grade 1,23727
2021-2022,11,TARRANT COUNTY,Grade 2,23910
2021-2022,11,TARRANT COUNTY,Grade 3,24064
2021-2022,11,TARRANT COUNTY,Grade 4,24232
2021-2022,11,TARRANT COUNTY,Grade 5,24930
2021-2022,11,TARRANT COUNTY,Grade 6,25082
2021-2022,11,TARRANT COUNTY,Grade 7,26494
2021-2022,11,TARRANT COUNTY,Grade 8,27551
2021-2022,11,TARRANT COUNTY,Grade 9,31946
2021-2022,11,TARRANT COUNTY,Grade 10,26534
2021-2022,11,TARRANT COUNTY,Grade 11,25498
2021-2022,11,TARRANT COUNTY,Grade 12,23766
2021-2022,14,TAYLOR COUNTY,Early Education,256
2021-2022,14,TAYLOR COUNTY,Pre-kindergarten,1388
2021-2022,14,TAYLOR COUNTY,Kindergarten,3222
2021-2022,14,TAYLOR COUNTY,Grade 1,3276
2021-2022,14,TAYLOR COUNTY,Grade 2,3133
2021-2022,14,TAYLOR COUNTY,Grade 3,3063
2021-2022,14,TAYLOR COUNTY,Grade 4,2967
2021-2022,14,TAYLOR COUNTY,Grade 5,3100
2021-2022,14,TAYLOR COUNTY,Grade 6,2918
2021-2022,14,TAYLOR COUNTY,Grade 7,2884
2021-2022,14,TAYLOR COUNTY,Grade 8,2856
2021-2022,14,TAYLOR COUNTY,Grade 9,2890
2021-2022,14,TAYLOR COUNTY,Grade 10,2334
2021-2022,14,TAYLOR COUNTY,Grade 11,2270
2021-2022,14,TAYLOR COUNTY,Grade 12,2018
2021-2022,18,TERRELL COUNTY,Pre-kindergarten,10
2021-2022,18,TERRELL COUNTY,Kindergarten,8
2021-2022,18,TERRELL COUNTY,Grade 1,7
2021-2022,18,TERRELL COUNTY,Grade 2,8
2021-2022,18,TERRELL COUNTY,Grade 3,13
2021-2022,18,TERRELL COUNTY,Grade 4,11
2021-2022,18,TERRELL COUNTY,Grade 5,6
2021-2022,18,TERRELL COUNTY,Grade 6,15
2021-2022,18,TERRELL COUNTY,Grade 7,12
2021-2022,18,TERRELL COUNTY,Grade 8,7
2021-2022,18,TERRELL COUNTY,Grade 9,12
2021-2022,18,TERRELL COUNTY,Grade 10,8
2021-2022,18,TERRELL COUNTY,Grade 11,10
2021-2022,18,TERRELL COUNTY,Grade 12,6
2021-2022,17,TERRY COUNTY,Early Education,1
2021-2022,17,TERRY COUNTY,Pre-kindergarten,171
2021-2022,17,TERRY COUNTY,Kindergarten,157
2021-2022,17,TERRY COUNTY,Grade 1,156
2021-2022,17,TERRY COUNTY,Grade 2,162
2021-2022,17,TERRY COUNTY,Grade 3,139
2021-2022,17,TERRY COUNTY,Grade 4,166
2021-2022,17,TERRY COUNTY,Grade 5,139
2021-2022,17,TERRY COUNTY,Grade 6,151
2021-2022,17,TERRY COUNTY,Grade 7,171
2021-2022,17,TERRY COUNTY,Grade 8,153
2021-2022,17,TERRY COUNTY,Grade 9,189
2021-2022,17,TERRY COUNTY,Grade 10,170
2021-2022,17,TERRY COUNTY,Grade 11,141
2021-2022,17,TERRY COUNTY,Grade 12,129
2021-2022,9,THROCKMORTON COUNTY,Pre-kindergarten,24
2021-2022,9,THROCKMORTON COUNTY,Kindergarten,22
2021-2022,9,THROCKMORTON COUNTY,Grade 1,20
2021-2022,9,THROCKMORTON COUNTY,Grade 2,22
2021-2022,9,THROCKMORTON COUNTY,Grade 3,19
2021-2022,9,THROCKMORTON COUNTY,Grade 4,18
2021-2022,9,THROCKMORTON COUNTY,Grade 5,14
2021-2022,9,THROCKMORTON COUNTY,Grade 6,18
2021-2022,9,THROCKMORTON COUNTY,Grade 7,29
2021-2022,9,THROCKMORTON COUNTY,Grade 8,23
2021-2022,9,THROCKMORTON COUNTY,Grade 9,29
2021-2022,9,THROCKMORTON COUNTY,Grade 10,27
2021-2022,9,THROCKMORTON COUNTY,Grade 11,28
2021-2022,9,THROCKMORTON COUNTY,Grade 12,24
2021-2022,8,TITUS COUNTY,Early Education,97
2021-2022,8,TITUS COUNTY,Pre-kindergarten,444
2021-2022,8,TITUS COUNTY,Kindergarten,487
2021-2022,8,TITUS COUNTY,Grade 1,485
2021-2022,8,TITUS COUNTY,Grade 2,496
2021-2022,8,TITUS COUNTY,Grade 3,490
2021-2022,8,TITUS COUNTY,Grade 4,467
2021-2022,8,TITUS COUNTY,Grade 5,459
2021-2022,8,TITUS COUNTY,Grade 6,495
2021-2022,8,TITUS COUNTY,Grade 7,547
2021-2022,8,TITUS COUNTY,Grade 8,553
2021-2022,8,TITUS COUNTY,Grade 9,566
2021-2022,8,TITUS COUNTY,Grade 10,514
2021-2022,8,TITUS COUNTY,Grade 11,459
2021-2022,8,TITUS COUNTY,Grade 12,431
2021-2022,15,TOM GREEN COUNTY,Early Education,156
2021-2022,15,TOM GREEN COUNTY,Pre-kindergarten,345
2021-2022,15,TOM GREEN COUNTY,Kindergarten,1527
2021-2022,15,TOM GREEN COUNTY,Grade 1,1593
2021-2022,15,TOM GREEN COUNTY,Grade 2,1553
2021-2022,15,TOM GREEN COUNTY,Grade 3,1610
2021-2022,15,TOM GREEN COUNTY,Grade 4,1588
2021-2022,15,TOM GREEN COUNTY,Grade 5,1541
2021-2022,15,TOM GREEN COUNTY,Grade 6,1637
2021-2022,15,TOM GREEN COUNTY,Grade 7,1716
2021-2022,15,TOM GREEN COUNTY,Grade 8,1706
2021-2022,15,TOM GREEN COUNTY,Grade 9,1907
2021-2022,15,TOM GREEN COUNTY,Grade 10,1476
2021-2022,15,TOM GREEN COUNTY,Grade 11,1413
2021-2022,15,TOM GREEN COUNTY,Grade 12,1222
2021-2022,13,TRAVIS COUNTY,Early Education,444
2021-2022,4,TRAVIS COUNTY,Pre-kindergarten,3273
2021-2022,13,TRAVIS COUNTY,Pre-kindergarten,6899
2021-2022,4,TRAVIS COUNTY,Kindergarten,2403
2021-2022,13,TRAVIS COUNTY,Kindergarten,11413
2021-2022,4,TRAVIS COUNTY,Grade 1,2444
2021-2022,13,TRAVIS COUNTY,Grade 1,11836
2021-2022,4,TRAVIS COUNTY,Grade 2,2474
2021-2022,13,TRAVIS COUNTY,Grade 2,11496
2021-2022,4,TRAVIS COUNTY,Grade 3,2385
2021-2022,13,TRAVIS COUNTY,Grade 3,11371
2021-2022,4,TRAVIS COUNTY,Grade 4,2237
2021-2022,13,TRAVIS COUNTY,Grade 4,11271
2021-2022,4,TRAVIS COUNTY,Grade 5,2560
2021-2022,13,TRAVIS COUNTY,Grade 5,11334
2021-2022,4,TRAVIS COUNTY,Grade 6,2846
2021-2022,13,TRAVIS COUNTY,Grade 6,11156
2021-2022,4,TRAVIS COUNTY,Grade 7,2784
2021-2022,13,TRAVIS COUNTY,Grade 7,11442
2021-2022,4,TRAVIS COUNTY,Grade 8,2527
2021-2022,13,TRAVIS COUNTY,Grade 8,11671
2021-2022,4,TRAVIS COUNTY,Grade 9,2016
2021-2022,13,TRAVIS COUNTY,Grade 9,13258
2021-2022,4,TRAVIS COUNTY,Grade 10,1676
2021-2022,13,TRAVIS COUNTY,Grade 10,12273
2021-2022,4,TRAVIS COUNTY,Grade 11,1441
2021-2022,13,TRAVIS COUNTY,Grade 11,11396
2021-2022,4,TRAVIS COUNTY,Grade 12,1255
2021-2022,13,TRAVIS COUNTY,Grade 12,10747
2021-2022,6,TRINITY COUNTY,Early Education,1
2021-2022,6,TRINITY COUNTY,Pre-kindergarten,110
2021-2022,6,TRINITY COUNTY,Kindergarten,154
2021-2022,6,TRINITY COUNTY,Grade 1,148
2021-2022,6,TRINITY COUNTY,Grade 2,161
2021-2022,6,TRINITY COUNTY,Grade 3,138
2021-2022,6,TRINITY COUNTY,Grade 4,138
2021-2022,6,TRINITY COUNTY,Grade 5,193
2021-2022,6,TRINITY COUNTY,Grade 6,193
2021-2022,6,TRINITY COUNTY,Grade 7,165
2021-2022,6,TRINITY COUNTY,Grade 8,167
2021-2022,6,TRINITY COUNTY,Grade 9,182
2021-2022,6,TRINITY COUNTY,Grade 10,193
2021-2022,6,TRINITY COUNTY,Grade 11,151
2021-2022,6,TRINITY COUNTY,Grade 12,150
2021-2022,5,TYLER COUNTY,Early Education,9
2021-2022,5,TYLER COUNTY,Pre-kindergarten,146
2021-2022,5,TYLER COUNTY,Kindergarten,272
2021-2022,5,TYLER COUNTY,Grade 1,253
2021-2022,5,TYLER COUNTY,Grade 2,245
2021-2022,5,TYLER COUNTY,Grade 3,299
2021-2022,5,TYLER COUNTY,Grade 4,255
2021-2022,5,TYLER COUNTY,Grade 5,240
2021-2022,5,TYLER COUNTY,Grade 6,276
2021-2022,5,TYLER COUNTY,Grade 7,274
2021-2022,5,TYLER COUNTY,Grade 8,287
2021-2022,5,TYLER COUNTY,Grade 9,296
2021-2022,5,TYLER COUNTY,Grade 10,250
2021-2022,5,TYLER COUNTY,Grade 11,247
2021-2022,5,TYLER COUNTY,Grade 12,214
2021-2022,7,UPSHUR COUNTY,Early Education,25
2021-2022,7,UPSHUR COUNTY,Pre-kindergarten,329
2021-2022,7,UPSHUR COUNTY,Kindergarten,508
2021-2022,7,UPSHUR COUNTY,Grade 1,515
2021-2022,7,UPSHUR COUNTY,Grade 2,574
2021-2022,7,UPSHUR COUNTY,Grade 3,525
2021-2022,7,UPSHUR COUNTY,Grade 4,543
2021-2022,7,UPSHUR COUNTY,Grade 5,549
2021-2022,7,UPSHUR COUNTY,Grade 6,564
2021-2022,7,UPSHUR COUNTY,Grade 7,554
2021-2022,7,UPSHUR COUNTY,Grade 8,579
2021-2022,7,UPSHUR COUNTY,Grade 9,638
2021-2022,7,UPSHUR COUNTY,Grade 10,549
2021-2022,7,UPSHUR COUNTY,Grade 11,497
2021-2022,7,UPSHUR COUNTY,Grade 12,490
2021-2022,18,UPTON COUNTY,Early Education,2
2021-2022,18,UPTON COUNTY,Pre-kindergarten,50
2021-2022,18,UPTON COUNTY,Kindergarten,56
2021-2022,18,UPTON COUNTY,Grade 1,59
2021-2022,18,UPTON COUNTY,Grade 2,62
2021-2022,18,UPTON COUNTY,Grade 3,65
2021-2022,18,UPTON COUNTY,Grade 4,58
2021-2022,18,UPTON COUNTY,Grade 5,54
2021-2022,18,UPTON COUNTY,Grade 6,71
2021-2022,18,UPTON COUNTY,Grade 7,60
2021-2022,18,UPTON COUNTY,Grade 8,59
2021-2022,18,UPTON COUNTY,Grade 9,54
2021-2022,18,UPTON COUNTY,Grade 10,47
2021-2022,18,UPTON COUNTY,Grade 11,81
2021-2022,18,UPTON COUNTY,Grade 12,57
2021-2022,20,UVALDE COUNTY,Early Education,22
2021-2022,20,UVALDE COUNTY,Pre-kindergarten,332
2021-2022,20,UVALDE COUNTY,Kindergarten,342
2021-2022,20,UVALDE COUNTY,Grade 1,370
2021-2022,20,UVALDE COUNTY,Grade 2,336
2021-2022,20,UVALDE COUNTY,Grade 3,358
2021-2022,20,UVALDE COUNTY,Grade 4,341
2021-2022,20,UVALDE COUNTY,Grade 5,368
2021-2022,20,UVALDE COUNTY,Grade 6,364
2021-2022,20,UVALDE COUNTY,Grade 7,424
2021-2022,20,UVALDE COUNTY,Grade 8,409
2021-2022,20,UVALDE COUNTY,Grade 9,433
2021-2022,20,UVALDE COUNTY,Grade 10,387
2021-2022,20,UVALDE COUNTY,Grade 11,370
2021-2022,20,UVALDE COUNTY,Grade 12,284
2021-2022,15,VAL VERDE COUNTY,Early Education,33
2021-2022,15,VAL VERDE COUNTY,Pre-kindergarten,420
2021-2022,15,VAL VERDE COUNTY,Kindergarten,732
2021-2022,15,VAL VERDE COUNTY,Grade 1,783
2021-2022,15,VAL VERDE COUNTY,Grade 2,715
2021-2022,15,VAL VERDE COUNTY,Grade 3,721
2021-2022,15,VAL VERDE COUNTY,Grade 4,695
2021-2022,15,VAL VERDE COUNTY,Grade 5,694
2021-2022,15,VAL VERDE COUNTY,Grade 6,747
2021-2022,15,VAL VERDE COUNTY,Grade 7,749
2021-2022,15,VAL VERDE COUNTY,Grade 8,841
2021-2022,15,VAL VERDE COUNTY,Grade 9,701
2021-2022,15,VAL VERDE COUNTY,Grade 10,757
2021-2022,15,VAL VERDE COUNTY,Grade 11,787
2021-2022,15,VAL VERDE COUNTY,Grade 12,735
2021-2022,7,VAN ZANDT COUNTY,Early Education,8
2021-2022,10,VAN ZANDT COUNTY,Early Education,15
2021-2022,7,VAN ZANDT COUNTY,Pre-kindergarten,209
2021-2022,10,VAN ZANDT COUNTY,Pre-kindergarten,181
2021-2022,7,VAN ZANDT COUNTY,Kindergarten,379
2021-2022,10,VAN ZANDT COUNTY,Kindergarten,377
2021-2022,7,VAN ZANDT COUNTY,Grade 1,372
2021-2022,10,VAN ZANDT COUNTY,Grade 1,358
2021-2022,7,VAN ZANDT COUNTY,Grade 2,400
2021-2022,10,VAN ZANDT COUNTY,Grade 2,354
2021-2022,7,VAN ZANDT COUNTY,Grade 3,392
2021-2022,10,VAN ZANDT COUNTY,Grade 3,382
2021-2022,7,VAN ZANDT COUNTY,Grade 4,387
2021-2022,10,VAN ZANDT COUNTY,Grade 4,360
2021-2022,7,VAN ZANDT COUNTY,Grade 5,404
2021-2022,10,VAN ZANDT COUNTY,Grade 5,380
2021-2022,7,VAN ZANDT COUNTY,Grade 6,445
2021-2022,10,VAN ZANDT COUNTY,Grade 6,312
2021-2022,7,VAN ZANDT COUNTY,Grade 7,418
2021-2022,10,VAN ZANDT COUNTY,Grade 7,393
2021-2022,7,VAN ZANDT COUNTY,Grade 8,458
2021-2022,10,VAN ZANDT COUNTY,Grade 8,378
2021-2022,7,VAN ZANDT COUNTY,Grade 9,465
2021-2022,10,VAN ZANDT COUNTY,Grade 9,429
2021-2022,7,VAN ZANDT COUNTY,Grade 10,428
2021-2022,10,VAN ZANDT COUNTY,Grade 10,364
2021-2022,7,VAN ZANDT COUNTY,Grade 11,422
2021-2022,10,VAN ZANDT COUNTY,Grade 11,333
2021-2022,7,VAN ZANDT COUNTY,Grade 12,404
2021-2022,10,VAN ZANDT COUNTY,Grade 12,303
2021-2022,3,VICTORIA COUNTY,Early Education,46
2021-2022,3,VICTORIA COUNTY,Pre-kindergarten,800
2021-2022,3,VICTORIA COUNTY,Kindergarten,1046
2021-2022,3,VICTORIA COUNTY,Grade 1,1051
2021-2022,3,VICTORIA COUNTY,Grade 2,958
2021-2022,3,VICTORIA COUNTY,Grade 3,994
2021-2022,3,VICTORIA COUNTY,Grade 4,1018
2021-2022,3,VICTORIA COUNTY,Grade 5,1013
2021-2022,3,VICTORIA COUNTY,Grade 6,992
2021-2022,3,VICTORIA COUNTY,Grade 7,1090
2021-2022,3,VICTORIA COUNTY,Grade 8,1162
2021-2022,3,VICTORIA COUNTY,Grade 9,1266
2021-2022,3,VICTORIA COUNTY,Grade 10,1093
2021-2022,3,VICTORIA COUNTY,Grade 11,943
2021-2022,3,VICTORIA COUNTY,Grade 12,792
2021-2022,6,WALKER COUNTY,Early Education,29
2021-2022,6,WALKER COUNTY,Pre-kindergarten,310
2021-2022,6,WALKER COUNTY,Kindergarten,558
2021-2022,6,WALKER COUNTY,Grade 1,586
2021-2022,6,WALKER COUNTY,Grade 2,572
2021-2022,6,WALKER COUNTY,Grade 3,2018
2021-2022,6,WALKER COUNTY,Grade 4,1849
2021-2022,6,WALKER COUNTY,Grade 5,1778
2021-2022,6,WALKER COUNTY,Grade 6,1592
2021-2022,6,WALKER COUNTY,Grade 7,1560
2021-2022,6,WALKER COUNTY,Grade 8,1617
2021-2022,6,WALKER COUNTY,Grade 9,1220
2021-2022,6,WALKER COUNTY,Grade 10,1132
2021-2022,6,WALKER COUNTY,Grade 11,1054
2021-2022,6,WALKER COUNTY,Grade 12,874
2021-2022,4,WALLER COUNTY,Early Education,59
2021-2022,4,WALLER COUNTY,Pre-kindergarten,605
2021-2022,4,WALLER COUNTY,Kindergarten,820
2021-2022,4,WALLER COUNTY,Grade 1,857
2021-2022,4,WALLER COUNTY,Grade 2,896
2021-2022,4,WALLER COUNTY,Grade 3,864
2021-2022,4,WALLER COUNTY,Grade 4,895
2021-2022,4,WALLER COUNTY,Grade 5,898
2021-2022,4,WALLER COUNTY,Grade 6,937
2021-2022,4,WALLER COUNTY,Grade 7,1023
2021-2022,4,WALLER COUNTY,Grade 8,1027
2021-2022,4,WALLER COUNTY,Grade 9,1200
2021-2022,4,WALLER COUNTY,Grade 10,835
2021-2022,4,WALLER COUNTY,Grade 11,916
2021-2022,4,WALLER COUNTY,Grade 12,715
2021-2022,18,WARD COUNTY,Early Education,13
2021-2022,18,WARD COUNTY,Pre-kindergarten,67
2021-2022,18,WARD COUNTY,Kindergarten,166
2021-2022,18,WARD COUNTY,Grade 1,184
2021-2022,18,WARD COUNTY,Grade 2,173
2021-2022,18,WARD COUNTY,Grade 3,167
2021-2022,18,WARD COUNTY,Grade 4,148
2021-2022,18,WARD COUNTY,Grade 5,178
2021-2022,18,WARD COUNTY,Grade 6,175
2021-2022,18,WARD COUNTY,Grade 7,192
2021-2022,18,WARD COUNTY,Grade 8,189
2021-2022,18,WARD COUNTY,Grade 9,186
2021-2022,18,WARD COUNTY,Grade 10,148
2021-2022,18,WARD COUNTY,Grade 11,154
2021-2022,18,WARD COUNTY,Grade 12,170
2021-2022,6,WASHINGTON COUNTY,Early Education,26
2021-2022,6,WASHINGTON COUNTY,Pre-kindergarten,240
2021-2022,6,WASHINGTON COUNTY,Kindergarten,317
2021-2022,6,WASHINGTON COUNTY,Grade 1,383
2021-2022,6,WASHINGTON COUNTY,Grade 2,359
2021-2022,6,WASHINGTON COUNTY,Grade 3,393
2021-2022,6,WASHINGTON COUNTY,Grade 4,376
2021-2022,6,WASHINGTON COUNTY,Grade 5,384
2021-2022,6,WASHINGTON COUNTY,Grade 6,365
2021-2022,6,WASHINGTON COUNTY,Grade 7,430
2021-2022,6,WASHINGTON COUNTY,Grade 8,430
2021-2022,6,WASHINGTON COUNTY,Grade 9,481
2021-2022,6,WASHINGTON COUNTY,Grade 10,439
2021-2022,6,WASHINGTON COUNTY,Grade 11,426
2021-2022,6,WASHINGTON COUNTY,Grade 12,355
2021-2022,1,WEBB COUNTY,Early Education,154
2021-2022,1,WEBB COUNTY,Pre-kindergarten,2356
2021-2022,1,WEBB COUNTY,Kindergarten,3486
2021-2022,1,WEBB COUNTY,Grade 1,4014
2021-2022,1,WEBB COUNTY,Grade 2,4082
2021-2022,1,WEBB COUNTY,Grade 3,4173
2021-2022,1,WEBB COUNTY,Grade 4,4158
2021-2022,1,WEBB COUNTY,Grade 5,4245
2021-2022,1,WEBB COUNTY,Grade 6,4205
2021-2022,1,WEBB COUNTY,Grade 7,4523
2021-2022,1,WEBB COUNTY,Grade 8,4656
2021-2022,1,WEBB COUNTY,Grade 9,5265
2021-2022,1,WEBB COUNTY,Grade 10,4783
2021-2022,1,WEBB COUNTY,Grade 11,4543
2021-2022,1,WEBB COUNTY,Grade 12,4876
2021-2022,3,WHARTON COUNTY,Early Education,29
2021-2022,3,WHARTON COUNTY,Pre-kindergarten,419
2021-2022,3,WHARTON COUNTY,Kindergarten,532
2021-2022,3,WHARTON COUNTY,Grade 1,548
2021-2022,3,WHARTON COUNTY,Grade 2,528
2021-2022,3,WHARTON COUNTY,Grade 3,566
2021-2022,3,WHARTON COUNTY,Grade 4,534
2021-2022,3,WHARTON COUNTY,Grade 5,566
2021-2022,3,WHARTON COUNTY,Grade 6,587
2021-2022,3,WHARTON COUNTY,Grade 7,586
2021-2022,3,WHARTON COUNTY,Grade 8,597
2021-2022,3,WHARTON COUNTY,Grade 9,694
2021-2022,3,WHARTON COUNTY,Grade 10,629
2021-2022,3,WHARTON COUNTY,Grade 11,611
2021-2022,3,WHARTON COUNTY,Grade 12,590
2021-2022,16,WHEELER COUNTY,Early Education,6
2021-2022,16,WHEELER COUNTY,Pre-kindergarten,76
2021-2022,16,WHEELER COUNTY,Kindergarten,80
2021-2022,16,WHEELER COUNTY,Grade 1,71
2021-2022,16,WHEELER COUNTY,Grade 2,75
2021-2022,16,WHEELER COUNTY,Grade 3,79
2021-2022,16,WHEELER COUNTY,Grade 4,77
2021-2022,16,WHEELER COUNTY,Grade 5,79
2021-2022,16,WHEELER COUNTY,Grade 6,77
2021-2022,16,WHEELER COUNTY,Grade 7,74
2021-2022,16,WHEELER COUNTY,Grade 8,82
2021-2022,16,WHEELER COUNTY,Grade 9,79
2021-2022,16,WHEELER COUNTY,Grade 10,75
2021-2022,16,WHEELER COUNTY,Grade 11,85
2021-2022,16,WHEELER COUNTY,Grade 12,71
2021-2022,9,WICHITA COUNTY,Early Education,69
2021-2022,9,WICHITA COUNTY,Pre-kindergarten,1266
2021-2022,9,WICHITA COUNTY,Kindergarten,1476
2021-2022,9,WICHITA COUNTY,Grade 1,1524
2021-2022,9,WICHITA COUNTY,Grade 2,1518
2021-2022,9,WICHITA COUNTY,Grade 3,1453
2021-2022,9,WICHITA COUNTY,Grade 4,1517
2021-2022,9,WICHITA COUNTY,Grade 5,1435
2021-2022,9,WICHITA COUNTY,Grade 6,1436
2021-2022,9,WICHITA COUNTY,Grade 7,1477
2021-2022,9,WICHITA COUNTY,Grade 8,1488
2021-2022,9,WICHITA COUNTY,Grade 9,1475
2021-2022,9,WICHITA COUNTY,Grade 10,1422
2021-2022,9,WICHITA COUNTY,Grade 11,1347
2021-2022,9,WICHITA COUNTY,Grade 12,1292
2021-2022,9,WILBARGER COUNTY,Early Education,12
2021-2022,9,WILBARGER COUNTY,Pre-kindergarten,65
2021-2022,9,WILBARGER COUNTY,Kindergarten,161
2021-2022,9,WILBARGER COUNTY,Grade 1,169
2021-2022,9,WILBARGER COUNTY,Grade 2,161
2021-2022,9,WILBARGER COUNTY,Grade 3,176
2021-2022,9,WILBARGER COUNTY,Grade 4,173
2021-2022,9,WILBARGER COUNTY,Grade 5,164
2021-2022,9,WILBARGER COUNTY,Grade 6,154
2021-2022,9,WILBARGER COUNTY,Grade 7,163
2021-2022,9,WILBARGER COUNTY,Grade 8,194
2021-2022,9,WILBARGER COUNTY,Grade 9,142
2021-2022,9,WILBARGER COUNTY,Grade 10,174
2021-2022,9,WILBARGER COUNTY,Grade 11,166
2021-2022,9,WILBARGER COUNTY,Grade 12,138
2021-2022,1,WILLACY COUNTY,Early Education,2
2021-2022,1,WILLACY COUNTY,Pre-kindergarten,285
2021-2022,1,WILLACY COUNTY,Kindergarten,260
2021-2022,1,WILLACY COUNTY,Grade 1,273
2021-2022,1,WILLACY COUNTY,Grade 2,240
2021-2022,1,WILLACY COUNTY,Grade 3,276
2021-2022,1,WILLACY COUNTY,Grade 4,246
2021-2022,1,WILLACY COUNTY,Grade 5,286
2021-2022,1,WILLACY COUNTY,Grade 6,279
2021-2022,1,WILLACY COUNTY,Grade 7,280
2021-2022,1,WILLACY COUNTY,Grade 8,329
2021-2022,1,WILLACY COUNTY,Grade 9,333
2021-2022,1,WILLACY COUNTY,Grade 10,263
2021-2022,1,WILLACY COUNTY,Grade 11,296
2021-2022,1,WILLACY COUNTY,Grade 12,291
2021-2022,13,WILLIAMSON COUNTY,Early Education,707
2021-2022,13,WILLIAMSON COUNTY,Pre-kindergarten,3113
2021-2022,13,WILLIAMSON COUNTY,Kindergarten,8571
2021-2022,13,WILLIAMSON COUNTY,Grade 1,8773
2021-2022,13,WILLIAMSON COUNTY,Grade 2,9240
2021-2022,13,WILLIAMSON COUNTY,Grade 3,9229
2021-2022,13,WILLIAMSON COUNTY,Grade 4,9239
2021-2022,13,WILLIAMSON COUNTY,Grade 5,9410
2021-2022,13,WILLIAMSON COUNTY,Grade 6,9644
2021-2022,13,WILLIAMSON COUNTY,Grade 7,9849
2021-2022,13,WILLIAMSON COUNTY,Grade 8,10206
2021-2022,13,WILLIAMSON COUNTY,Grade 9,10605
2021-2022,13,WILLIAMSON COUNTY,Grade 10,9927
2021-2022,13,WILLIAMSON COUNTY,Grade 11,9924
2021-2022,13,WILLIAMSON COUNTY,Grade 12,9580
2021-2022,20,WILSON COUNTY,Early Education,33
2021-2022,20,WILSON COUNTY,Pre-kindergarten,264
2021-2022,20,WILSON COUNTY,Kindergarten,666
2021-2022,20,WILSON COUNTY,Grade 1,614
2021-2022,20,WILSON COUNTY,Grade 2,668
2021-2022,20,WILSON COUNTY,Grade 3,633
2021-2022,20,WILSON COUNTY,Grade 4,697
2021-2022,20,WILSON COUNTY,Grade 5,656
2021-2022,20,WILSON COUNTY,Grade 6,692
2021-2022,20,WILSON COUNTY,Grade 7,732
2021-2022,20,WILSON COUNTY,Grade 8,688
2021-2022,20,WILSON COUNTY,Grade 9,810
2021-2022,20,WILSON COUNTY,Grade 10,690
2021-2022,20,WILSON COUNTY,Grade 11,629
2021-2022,20,WILSON COUNTY,Grade 12,636
2021-2022,18,WINKLER COUNTY,Early Education,10
2021-2022,18,WINKLER COUNTY,Pre-kindergarten,79
2021-2022,18,WINKLER COUNTY,Kindergarten,107
2021-2022,18,WINKLER COUNTY,Grade 1,134
2021-2022,18,WINKLER COUNTY,Grade 2,115
2021-2022,18,WINKLER COUNTY,Grade 3,116
2021-2022,18,WINKLER COUNTY,Grade 4,120
2021-2022,18,WINKLER COUNTY,Grade 5,121
2021-2022,18,WINKLER COUNTY,Grade 6,114
2021-2022,18,WINKLER COUNTY,Grade 7,134
2021-2022,18,WINKLER COUNTY,Grade 8,147
2021-2022,18,WINKLER COUNTY,Grade 9,143
2021-2022,18,WINKLER COUNTY,Grade 10,127
2021-2022,18,WINKLER COUNTY,Grade 11,104
2021-2022,18,WINKLER COUNTY,Grade 12,107
2021-2022,11,WISE COUNTY,Early Education,44
2021-2022,11,WISE COUNTY,Pre-kindergarten,298
2021-2022,11,WISE COUNTY,Kindergarten,727
2021-2022,11,WISE COUNTY,Grade 1,777
2021-2022,11,WISE COUNTY,Grade 2,740
2021-2022,11,WISE COUNTY,Grade 3,748
2021-2022,11,WISE COUNTY,Grade 4,684
2021-2022,11,WISE COUNTY,Grade 5,740
2021-2022,11,WISE COUNTY,Grade 6,708
2021-2022,11,WISE COUNTY,Grade 7,725
2021-2022,11,WISE COUNTY,Grade 8,806
2021-2022,11,WISE COUNTY,Grade 9,836
2021-2022,11,WISE COUNTY,Grade 10,746
2021-2022,11,WISE COUNTY,Grade 11,673
2021-2022,11,WISE COUNTY,Grade 12,658
2021-2022,7,WOOD COUNTY,Early Education,20
2021-2022,7,WOOD COUNTY,Pre-kindergarten,280
2021-2022,7,WOOD COUNTY,Kindergarten,458
2021-2022,7,WOOD COUNTY,Grade 1,459
2021-2022,7,WOOD COUNTY,Grade 2,458
2021-2022,7,WOOD COUNTY,Grade 3,457
2021-2022,7,WOOD COUNTY,Grade 4,457
2021-2022,7,WOOD COUNTY,Grade 5,430
2021-2022,7,WOOD COUNTY,Grade 6,476
2021-2022,7,WOOD COUNTY,Grade 7,511
2021-2022,7,WOOD COUNTY,Grade 8,478
2021-2022,7,WOOD COUNTY,Grade 9,531
2021-2022,7,WOOD COUNTY,Grade 10,470
2021-2022,7,WOOD COUNTY,Grade 11,438
2021-2022,7,WOOD COUNTY,Grade 12,401
2021-2022,17,YOAKUM COUNTY,Early Education,12
2021-2022,17,YOAKUM COUNTY,Pre-kindergarten,76
2021-2022,17,YOAKUM COUNTY,Kindergarten,113
2021-2022,17,YOAKUM COUNTY,Grade 1,135
2021-2022,17,YOAKUM COUNTY,Grade 2,133
2021-2022,17,YOAKUM COUNTY,Grade 3,151
2021-2022,17,YOAKUM COUNTY,Grade 4,126
2021-2022,17,YOAKUM COUNTY,Grade 5,143
2021-2022,17,YOAKUM COUNTY,Grade 6,158
2021-2022,17,YOAKUM COUNTY,Grade 7,168
2021-2022,17,YOAKUM COUNTY,Grade 8,167
2021-2022,17,YOAKUM COUNTY,Grade 9,175
2021-2022,17,YOAKUM COUNTY,Grade 10,148
2021-2022,17,YOAKUM COUNTY,Grade 11,171
2021-2022,17,YOAKUM COUNTY,Grade 12,137
2021-2022,9,YOUNG COUNTY,Early Education,34
2021-2022,9,YOUNG COUNTY,Pre-kindergarten,169
2021-2022,9,YOUNG COUNTY,Kindergarten,216
2021-2022,9,YOUNG COUNTY,Grade 1,224
2021-2022,9,YOUNG COUNTY,Grade 2,220
2021-2022,9,YOUNG COUNTY,Grade 3,206
2021-2022,9,YOUNG COUNTY,Grade 4,224
2021-2022,9,YOUNG COUNTY,Grade 5,213
2021-2022,9,YOUNG COUNTY,Grade 6,237
2021-2022,9,YOUNG COUNTY,Grade 7,284
2021-2022,9,YOUNG COUNTY,Grade 8,252
2021-2022,9,YOUNG COUNTY,Grade 9,260
2021-2022,9,YOUNG COUNTY,Grade 10,233
2021-2022,9,YOUNG COUNTY,Grade 11,216
2021-2022,9,YOUNG COUNTY,Grade 12,219
2021-2022,1,ZAPATA COUNTY,Early Education,6
2021-2022,1,ZAPATA COUNTY,Pre-kindergarten,139
2021-2022,1,ZAPATA COUNTY,Kindergarten,194
2021-2022,1,ZAPATA COUNTY,Grade 1,215
2021-2022,1,ZAPATA COUNTY,Grade 2,244
2021-2022,1,ZAPATA COUNTY,Grade 3,218
2021-2022,1,ZAPATA COUNTY,Grade 4,232
2021-2022,1,ZAPATA COUNTY,Grade 5,244
2021-2022,1,ZAPATA COUNTY,Grade 6,255
2021-2022,1,ZAPATA COUNTY,Grade 7,268
2021-2022,1,ZAPATA COUNTY,Grade 8,285
2021-2022,1,ZAPATA COUNTY,Grade 9,249
2021-2022,1,ZAPATA COUNTY,Grade 10,254
2021-2022,1,ZAPATA COUNTY,Grade 11,238
2021-2022,1,ZAPATA COUNTY,Grade 12,246
2021-2022,20,ZAVALA COUNTY,Early Education,5
2021-2022,20,ZAVALA COUNTY,Pre-kindergarten,157
2021-2022,20,ZAVALA COUNTY,Kindergarten,142
2021-2022,20,ZAVALA COUNTY,Grade 1,148
2021-2022,20,ZAVALA COUNTY,Grade 2,159
2021-2022,20,ZAVALA COUNTY,Grade 3,172
2021-2022,20,ZAVALA COUNTY,Grade 4,159
2021-2022,20,ZAVALA COUNTY,Grade 5,134
2021-2022,20,ZAVALA COUNTY,Grade 6,181
2021-2022,20,ZAVALA COUNTY,Grade 7,179
2021-2022,20,ZAVALA COUNTY,Grade 8,169
2021-2022,20,ZAVALA COUNTY,Grade 9,196
2021-2022,20,ZAVALA COUNTY,Grade 10,157
2021-2022,20,ZAVALA COUNTY,Grade 11,175
2021-2022,20,ZAVALA COUNTY,Grade 12,137
