T E X A S  E D U C A T I O N  A G E N C Y,,,,
,,,,
PEIMS Student Enrollment Data for 2022-2023,,,,
,,,,
YEAR,REGION,COUNTY NAME,GRADE,ENROLLMENT
2022-2023,7,ANDERSON COUNTY,Early Education,8
2022-2023,7,ANDERSON COUNTY,Pre-kindergarten,451
2022-2023,7,ANDERSON COUNTY,Kindergarten,558
2022-2023,7,ANDERSON COUNTY,Grade 1,582
2022-2023,7,ANDERSON COUNTY,Grade 2,531
2022-2023,7,ANDERSON COUNTY,Grade 3,557
2022-2023,7,ANDERSON COUNTY,Grade 4,584
2022-2023,7,ANDERSON COUNTY,Grade 5,555
2022-2023,7,ANDERSON COUNTY,Grade 6,551
2022-2023,7,ANDERSON COUNTY,Grade 7,583
2022-2023,7,ANDERSON COUNTY,Grade 8,642
2022-2023,7,ANDERSON COUNTY,Grade 9,668
2022-2023,7,ANDERSON COUNTY,Grade 10,624
2022-2023,7,ANDERSON COUNTY,Grade 11,559
2022-2023,7,ANDERSON COUNTY,Grade 12,507
2022-2023,18,ANDREWS COUNTY,Early Education,27
2022-2023,18,ANDREWS COUNTY,Pre-kindergarten,105
2022-2023,18,ANDREWS COUNTY,Kindergarten,314
2022-2023,18,ANDREWS COUNTY,Grade 1,338
2022-2023,18,ANDREWS COUNTY,Grade 2,342
2022-2023,18,ANDREWS COUNTY,Grade 3,293
2022-2023,18,ANDREWS COUNTY,Grade 4,337
2022-2023,18,ANDREWS COUNTY,Grade 5,311
2022-2023,18,ANDREWS COUNTY,Grade 6,303
2022-2023,18,ANDREWS COUNTY,Grade 7,295
2022-2023,18,ANDREWS COUNTY,Grade 8,322
2022-2023,18,ANDREWS COUNTY,Grade 9,339
2022-2023,18,ANDREWS COUNTY,Grade 10,336
2022-2023,18,ANDREWS COUNTY,Grade 11,277
2022-2023,18,ANDREWS COUNTY,Grade 12,259
2022-2023,7,ANGELINA COUNTY,Early Education,62
2022-2023,7,ANGELINA COUNTY,Pre-kindergarten,770
2022-2023,7,ANGELINA COUNTY,Kindergarten,1099
2022-2023,7,ANGELINA COUNTY,Grade 1,1191
2022-2023,7,ANGELINA COUNTY,Grade 2,1127
2022-2023,7,ANGELINA COUNTY,Grade 3,1176
2022-2023,7,ANGELINA COUNTY,Grade 4,1129
2022-2023,7,ANGELINA COUNTY,Grade 5,1192
2022-2023,7,ANGELINA COUNTY,Grade 6,1150
2022-2023,7,ANGELINA COUNTY,Grade 7,1143
2022-2023,7,ANGELINA COUNTY,Grade 8,1193
2022-2023,7,ANGELINA COUNTY,Grade 9,1301
2022-2023,7,ANGELINA COUNTY,Grade 10,1280
2022-2023,7,ANGELINA COUNTY,Grade 11,1142
2022-2023,7,ANGELINA COUNTY,Grade 12,1022
2022-2023,2,ARANSAS COUNTY,Early Education,5
2022-2023,2,ARANSAS COUNTY,Pre-kindergarten,136
2022-2023,2,ARANSAS COUNTY,Kindergarten,192
2022-2023,2,ARANSAS COUNTY,Grade 1,204
2022-2023,2,ARANSAS COUNTY,Grade 2,192
2022-2023,2,ARANSAS COUNTY,Grade 3,229
2022-2023,2,ARANSAS COUNTY,Grade 4,206
2022-2023,2,ARANSAS COUNTY,Grade 5,231
2022-2023,2,ARANSAS COUNTY,Grade 6,237
2022-2023,2,ARANSAS COUNTY,Grade 7,248
2022-2023,2,ARANSAS COUNTY,Grade 8,213
2022-2023,2,ARANSAS COUNTY,Grade 9,265
2022-2023,2,ARANSAS COUNTY,Grade 10,253
2022-2023,2,ARANSAS COUNTY,Grade 11,223
2022-2023,2,ARANSAS COUNTY,Grade 12,210
2022-2023,9,ARCHER COUNTY,Early Education,6
2022-2023,9,ARCHER COUNTY,Pre-kindergarten,95
2022-2023,9,ARCHER COUNTY,Kindergarten,139
2022-2023,9,ARCHER COUNTY,Grade 1,146
2022-2023,9,ARCHER COUNTY,Grade 2,167
2022-2023,9,ARCHER COUNTY,Grade 3,155
2022-2023,9,ARCHER COUNTY,Grade 4,161
2022-2023,9,ARCHER COUNTY,Grade 5,160
2022-2023,9,ARCHER COUNTY,Grade 6,165
2022-2023,9,ARCHER COUNTY,Grade 7,156
2022-2023,9,ARCHER COUNTY,Grade 8,168
2022-2023,9,ARCHER COUNTY,Grade 9,174
2022-2023,9,ARCHER COUNTY,Grade 10,167
2022-2023,9,ARCHER COUNTY,Grade 11,161
2022-2023,9,ARCHER COUNTY,Grade 12,137
2022-2023,16,ARMSTRONG COUNTY,Pre-kindergarten,18
2022-2023,16,ARMSTRONG COUNTY,Kindergarten,25
2022-2023,16,ARMSTRONG COUNTY,Grade 1,16
2022-2023,16,ARMSTRONG COUNTY,Grade 2,17
2022-2023,16,ARMSTRONG COUNTY,Grade 3,34
2022-2023,16,ARMSTRONG COUNTY,Grade 4,32
2022-2023,16,ARMSTRONG COUNTY,Grade 5,22
2022-2023,16,ARMSTRONG COUNTY,Grade 6,24
2022-2023,16,ARMSTRONG COUNTY,Grade 7,23
2022-2023,16,ARMSTRONG COUNTY,Grade 8,26
2022-2023,16,ARMSTRONG COUNTY,Grade 9,24
2022-2023,16,ARMSTRONG COUNTY,Grade 10,19
2022-2023,16,ARMSTRONG COUNTY,Grade 11,23
2022-2023,16,ARMSTRONG COUNTY,Grade 12,25
2022-2023,20,ATASCOSA COUNTY,Early Education,42
2022-2023,20,ATASCOSA COUNTY,Pre-kindergarten,484
2022-2023,20,ATASCOSA COUNTY,Kindergarten,669
2022-2023,20,ATASCOSA COUNTY,Grade 1,639
2022-2023,20,ATASCOSA COUNTY,Grade 2,667
2022-2023,20,ATASCOSA COUNTY,Grade 3,648
2022-2023,20,ATASCOSA COUNTY,Grade 4,649
2022-2023,20,ATASCOSA COUNTY,Grade 5,646
2022-2023,20,ATASCOSA COUNTY,Grade 6,677
2022-2023,20,ATASCOSA COUNTY,Grade 7,699
2022-2023,20,ATASCOSA COUNTY,Grade 8,691
2022-2023,20,ATASCOSA COUNTY,Grade 9,710
2022-2023,20,ATASCOSA COUNTY,Grade 10,672
2022-2023,20,ATASCOSA COUNTY,Grade 11,594
2022-2023,20,ATASCOSA COUNTY,Grade 12,567
2022-2023,6,AUSTIN COUNTY,Early Education,31
2022-2023,6,AUSTIN COUNTY,Pre-kindergarten,196
2022-2023,6,AUSTIN COUNTY,Kindergarten,341
2022-2023,6,AUSTIN COUNTY,Grade 1,449
2022-2023,6,AUSTIN COUNTY,Grade 2,438
2022-2023,6,AUSTIN COUNTY,Grade 3,382
2022-2023,6,AUSTIN COUNTY,Grade 4,404
2022-2023,6,AUSTIN COUNTY,Grade 5,446
2022-2023,6,AUSTIN COUNTY,Grade 6,437
2022-2023,6,AUSTIN COUNTY,Grade 7,505
2022-2023,6,AUSTIN COUNTY,Grade 8,493
2022-2023,6,AUSTIN COUNTY,Grade 9,558
2022-2023,6,AUSTIN COUNTY,Grade 10,478
2022-2023,6,AUSTIN COUNTY,Grade 11,447
2022-2023,6,AUSTIN COUNTY,Grade 12,405
2022-2023,17,BAILEY COUNTY,Early Education,12
2022-2023,17,BAILEY COUNTY,Pre-kindergarten,79
2022-2023,17,BAILEY COUNTY,Kindergarten,109
2022-2023,17,BAILEY COUNTY,Grade 1,100
2022-2023,17,BAILEY COUNTY,Grade 2,103
2022-2023,17,BAILEY COUNTY,Grade 3,98
2022-2023,17,BAILEY COUNTY,Grade 4,96
2022-2023,17,BAILEY COUNTY,Grade 5,96
2022-2023,17,BAILEY COUNTY,Grade 6,104
2022-2023,17,BAILEY COUNTY,Grade 7,83
2022-2023,17,BAILEY COUNTY,Grade 8,108
2022-2023,17,BAILEY COUNTY,Grade 9,93
2022-2023,17,BAILEY COUNTY,Grade 10,84
2022-2023,17,BAILEY COUNTY,Grade 11,88
2022-2023,17,BAILEY COUNTY,Grade 12,94
2022-2023,20,BANDERA COUNTY,Early Education,18
2022-2023,20,BANDERA COUNTY,Pre-kindergarten,109
2022-2023,20,BANDERA COUNTY,Kindergarten,188
2022-2023,20,BANDERA COUNTY,Grade 1,173
2022-2023,20,BANDERA COUNTY,Grade 2,186
2022-2023,20,BANDERA COUNTY,Grade 3,183
2022-2023,20,BANDERA COUNTY,Grade 4,207
2022-2023,20,BANDERA COUNTY,Grade 5,181
2022-2023,20,BANDERA COUNTY,Grade 6,193
2022-2023,20,BANDERA COUNTY,Grade 7,195
2022-2023,20,BANDERA COUNTY,Grade 8,206
2022-2023,20,BANDERA COUNTY,Grade 9,231
2022-2023,20,BANDERA COUNTY,Grade 10,195
2022-2023,20,BANDERA COUNTY,Grade 11,197
2022-2023,20,BANDERA COUNTY,Grade 12,165
2022-2023,13,BASTROP COUNTY,Early Education,73
2022-2023,13,BASTROP COUNTY,Pre-kindergarten,862
2022-2023,13,BASTROP COUNTY,Kindergarten,1301
2022-2023,13,BASTROP COUNTY,Grade 1,1448
2022-2023,13,BASTROP COUNTY,Grade 2,1460
2022-2023,13,BASTROP COUNTY,Grade 3,1386
2022-2023,13,BASTROP COUNTY,Grade 4,1397
2022-2023,13,BASTROP COUNTY,Grade 5,1304
2022-2023,13,BASTROP COUNTY,Grade 6,1442
2022-2023,13,BASTROP COUNTY,Grade 7,1462
2022-2023,13,BASTROP COUNTY,Grade 8,1618
2022-2023,13,BASTROP COUNTY,Grade 9,1928
2022-2023,13,BASTROP COUNTY,Grade 10,1628
2022-2023,13,BASTROP COUNTY,Grade 11,1548
2022-2023,13,BASTROP COUNTY,Grade 12,1294
2022-2023,9,BAYLOR COUNTY,Early Education,1
2022-2023,9,BAYLOR COUNTY,Pre-kindergarten,33
2022-2023,9,BAYLOR COUNTY,Kindergarten,51
2022-2023,9,BAYLOR COUNTY,Grade 1,49
2022-2023,9,BAYLOR COUNTY,Grade 2,41
2022-2023,9,BAYLOR COUNTY,Grade 3,44
2022-2023,9,BAYLOR COUNTY,Grade 4,58
2022-2023,9,BAYLOR COUNTY,Grade 5,49
2022-2023,9,BAYLOR COUNTY,Grade 6,45
2022-2023,9,BAYLOR COUNTY,Grade 7,49
2022-2023,9,BAYLOR COUNTY,Grade 8,47
2022-2023,9,BAYLOR COUNTY,Grade 9,45
2022-2023,9,BAYLOR COUNTY,Grade 10,42
2022-2023,9,BAYLOR COUNTY,Grade 11,49
2022-2023,9,BAYLOR COUNTY,Grade 12,41
2022-2023,2,BEE COUNTY,Early Education,18
2022-2023,2,BEE COUNTY,Pre-kindergarten,508
2022-2023,2,BEE COUNTY,Kindergarten,318
2022-2023,2,BEE COUNTY,Grade 1,381
2022-2023,2,BEE COUNTY,Grade 2,380
2022-2023,2,BEE COUNTY,Grade 3,354
2022-2023,2,BEE COUNTY,Grade 4,368
2022-2023,2,BEE COUNTY,Grade 5,322
2022-2023,2,BEE COUNTY,Grade 6,332
2022-2023,2,BEE COUNTY,Grade 7,350
2022-2023,2,BEE COUNTY,Grade 8,352
2022-2023,2,BEE COUNTY,Grade 9,469
2022-2023,2,BEE COUNTY,Grade 10,377
2022-2023,2,BEE COUNTY,Grade 11,296
2022-2023,2,BEE COUNTY,Grade 12,271
2022-2023,12,BELL COUNTY,Early Education,369
2022-2023,13,BELL COUNTY,Early Education,2
2022-2023,12,BELL COUNTY,Pre-kindergarten,3858
2022-2023,13,BELL COUNTY,Pre-kindergarten,29
2022-2023,12,BELL COUNTY,Kindergarten,5502
2022-2023,13,BELL COUNTY,Kindergarten,26
2022-2023,12,BELL COUNTY,Grade 1,5956
2022-2023,13,BELL COUNTY,Grade 1,33
2022-2023,12,BELL COUNTY,Grade 2,5922
2022-2023,13,BELL COUNTY,Grade 2,32
2022-2023,12,BELL COUNTY,Grade 3,5730
2022-2023,13,BELL COUNTY,Grade 3,39
2022-2023,12,BELL COUNTY,Grade 4,5714
2022-2023,13,BELL COUNTY,Grade 4,34
2022-2023,12,BELL COUNTY,Grade 5,5607
2022-2023,13,BELL COUNTY,Grade 5,25
2022-2023,12,BELL COUNTY,Grade 6,5482
2022-2023,13,BELL COUNTY,Grade 6,30
2022-2023,12,BELL COUNTY,Grade 7,5345
2022-2023,13,BELL COUNTY,Grade 7,31
2022-2023,12,BELL COUNTY,Grade 8,5536
2022-2023,13,BELL COUNTY,Grade 8,34
2022-2023,12,BELL COUNTY,Grade 9,6382
2022-2023,13,BELL COUNTY,Grade 9,40
2022-2023,20,BELL COUNTY,Grade 9,476
2022-2023,12,BELL COUNTY,Grade 10,5565
2022-2023,13,BELL COUNTY,Grade 10,42
2022-2023,20,BELL COUNTY,Grade 10,527
2022-2023,12,BELL COUNTY,Grade 11,4790
2022-2023,13,BELL COUNTY,Grade 11,36
2022-2023,20,BELL COUNTY,Grade 11,388
2022-2023,12,BELL COUNTY,Grade 12,4440
2022-2023,13,BELL COUNTY,Grade 12,28
2022-2023,20,BELL COUNTY,Grade 12,302
2022-2023,20,BEXAR COUNTY,Early Education,1611
2022-2023,20,BEXAR COUNTY,Pre-kindergarten,19154
2022-2023,20,BEXAR COUNTY,Kindergarten,24258
2022-2023,20,BEXAR COUNTY,Grade 1,26086
2022-2023,20,BEXAR COUNTY,Grade 2,25967
2022-2023,20,BEXAR COUNTY,Grade 3,25630
2022-2023,20,BEXAR COUNTY,Grade 4,25329
2022-2023,20,BEXAR COUNTY,Grade 5,25637
2022-2023,20,BEXAR COUNTY,Grade 6,25506
2022-2023,20,BEXAR COUNTY,Grade 7,25897
2022-2023,20,BEXAR COUNTY,Grade 8,26103
2022-2023,20,BEXAR COUNTY,Grade 9,29773
2022-2023,20,BEXAR COUNTY,Grade 10,26742
2022-2023,20,BEXAR COUNTY,Grade 11,22826
2022-2023,20,BEXAR COUNTY,Grade 12,22363
2022-2023,13,BLANCO COUNTY,Early Education,12
2022-2023,13,BLANCO COUNTY,Pre-kindergarten,45
2022-2023,13,BLANCO COUNTY,Kindergarten,120
2022-2023,13,BLANCO COUNTY,Grade 1,133
2022-2023,13,BLANCO COUNTY,Grade 2,122
2022-2023,13,BLANCO COUNTY,Grade 3,115
2022-2023,13,BLANCO COUNTY,Grade 4,121
2022-2023,13,BLANCO COUNTY,Grade 5,123
2022-2023,13,BLANCO COUNTY,Grade 6,133
2022-2023,13,BLANCO COUNTY,Grade 7,137
2022-2023,13,BLANCO COUNTY,Grade 8,147
2022-2023,13,BLANCO COUNTY,Grade 9,142
2022-2023,13,BLANCO COUNTY,Grade 10,171
2022-2023,13,BLANCO COUNTY,Grade 11,142
2022-2023,13,BLANCO COUNTY,Grade 12,147
2022-2023,17,BORDEN COUNTY,Pre-kindergarten,15
2022-2023,17,BORDEN COUNTY,Kindergarten,11
2022-2023,17,BORDEN COUNTY,Grade 1,16
2022-2023,17,BORDEN COUNTY,Grade 2,17
2022-2023,17,BORDEN COUNTY,Grade 3,15
2022-2023,17,BORDEN COUNTY,Grade 4,16
2022-2023,17,BORDEN COUNTY,Grade 5,8
2022-2023,17,BORDEN COUNTY,Grade 6,14
2022-2023,17,BORDEN COUNTY,Grade 7,13
2022-2023,17,BORDEN COUNTY,Grade 8,26
2022-2023,17,BORDEN COUNTY,Grade 9,18
2022-2023,17,BORDEN COUNTY,Grade 10,16
2022-2023,17,BORDEN COUNTY,Grade 11,24
2022-2023,17,BORDEN COUNTY,Grade 12,16
2022-2023,12,BOSQUE COUNTY,Early Education,23
2022-2023,12,BOSQUE COUNTY,Pre-kindergarten,128
2022-2023,12,BOSQUE COUNTY,Kindergarten,179
2022-2023,12,BOSQUE COUNTY,Grade 1,216
2022-2023,12,BOSQUE COUNTY,Grade 2,177
2022-2023,12,BOSQUE COUNTY,Grade 3,189
2022-2023,12,BOSQUE COUNTY,Grade 4,221
2022-2023,12,BOSQUE COUNTY,Grade 5,200
2022-2023,12,BOSQUE COUNTY,Grade 6,198
2022-2023,12,BOSQUE COUNTY,Grade 7,194
2022-2023,12,BOSQUE COUNTY,Grade 8,236
2022-2023,12,BOSQUE COUNTY,Grade 9,263
2022-2023,12,BOSQUE COUNTY,Grade 10,234
2022-2023,12,BOSQUE COUNTY,Grade 11,184
2022-2023,12,BOSQUE COUNTY,Grade 12,181
2022-2023,8,BOWIE COUNTY,Early Education,63
2022-2023,8,BOWIE COUNTY,Pre-kindergarten,1111
2022-2023,8,BOWIE COUNTY,Kindergarten,1310
2022-2023,8,BOWIE COUNTY,Grade 1,1345
2022-2023,8,BOWIE COUNTY,Grade 2,1251
2022-2023,8,BOWIE COUNTY,Grade 3,1203
2022-2023,8,BOWIE COUNTY,Grade 4,1220
2022-2023,8,BOWIE COUNTY,Grade 5,1274
2022-2023,8,BOWIE COUNTY,Grade 6,1238
2022-2023,8,BOWIE COUNTY,Grade 7,1225
2022-2023,8,BOWIE COUNTY,Grade 8,1313
2022-2023,8,BOWIE COUNTY,Grade 9,1300
2022-2023,8,BOWIE COUNTY,Grade 10,1250
2022-2023,8,BOWIE COUNTY,Grade 11,1157
2022-2023,8,BOWIE COUNTY,Grade 12,1071
2022-2023,4,BRAZORIA COUNTY,Early Education,370
2022-2023,4,BRAZORIA COUNTY,Pre-kindergarten,2186
2022-2023,4,BRAZORIA COUNTY,Kindergarten,4667
2022-2023,4,BRAZORIA COUNTY,Grade 1,5180
2022-2023,4,BRAZORIA COUNTY,Grade 2,5259
2022-2023,4,BRAZORIA COUNTY,Grade 3,5399
2022-2023,4,BRAZORIA COUNTY,Grade 4,5356
2022-2023,4,BRAZORIA COUNTY,Grade 5,5476
2022-2023,4,BRAZORIA COUNTY,Grade 6,5532
2022-2023,4,BRAZORIA COUNTY,Grade 7,5884
2022-2023,4,BRAZORIA COUNTY,Grade 8,5983
2022-2023,4,BRAZORIA COUNTY,Grade 9,6520
2022-2023,4,BRAZORIA COUNTY,Grade 10,6085
2022-2023,4,BRAZORIA COUNTY,Grade 11,5651
2022-2023,4,BRAZORIA COUNTY,Grade 12,5076
2022-2023,6,BRAZOS COUNTY,Early Education,178
2022-2023,6,BRAZOS COUNTY,Pre-kindergarten,1321
2022-2023,6,BRAZOS COUNTY,Kindergarten,2252
2022-2023,6,BRAZOS COUNTY,Grade 1,2471
2022-2023,6,BRAZOS COUNTY,Grade 2,2350
2022-2023,6,BRAZOS COUNTY,Grade 3,2380
2022-2023,6,BRAZOS COUNTY,Grade 4,2271
2022-2023,6,BRAZOS COUNTY,Grade 5,2225
2022-2023,6,BRAZOS COUNTY,Grade 6,2243
2022-2023,6,BRAZOS COUNTY,Grade 7,2223
2022-2023,6,BRAZOS COUNTY,Grade 8,2275
2022-2023,6,BRAZOS COUNTY,Grade 9,2724
2022-2023,6,BRAZOS COUNTY,Grade 10,2474
2022-2023,6,BRAZOS COUNTY,Grade 11,2058
2022-2023,6,BRAZOS COUNTY,Grade 12,2038
2022-2023,18,BREWSTER COUNTY,Early Education,2
2022-2023,18,BREWSTER COUNTY,Pre-kindergarten,98
2022-2023,18,BREWSTER COUNTY,Kindergarten,65
2022-2023,18,BREWSTER COUNTY,Grade 1,72
2022-2023,18,BREWSTER COUNTY,Grade 2,75
2022-2023,18,BREWSTER COUNTY,Grade 3,71
2022-2023,18,BREWSTER COUNTY,Grade 4,72
2022-2023,18,BREWSTER COUNTY,Grade 5,78
2022-2023,18,BREWSTER COUNTY,Grade 6,70
2022-2023,18,BREWSTER COUNTY,Grade 7,82
2022-2023,18,BREWSTER COUNTY,Grade 8,93
2022-2023,18,BREWSTER COUNTY,Grade 9,95
2022-2023,18,BREWSTER COUNTY,Grade 10,93
2022-2023,18,BREWSTER COUNTY,Grade 11,101
2022-2023,18,BREWSTER COUNTY,Grade 12,77
2022-2023,16,BRISCOE COUNTY,Pre-kindergarten,13
2022-2023,16,BRISCOE COUNTY,Kindergarten,12
2022-2023,16,BRISCOE COUNTY,Grade 1,17
2022-2023,16,BRISCOE COUNTY,Grade 2,18
2022-2023,16,BRISCOE COUNTY,Grade 3,10
2022-2023,16,BRISCOE COUNTY,Grade 4,13
2022-2023,16,BRISCOE COUNTY,Grade 5,20
2022-2023,16,BRISCOE COUNTY,Grade 6,18
2022-2023,16,BRISCOE COUNTY,Grade 7,9
2022-2023,16,BRISCOE COUNTY,Grade 8,18
2022-2023,16,BRISCOE COUNTY,Grade 9,19
2022-2023,16,BRISCOE COUNTY,Grade 10,13
2022-2023,16,BRISCOE COUNTY,Grade 11,22
2022-2023,16,BRISCOE COUNTY,Grade 12,11
2022-2023,1,BROOKS COUNTY,Pre-kindergarten,104
2022-2023,1,BROOKS COUNTY,Kindergarten,64
2022-2023,1,BROOKS COUNTY,Grade 1,98
2022-2023,1,BROOKS COUNTY,Grade 2,81
2022-2023,1,BROOKS COUNTY,Grade 3,93
2022-2023,1,BROOKS COUNTY,Grade 4,74
2022-2023,1,BROOKS COUNTY,Grade 5,96
2022-2023,1,BROOKS COUNTY,Grade 6,89
2022-2023,1,BROOKS COUNTY,Grade 7,97
2022-2023,1,BROOKS COUNTY,Grade 8,88
2022-2023,1,BROOKS COUNTY,Grade 9,116
2022-2023,1,BROOKS COUNTY,Grade 10,113
2022-2023,1,BROOKS COUNTY,Grade 11,93
2022-2023,1,BROOKS COUNTY,Grade 12,79
2022-2023,15,BROWN COUNTY,Early Education,42
2022-2023,15,BROWN COUNTY,Pre-kindergarten,322
2022-2023,15,BROWN COUNTY,Kindergarten,436
2022-2023,15,BROWN COUNTY,Grade 1,464
2022-2023,15,BROWN COUNTY,Grade 2,414
2022-2023,15,BROWN COUNTY,Grade 3,453
2022-2023,15,BROWN COUNTY,Grade 4,431
2022-2023,15,BROWN COUNTY,Grade 5,470
2022-2023,15,BROWN COUNTY,Grade 6,423
2022-2023,15,BROWN COUNTY,Grade 7,479
2022-2023,15,BROWN COUNTY,Grade 8,479
2022-2023,15,BROWN COUNTY,Grade 9,521
2022-2023,15,BROWN COUNTY,Grade 10,492
2022-2023,15,BROWN COUNTY,Grade 11,422
2022-2023,15,BROWN COUNTY,Grade 12,423
2022-2023,6,BURLESON COUNTY,Early Education,29
2022-2023,6,BURLESON COUNTY,Pre-kindergarten,120
2022-2023,6,BURLESON COUNTY,Kindergarten,207
2022-2023,6,BURLESON COUNTY,Grade 1,216
2022-2023,6,BURLESON COUNTY,Grade 2,217
2022-2023,6,BURLESON COUNTY,Grade 3,248
2022-2023,6,BURLESON COUNTY,Grade 4,221
2022-2023,6,BURLESON COUNTY,Grade 5,202
2022-2023,6,BURLESON COUNTY,Grade 6,220
2022-2023,6,BURLESON COUNTY,Grade 7,229
2022-2023,6,BURLESON COUNTY,Grade 8,230
2022-2023,6,BURLESON COUNTY,Grade 9,247
2022-2023,6,BURLESON COUNTY,Grade 10,256
2022-2023,6,BURLESON COUNTY,Grade 11,214
2022-2023,6,BURLESON COUNTY,Grade 12,198
2022-2023,13,BURNET COUNTY,Early Education,29
2022-2023,13,BURNET COUNTY,Pre-kindergarten,293
2022-2023,13,BURNET COUNTY,Kindergarten,466
2022-2023,13,BURNET COUNTY,Grade 1,544
2022-2023,13,BURNET COUNTY,Grade 2,548
2022-2023,13,BURNET COUNTY,Grade 3,539
2022-2023,13,BURNET COUNTY,Grade 4,534
2022-2023,13,BURNET COUNTY,Grade 5,529
2022-2023,13,BURNET COUNTY,Grade 6,537
2022-2023,13,BURNET COUNTY,Grade 7,563
2022-2023,13,BURNET COUNTY,Grade 8,542
2022-2023,13,BURNET COUNTY,Grade 9,638
2022-2023,13,BURNET COUNTY,Grade 10,589
2022-2023,13,BURNET COUNTY,Grade 11,537
2022-2023,13,BURNET COUNTY,Grade 12,479
2022-2023,13,CALDWELL COUNTY,Early Education,29
2022-2023,13,CALDWELL COUNTY,Pre-kindergarten,380
2022-2023,13,CALDWELL COUNTY,Kindergarten,505
2022-2023,13,CALDWELL COUNTY,Grade 1,567
2022-2023,13,CALDWELL COUNTY,Grade 2,598
2022-2023,13,CALDWELL COUNTY,Grade 3,574
2022-2023,13,CALDWELL COUNTY,Grade 4,568
2022-2023,13,CALDWELL COUNTY,Grade 5,573
2022-2023,13,CALDWELL COUNTY,Grade 6,587
2022-2023,13,CALDWELL COUNTY,Grade 7,569
2022-2023,13,CALDWELL COUNTY,Grade 8,640
2022-2023,13,CALDWELL COUNTY,Grade 9,757
2022-2023,13,CALDWELL COUNTY,Grade 10,645
2022-2023,13,CALDWELL COUNTY,Grade 11,575
2022-2023,13,CALDWELL COUNTY,Grade 12,521
2022-2023,3,CALHOUN COUNTY,Early Education,16
2022-2023,3,CALHOUN COUNTY,Pre-kindergarten,174
2022-2023,3,CALHOUN COUNTY,Kindergarten,232
2022-2023,3,CALHOUN COUNTY,Grade 1,294
2022-2023,3,CALHOUN COUNTY,Grade 2,244
2022-2023,3,CALHOUN COUNTY,Grade 3,248
2022-2023,3,CALHOUN COUNTY,Grade 4,255
2022-2023,3,CALHOUN COUNTY,Grade 5,259
2022-2023,3,CALHOUN COUNTY,Grade 6,274
2022-2023,3,CALHOUN COUNTY,Grade 7,273
2022-2023,3,CALHOUN COUNTY,Grade 8,249
2022-2023,3,CALHOUN COUNTY,Grade 9,279
2022-2023,3,CALHOUN COUNTY,Grade 10,283
2022-2023,3,CALHOUN COUNTY,Grade 11,243
2022-2023,3,CALHOUN COUNTY,Grade 12,207
2022-2023,14,CALLAHAN COUNTY,Early Education,6
2022-2023,14,CALLAHAN COUNTY,Pre-kindergarten,117
2022-2023,14,CALLAHAN COUNTY,Kindergarten,184
2022-2023,14,CALLAHAN COUNTY,Grade 1,194
2022-2023,14,CALLAHAN COUNTY,Grade 2,216
2022-2023,14,CALLAHAN COUNTY,Grade 3,189
2022-2023,14,CALLAHAN COUNTY,Grade 4,204
2022-2023,14,CALLAHAN COUNTY,Grade 5,185
2022-2023,14,CALLAHAN COUNTY,Grade 6,168
2022-2023,14,CALLAHAN COUNTY,Grade 7,201
2022-2023,14,CALLAHAN COUNTY,Grade 8,195
2022-2023,14,CALLAHAN COUNTY,Grade 9,200
2022-2023,14,CALLAHAN COUNTY,Grade 10,211
2022-2023,14,CALLAHAN COUNTY,Grade 11,181
2022-2023,14,CALLAHAN COUNTY,Grade 12,152
2022-2023,1,CAMERON COUNTY,Early Education,178
2022-2023,1,CAMERON COUNTY,Pre-kindergarten,5576
2022-2023,1,CAMERON COUNTY,Kindergarten,4765
2022-2023,1,CAMERON COUNTY,Grade 1,5498
2022-2023,1,CAMERON COUNTY,Grade 2,5496
2022-2023,1,CAMERON COUNTY,Grade 3,5320
2022-2023,1,CAMERON COUNTY,Grade 4,5524
2022-2023,1,CAMERON COUNTY,Grade 5,5846
2022-2023,1,CAMERON COUNTY,Grade 6,6193
2022-2023,1,CAMERON COUNTY,Grade 7,6200
2022-2023,1,CAMERON COUNTY,Grade 8,6998
2022-2023,1,CAMERON COUNTY,Grade 9,8292
2022-2023,1,CAMERON COUNTY,Grade 10,7396
2022-2023,1,CAMERON COUNTY,Grade 11,7008
2022-2023,1,CAMERON COUNTY,Grade 12,6903
2022-2023,8,CAMP COUNTY,Early Education,10
2022-2023,8,CAMP COUNTY,Pre-kindergarten,100
2022-2023,8,CAMP COUNTY,Kindergarten,167
2022-2023,8,CAMP COUNTY,Grade 1,167
2022-2023,8,CAMP COUNTY,Grade 2,169
2022-2023,8,CAMP COUNTY,Grade 3,192
2022-2023,8,CAMP COUNTY,Grade 4,184
2022-2023,8,CAMP COUNTY,Grade 5,139
2022-2023,8,CAMP COUNTY,Grade 6,157
2022-2023,8,CAMP COUNTY,Grade 7,184
2022-2023,8,CAMP COUNTY,Grade 8,165
2022-2023,8,CAMP COUNTY,Grade 9,228
2022-2023,8,CAMP COUNTY,Grade 10,174
2022-2023,8,CAMP COUNTY,Grade 11,155
2022-2023,8,CAMP COUNTY,Grade 12,169
2022-2023,16,CARSON COUNTY,Early Education,6
2022-2023,16,CARSON COUNTY,Pre-kindergarten,52
2022-2023,16,CARSON COUNTY,Kindergarten,72
2022-2023,16,CARSON COUNTY,Grade 1,91
2022-2023,16,CARSON COUNTY,Grade 2,71
2022-2023,16,CARSON COUNTY,Grade 3,91
2022-2023,16,CARSON COUNTY,Grade 4,78
2022-2023,16,CARSON COUNTY,Grade 5,71
2022-2023,16,CARSON COUNTY,Grade 6,85
2022-2023,16,CARSON COUNTY,Grade 7,88
2022-2023,16,CARSON COUNTY,Grade 8,102
2022-2023,16,CARSON COUNTY,Grade 9,89
2022-2023,16,CARSON COUNTY,Grade 10,87
2022-2023,16,CARSON COUNTY,Grade 11,76
2022-2023,16,CARSON COUNTY,Grade 12,82
2022-2023,8,CASS COUNTY,Early Education,17
2022-2023,8,CASS COUNTY,Pre-kindergarten,350
2022-2023,8,CASS COUNTY,Kindergarten,356
2022-2023,8,CASS COUNTY,Grade 1,416
2022-2023,8,CASS COUNTY,Grade 2,418
2022-2023,8,CASS COUNTY,Grade 3,394
2022-2023,8,CASS COUNTY,Grade 4,375
2022-2023,8,CASS COUNTY,Grade 5,396
2022-2023,8,CASS COUNTY,Grade 6,384
2022-2023,8,CASS COUNTY,Grade 7,417
2022-2023,8,CASS COUNTY,Grade 8,391
2022-2023,8,CASS COUNTY,Grade 9,408
2022-2023,8,CASS COUNTY,Grade 10,389
2022-2023,8,CASS COUNTY,Grade 11,381
2022-2023,8,CASS COUNTY,Grade 12,343
2022-2023,16,CASTRO COUNTY,Early Education,2
2022-2023,16,CASTRO COUNTY,Pre-kindergarten,104
2022-2023,16,CASTRO COUNTY,Kindergarten,89
2022-2023,16,CASTRO COUNTY,Grade 1,100
2022-2023,16,CASTRO COUNTY,Grade 2,121
2022-2023,16,CASTRO COUNTY,Grade 3,109
2022-2023,16,CASTRO COUNTY,Grade 4,121
2022-2023,16,CASTRO COUNTY,Grade 5,107
2022-2023,16,CASTRO COUNTY,Grade 6,117
2022-2023,16,CASTRO COUNTY,Grade 7,121
2022-2023,16,CASTRO COUNTY,Grade 8,128
2022-2023,16,CASTRO COUNTY,Grade 9,116
2022-2023,16,CASTRO COUNTY,Grade 10,112
2022-2023,16,CASTRO COUNTY,Grade 11,104
2022-2023,16,CASTRO COUNTY,Grade 12,103
2022-2023,4,CHAMBERS COUNTY,Early Education,71
2022-2023,5,CHAMBERS COUNTY,Early Education,7
2022-2023,4,CHAMBERS COUNTY,Pre-kindergarten,255
2022-2023,5,CHAMBERS COUNTY,Pre-kindergarten,104
2022-2023,4,CHAMBERS COUNTY,Kindergarten,637
2022-2023,5,CHAMBERS COUNTY,Kindergarten,93
2022-2023,4,CHAMBERS COUNTY,Grade 1,683
2022-2023,5,CHAMBERS COUNTY,Grade 1,109
2022-2023,4,CHAMBERS COUNTY,Grade 2,672
2022-2023,5,CHAMBERS COUNTY,Grade 2,99
2022-2023,4,CHAMBERS COUNTY,Grade 3,727
2022-2023,5,CHAMBERS COUNTY,Grade 3,111
2022-2023,4,CHAMBERS COUNTY,Grade 4,672
2022-2023,5,CHAMBERS COUNTY,Grade 4,106
2022-2023,4,CHAMBERS COUNTY,Grade 5,603
2022-2023,5,CHAMBERS COUNTY,Grade 5,119
2022-2023,4,CHAMBERS COUNTY,Grade 6,675
2022-2023,5,CHAMBERS COUNTY,Grade 6,130
2022-2023,4,CHAMBERS COUNTY,Grade 7,714
2022-2023,5,CHAMBERS COUNTY,Grade 7,108
2022-2023,4,CHAMBERS COUNTY,Grade 8,670
2022-2023,5,CHAMBERS COUNTY,Grade 8,119
2022-2023,4,CHAMBERS COUNTY,Grade 9,678
2022-2023,5,CHAMBERS COUNTY,Grade 9,118
2022-2023,4,CHAMBERS COUNTY,Grade 10,700
2022-2023,5,CHAMBERS COUNTY,Grade 10,111
2022-2023,4,CHAMBERS COUNTY,Grade 11,540
2022-2023,5,CHAMBERS COUNTY,Grade 11,113
2022-2023,4,CHAMBERS COUNTY,Grade 12,535
2022-2023,5,CHAMBERS COUNTY,Grade 12,109
2022-2023,7,CHEROKEE COUNTY,Early Education,21
2022-2023,7,CHEROKEE COUNTY,Pre-kindergarten,445
2022-2023,7,CHEROKEE COUNTY,Kindergarten,598
2022-2023,7,CHEROKEE COUNTY,Grade 1,635
2022-2023,7,CHEROKEE COUNTY,Grade 2,656
2022-2023,7,CHEROKEE COUNTY,Grade 3,570
2022-2023,7,CHEROKEE COUNTY,Grade 4,578
2022-2023,7,CHEROKEE COUNTY,Grade 5,596
2022-2023,7,CHEROKEE COUNTY,Grade 6,568
2022-2023,7,CHEROKEE COUNTY,Grade 7,602
2022-2023,7,CHEROKEE COUNTY,Grade 8,658
2022-2023,7,CHEROKEE COUNTY,Grade 9,689
2022-2023,7,CHEROKEE COUNTY,Grade 10,605
2022-2023,7,CHEROKEE COUNTY,Grade 11,523
2022-2023,7,CHEROKEE COUNTY,Grade 12,530
2022-2023,16,CHILDRESS COUNTY,Early Education,5
2022-2023,16,CHILDRESS COUNTY,Pre-kindergarten,36
2022-2023,16,CHILDRESS COUNTY,Kindergarten,68
2022-2023,16,CHILDRESS COUNTY,Grade 1,76
2022-2023,16,CHILDRESS COUNTY,Grade 2,63
2022-2023,16,CHILDRESS COUNTY,Grade 3,65
2022-2023,16,CHILDRESS COUNTY,Grade 4,63
2022-2023,16,CHILDRESS COUNTY,Grade 5,75
2022-2023,16,CHILDRESS COUNTY,Grade 6,72
2022-2023,16,CHILDRESS COUNTY,Grade 7,87
2022-2023,16,CHILDRESS COUNTY,Grade 8,92
2022-2023,16,CHILDRESS COUNTY,Grade 9,83
2022-2023,16,CHILDRESS COUNTY,Grade 10,88
2022-2023,16,CHILDRESS COUNTY,Grade 11,70
2022-2023,16,CHILDRESS COUNTY,Grade 12,62
2022-2023,9,CLAY COUNTY,Early Education,14
2022-2023,9,CLAY COUNTY,Pre-kindergarten,112
2022-2023,9,CLAY COUNTY,Kindergarten,106
2022-2023,9,CLAY COUNTY,Grade 1,118
2022-2023,9,CLAY COUNTY,Grade 2,115
2022-2023,9,CLAY COUNTY,Grade 3,133
2022-2023,9,CLAY COUNTY,Grade 4,138
2022-2023,9,CLAY COUNTY,Grade 5,125
2022-2023,9,CLAY COUNTY,Grade 6,125
2022-2023,9,CLAY COUNTY,Grade 7,129
2022-2023,9,CLAY COUNTY,Grade 8,148
2022-2023,9,CLAY COUNTY,Grade 9,147
2022-2023,9,CLAY COUNTY,Grade 10,119
2022-2023,9,CLAY COUNTY,Grade 11,119
2022-2023,9,CLAY COUNTY,Grade 12,117
2022-2023,17,COCHRAN COUNTY,Pre-kindergarten,45
2022-2023,17,COCHRAN COUNTY,Kindergarten,52
2022-2023,17,COCHRAN COUNTY,Grade 1,45
2022-2023,17,COCHRAN COUNTY,Grade 2,35
2022-2023,17,COCHRAN COUNTY,Grade 3,51
2022-2023,17,COCHRAN COUNTY,Grade 4,40
2022-2023,17,COCHRAN COUNTY,Grade 5,48
2022-2023,17,COCHRAN COUNTY,Grade 6,56
2022-2023,17,COCHRAN COUNTY,Grade 7,57
2022-2023,17,COCHRAN COUNTY,Grade 8,57
2022-2023,17,COCHRAN COUNTY,Grade 9,56
2022-2023,17,COCHRAN COUNTY,Grade 10,57
2022-2023,17,COCHRAN COUNTY,Grade 11,46
2022-2023,17,COCHRAN COUNTY,Grade 12,37
2022-2023,15,COKE COUNTY,Early Education,5
2022-2023,15,COKE COUNTY,Pre-kindergarten,30
2022-2023,15,COKE COUNTY,Kindergarten,34
2022-2023,15,COKE COUNTY,Grade 1,42
2022-2023,15,COKE COUNTY,Grade 2,34
2022-2023,15,COKE COUNTY,Grade 3,36
2022-2023,15,COKE COUNTY,Grade 4,41
2022-2023,15,COKE COUNTY,Grade 5,44
2022-2023,15,COKE COUNTY,Grade 6,35
2022-2023,15,COKE COUNTY,Grade 7,31
2022-2023,15,COKE COUNTY,Grade 8,32
2022-2023,15,COKE COUNTY,Grade 9,50
2022-2023,15,COKE COUNTY,Grade 10,34
2022-2023,15,COKE COUNTY,Grade 11,31
2022-2023,15,COKE COUNTY,Grade 12,32
2022-2023,15,COLEMAN COUNTY,Early Education,1
2022-2023,15,COLEMAN COUNTY,Pre-kindergarten,94
2022-2023,15,COLEMAN COUNTY,Kindergarten,83
2022-2023,15,COLEMAN COUNTY,Grade 1,91
2022-2023,15,COLEMAN COUNTY,Grade 2,89
2022-2023,15,COLEMAN COUNTY,Grade 3,81
2022-2023,15,COLEMAN COUNTY,Grade 4,81
2022-2023,15,COLEMAN COUNTY,Grade 5,95
2022-2023,15,COLEMAN COUNTY,Grade 6,89
2022-2023,15,COLEMAN COUNTY,Grade 7,81
2022-2023,15,COLEMAN COUNTY,Grade 8,97
2022-2023,15,COLEMAN COUNTY,Grade 9,90
2022-2023,15,COLEMAN COUNTY,Grade 10,92
2022-2023,15,COLEMAN COUNTY,Grade 11,69
2022-2023,15,COLEMAN COUNTY,Grade 12,76
2022-2023,10,COLLIN COUNTY,Early Education,1621
2022-2023,10,COLLIN COUNTY,Pre-kindergarten,4666
2022-2023,10,COLLIN COUNTY,Kindergarten,15638
2022-2023,10,COLLIN COUNTY,Grade 1,17058
2022-2023,10,COLLIN COUNTY,Grade 2,16979
2022-2023,10,COLLIN COUNTY,Grade 3,17470
2022-2023,10,COLLIN COUNTY,Grade 4,18024
2022-2023,10,COLLIN COUNTY,Grade 5,18152
2022-2023,10,COLLIN COUNTY,Grade 6,18220
2022-2023,10,COLLIN COUNTY,Grade 7,18581
2022-2023,10,COLLIN COUNTY,Grade 8,18885
2022-2023,10,COLLIN COUNTY,Grade 9,20058
2022-2023,10,COLLIN COUNTY,Grade 10,19381
2022-2023,10,COLLIN COUNTY,Grade 11,17748
2022-2023,10,COLLIN COUNTY,Grade 12,17800
2022-2023,16,COLLINGSWORTH COUNTY,Early Education,4
2022-2023,16,COLLINGSWORTH COUNTY,Pre-kindergarten,31
2022-2023,16,COLLINGSWORTH COUNTY,Kindergarten,30
2022-2023,16,COLLINGSWORTH COUNTY,Grade 1,28
2022-2023,16,COLLINGSWORTH COUNTY,Grade 2,26
2022-2023,16,COLLINGSWORTH COUNTY,Grade 3,42
2022-2023,16,COLLINGSWORTH COUNTY,Grade 4,31
2022-2023,16,COLLINGSWORTH COUNTY,Grade 5,47
2022-2023,16,COLLINGSWORTH COUNTY,Grade 6,46
2022-2023,16,COLLINGSWORTH COUNTY,Grade 7,46
2022-2023,16,COLLINGSWORTH COUNTY,Grade 8,43
2022-2023,16,COLLINGSWORTH COUNTY,Grade 9,43
2022-2023,16,COLLINGSWORTH COUNTY,Grade 10,45
2022-2023,16,COLLINGSWORTH COUNTY,Grade 11,40
2022-2023,16,COLLINGSWORTH COUNTY,Grade 12,28
2022-2023,3,COLORADO COUNTY,Early Education,16
2022-2023,4,COLORADO COUNTY,Early Education,10
2022-2023,3,COLORADO COUNTY,Pre-kindergarten,102
2022-2023,4,COLORADO COUNTY,Pre-kindergarten,78
2022-2023,3,COLORADO COUNTY,Kindergarten,134
2022-2023,4,COLORADO COUNTY,Kindergarten,109
2022-2023,3,COLORADO COUNTY,Grade 1,132
2022-2023,4,COLORADO COUNTY,Grade 1,118
2022-2023,3,COLORADO COUNTY,Grade 2,134
2022-2023,4,COLORADO COUNTY,Grade 2,139
2022-2023,3,COLORADO COUNTY,Grade 3,132
2022-2023,4,COLORADO COUNTY,Grade 3,114
2022-2023,3,COLORADO COUNTY,Grade 4,166
2022-2023,4,COLORADO COUNTY,Grade 4,106
2022-2023,3,COLORADO COUNTY,Grade 5,143
2022-2023,4,COLORADO COUNTY,Grade 5,86
2022-2023,3,COLORADO COUNTY,Grade 6,144
2022-2023,4,COLORADO COUNTY,Grade 6,105
2022-2023,3,COLORADO COUNTY,Grade 7,141
2022-2023,4,COLORADO COUNTY,Grade 7,102
2022-2023,3,COLORADO COUNTY,Grade 8,136
2022-2023,4,COLORADO COUNTY,Grade 8,126
2022-2023,3,COLORADO COUNTY,Grade 9,177
2022-2023,4,COLORADO COUNTY,Grade 9,137
2022-2023,3,COLORADO COUNTY,Grade 10,175
2022-2023,4,COLORADO COUNTY,Grade 10,131
2022-2023,3,COLORADO COUNTY,Grade 11,151
2022-2023,4,COLORADO COUNTY,Grade 11,131
2022-2023,3,COLORADO COUNTY,Grade 12,107
2022-2023,4,COLORADO COUNTY,Grade 12,118
2022-2023,20,COMAL COUNTY,Early Education,229
2022-2023,20,COMAL COUNTY,Pre-kindergarten,548
2022-2023,20,COMAL COUNTY,Kindergarten,2557
2022-2023,20,COMAL COUNTY,Grade 1,2781
2022-2023,20,COMAL COUNTY,Grade 2,2903
2022-2023,20,COMAL COUNTY,Grade 3,2812
2022-2023,20,COMAL COUNTY,Grade 4,2854
2022-2023,20,COMAL COUNTY,Grade 5,2844
2022-2023,20,COMAL COUNTY,Grade 6,2999
2022-2023,20,COMAL COUNTY,Grade 7,3006
2022-2023,20,COMAL COUNTY,Grade 8,3060
2022-2023,20,COMAL COUNTY,Grade 9,3417
2022-2023,20,COMAL COUNTY,Grade 10,3114
2022-2023,20,COMAL COUNTY,Grade 11,2884
2022-2023,20,COMAL COUNTY,Grade 12,2568
2022-2023,14,COMANCHE COUNTY,Early Education,53
2022-2023,14,COMANCHE COUNTY,Pre-kindergarten,129
2022-2023,14,COMANCHE COUNTY,Kindergarten,171
2022-2023,14,COMANCHE COUNTY,Grade 1,172
2022-2023,14,COMANCHE COUNTY,Grade 2,164
2022-2023,14,COMANCHE COUNTY,Grade 3,160
2022-2023,14,COMANCHE COUNTY,Grade 4,169
2022-2023,14,COMANCHE COUNTY,Grade 5,155
2022-2023,14,COMANCHE COUNTY,Grade 6,170
2022-2023,14,COMANCHE COUNTY,Grade 7,160
2022-2023,14,COMANCHE COUNTY,Grade 8,169
2022-2023,14,COMANCHE COUNTY,Grade 9,178
2022-2023,14,COMANCHE COUNTY,Grade 10,179
2022-2023,14,COMANCHE COUNTY,Grade 11,154
2022-2023,14,COMANCHE COUNTY,Grade 12,141
2022-2023,15,CONCHO COUNTY,Early Education,3
2022-2023,15,CONCHO COUNTY,Pre-kindergarten,27
2022-2023,15,CONCHO COUNTY,Kindergarten,28
2022-2023,15,CONCHO COUNTY,Grade 1,28
2022-2023,15,CONCHO COUNTY,Grade 2,33
2022-2023,15,CONCHO COUNTY,Grade 3,28
2022-2023,15,CONCHO COUNTY,Grade 4,22
2022-2023,15,CONCHO COUNTY,Grade 5,33
2022-2023,15,CONCHO COUNTY,Grade 6,35
2022-2023,15,CONCHO COUNTY,Grade 7,33
2022-2023,15,CONCHO COUNTY,Grade 8,34
2022-2023,15,CONCHO COUNTY,Grade 9,39
2022-2023,15,CONCHO COUNTY,Grade 10,35
2022-2023,15,CONCHO COUNTY,Grade 11,32
2022-2023,15,CONCHO COUNTY,Grade 12,28
2022-2023,11,COOKE COUNTY,Early Education,34
2022-2023,11,COOKE COUNTY,Pre-kindergarten,298
2022-2023,11,COOKE COUNTY,Kindergarten,519
2022-2023,11,COOKE COUNTY,Grade 1,548
2022-2023,11,COOKE COUNTY,Grade 2,501
2022-2023,11,COOKE COUNTY,Grade 3,474
2022-2023,11,COOKE COUNTY,Grade 4,567
2022-2023,11,COOKE COUNTY,Grade 5,489
2022-2023,11,COOKE COUNTY,Grade 6,479
2022-2023,11,COOKE COUNTY,Grade 7,522
2022-2023,11,COOKE COUNTY,Grade 8,503
2022-2023,11,COOKE COUNTY,Grade 9,578
2022-2023,11,COOKE COUNTY,Grade 10,513
2022-2023,11,COOKE COUNTY,Grade 11,439
2022-2023,11,COOKE COUNTY,Grade 12,433
2022-2023,12,CORYELL COUNTY,Early Education,44
2022-2023,12,CORYELL COUNTY,Pre-kindergarten,457
2022-2023,12,CORYELL COUNTY,Kindergarten,723
2022-2023,12,CORYELL COUNTY,Grade 1,825
2022-2023,12,CORYELL COUNTY,Grade 2,875
2022-2023,12,CORYELL COUNTY,Grade 3,849
2022-2023,12,CORYELL COUNTY,Grade 4,829
2022-2023,12,CORYELL COUNTY,Grade 5,806
2022-2023,12,CORYELL COUNTY,Grade 6,878
2022-2023,12,CORYELL COUNTY,Grade 7,880
2022-2023,12,CORYELL COUNTY,Grade 8,899
2022-2023,12,CORYELL COUNTY,Grade 9,922
2022-2023,12,CORYELL COUNTY,Grade 10,909
2022-2023,12,CORYELL COUNTY,Grade 11,821
2022-2023,12,CORYELL COUNTY,Grade 12,763
2022-2023,17,COTTLE COUNTY,Pre-kindergarten,6
2022-2023,17,COTTLE COUNTY,Kindergarten,9
2022-2023,17,COTTLE COUNTY,Grade 1,10
2022-2023,17,COTTLE COUNTY,Grade 2,15
2022-2023,17,COTTLE COUNTY,Grade 3,7
2022-2023,17,COTTLE COUNTY,Grade 4,14
2022-2023,17,COTTLE COUNTY,Grade 5,8
2022-2023,17,COTTLE COUNTY,Grade 6,14
2022-2023,17,COTTLE COUNTY,Grade 7,13
2022-2023,17,COTTLE COUNTY,Grade 8,20
2022-2023,17,COTTLE COUNTY,Grade 9,8
2022-2023,17,COTTLE COUNTY,Grade 10,10
2022-2023,17,COTTLE COUNTY,Grade 11,11
2022-2023,17,COTTLE COUNTY,Grade 12,13
2022-2023,15,CRANE COUNTY,Early Education,2
2022-2023,15,CRANE COUNTY,Pre-kindergarten,62
2022-2023,15,CRANE COUNTY,Kindergarten,89
2022-2023,15,CRANE COUNTY,Grade 1,103
2022-2023,15,CRANE COUNTY,Grade 2,83
2022-2023,15,CRANE COUNTY,Grade 3,87
2022-2023,15,CRANE COUNTY,Grade 4,90
2022-2023,15,CRANE COUNTY,Grade 5,74
2022-2023,15,CRANE COUNTY,Grade 6,88
2022-2023,15,CRANE COUNTY,Grade 7,85
2022-2023,15,CRANE COUNTY,Grade 8,85
2022-2023,15,CRANE COUNTY,Grade 9,98
2022-2023,15,CRANE COUNTY,Grade 10,71
2022-2023,15,CRANE COUNTY,Grade 11,84
2022-2023,15,CRANE COUNTY,Grade 12,78
2022-2023,15,CROCKETT COUNTY,Early Education,1
2022-2023,15,CROCKETT COUNTY,Pre-kindergarten,31
2022-2023,15,CROCKETT COUNTY,Kindergarten,32
2022-2023,15,CROCKETT COUNTY,Grade 1,37
2022-2023,15,CROCKETT COUNTY,Grade 2,57
2022-2023,15,CROCKETT COUNTY,Grade 3,53
2022-2023,15,CROCKETT COUNTY,Grade 4,48
2022-2023,15,CROCKETT COUNTY,Grade 5,47
2022-2023,15,CROCKETT COUNTY,Grade 6,52
2022-2023,15,CROCKETT COUNTY,Grade 7,56
2022-2023,15,CROCKETT COUNTY,Grade 8,51
2022-2023,15,CROCKETT COUNTY,Grade 9,70
2022-2023,15,CROCKETT COUNTY,Grade 10,49
2022-2023,15,CROCKETT COUNTY,Grade 11,71
2022-2023,15,CROCKETT COUNTY,Grade 12,51
2022-2023,17,CROSBY COUNTY,Early Education,5
2022-2023,17,CROSBY COUNTY,Pre-kindergarten,57
2022-2023,17,CROSBY COUNTY,Kindergarten,62
2022-2023,17,CROSBY COUNTY,Grade 1,59
2022-2023,17,CROSBY COUNTY,Grade 2,91
2022-2023,17,CROSBY COUNTY,Grade 3,41
2022-2023,17,CROSBY COUNTY,Grade 4,56
2022-2023,17,CROSBY COUNTY,Grade 5,65
2022-2023,17,CROSBY COUNTY,Grade 6,76
2022-2023,17,CROSBY COUNTY,Grade 7,70
2022-2023,17,CROSBY COUNTY,Grade 8,86
2022-2023,17,CROSBY COUNTY,Grade 9,84
2022-2023,17,CROSBY COUNTY,Grade 10,93
2022-2023,17,CROSBY COUNTY,Grade 11,79
2022-2023,17,CROSBY COUNTY,Grade 12,73
2022-2023,18,CULBERSON COUNTY,Early Education,1
2022-2023,18,CULBERSON COUNTY,Pre-kindergarten,19
2022-2023,18,CULBERSON COUNTY,Kindergarten,37
2022-2023,18,CULBERSON COUNTY,Grade 1,22
2022-2023,18,CULBERSON COUNTY,Grade 2,24
2022-2023,18,CULBERSON COUNTY,Grade 3,23
2022-2023,18,CULBERSON COUNTY,Grade 4,29
2022-2023,18,CULBERSON COUNTY,Grade 5,23
2022-2023,18,CULBERSON COUNTY,Grade 6,26
2022-2023,18,CULBERSON COUNTY,Grade 7,21
2022-2023,18,CULBERSON COUNTY,Grade 8,44
2022-2023,18,CULBERSON COUNTY,Grade 9,31
2022-2023,18,CULBERSON COUNTY,Grade 10,22
2022-2023,18,CULBERSON COUNTY,Grade 11,22
2022-2023,18,CULBERSON COUNTY,Grade 12,22
2022-2023,16,DALLAM COUNTY,Early Education,3
2022-2023,16,DALLAM COUNTY,Pre-kindergarten,122
2022-2023,16,DALLAM COUNTY,Kindergarten,155
2022-2023,16,DALLAM COUNTY,Grade 1,152
2022-2023,16,DALLAM COUNTY,Grade 2,176
2022-2023,16,DALLAM COUNTY,Grade 3,156
2022-2023,16,DALLAM COUNTY,Grade 4,143
2022-2023,16,DALLAM COUNTY,Grade 5,142
2022-2023,16,DALLAM COUNTY,Grade 6,144
2022-2023,16,DALLAM COUNTY,Grade 7,141
2022-2023,16,DALLAM COUNTY,Grade 8,138
2022-2023,16,DALLAM COUNTY,Grade 9,149
2022-2023,16,DALLAM COUNTY,Grade 10,129
2022-2023,16,DALLAM COUNTY,Grade 11,122
2022-2023,16,DALLAM COUNTY,Grade 12,118
2022-2023,10,DALLAS COUNTY,Early Education,1907
2022-2023,10,DALLAS COUNTY,Pre-kindergarten,26486
2022-2023,10,DALLAS COUNTY,Kindergarten,33581
2022-2023,10,DALLAS COUNTY,Grade 1,35727
2022-2023,10,DALLAS COUNTY,Grade 2,35292
2022-2023,10,DALLAS COUNTY,Grade 3,34799
2022-2023,10,DALLAS COUNTY,Grade 4,34668
2022-2023,10,DALLAS COUNTY,Grade 5,34766
2022-2023,10,DALLAS COUNTY,Grade 6,34581
2022-2023,10,DALLAS COUNTY,Grade 7,35250
2022-2023,10,DALLAS COUNTY,Grade 8,37080
2022-2023,10,DALLAS COUNTY,Grade 9,42752
2022-2023,10,DALLAS COUNTY,Grade 10,39128
2022-2023,10,DALLAS COUNTY,Grade 11,33284
2022-2023,10,DALLAS COUNTY,Grade 12,30820
2022-2023,17,DAWSON COUNTY,Early Education,12
2022-2023,17,DAWSON COUNTY,Pre-kindergarten,118
2022-2023,17,DAWSON COUNTY,Kindergarten,142
2022-2023,17,DAWSON COUNTY,Grade 1,159
2022-2023,17,DAWSON COUNTY,Grade 2,151
2022-2023,17,DAWSON COUNTY,Grade 3,142
2022-2023,17,DAWSON COUNTY,Grade 4,177
2022-2023,17,DAWSON COUNTY,Grade 5,179
2022-2023,17,DAWSON COUNTY,Grade 6,143
2022-2023,17,DAWSON COUNTY,Grade 7,184
2022-2023,17,DAWSON COUNTY,Grade 8,152
2022-2023,17,DAWSON COUNTY,Grade 9,164
2022-2023,17,DAWSON COUNTY,Grade 10,197
2022-2023,17,DAWSON COUNTY,Grade 11,160
2022-2023,17,DAWSON COUNTY,Grade 12,141
2022-2023,16,DEAF SMITH COUNTY,Early Education,22
2022-2023,16,DEAF SMITH COUNTY,Pre-kindergarten,272
2022-2023,16,DEAF SMITH COUNTY,Kindergarten,285
2022-2023,16,DEAF SMITH COUNTY,Grade 1,314
2022-2023,16,DEAF SMITH COUNTY,Grade 2,314
2022-2023,16,DEAF SMITH COUNTY,Grade 3,261
2022-2023,16,DEAF SMITH COUNTY,Grade 4,285
2022-2023,16,DEAF SMITH COUNTY,Grade 5,256
2022-2023,16,DEAF SMITH COUNTY,Grade 6,315
2022-2023,16,DEAF SMITH COUNTY,Grade 7,301
2022-2023,16,DEAF SMITH COUNTY,Grade 8,299
2022-2023,16,DEAF SMITH COUNTY,Grade 9,371
2022-2023,16,DEAF SMITH COUNTY,Grade 10,296
2022-2023,16,DEAF SMITH COUNTY,Grade 11,261
2022-2023,16,DEAF SMITH COUNTY,Grade 12,248
2022-2023,8,DELTA COUNTY,Early Education,2
2022-2023,8,DELTA COUNTY,Pre-kindergarten,81
2022-2023,8,DELTA COUNTY,Kindergarten,77
2022-2023,8,DELTA COUNTY,Grade 1,79
2022-2023,8,DELTA COUNTY,Grade 2,88
2022-2023,8,DELTA COUNTY,Grade 3,77
2022-2023,8,DELTA COUNTY,Grade 4,76
2022-2023,8,DELTA COUNTY,Grade 5,70
2022-2023,8,DELTA COUNTY,Grade 6,63
2022-2023,8,DELTA COUNTY,Grade 7,75
2022-2023,8,DELTA COUNTY,Grade 8,69
2022-2023,8,DELTA COUNTY,Grade 9,68
2022-2023,8,DELTA COUNTY,Grade 10,69
2022-2023,8,DELTA COUNTY,Grade 11,74
2022-2023,8,DELTA COUNTY,Grade 12,67
2022-2023,11,DENTON COUNTY,Early Education,726
2022-2023,11,DENTON COUNTY,Pre-kindergarten,3844
2022-2023,10,DENTON COUNTY,Kindergarten,100
2022-2023,11,DENTON COUNTY,Kindergarten,9657
2022-2023,10,DENTON COUNTY,Grade 1,100
2022-2023,11,DENTON COUNTY,Grade 1,10273
2022-2023,10,DENTON COUNTY,Grade 2,100
2022-2023,11,DENTON COUNTY,Grade 2,10044
2022-2023,10,DENTON COUNTY,Grade 3,100
2022-2023,11,DENTON COUNTY,Grade 3,10363
2022-2023,10,DENTON COUNTY,Grade 4,100
2022-2023,11,DENTON COUNTY,Grade 4,10356
2022-2023,10,DENTON COUNTY,Grade 5,138
2022-2023,11,DENTON COUNTY,Grade 5,10283
2022-2023,10,DENTON COUNTY,Grade 6,127
2022-2023,11,DENTON COUNTY,Grade 6,10354
2022-2023,10,DENTON COUNTY,Grade 7,119
2022-2023,11,DENTON COUNTY,Grade 7,10545
2022-2023,10,DENTON COUNTY,Grade 8,109
2022-2023,11,DENTON COUNTY,Grade 8,10846
2022-2023,10,DENTON COUNTY,Grade 9,89
2022-2023,11,DENTON COUNTY,Grade 9,11682
2022-2023,10,DENTON COUNTY,Grade 10,94
2022-2023,11,DENTON COUNTY,Grade 10,11344
2022-2023,10,DENTON COUNTY,Grade 11,85
2022-2023,11,DENTON COUNTY,Grade 11,10670
2022-2023,10,DENTON COUNTY,Grade 12,90
2022-2023,11,DENTON COUNTY,Grade 12,10201
2022-2023,3,DEWITT COUNTY,Early Education,27
2022-2023,3,DEWITT COUNTY,Pre-kindergarten,248
2022-2023,3,DEWITT COUNTY,Kindergarten,288
2022-2023,3,DEWITT COUNTY,Grade 1,298
2022-2023,3,DEWITT COUNTY,Grade 2,284
2022-2023,3,DEWITT COUNTY,Grade 3,315
2022-2023,3,DEWITT COUNTY,Grade 4,302
2022-2023,3,DEWITT COUNTY,Grade 5,310
2022-2023,3,DEWITT COUNTY,Grade 6,291
2022-2023,3,DEWITT COUNTY,Grade 7,366
2022-2023,3,DEWITT COUNTY,Grade 8,354
2022-2023,3,DEWITT COUNTY,Grade 9,369
2022-2023,3,DEWITT COUNTY,Grade 10,357
2022-2023,3,DEWITT COUNTY,Grade 11,298
2022-2023,3,DEWITT COUNTY,Grade 12,274
2022-2023,17,DICKENS COUNTY,Early Education,1
2022-2023,17,DICKENS COUNTY,Pre-kindergarten,24
2022-2023,17,DICKENS COUNTY,Kindergarten,23
2022-2023,17,DICKENS COUNTY,Grade 1,17
2022-2023,17,DICKENS COUNTY,Grade 2,13
2022-2023,17,DICKENS COUNTY,Grade 3,20
2022-2023,17,DICKENS COUNTY,Grade 4,18
2022-2023,17,DICKENS COUNTY,Grade 5,16
2022-2023,17,DICKENS COUNTY,Grade 6,15
2022-2023,17,DICKENS COUNTY,Grade 7,21
2022-2023,17,DICKENS COUNTY,Grade 8,27
2022-2023,17,DICKENS COUNTY,Grade 9,25
2022-2023,17,DICKENS COUNTY,Grade 10,22
2022-2023,17,DICKENS COUNTY,Grade 11,22
2022-2023,17,DICKENS COUNTY,Grade 12,38
2022-2023,20,DIMMIT COUNTY,Early Education,5
2022-2023,20,DIMMIT COUNTY,Pre-kindergarten,66
2022-2023,20,DIMMIT COUNTY,Kindergarten,116
2022-2023,20,DIMMIT COUNTY,Grade 1,130
2022-2023,20,DIMMIT COUNTY,Grade 2,132
2022-2023,20,DIMMIT COUNTY,Grade 3,149
2022-2023,20,DIMMIT COUNTY,Grade 4,155
2022-2023,20,DIMMIT COUNTY,Grade 5,147
2022-2023,20,DIMMIT COUNTY,Grade 6,150
2022-2023,20,DIMMIT COUNTY,Grade 7,121
2022-2023,20,DIMMIT COUNTY,Grade 8,144
2022-2023,20,DIMMIT COUNTY,Grade 9,184
2022-2023,20,DIMMIT COUNTY,Grade 10,148
2022-2023,20,DIMMIT COUNTY,Grade 11,119
2022-2023,20,DIMMIT COUNTY,Grade 12,137
2022-2023,16,DONLEY COUNTY,Early Education,1
2022-2023,16,DONLEY COUNTY,Pre-kindergarten,43
2022-2023,16,DONLEY COUNTY,Kindergarten,41
2022-2023,16,DONLEY COUNTY,Grade 1,42
2022-2023,16,DONLEY COUNTY,Grade 2,37
2022-2023,16,DONLEY COUNTY,Grade 3,34
2022-2023,16,DONLEY COUNTY,Grade 4,41
2022-2023,16,DONLEY COUNTY,Grade 5,34
2022-2023,16,DONLEY COUNTY,Grade 6,35
2022-2023,16,DONLEY COUNTY,Grade 7,42
2022-2023,16,DONLEY COUNTY,Grade 8,41
2022-2023,16,DONLEY COUNTY,Grade 9,36
2022-2023,16,DONLEY COUNTY,Grade 10,46
2022-2023,16,DONLEY COUNTY,Grade 11,40
2022-2023,16,DONLEY COUNTY,Grade 12,38
2022-2023,2,DUVAL COUNTY,Early Education,4
2022-2023,2,DUVAL COUNTY,Pre-kindergarten,274
2022-2023,2,DUVAL COUNTY,Kindergarten,203
2022-2023,2,DUVAL COUNTY,Grade 1,199
2022-2023,2,DUVAL COUNTY,Grade 2,180
2022-2023,2,DUVAL COUNTY,Grade 3,182
2022-2023,2,DUVAL COUNTY,Grade 4,141
2022-2023,2,DUVAL COUNTY,Grade 5,178
2022-2023,2,DUVAL COUNTY,Grade 6,187
2022-2023,2,DUVAL COUNTY,Grade 7,174
2022-2023,2,DUVAL COUNTY,Grade 8,216
2022-2023,2,DUVAL COUNTY,Grade 9,168
2022-2023,2,DUVAL COUNTY,Grade 10,182
2022-2023,2,DUVAL COUNTY,Grade 11,178
2022-2023,2,DUVAL COUNTY,Grade 12,137
2022-2023,14,EASTLAND COUNTY,Early Education,11
2022-2023,14,EASTLAND COUNTY,Pre-kindergarten,129
2022-2023,14,EASTLAND COUNTY,Kindergarten,215
2022-2023,14,EASTLAND COUNTY,Grade 1,189
2022-2023,14,EASTLAND COUNTY,Grade 2,191
2022-2023,14,EASTLAND COUNTY,Grade 3,190
2022-2023,14,EASTLAND COUNTY,Grade 4,179
2022-2023,14,EASTLAND COUNTY,Grade 5,158
2022-2023,14,EASTLAND COUNTY,Grade 6,175
2022-2023,14,EASTLAND COUNTY,Grade 7,210
2022-2023,14,EASTLAND COUNTY,Grade 8,206
2022-2023,14,EASTLAND COUNTY,Grade 9,205
2022-2023,14,EASTLAND COUNTY,Grade 10,192
2022-2023,14,EASTLAND COUNTY,Grade 11,194
2022-2023,14,EASTLAND COUNTY,Grade 12,201
2022-2023,18,ECTOR COUNTY,Early Education,97
2022-2023,18,ECTOR COUNTY,Pre-kindergarten,1846
2022-2023,18,ECTOR COUNTY,Kindergarten,2434
2022-2023,18,ECTOR COUNTY,Grade 1,2589
2022-2023,18,ECTOR COUNTY,Grade 2,2639
2022-2023,18,ECTOR COUNTY,Grade 3,2676
2022-2023,18,ECTOR COUNTY,Grade 4,2671
2022-2023,18,ECTOR COUNTY,Grade 5,2628
2022-2023,18,ECTOR COUNTY,Grade 6,2300
2022-2023,18,ECTOR COUNTY,Grade 7,2475
2022-2023,18,ECTOR COUNTY,Grade 8,2689
2022-2023,18,ECTOR COUNTY,Grade 9,2923
2022-2023,18,ECTOR COUNTY,Grade 10,2623
2022-2023,18,ECTOR COUNTY,Grade 11,2167
2022-2023,18,ECTOR COUNTY,Grade 12,1982
2022-2023,15,EDWARDS COUNTY,Early Education,1
2022-2023,15,EDWARDS COUNTY,Pre-kindergarten,25
2022-2023,15,EDWARDS COUNTY,Kindergarten,37
2022-2023,15,EDWARDS COUNTY,Grade 1,34
2022-2023,15,EDWARDS COUNTY,Grade 2,31
2022-2023,15,EDWARDS COUNTY,Grade 3,36
2022-2023,15,EDWARDS COUNTY,Grade 4,37
2022-2023,15,EDWARDS COUNTY,Grade 5,43
2022-2023,15,EDWARDS COUNTY,Grade 6,32
2022-2023,15,EDWARDS COUNTY,Grade 7,30
2022-2023,15,EDWARDS COUNTY,Grade 8,39
2022-2023,15,EDWARDS COUNTY,Grade 9,32
2022-2023,15,EDWARDS COUNTY,Grade 10,38
2022-2023,15,EDWARDS COUNTY,Grade 11,36
2022-2023,15,EDWARDS COUNTY,Grade 12,34
2022-2023,19,EL PASO COUNTY,Early Education,543
2022-2023,19,EL PASO COUNTY,Pre-kindergarten,7979
2022-2023,19,EL PASO COUNTY,Kindergarten,9982
2022-2023,19,EL PASO COUNTY,Grade 1,10845
2022-2023,19,EL PASO COUNTY,Grade 2,10966
2022-2023,19,EL PASO COUNTY,Grade 3,10799
2022-2023,19,EL PASO COUNTY,Grade 4,11084
2022-2023,19,EL PASO COUNTY,Grade 5,11573
2022-2023,19,EL PASO COUNTY,Grade 6,11469
2022-2023,19,EL PASO COUNTY,Grade 7,12028
2022-2023,19,EL PASO COUNTY,Grade 8,12565
2022-2023,19,EL PASO COUNTY,Grade 9,15867
2022-2023,19,EL PASO COUNTY,Grade 10,14650
2022-2023,19,EL PASO COUNTY,Grade 11,12770
2022-2023,19,EL PASO COUNTY,Grade 12,12104
2022-2023,10,ELLIS COUNTY,Early Education,270
2022-2023,10,ELLIS COUNTY,Pre-kindergarten,1442
2022-2023,10,ELLIS COUNTY,Kindergarten,2954
2022-2023,10,ELLIS COUNTY,Grade 1,3028
2022-2023,10,ELLIS COUNTY,Grade 2,3072
2022-2023,10,ELLIS COUNTY,Grade 3,3057
2022-2023,10,ELLIS COUNTY,Grade 4,3118
2022-2023,10,ELLIS COUNTY,Grade 5,3150
2022-2023,10,ELLIS COUNTY,Grade 6,3192
2022-2023,10,ELLIS COUNTY,Grade 7,3406
2022-2023,10,ELLIS COUNTY,Grade 8,3486
2022-2023,10,ELLIS COUNTY,Grade 9,3996
2022-2023,10,ELLIS COUNTY,Grade 10,3539
2022-2023,10,ELLIS COUNTY,Grade 11,3070
2022-2023,10,ELLIS COUNTY,Grade 12,2949
2022-2023,11,ERATH COUNTY,Early Education,46
2022-2023,11,ERATH COUNTY,Pre-kindergarten,318
2022-2023,11,ERATH COUNTY,Kindergarten,427
2022-2023,11,ERATH COUNTY,Grade 1,444
2022-2023,11,ERATH COUNTY,Grade 2,451
2022-2023,11,ERATH COUNTY,Grade 3,462
2022-2023,11,ERATH COUNTY,Grade 4,442
2022-2023,11,ERATH COUNTY,Grade 5,440
2022-2023,11,ERATH COUNTY,Grade 6,459
2022-2023,11,ERATH COUNTY,Grade 7,423
2022-2023,11,ERATH COUNTY,Grade 8,458
2022-2023,11,ERATH COUNTY,Grade 9,2167
2022-2023,11,ERATH COUNTY,Grade 10,2393
2022-2023,11,ERATH COUNTY,Grade 11,2275
2022-2023,11,ERATH COUNTY,Grade 12,2078
2022-2023,12,FALLS COUNTY,Early Education,5
2022-2023,12,FALLS COUNTY,Pre-kindergarten,159
2022-2023,12,FALLS COUNTY,Kindergarten,179
2022-2023,12,FALLS COUNTY,Grade 1,198
2022-2023,12,FALLS COUNTY,Grade 2,181
2022-2023,12,FALLS COUNTY,Grade 3,179
2022-2023,12,FALLS COUNTY,Grade 4,168
2022-2023,12,FALLS COUNTY,Grade 5,184
2022-2023,12,FALLS COUNTY,Grade 6,163
2022-2023,12,FALLS COUNTY,Grade 7,176
2022-2023,12,FALLS COUNTY,Grade 8,171
2022-2023,12,FALLS COUNTY,Grade 9,173
2022-2023,12,FALLS COUNTY,Grade 10,177
2022-2023,12,FALLS COUNTY,Grade 11,150
2022-2023,12,FALLS COUNTY,Grade 12,125
2022-2023,8,FANNIN COUNTY,Early Education,1
2022-2023,10,FANNIN COUNTY,Early Education,11
2022-2023,8,FANNIN COUNTY,Pre-kindergarten,23
2022-2023,10,FANNIN COUNTY,Pre-kindergarten,285
2022-2023,8,FANNIN COUNTY,Kindergarten,37
2022-2023,10,FANNIN COUNTY,Kindergarten,325
2022-2023,8,FANNIN COUNTY,Grade 1,36
2022-2023,10,FANNIN COUNTY,Grade 1,337
2022-2023,8,FANNIN COUNTY,Grade 2,41
2022-2023,10,FANNIN COUNTY,Grade 2,345
2022-2023,8,FANNIN COUNTY,Grade 3,44
2022-2023,10,FANNIN COUNTY,Grade 3,339
2022-2023,8,FANNIN COUNTY,Grade 4,36
2022-2023,10,FANNIN COUNTY,Grade 4,331
2022-2023,8,FANNIN COUNTY,Grade 5,43
2022-2023,10,FANNIN COUNTY,Grade 5,325
2022-2023,8,FANNIN COUNTY,Grade 6,47
2022-2023,10,FANNIN COUNTY,Grade 6,362
2022-2023,8,FANNIN COUNTY,Grade 7,45
2022-2023,10,FANNIN COUNTY,Grade 7,355
2022-2023,8,FANNIN COUNTY,Grade 8,46
2022-2023,10,FANNIN COUNTY,Grade 8,354
2022-2023,8,FANNIN COUNTY,Grade 9,63
2022-2023,10,FANNIN COUNTY,Grade 9,407
2022-2023,8,FANNIN COUNTY,Grade 10,57
2022-2023,10,FANNIN COUNTY,Grade 10,367
2022-2023,8,FANNIN COUNTY,Grade 11,46
2022-2023,10,FANNIN COUNTY,Grade 11,341
2022-2023,8,FANNIN COUNTY,Grade 12,52
2022-2023,10,FANNIN COUNTY,Grade 12,314
2022-2023,13,FAYETTE COUNTY,Early Education,15
2022-2023,13,FAYETTE COUNTY,Pre-kindergarten,152
2022-2023,13,FAYETTE COUNTY,Kindergarten,248
2022-2023,13,FAYETTE COUNTY,Grade 1,252
2022-2023,13,FAYETTE COUNTY,Grade 2,264
2022-2023,13,FAYETTE COUNTY,Grade 3,253
2022-2023,13,FAYETTE COUNTY,Grade 4,248
2022-2023,13,FAYETTE COUNTY,Grade 5,256
2022-2023,13,FAYETTE COUNTY,Grade 6,292
2022-2023,13,FAYETTE COUNTY,Grade 7,298
2022-2023,13,FAYETTE COUNTY,Grade 8,318
2022-2023,13,FAYETTE COUNTY,Grade 9,328
2022-2023,13,FAYETTE COUNTY,Grade 10,327
2022-2023,13,FAYETTE COUNTY,Grade 11,281
2022-2023,13,FAYETTE COUNTY,Grade 12,255
2022-2023,14,FISHER COUNTY,Early Education,1
2022-2023,14,FISHER COUNTY,Pre-kindergarten,32
2022-2023,14,FISHER COUNTY,Kindergarten,35
2022-2023,14,FISHER COUNTY,Grade 1,39
2022-2023,14,FISHER COUNTY,Grade 2,43
2022-2023,14,FISHER COUNTY,Grade 3,47
2022-2023,14,FISHER COUNTY,Grade 4,43
2022-2023,14,FISHER COUNTY,Grade 5,43
2022-2023,14,FISHER COUNTY,Grade 6,44
2022-2023,14,FISHER COUNTY,Grade 7,47
2022-2023,14,FISHER COUNTY,Grade 8,43
2022-2023,14,FISHER COUNTY,Grade 9,45
2022-2023,14,FISHER COUNTY,Grade 10,36
2022-2023,14,FISHER COUNTY,Grade 11,43
2022-2023,14,FISHER COUNTY,Grade 12,40
2022-2023,17,FLOYD COUNTY,Early Education,3
2022-2023,17,FLOYD COUNTY,Pre-kindergarten,81
2022-2023,17,FLOYD COUNTY,Kindergarten,71
2022-2023,17,FLOYD COUNTY,Grade 1,64
2022-2023,17,FLOYD COUNTY,Grade 2,79
2022-2023,17,FLOYD COUNTY,Grade 3,60
2022-2023,17,FLOYD COUNTY,Grade 4,78
2022-2023,17,FLOYD COUNTY,Grade 5,78
2022-2023,17,FLOYD COUNTY,Grade 6,79
2022-2023,17,FLOYD COUNTY,Grade 7,81
2022-2023,17,FLOYD COUNTY,Grade 8,82
2022-2023,17,FLOYD COUNTY,Grade 9,93
2022-2023,17,FLOYD COUNTY,Grade 10,87
2022-2023,17,FLOYD COUNTY,Grade 11,81
2022-2023,17,FLOYD COUNTY,Grade 12,74
2022-2023,9,FOARD COUNTY,Pre-kindergarten,17
2022-2023,9,FOARD COUNTY,Kindergarten,15
2022-2023,9,FOARD COUNTY,Grade 1,20
2022-2023,9,FOARD COUNTY,Grade 2,10
2022-2023,9,FOARD COUNTY,Grade 3,16
2022-2023,9,FOARD COUNTY,Grade 4,11
2022-2023,9,FOARD COUNTY,Grade 5,22
2022-2023,9,FOARD COUNTY,Grade 6,13
2022-2023,9,FOARD COUNTY,Grade 7,17
2022-2023,9,FOARD COUNTY,Grade 8,14
2022-2023,9,FOARD COUNTY,Grade 9,8
2022-2023,9,FOARD COUNTY,Grade 10,10
2022-2023,9,FOARD COUNTY,Grade 11,13
2022-2023,9,FOARD COUNTY,Grade 12,11
2022-2023,4,FORT BEND COUNTY,Early Education,789
2022-2023,4,FORT BEND COUNTY,Pre-kindergarten,3907
2022-2023,4,FORT BEND COUNTY,Kindergarten,8156
2022-2023,4,FORT BEND COUNTY,Grade 1,9051
2022-2023,4,FORT BEND COUNTY,Grade 2,9030
2022-2023,4,FORT BEND COUNTY,Grade 3,9278
2022-2023,4,FORT BEND COUNTY,Grade 4,9288
2022-2023,4,FORT BEND COUNTY,Grade 5,9465
2022-2023,4,FORT BEND COUNTY,Grade 6,9659
2022-2023,4,FORT BEND COUNTY,Grade 7,9807
2022-2023,4,FORT BEND COUNTY,Grade 8,10183
2022-2023,4,FORT BEND COUNTY,Grade 9,11233
2022-2023,4,FORT BEND COUNTY,Grade 10,10854
2022-2023,4,FORT BEND COUNTY,Grade 11,9704
2022-2023,4,FORT BEND COUNTY,Grade 12,8911
2022-2023,8,FRANKLIN COUNTY,Early Education,10
2022-2023,8,FRANKLIN COUNTY,Pre-kindergarten,57
2022-2023,8,FRANKLIN COUNTY,Kindergarten,97
2022-2023,8,FRANKLIN COUNTY,Grade 1,131
2022-2023,8,FRANKLIN COUNTY,Grade 2,107
2022-2023,8,FRANKLIN COUNTY,Grade 3,108
2022-2023,8,FRANKLIN COUNTY,Grade 4,100
2022-2023,8,FRANKLIN COUNTY,Grade 5,132
2022-2023,8,FRANKLIN COUNTY,Grade 6,108
2022-2023,8,FRANKLIN COUNTY,Grade 7,118
2022-2023,8,FRANKLIN COUNTY,Grade 8,114
2022-2023,8,FRANKLIN COUNTY,Grade 9,143
2022-2023,8,FRANKLIN COUNTY,Grade 10,114
2022-2023,8,FRANKLIN COUNTY,Grade 11,112
2022-2023,8,FRANKLIN COUNTY,Grade 12,120
2022-2023,12,FREESTONE COUNTY,Early Education,4
2022-2023,12,FREESTONE COUNTY,Pre-kindergarten,132
2022-2023,12,FREESTONE COUNTY,Kindergarten,242
2022-2023,12,FREESTONE COUNTY,Grade 1,266
2022-2023,12,FREESTONE COUNTY,Grade 2,248
2022-2023,12,FREESTONE COUNTY,Grade 3,242
2022-2023,12,FREESTONE COUNTY,Grade 4,276
2022-2023,12,FREESTONE COUNTY,Grade 5,271
2022-2023,12,FREESTONE COUNTY,Grade 6,269
2022-2023,12,FREESTONE COUNTY,Grade 7,257
2022-2023,12,FREESTONE COUNTY,Grade 8,282
2022-2023,12,FREESTONE COUNTY,Grade 9,310
2022-2023,12,FREESTONE COUNTY,Grade 10,294
2022-2023,12,FREESTONE COUNTY,Grade 11,243
2022-2023,12,FREESTONE COUNTY,Grade 12,231
2022-2023,20,FRIO COUNTY,Early Education,6
2022-2023,20,FRIO COUNTY,Pre-kindergarten,155
2022-2023,20,FRIO COUNTY,Kindergarten,211
2022-2023,20,FRIO COUNTY,Grade 1,204
2022-2023,20,FRIO COUNTY,Grade 2,214
2022-2023,20,FRIO COUNTY,Grade 3,203
2022-2023,20,FRIO COUNTY,Grade 4,207
2022-2023,20,FRIO COUNTY,Grade 5,198
2022-2023,20,FRIO COUNTY,Grade 6,195
2022-2023,20,FRIO COUNTY,Grade 7,203
2022-2023,20,FRIO COUNTY,Grade 8,227
2022-2023,20,FRIO COUNTY,Grade 9,274
2022-2023,20,FRIO COUNTY,Grade 10,192
2022-2023,20,FRIO COUNTY,Grade 11,217
2022-2023,20,FRIO COUNTY,Grade 12,219
2022-2023,17,GAINES COUNTY,Early Education,19
2022-2023,17,GAINES COUNTY,Pre-kindergarten,148
2022-2023,17,GAINES COUNTY,Kindergarten,256
2022-2023,17,GAINES COUNTY,Grade 1,307
2022-2023,17,GAINES COUNTY,Grade 2,289
2022-2023,17,GAINES COUNTY,Grade 3,258
2022-2023,17,GAINES COUNTY,Grade 4,281
2022-2023,17,GAINES COUNTY,Grade 5,260
2022-2023,17,GAINES COUNTY,Grade 6,271
2022-2023,17,GAINES COUNTY,Grade 7,275
2022-2023,17,GAINES COUNTY,Grade 8,297
2022-2023,17,GAINES COUNTY,Grade 9,293
2022-2023,17,GAINES COUNTY,Grade 10,249
2022-2023,17,GAINES COUNTY,Grade 11,237
2022-2023,17,GAINES COUNTY,Grade 12,233
2022-2023,4,GALVESTON COUNTY,Early Education,568
2022-2023,5,GALVESTON COUNTY,Early Education,1
2022-2023,4,GALVESTON COUNTY,Pre-kindergarten,2542
2022-2023,4,GALVESTON COUNTY,Kindergarten,5223
2022-2023,5,GALVESTON COUNTY,Kindergarten,8
2022-2023,4,GALVESTON COUNTY,Grade 1,5822
2022-2023,5,GALVESTON COUNTY,Grade 1,3
2022-2023,4,GALVESTON COUNTY,Grade 2,5770
2022-2023,5,GALVESTON COUNTY,Grade 2,7
2022-2023,4,GALVESTON COUNTY,Grade 3,5855
2022-2023,5,GALVESTON COUNTY,Grade 3,10
2022-2023,4,GALVESTON COUNTY,Grade 4,5890
2022-2023,5,GALVESTON COUNTY,Grade 4,6
2022-2023,4,GALVESTON COUNTY,Grade 5,5914
2022-2023,5,GALVESTON COUNTY,Grade 5,11
2022-2023,4,GALVESTON COUNTY,Grade 6,6085
2022-2023,5,GALVESTON COUNTY,Grade 6,12
2022-2023,4,GALVESTON COUNTY,Grade 7,6186
2022-2023,5,GALVESTON COUNTY,Grade 7,13
2022-2023,4,GALVESTON COUNTY,Grade 8,6420
2022-2023,5,GALVESTON COUNTY,Grade 8,12
2022-2023,4,GALVESTON COUNTY,Grade 9,7296
2022-2023,5,GALVESTON COUNTY,Grade 9,15
2022-2023,4,GALVESTON COUNTY,Grade 10,6557
2022-2023,5,GALVESTON COUNTY,Grade 10,18
2022-2023,4,GALVESTON COUNTY,Grade 11,5831
2022-2023,5,GALVESTON COUNTY,Grade 11,21
2022-2023,4,GALVESTON COUNTY,Grade 12,5610
2022-2023,5,GALVESTON COUNTY,Grade 12,14
2022-2023,17,GARZA COUNTY,Early Education,3
2022-2023,17,GARZA COUNTY,Pre-kindergarten,33
2022-2023,17,GARZA COUNTY,Kindergarten,68
2022-2023,17,GARZA COUNTY,Grade 1,60
2022-2023,17,GARZA COUNTY,Grade 2,57
2022-2023,17,GARZA COUNTY,Grade 3,64
2022-2023,17,GARZA COUNTY,Grade 4,55
2022-2023,17,GARZA COUNTY,Grade 5,62
2022-2023,17,GARZA COUNTY,Grade 6,72
2022-2023,17,GARZA COUNTY,Grade 7,56
2022-2023,17,GARZA COUNTY,Grade 8,91
2022-2023,17,GARZA COUNTY,Grade 9,73
2022-2023,17,GARZA COUNTY,Grade 10,75
2022-2023,17,GARZA COUNTY,Grade 11,51
2022-2023,17,GARZA COUNTY,Grade 12,47
2022-2023,13,GILLESPIE COUNTY,Early Education,12
2022-2023,13,GILLESPIE COUNTY,Pre-kindergarten,128
2022-2023,15,GILLESPIE COUNTY,Pre-kindergarten,23
2022-2023,13,GILLESPIE COUNTY,Kindergarten,223
2022-2023,15,GILLESPIE COUNTY,Kindergarten,32
2022-2023,13,GILLESPIE COUNTY,Grade 1,198
2022-2023,15,GILLESPIE COUNTY,Grade 1,35
2022-2023,13,GILLESPIE COUNTY,Grade 2,226
2022-2023,15,GILLESPIE COUNTY,Grade 2,34
2022-2023,13,GILLESPIE COUNTY,Grade 3,204
2022-2023,15,GILLESPIE COUNTY,Grade 3,54
2022-2023,13,GILLESPIE COUNTY,Grade 4,188
2022-2023,15,GILLESPIE COUNTY,Grade 4,39
2022-2023,13,GILLESPIE COUNTY,Grade 5,210
2022-2023,15,GILLESPIE COUNTY,Grade 5,42
2022-2023,13,GILLESPIE COUNTY,Grade 6,224
2022-2023,15,GILLESPIE COUNTY,Grade 6,45
2022-2023,13,GILLESPIE COUNTY,Grade 7,211
2022-2023,15,GILLESPIE COUNTY,Grade 7,51
2022-2023,13,GILLESPIE COUNTY,Grade 8,249
2022-2023,15,GILLESPIE COUNTY,Grade 8,41
2022-2023,13,GILLESPIE COUNTY,Grade 9,287
2022-2023,15,GILLESPIE COUNTY,Grade 9,46
2022-2023,13,GILLESPIE COUNTY,Grade 10,268
2022-2023,15,GILLESPIE COUNTY,Grade 10,55
2022-2023,13,GILLESPIE COUNTY,Grade 11,242
2022-2023,15,GILLESPIE COUNTY,Grade 11,47
2022-2023,13,GILLESPIE COUNTY,Grade 12,246
2022-2023,15,GILLESPIE COUNTY,Grade 12,40
2022-2023,18,GLASSCOCK COUNTY,Early Education,3
2022-2023,18,GLASSCOCK COUNTY,Pre-kindergarten,9
2022-2023,18,GLASSCOCK COUNTY,Kindergarten,25
2022-2023,18,GLASSCOCK COUNTY,Grade 1,17
2022-2023,18,GLASSCOCK COUNTY,Grade 2,22
2022-2023,18,GLASSCOCK COUNTY,Grade 3,24
2022-2023,18,GLASSCOCK COUNTY,Grade 4,14
2022-2023,18,GLASSCOCK COUNTY,Grade 5,28
2022-2023,18,GLASSCOCK COUNTY,Grade 6,18
2022-2023,18,GLASSCOCK COUNTY,Grade 7,21
2022-2023,18,GLASSCOCK COUNTY,Grade 8,25
2022-2023,18,GLASSCOCK COUNTY,Grade 9,25
2022-2023,18,GLASSCOCK COUNTY,Grade 10,24
2022-2023,18,GLASSCOCK COUNTY,Grade 11,18
2022-2023,18,GLASSCOCK COUNTY,Grade 12,22
2022-2023,3,GOLIAD COUNTY,Early Education,7
2022-2023,3,GOLIAD COUNTY,Pre-kindergarten,55
2022-2023,3,GOLIAD COUNTY,Kindergarten,91
2022-2023,3,GOLIAD COUNTY,Grade 1,90
2022-2023,3,GOLIAD COUNTY,Grade 2,102
2022-2023,3,GOLIAD COUNTY,Grade 3,88
2022-2023,3,GOLIAD COUNTY,Grade 4,103
2022-2023,3,GOLIAD COUNTY,Grade 5,81
2022-2023,3,GOLIAD COUNTY,Grade 6,93
2022-2023,3,GOLIAD COUNTY,Grade 7,95
2022-2023,3,GOLIAD COUNTY,Grade 8,102
2022-2023,3,GOLIAD COUNTY,Grade 9,124
2022-2023,3,GOLIAD COUNTY,Grade 10,114
2022-2023,3,GOLIAD COUNTY,Grade 11,98
2022-2023,3,GOLIAD COUNTY,Grade 12,69
2022-2023,13,GONZALES COUNTY,Early Education,17
2022-2023,13,GONZALES COUNTY,Pre-kindergarten,252
2022-2023,13,GONZALES COUNTY,Kindergarten,245
2022-2023,13,GONZALES COUNTY,Grade 1,280
2022-2023,13,GONZALES COUNTY,Grade 2,313
2022-2023,13,GONZALES COUNTY,Grade 3,255
2022-2023,13,GONZALES COUNTY,Grade 4,282
2022-2023,13,GONZALES COUNTY,Grade 5,281
2022-2023,13,GONZALES COUNTY,Grade 6,277
2022-2023,13,GONZALES COUNTY,Grade 7,278
2022-2023,13,GONZALES COUNTY,Grade 8,300
2022-2023,13,GONZALES COUNTY,Grade 9,321
2022-2023,13,GONZALES COUNTY,Grade 10,294
2022-2023,13,GONZALES COUNTY,Grade 11,277
2022-2023,13,GONZALES COUNTY,Grade 12,268
2022-2023,16,GRAY COUNTY,Early Education,17
2022-2023,16,GRAY COUNTY,Pre-kindergarten,210
2022-2023,16,GRAY COUNTY,Kindergarten,291
2022-2023,16,GRAY COUNTY,Grade 1,257
2022-2023,16,GRAY COUNTY,Grade 2,287
2022-2023,16,GRAY COUNTY,Grade 3,291
2022-2023,16,GRAY COUNTY,Grade 4,263
2022-2023,16,GRAY COUNTY,Grade 5,285
2022-2023,16,GRAY COUNTY,Grade 6,242
2022-2023,16,GRAY COUNTY,Grade 7,273
2022-2023,16,GRAY COUNTY,Grade 8,304
2022-2023,16,GRAY COUNTY,Grade 9,310
2022-2023,16,GRAY COUNTY,Grade 10,293
2022-2023,16,GRAY COUNTY,Grade 11,273
2022-2023,16,GRAY COUNTY,Grade 12,274
2022-2023,10,GRAYSON COUNTY,Early Education,236
2022-2023,10,GRAYSON COUNTY,Pre-kindergarten,827
2022-2023,10,GRAYSON COUNTY,Kindergarten,1771
2022-2023,10,GRAYSON COUNTY,Grade 1,1889
2022-2023,10,GRAYSON COUNTY,Grade 2,1850
2022-2023,10,GRAYSON COUNTY,Grade 3,1937
2022-2023,10,GRAYSON COUNTY,Grade 4,1797
2022-2023,10,GRAYSON COUNTY,Grade 5,1846
2022-2023,10,GRAYSON COUNTY,Grade 6,1858
2022-2023,10,GRAYSON COUNTY,Grade 7,1850
2022-2023,10,GRAYSON COUNTY,Grade 8,1964
2022-2023,10,GRAYSON COUNTY,Grade 9,2122
2022-2023,10,GRAYSON COUNTY,Grade 10,1904
2022-2023,10,GRAYSON COUNTY,Grade 11,1674
2022-2023,10,GRAYSON COUNTY,Grade 12,1653
2022-2023,7,GREGG COUNTY,Early Education,79
2022-2023,7,GREGG COUNTY,Pre-kindergarten,1020
2022-2023,7,GREGG COUNTY,Kindergarten,1550
2022-2023,7,GREGG COUNTY,Grade 1,1736
2022-2023,7,GREGG COUNTY,Grade 2,1699
2022-2023,7,GREGG COUNTY,Grade 3,1695
2022-2023,7,GREGG COUNTY,Grade 4,1715
2022-2023,7,GREGG COUNTY,Grade 5,1784
2022-2023,7,GREGG COUNTY,Grade 6,1795
2022-2023,7,GREGG COUNTY,Grade 7,1852
2022-2023,7,GREGG COUNTY,Grade 8,1772
2022-2023,7,GREGG COUNTY,Grade 9,1932
2022-2023,7,GREGG COUNTY,Grade 10,1829
2022-2023,7,GREGG COUNTY,Grade 11,1655
2022-2023,7,GREGG COUNTY,Grade 12,1558
2022-2023,6,GRIMES COUNTY,Early Education,47
2022-2023,6,GRIMES COUNTY,Pre-kindergarten,201
2022-2023,6,GRIMES COUNTY,Kindergarten,298
2022-2023,6,GRIMES COUNTY,Grade 1,344
2022-2023,6,GRIMES COUNTY,Grade 2,341
2022-2023,6,GRIMES COUNTY,Grade 3,353
2022-2023,6,GRIMES COUNTY,Grade 4,349
2022-2023,6,GRIMES COUNTY,Grade 5,341
2022-2023,6,GRIMES COUNTY,Grade 6,358
2022-2023,6,GRIMES COUNTY,Grade 7,324
2022-2023,6,GRIMES COUNTY,Grade 8,376
2022-2023,6,GRIMES COUNTY,Grade 9,437
2022-2023,6,GRIMES COUNTY,Grade 10,349
2022-2023,6,GRIMES COUNTY,Grade 11,335
2022-2023,6,GRIMES COUNTY,Grade 12,267
2022-2023,20,GUADALUPE COUNTY,Early Education,119
2022-2023,20,GUADALUPE COUNTY,Pre-kindergarten,886
2022-2023,20,GUADALUPE COUNTY,Kindergarten,1536
2022-2023,20,GUADALUPE COUNTY,Grade 1,1749
2022-2023,20,GUADALUPE COUNTY,Grade 2,1759
2022-2023,20,GUADALUPE COUNTY,Grade 3,1869
2022-2023,20,GUADALUPE COUNTY,Grade 4,1906
2022-2023,20,GUADALUPE COUNTY,Grade 5,1867
2022-2023,20,GUADALUPE COUNTY,Grade 6,1877
2022-2023,20,GUADALUPE COUNTY,Grade 7,2030
2022-2023,20,GUADALUPE COUNTY,Grade 8,2176
2022-2023,20,GUADALUPE COUNTY,Grade 9,2513
2022-2023,20,GUADALUPE COUNTY,Grade 10,2239
2022-2023,20,GUADALUPE COUNTY,Grade 11,1966
2022-2023,20,GUADALUPE COUNTY,Grade 12,1982
2022-2023,17,HALE COUNTY,Early Education,56
2022-2023,17,HALE COUNTY,Pre-kindergarten,304
2022-2023,17,HALE COUNTY,Kindergarten,419
2022-2023,17,HALE COUNTY,Grade 1,415
2022-2023,17,HALE COUNTY,Grade 2,414
2022-2023,17,HALE COUNTY,Grade 3,428
2022-2023,17,HALE COUNTY,Grade 4,436
2022-2023,17,HALE COUNTY,Grade 5,469
2022-2023,17,HALE COUNTY,Grade 6,482
2022-2023,17,HALE COUNTY,Grade 7,537
2022-2023,17,HALE COUNTY,Grade 8,519
2022-2023,17,HALE COUNTY,Grade 9,496
2022-2023,17,HALE COUNTY,Grade 10,567
2022-2023,17,HALE COUNTY,Grade 11,479
2022-2023,17,HALE COUNTY,Grade 12,433
2022-2023,16,HALL COUNTY,Early Education,13
2022-2023,16,HALL COUNTY,Pre-kindergarten,51
2022-2023,16,HALL COUNTY,Kindergarten,33
2022-2023,16,HALL COUNTY,Grade 1,30
2022-2023,16,HALL COUNTY,Grade 2,31
2022-2023,16,HALL COUNTY,Grade 3,45
2022-2023,16,HALL COUNTY,Grade 4,30
2022-2023,16,HALL COUNTY,Grade 5,46
2022-2023,16,HALL COUNTY,Grade 6,42
2022-2023,16,HALL COUNTY,Grade 7,35
2022-2023,16,HALL COUNTY,Grade 8,50
2022-2023,16,HALL COUNTY,Grade 9,48
2022-2023,16,HALL COUNTY,Grade 10,57
2022-2023,16,HALL COUNTY,Grade 11,48
2022-2023,16,HALL COUNTY,Grade 12,56
2022-2023,12,HAMILTON COUNTY,Early Education,2
2022-2023,12,HAMILTON COUNTY,Pre-kindergarten,74
2022-2023,12,HAMILTON COUNTY,Kindergarten,109
2022-2023,12,HAMILTON COUNTY,Grade 1,94
2022-2023,12,HAMILTON COUNTY,Grade 2,122
2022-2023,12,HAMILTON COUNTY,Grade 3,101
2022-2023,12,HAMILTON COUNTY,Grade 4,106
2022-2023,12,HAMILTON COUNTY,Grade 5,122
2022-2023,12,HAMILTON COUNTY,Grade 6,97
2022-2023,12,HAMILTON COUNTY,Grade 7,103
2022-2023,12,HAMILTON COUNTY,Grade 8,129
2022-2023,12,HAMILTON COUNTY,Grade 9,114
2022-2023,12,HAMILTON COUNTY,Grade 10,89
2022-2023,12,HAMILTON COUNTY,Grade 11,97
2022-2023,12,HAMILTON COUNTY,Grade 12,81
2022-2023,16,HANSFORD COUNTY,Early Education,13
2022-2023,16,HANSFORD COUNTY,Pre-kindergarten,63
2022-2023,16,HANSFORD COUNTY,Kindergarten,89
2022-2023,16,HANSFORD COUNTY,Grade 1,81
2022-2023,16,HANSFORD COUNTY,Grade 2,92
2022-2023,16,HANSFORD COUNTY,Grade 3,91
2022-2023,16,HANSFORD COUNTY,Grade 4,80
2022-2023,16,HANSFORD COUNTY,Grade 5,97
2022-2023,16,HANSFORD COUNTY,Grade 6,102
2022-2023,16,HANSFORD COUNTY,Grade 7,93
2022-2023,16,HANSFORD COUNTY,Grade 8,89
2022-2023,16,HANSFORD COUNTY,Grade 9,98
2022-2023,16,HANSFORD COUNTY,Grade 10,95
2022-2023,16,HANSFORD COUNTY,Grade 11,107
2022-2023,16,HANSFORD COUNTY,Grade 12,101
2022-2023,9,HARDEMAN COUNTY,Early Education,1
2022-2023,9,HARDEMAN COUNTY,Pre-kindergarten,46
2022-2023,9,HARDEMAN COUNTY,Kindergarten,39
2022-2023,9,HARDEMAN COUNTY,Grade 1,46
2022-2023,9,HARDEMAN COUNTY,Grade 2,47
2022-2023,9,HARDEMAN COUNTY,Grade 3,38
2022-2023,9,HARDEMAN COUNTY,Grade 4,51
2022-2023,9,HARDEMAN COUNTY,Grade 5,42
2022-2023,9,HARDEMAN COUNTY,Grade 6,41
2022-2023,9,HARDEMAN COUNTY,Grade 7,53
2022-2023,9,HARDEMAN COUNTY,Grade 8,49
2022-2023,9,HARDEMAN COUNTY,Grade 9,53
2022-2023,9,HARDEMAN COUNTY,Grade 10,53
2022-2023,9,HARDEMAN COUNTY,Grade 11,52
2022-2023,9,HARDEMAN COUNTY,Grade 12,53
2022-2023,5,HARDIN COUNTY,Early Education,62
2022-2023,5,HARDIN COUNTY,Pre-kindergarten,311
2022-2023,5,HARDIN COUNTY,Kindergarten,811
2022-2023,5,HARDIN COUNTY,Grade 1,855
2022-2023,5,HARDIN COUNTY,Grade 2,870
2022-2023,5,HARDIN COUNTY,Grade 3,832
2022-2023,5,HARDIN COUNTY,Grade 4,869
2022-2023,5,HARDIN COUNTY,Grade 5,833
2022-2023,5,HARDIN COUNTY,Grade 6,824
2022-2023,5,HARDIN COUNTY,Grade 7,856
2022-2023,5,HARDIN COUNTY,Grade 8,902
2022-2023,5,HARDIN COUNTY,Grade 9,927
2022-2023,5,HARDIN COUNTY,Grade 10,887
2022-2023,5,HARDIN COUNTY,Grade 11,745
2022-2023,5,HARDIN COUNTY,Grade 12,747
2022-2023,4,HARRIS COUNTY,Early Education,4142
2022-2023,4,HARRIS COUNTY,Pre-kindergarten,39430
2022-2023,4,HARRIS COUNTY,Kindergarten,58102
2022-2023,4,HARRIS COUNTY,Grade 1,64939
2022-2023,4,HARRIS COUNTY,Grade 2,64040
2022-2023,4,HARRIS COUNTY,Grade 3,62599
2022-2023,4,HARRIS COUNTY,Grade 4,63568
2022-2023,4,HARRIS COUNTY,Grade 5,63466
2022-2023,4,HARRIS COUNTY,Grade 6,64554
2022-2023,4,HARRIS COUNTY,Grade 7,65927
2022-2023,4,HARRIS COUNTY,Grade 8,69691
2022-2023,4,HARRIS COUNTY,Grade 9,78664
2022-2023,4,HARRIS COUNTY,Grade 10,70185
2022-2023,4,HARRIS COUNTY,Grade 11,62436
2022-2023,4,HARRIS COUNTY,Grade 12,59445
2022-2023,7,HARRISON COUNTY,Early Education,27
2022-2023,7,HARRISON COUNTY,Pre-kindergarten,456
2022-2023,7,HARRISON COUNTY,Kindergarten,818
2022-2023,7,HARRISON COUNTY,Grade 1,981
2022-2023,7,HARRISON COUNTY,Grade 2,893
2022-2023,7,HARRISON COUNTY,Grade 3,1128
2022-2023,7,HARRISON COUNTY,Grade 4,1405
2022-2023,7,HARRISON COUNTY,Grade 5,1580
2022-2023,7,HARRISON COUNTY,Grade 6,1872
2022-2023,7,HARRISON COUNTY,Grade 7,2659
2022-2023,7,HARRISON COUNTY,Grade 8,3145
2022-2023,7,HARRISON COUNTY,Grade 9,3942
2022-2023,7,HARRISON COUNTY,Grade 10,3205
2022-2023,7,HARRISON COUNTY,Grade 11,2847
2022-2023,7,HARRISON COUNTY,Grade 12,2390
2022-2023,16,HARTLEY COUNTY,Pre-kindergarten,21
2022-2023,16,HARTLEY COUNTY,Kindergarten,27
2022-2023,16,HARTLEY COUNTY,Grade 1,25
2022-2023,16,HARTLEY COUNTY,Grade 2,34
2022-2023,16,HARTLEY COUNTY,Grade 3,24
2022-2023,16,HARTLEY COUNTY,Grade 4,36
2022-2023,16,HARTLEY COUNTY,Grade 5,31
2022-2023,16,HARTLEY COUNTY,Grade 6,28
2022-2023,16,HARTLEY COUNTY,Grade 7,32
2022-2023,16,HARTLEY COUNTY,Grade 8,37
2022-2023,16,HARTLEY COUNTY,Grade 9,36
2022-2023,16,HARTLEY COUNTY,Grade 10,21
2022-2023,16,HARTLEY COUNTY,Grade 11,20
2022-2023,16,HARTLEY COUNTY,Grade 12,19
2022-2023,14,HASKELL COUNTY,Early Education,1
2022-2023,14,HASKELL COUNTY,Pre-kindergarten,66
2022-2023,14,HASKELL COUNTY,Kindergarten,51
2022-2023,14,HASKELL COUNTY,Grade 1,52
2022-2023,14,HASKELL COUNTY,Grade 2,52
2022-2023,14,HASKELL COUNTY,Grade 3,43
2022-2023,14,HASKELL COUNTY,Grade 4,56
2022-2023,14,HASKELL COUNTY,Grade 5,56
2022-2023,14,HASKELL COUNTY,Grade 6,54
2022-2023,14,HASKELL COUNTY,Grade 7,61
2022-2023,14,HASKELL COUNTY,Grade 8,67
2022-2023,14,HASKELL COUNTY,Grade 9,62
2022-2023,14,HASKELL COUNTY,Grade 10,50
2022-2023,14,HASKELL COUNTY,Grade 11,47
2022-2023,14,HASKELL COUNTY,Grade 12,54
2022-2023,13,HAYS COUNTY,Early Education,212
2022-2023,13,HAYS COUNTY,Pre-kindergarten,1676
2022-2023,13,HAYS COUNTY,Kindergarten,2873
2022-2023,13,HAYS COUNTY,Grade 1,3093
2022-2023,13,HAYS COUNTY,Grade 2,3102
2022-2023,13,HAYS COUNTY,Grade 3,2987
2022-2023,13,HAYS COUNTY,Grade 4,3035
2022-2023,13,HAYS COUNTY,Grade 5,3019
2022-2023,13,HAYS COUNTY,Grade 6,3175
2022-2023,13,HAYS COUNTY,Grade 7,3153
2022-2023,13,HAYS COUNTY,Grade 8,3250
2022-2023,13,HAYS COUNTY,Grade 9,3876
2022-2023,13,HAYS COUNTY,Grade 10,3403
2022-2023,13,HAYS COUNTY,Grade 11,3045
2022-2023,13,HAYS COUNTY,Grade 12,2878
2022-2023,16,HEMPHILL COUNTY,Early Education,8
2022-2023,16,HEMPHILL COUNTY,Pre-kindergarten,38
2022-2023,16,HEMPHILL COUNTY,Kindergarten,49
2022-2023,16,HEMPHILL COUNTY,Grade 1,55
2022-2023,16,HEMPHILL COUNTY,Grade 2,54
2022-2023,16,HEMPHILL COUNTY,Grade 3,41
2022-2023,16,HEMPHILL COUNTY,Grade 4,43
2022-2023,16,HEMPHILL COUNTY,Grade 5,53
2022-2023,16,HEMPHILL COUNTY,Grade 6,48
2022-2023,16,HEMPHILL COUNTY,Grade 7,79
2022-2023,16,HEMPHILL COUNTY,Grade 8,64
2022-2023,16,HEMPHILL COUNTY,Grade 9,77
2022-2023,16,HEMPHILL COUNTY,Grade 10,87
2022-2023,16,HEMPHILL COUNTY,Grade 11,74
2022-2023,16,HEMPHILL COUNTY,Grade 12,59
2022-2023,7,HENDERSON COUNTY,Early Education,33
2022-2023,10,HENDERSON COUNTY,Early Education,1
2022-2023,7,HENDERSON COUNTY,Pre-kindergarten,322
2022-2023,10,HENDERSON COUNTY,Pre-kindergarten,201
2022-2023,7,HENDERSON COUNTY,Kindergarten,480
2022-2023,10,HENDERSON COUNTY,Kindergarten,225
2022-2023,7,HENDERSON COUNTY,Grade 1,567
2022-2023,10,HENDERSON COUNTY,Grade 1,199
2022-2023,7,HENDERSON COUNTY,Grade 2,543
2022-2023,10,HENDERSON COUNTY,Grade 2,199
2022-2023,7,HENDERSON COUNTY,Grade 3,533
2022-2023,10,HENDERSON COUNTY,Grade 3,227
2022-2023,7,HENDERSON COUNTY,Grade 4,498
2022-2023,10,HENDERSON COUNTY,Grade 4,210
2022-2023,7,HENDERSON COUNTY,Grade 5,532
2022-2023,10,HENDERSON COUNTY,Grade 5,227
2022-2023,7,HENDERSON COUNTY,Grade 6,540
2022-2023,10,HENDERSON COUNTY,Grade 6,219
2022-2023,7,HENDERSON COUNTY,Grade 7,517
2022-2023,10,HENDERSON COUNTY,Grade 7,233
2022-2023,7,HENDERSON COUNTY,Grade 8,548
2022-2023,10,HENDERSON COUNTY,Grade 8,230
2022-2023,7,HENDERSON COUNTY,Grade 9,562
2022-2023,10,HENDERSON COUNTY,Grade 9,261
2022-2023,7,HENDERSON COUNTY,Grade 10,534
2022-2023,10,HENDERSON COUNTY,Grade 10,252
2022-2023,7,HENDERSON COUNTY,Grade 11,498
2022-2023,10,HENDERSON COUNTY,Grade 11,203
2022-2023,7,HENDERSON COUNTY,Grade 12,432
2022-2023,10,HENDERSON COUNTY,Grade 12,212
2022-2023,1,HIDALGO COUNTY,Early Education,255
2022-2023,1,HIDALGO COUNTY,Pre-kindergarten,17759
2022-2023,1,HIDALGO COUNTY,Kindergarten,18045
2022-2023,1,HIDALGO COUNTY,Grade 1,19309
2022-2023,1,HIDALGO COUNTY,Grade 2,19954
2022-2023,1,HIDALGO COUNTY,Grade 3,19569
2022-2023,1,HIDALGO COUNTY,Grade 4,18762
2022-2023,1,HIDALGO COUNTY,Grade 5,18523
2022-2023,1,HIDALGO COUNTY,Grade 6,19733
2022-2023,1,HIDALGO COUNTY,Grade 7,20015
2022-2023,1,HIDALGO COUNTY,Grade 8,20348
2022-2023,1,HIDALGO COUNTY,Grade 9,21633
2022-2023,1,HIDALGO COUNTY,Grade 10,18798
2022-2023,1,HIDALGO COUNTY,Grade 11,15931
2022-2023,1,HIDALGO COUNTY,Grade 12,15225
2022-2023,12,HILL COUNTY,Early Education,19
2022-2023,12,HILL COUNTY,Pre-kindergarten,442
2022-2023,12,HILL COUNTY,Kindergarten,445
2022-2023,12,HILL COUNTY,Grade 1,448
2022-2023,12,HILL COUNTY,Grade 2,449
2022-2023,12,HILL COUNTY,Grade 3,476
2022-2023,12,HILL COUNTY,Grade 4,489
2022-2023,12,HILL COUNTY,Grade 5,446
2022-2023,12,HILL COUNTY,Grade 6,498
2022-2023,12,HILL COUNTY,Grade 7,478
2022-2023,12,HILL COUNTY,Grade 8,489
2022-2023,12,HILL COUNTY,Grade 9,525
2022-2023,12,HILL COUNTY,Grade 10,503
2022-2023,12,HILL COUNTY,Grade 11,443
2022-2023,12,HILL COUNTY,Grade 12,434
2022-2023,17,HOCKLEY COUNTY,Early Education,35
2022-2023,17,HOCKLEY COUNTY,Pre-kindergarten,274
2022-2023,17,HOCKLEY COUNTY,Kindergarten,317
2022-2023,17,HOCKLEY COUNTY,Grade 1,344
2022-2023,17,HOCKLEY COUNTY,Grade 2,309
2022-2023,17,HOCKLEY COUNTY,Grade 3,322
2022-2023,17,HOCKLEY COUNTY,Grade 4,314
2022-2023,17,HOCKLEY COUNTY,Grade 5,354
2022-2023,17,HOCKLEY COUNTY,Grade 6,355
2022-2023,17,HOCKLEY COUNTY,Grade 7,340
2022-2023,17,HOCKLEY COUNTY,Grade 8,363
2022-2023,17,HOCKLEY COUNTY,Grade 9,383
2022-2023,17,HOCKLEY COUNTY,Grade 10,343
2022-2023,17,HOCKLEY COUNTY,Grade 11,303
2022-2023,17,HOCKLEY COUNTY,Grade 12,319
2022-2023,11,HOOD COUNTY,Early Education,51
2022-2023,11,HOOD COUNTY,Pre-kindergarten,324
2022-2023,11,HOOD COUNTY,Kindergarten,668
2022-2023,11,HOOD COUNTY,Grade 1,753
2022-2023,11,HOOD COUNTY,Grade 2,689
2022-2023,11,HOOD COUNTY,Grade 3,666
2022-2023,11,HOOD COUNTY,Grade 4,734
2022-2023,11,HOOD COUNTY,Grade 5,620
2022-2023,11,HOOD COUNTY,Grade 6,705
2022-2023,11,HOOD COUNTY,Grade 7,709
2022-2023,11,HOOD COUNTY,Grade 8,725
2022-2023,11,HOOD COUNTY,Grade 9,831
2022-2023,11,HOOD COUNTY,Grade 10,675
2022-2023,11,HOOD COUNTY,Grade 11,617
2022-2023,11,HOOD COUNTY,Grade 12,573
2022-2023,8,HOPKINS COUNTY,Early Education,27
2022-2023,8,HOPKINS COUNTY,Pre-kindergarten,368
2022-2023,8,HOPKINS COUNTY,Kindergarten,490
2022-2023,8,HOPKINS COUNTY,Grade 1,474
2022-2023,8,HOPKINS COUNTY,Grade 2,483
2022-2023,8,HOPKINS COUNTY,Grade 3,459
2022-2023,8,HOPKINS COUNTY,Grade 4,480
2022-2023,8,HOPKINS COUNTY,Grade 5,478
2022-2023,8,HOPKINS COUNTY,Grade 6,513
2022-2023,8,HOPKINS COUNTY,Grade 7,522
2022-2023,8,HOPKINS COUNTY,Grade 8,530
2022-2023,8,HOPKINS COUNTY,Grade 9,571
2022-2023,8,HOPKINS COUNTY,Grade 10,512
2022-2023,8,HOPKINS COUNTY,Grade 11,479
2022-2023,8,HOPKINS COUNTY,Grade 12,448
2022-2023,6,HOUSTON COUNTY,Early Education,6
2022-2023,6,HOUSTON COUNTY,Pre-kindergarten,206
2022-2023,6,HOUSTON COUNTY,Kindergarten,228
2022-2023,6,HOUSTON COUNTY,Grade 1,226
2022-2023,6,HOUSTON COUNTY,Grade 2,205
2022-2023,6,HOUSTON COUNTY,Grade 3,215
2022-2023,6,HOUSTON COUNTY,Grade 4,206
2022-2023,6,HOUSTON COUNTY,Grade 5,208
2022-2023,6,HOUSTON COUNTY,Grade 6,228
2022-2023,6,HOUSTON COUNTY,Grade 7,241
2022-2023,6,HOUSTON COUNTY,Grade 8,260
2022-2023,6,HOUSTON COUNTY,Grade 9,253
2022-2023,6,HOUSTON COUNTY,Grade 10,244
2022-2023,6,HOUSTON COUNTY,Grade 11,222
2022-2023,6,HOUSTON COUNTY,Grade 12,163
2022-2023,18,HOWARD COUNTY,Early Education,32
2022-2023,18,HOWARD COUNTY,Pre-kindergarten,134
2022-2023,18,HOWARD COUNTY,Kindergarten,450
2022-2023,18,HOWARD COUNTY,Grade 1,455
2022-2023,18,HOWARD COUNTY,Grade 2,356
2022-2023,18,HOWARD COUNTY,Grade 3,414
2022-2023,18,HOWARD COUNTY,Grade 4,369
2022-2023,18,HOWARD COUNTY,Grade 5,371
2022-2023,18,HOWARD COUNTY,Grade 6,390
2022-2023,18,HOWARD COUNTY,Grade 7,398
2022-2023,18,HOWARD COUNTY,Grade 8,407
2022-2023,18,HOWARD COUNTY,Grade 9,424
2022-2023,18,HOWARD COUNTY,Grade 10,440
2022-2023,18,HOWARD COUNTY,Grade 11,376
2022-2023,18,HOWARD COUNTY,Grade 12,342
2022-2023,19,HUDSPETH COUNTY,Early Education,2
2022-2023,19,HUDSPETH COUNTY,Pre-kindergarten,10
2022-2023,19,HUDSPETH COUNTY,Kindergarten,37
2022-2023,19,HUDSPETH COUNTY,Grade 1,53
2022-2023,19,HUDSPETH COUNTY,Grade 2,35
2022-2023,19,HUDSPETH COUNTY,Grade 3,38
2022-2023,19,HUDSPETH COUNTY,Grade 4,43
2022-2023,19,HUDSPETH COUNTY,Grade 5,34
2022-2023,19,HUDSPETH COUNTY,Grade 6,45
2022-2023,19,HUDSPETH COUNTY,Grade 7,49
2022-2023,19,HUDSPETH COUNTY,Grade 8,44
2022-2023,19,HUDSPETH COUNTY,Grade 9,33
2022-2023,19,HUDSPETH COUNTY,Grade 10,52
2022-2023,19,HUDSPETH COUNTY,Grade 11,43
2022-2023,19,HUDSPETH COUNTY,Grade 12,36
2022-2023,10,HUNT COUNTY,Early Education,53
2022-2023,10,HUNT COUNTY,Pre-kindergarten,888
2022-2023,10,HUNT COUNTY,Kindergarten,1200
2022-2023,10,HUNT COUNTY,Grade 1,1178
2022-2023,10,HUNT COUNTY,Grade 2,1200
2022-2023,10,HUNT COUNTY,Grade 3,1194
2022-2023,10,HUNT COUNTY,Grade 4,1130
2022-2023,10,HUNT COUNTY,Grade 5,1157
2022-2023,10,HUNT COUNTY,Grade 6,1189
2022-2023,10,HUNT COUNTY,Grade 7,1135
2022-2023,10,HUNT COUNTY,Grade 8,1255
2022-2023,10,HUNT COUNTY,Grade 9,1358
2022-2023,10,HUNT COUNTY,Grade 10,1227
2022-2023,10,HUNT COUNTY,Grade 11,1109
2022-2023,10,HUNT COUNTY,Grade 12,1029
2022-2023,16,HUTCHINSON COUNTY,Early Education,7
2022-2023,16,HUTCHINSON COUNTY,Pre-kindergarten,179
2022-2023,16,HUTCHINSON COUNTY,Kindergarten,251
2022-2023,16,HUTCHINSON COUNTY,Grade 1,285
2022-2023,16,HUTCHINSON COUNTY,Grade 2,276
2022-2023,16,HUTCHINSON COUNTY,Grade 3,272
2022-2023,16,HUTCHINSON COUNTY,Grade 4,263
2022-2023,16,HUTCHINSON COUNTY,Grade 5,288
2022-2023,16,HUTCHINSON COUNTY,Grade 6,248
2022-2023,16,HUTCHINSON COUNTY,Grade 7,281
2022-2023,16,HUTCHINSON COUNTY,Grade 8,306
2022-2023,16,HUTCHINSON COUNTY,Grade 9,300
2022-2023,16,HUTCHINSON COUNTY,Grade 10,324
2022-2023,16,HUTCHINSON COUNTY,Grade 11,269
2022-2023,16,HUTCHINSON COUNTY,Grade 12,281
2022-2023,15,IRION COUNTY,Pre-kindergarten,31
2022-2023,15,IRION COUNTY,Kindergarten,34
2022-2023,15,IRION COUNTY,Grade 1,24
2022-2023,15,IRION COUNTY,Grade 2,26
2022-2023,15,IRION COUNTY,Grade 3,26
2022-2023,15,IRION COUNTY,Grade 4,23
2022-2023,15,IRION COUNTY,Grade 5,23
2022-2023,15,IRION COUNTY,Grade 6,24
2022-2023,15,IRION COUNTY,Grade 7,21
2022-2023,15,IRION COUNTY,Grade 8,19
2022-2023,15,IRION COUNTY,Grade 9,24
2022-2023,15,IRION COUNTY,Grade 10,18
2022-2023,15,IRION COUNTY,Grade 11,20
2022-2023,15,IRION COUNTY,Grade 12,20
2022-2023,9,JACK COUNTY,Early Education,11
2022-2023,9,JACK COUNTY,Pre-kindergarten,62
2022-2023,9,JACK COUNTY,Kindergarten,110
2022-2023,9,JACK COUNTY,Grade 1,107
2022-2023,9,JACK COUNTY,Grade 2,122
2022-2023,9,JACK COUNTY,Grade 3,116
2022-2023,9,JACK COUNTY,Grade 4,116
2022-2023,9,JACK COUNTY,Grade 5,134
2022-2023,9,JACK COUNTY,Grade 6,132
2022-2023,9,JACK COUNTY,Grade 7,108
2022-2023,9,JACK COUNTY,Grade 8,133
2022-2023,9,JACK COUNTY,Grade 9,125
2022-2023,9,JACK COUNTY,Grade 10,158
2022-2023,9,JACK COUNTY,Grade 11,126
2022-2023,9,JACK COUNTY,Grade 12,101
2022-2023,3,JACKSON COUNTY,Early Education,11
2022-2023,3,JACKSON COUNTY,Pre-kindergarten,159
2022-2023,3,JACKSON COUNTY,Kindergarten,255
2022-2023,3,JACKSON COUNTY,Grade 1,245
2022-2023,3,JACKSON COUNTY,Grade 2,250
2022-2023,3,JACKSON COUNTY,Grade 3,247
2022-2023,3,JACKSON COUNTY,Grade 4,245
2022-2023,3,JACKSON COUNTY,Grade 5,242
2022-2023,3,JACKSON COUNTY,Grade 6,229
2022-2023,3,JACKSON COUNTY,Grade 7,277
2022-2023,3,JACKSON COUNTY,Grade 8,254
2022-2023,3,JACKSON COUNTY,Grade 9,285
2022-2023,3,JACKSON COUNTY,Grade 10,271
2022-2023,3,JACKSON COUNTY,Grade 11,248
2022-2023,3,JACKSON COUNTY,Grade 12,254
2022-2023,5,JASPER COUNTY,Early Education,18
2022-2023,5,JASPER COUNTY,Pre-kindergarten,247
2022-2023,5,JASPER COUNTY,Kindergarten,386
2022-2023,5,JASPER COUNTY,Grade 1,478
2022-2023,5,JASPER COUNTY,Grade 2,439
2022-2023,5,JASPER COUNTY,Grade 3,365
2022-2023,5,JASPER COUNTY,Grade 4,435
2022-2023,5,JASPER COUNTY,Grade 5,431
2022-2023,5,JASPER COUNTY,Grade 6,434
2022-2023,5,JASPER COUNTY,Grade 7,483
2022-2023,5,JASPER COUNTY,Grade 8,460
2022-2023,5,JASPER COUNTY,Grade 9,494
2022-2023,5,JASPER COUNTY,Grade 10,418
2022-2023,5,JASPER COUNTY,Grade 11,415
2022-2023,5,JASPER COUNTY,Grade 12,399
2022-2023,18,JEFF DAVIS COUNTY,Pre-kindergarten,15
2022-2023,18,JEFF DAVIS COUNTY,Kindergarten,11
2022-2023,18,JEFF DAVIS COUNTY,Grade 1,11
2022-2023,18,JEFF DAVIS COUNTY,Grade 2,12
2022-2023,18,JEFF DAVIS COUNTY,Grade 3,11
2022-2023,18,JEFF DAVIS COUNTY,Grade 4,10
2022-2023,18,JEFF DAVIS COUNTY,Grade 5,15
2022-2023,18,JEFF DAVIS COUNTY,Grade 6,26
2022-2023,18,JEFF DAVIS COUNTY,Grade 7,21
2022-2023,18,JEFF DAVIS COUNTY,Grade 8,19
2022-2023,18,JEFF DAVIS COUNTY,Grade 9,20
2022-2023,18,JEFF DAVIS COUNTY,Grade 10,17
2022-2023,18,JEFF DAVIS COUNTY,Grade 11,19
2022-2023,18,JEFF DAVIS COUNTY,Grade 12,20
2022-2023,5,JEFFERSON COUNTY,Early Education,377
2022-2023,5,JEFFERSON COUNTY,Pre-kindergarten,2230
2022-2023,5,JEFFERSON COUNTY,Kindergarten,2870
2022-2023,5,JEFFERSON COUNTY,Grade 1,3139
2022-2023,5,JEFFERSON COUNTY,Grade 2,3179
2022-2023,5,JEFFERSON COUNTY,Grade 3,2965
2022-2023,5,JEFFERSON COUNTY,Grade 4,2958
2022-2023,5,JEFFERSON COUNTY,Grade 5,2849
2022-2023,5,JEFFERSON COUNTY,Grade 6,2837
2022-2023,5,JEFFERSON COUNTY,Grade 7,2972
2022-2023,5,JEFFERSON COUNTY,Grade 8,3019
2022-2023,5,JEFFERSON COUNTY,Grade 9,3250
2022-2023,5,JEFFERSON COUNTY,Grade 10,3066
2022-2023,5,JEFFERSON COUNTY,Grade 11,2599
2022-2023,5,JEFFERSON COUNTY,Grade 12,2457
2022-2023,1,JIM HOGG COUNTY,Early Education,3
2022-2023,1,JIM HOGG COUNTY,Pre-kindergarten,37
2022-2023,1,JIM HOGG COUNTY,Kindergarten,62
2022-2023,1,JIM HOGG COUNTY,Grade 1,86
2022-2023,1,JIM HOGG COUNTY,Grade 2,73
2022-2023,1,JIM HOGG COUNTY,Grade 3,86
2022-2023,1,JIM HOGG COUNTY,Grade 4,74
2022-2023,1,JIM HOGG COUNTY,Grade 5,87
2022-2023,1,JIM HOGG COUNTY,Grade 6,79
2022-2023,1,JIM HOGG COUNTY,Grade 7,64
2022-2023,1,JIM HOGG COUNTY,Grade 8,97
2022-2023,1,JIM HOGG COUNTY,Grade 9,78
2022-2023,1,JIM HOGG COUNTY,Grade 10,85
2022-2023,1,JIM HOGG COUNTY,Grade 11,82
2022-2023,1,JIM HOGG COUNTY,Grade 12,79
2022-2023,2,JIM WELLS COUNTY,Early Education,19
2022-2023,2,JIM WELLS COUNTY,Pre-kindergarten,376
2022-2023,2,JIM WELLS COUNTY,Kindergarten,472
2022-2023,2,JIM WELLS COUNTY,Grade 1,583
2022-2023,2,JIM WELLS COUNTY,Grade 2,592
2022-2023,2,JIM WELLS COUNTY,Grade 3,580
2022-2023,2,JIM WELLS COUNTY,Grade 4,545
2022-2023,2,JIM WELLS COUNTY,Grade 5,548
2022-2023,2,JIM WELLS COUNTY,Grade 6,548
2022-2023,2,JIM WELLS COUNTY,Grade 7,554
2022-2023,2,JIM WELLS COUNTY,Grade 8,582
2022-2023,2,JIM WELLS COUNTY,Grade 9,695
2022-2023,2,JIM WELLS COUNTY,Grade 10,560
2022-2023,2,JIM WELLS COUNTY,Grade 11,517
2022-2023,2,JIM WELLS COUNTY,Grade 12,443
2022-2023,11,JOHNSON COUNTY,Early Education,185
2022-2023,11,JOHNSON COUNTY,Pre-kindergarten,1235
2022-2023,11,JOHNSON COUNTY,Kindergarten,2717
2022-2023,11,JOHNSON COUNTY,Grade 1,2708
2022-2023,11,JOHNSON COUNTY,Grade 2,2742
2022-2023,11,JOHNSON COUNTY,Grade 3,2716
2022-2023,11,JOHNSON COUNTY,Grade 4,2726
2022-2023,11,JOHNSON COUNTY,Grade 5,2772
2022-2023,11,JOHNSON COUNTY,Grade 6,2788
2022-2023,11,JOHNSON COUNTY,Grade 7,2878
2022-2023,11,JOHNSON COUNTY,Grade 8,3011
2022-2023,11,JOHNSON COUNTY,Grade 9,3341
2022-2023,11,JOHNSON COUNTY,Grade 10,3086
2022-2023,11,JOHNSON COUNTY,Grade 11,2731
2022-2023,11,JOHNSON COUNTY,Grade 12,2645
2022-2023,14,JONES COUNTY,Early Education,18
2022-2023,14,JONES COUNTY,Pre-kindergarten,189
2022-2023,14,JONES COUNTY,Kindergarten,190
2022-2023,14,JONES COUNTY,Grade 1,200
2022-2023,14,JONES COUNTY,Grade 2,180
2022-2023,14,JONES COUNTY,Grade 3,173
2022-2023,14,JONES COUNTY,Grade 4,209
2022-2023,14,JONES COUNTY,Grade 5,183
2022-2023,14,JONES COUNTY,Grade 6,167
2022-2023,14,JONES COUNTY,Grade 7,212
2022-2023,14,JONES COUNTY,Grade 8,204
2022-2023,14,JONES COUNTY,Grade 9,184
2022-2023,14,JONES COUNTY,Grade 10,207
2022-2023,14,JONES COUNTY,Grade 11,177
2022-2023,14,JONES COUNTY,Grade 12,201
2022-2023,3,KARNES COUNTY,Early Education,3
2022-2023,20,KARNES COUNTY,Early Education,14
2022-2023,3,KARNES COUNTY,Pre-kindergarten,81
2022-2023,20,KARNES COUNTY,Pre-kindergarten,76
2022-2023,3,KARNES COUNTY,Kindergarten,67
2022-2023,20,KARNES COUNTY,Kindergarten,323
2022-2023,3,KARNES COUNTY,Grade 1,72
2022-2023,20,KARNES COUNTY,Grade 1,320
2022-2023,3,KARNES COUNTY,Grade 2,66
2022-2023,20,KARNES COUNTY,Grade 2,254
2022-2023,3,KARNES COUNTY,Grade 3,69
2022-2023,20,KARNES COUNTY,Grade 3,260
2022-2023,3,KARNES COUNTY,Grade 4,47
2022-2023,20,KARNES COUNTY,Grade 4,274
2022-2023,3,KARNES COUNTY,Grade 5,57
2022-2023,20,KARNES COUNTY,Grade 5,323
2022-2023,3,KARNES COUNTY,Grade 6,63
2022-2023,20,KARNES COUNTY,Grade 6,402
2022-2023,3,KARNES COUNTY,Grade 7,58
2022-2023,20,KARNES COUNTY,Grade 7,415
2022-2023,3,KARNES COUNTY,Grade 8,71
2022-2023,20,KARNES COUNTY,Grade 8,561
2022-2023,3,KARNES COUNTY,Grade 9,72
2022-2023,20,KARNES COUNTY,Grade 9,836
2022-2023,3,KARNES COUNTY,Grade 10,87
2022-2023,20,KARNES COUNTY,Grade 10,604
2022-2023,3,KARNES COUNTY,Grade 11,63
2022-2023,20,KARNES COUNTY,Grade 11,470
2022-2023,3,KARNES COUNTY,Grade 12,61
2022-2023,20,KARNES COUNTY,Grade 12,145
2022-2023,10,KAUFMAN COUNTY,Early Education,167
2022-2023,10,KAUFMAN COUNTY,Pre-kindergarten,1379
2022-2023,10,KAUFMAN COUNTY,Kindergarten,2634
2022-2023,10,KAUFMAN COUNTY,Grade 1,2836
2022-2023,10,KAUFMAN COUNTY,Grade 2,2738
2022-2023,10,KAUFMAN COUNTY,Grade 3,2880
2022-2023,10,KAUFMAN COUNTY,Grade 4,2840
2022-2023,10,KAUFMAN COUNTY,Grade 5,2798
2022-2023,10,KAUFMAN COUNTY,Grade 6,2894
2022-2023,10,KAUFMAN COUNTY,Grade 7,2984
2022-2023,10,KAUFMAN COUNTY,Grade 8,3072
2022-2023,10,KAUFMAN COUNTY,Grade 9,3310
2022-2023,10,KAUFMAN COUNTY,Grade 10,3031
2022-2023,10,KAUFMAN COUNTY,Grade 11,2636
2022-2023,10,KAUFMAN COUNTY,Grade 12,2360
2022-2023,13,KENDALL COUNTY,Early Education,3
2022-2023,20,KENDALL COUNTY,Early Education,69
2022-2023,13,KENDALL COUNTY,Pre-kindergarten,69
2022-2023,20,KENDALL COUNTY,Pre-kindergarten,169
2022-2023,13,KENDALL COUNTY,Kindergarten,59
2022-2023,20,KENDALL COUNTY,Kindergarten,771
2022-2023,13,KENDALL COUNTY,Grade 1,69
2022-2023,20,KENDALL COUNTY,Grade 1,790
2022-2023,13,KENDALL COUNTY,Grade 2,79
2022-2023,20,KENDALL COUNTY,Grade 2,723
2022-2023,13,KENDALL COUNTY,Grade 3,67
2022-2023,20,KENDALL COUNTY,Grade 3,808
2022-2023,13,KENDALL COUNTY,Grade 4,66
2022-2023,20,KENDALL COUNTY,Grade 4,730
2022-2023,13,KENDALL COUNTY,Grade 5,85
2022-2023,20,KENDALL COUNTY,Grade 5,850
2022-2023,13,KENDALL COUNTY,Grade 6,74
2022-2023,20,KENDALL COUNTY,Grade 6,769
2022-2023,13,KENDALL COUNTY,Grade 7,86
2022-2023,20,KENDALL COUNTY,Grade 7,834
2022-2023,13,KENDALL COUNTY,Grade 8,83
2022-2023,20,KENDALL COUNTY,Grade 8,916
2022-2023,13,KENDALL COUNTY,Grade 9,100
2022-2023,20,KENDALL COUNTY,Grade 9,929
2022-2023,13,KENDALL COUNTY,Grade 10,96
2022-2023,20,KENDALL COUNTY,Grade 10,886
2022-2023,13,KENDALL COUNTY,Grade 11,87
2022-2023,20,KENDALL COUNTY,Grade 11,810
2022-2023,13,KENDALL COUNTY,Grade 12,81
2022-2023,20,KENDALL COUNTY,Grade 12,777
2022-2023,2,KENEDY COUNTY,Pre-kindergarten,20
2022-2023,2,KENEDY COUNTY,Kindergarten,10
2022-2023,2,KENEDY COUNTY,Grade 1,12
2022-2023,2,KENEDY COUNTY,Grade 2,8
2022-2023,2,KENEDY COUNTY,Grade 3,13
2022-2023,2,KENEDY COUNTY,Grade 4,10
2022-2023,2,KENEDY COUNTY,Grade 5,13
2022-2023,2,KENEDY COUNTY,Grade 6,12
2022-2023,17,KENT COUNTY,Early Education,1
2022-2023,17,KENT COUNTY,Pre-kindergarten,12
2022-2023,17,KENT COUNTY,Kindergarten,8
2022-2023,17,KENT COUNTY,Grade 1,12
2022-2023,17,KENT COUNTY,Grade 2,11
2022-2023,17,KENT COUNTY,Grade 3,14
2022-2023,17,KENT COUNTY,Grade 4,16
2022-2023,17,KENT COUNTY,Grade 5,11
2022-2023,17,KENT COUNTY,Grade 6,16
2022-2023,17,KENT COUNTY,Grade 7,11
2022-2023,17,KENT COUNTY,Grade 8,11
2022-2023,17,KENT COUNTY,Grade 9,17
2022-2023,17,KENT COUNTY,Grade 10,13
2022-2023,17,KENT COUNTY,Grade 11,9
2022-2023,17,KENT COUNTY,Grade 12,13
2022-2023,20,KERR COUNTY,Early Education,14
2022-2023,20,KERR COUNTY,Pre-kindergarten,300
2022-2023,20,KERR COUNTY,Kindergarten,515
2022-2023,20,KERR COUNTY,Grade 1,519
2022-2023,20,KERR COUNTY,Grade 2,531
2022-2023,20,KERR COUNTY,Grade 3,502
2022-2023,20,KERR COUNTY,Grade 4,470
2022-2023,20,KERR COUNTY,Grade 5,454
2022-2023,20,KERR COUNTY,Grade 6,487
2022-2023,20,KERR COUNTY,Grade 7,530
2022-2023,20,KERR COUNTY,Grade 8,507
2022-2023,20,KERR COUNTY,Grade 9,624
2022-2023,20,KERR COUNTY,Grade 10,528
2022-2023,20,KERR COUNTY,Grade 11,484
2022-2023,20,KERR COUNTY,Grade 12,441
2022-2023,15,KIMBLE COUNTY,Pre-kindergarten,36
2022-2023,15,KIMBLE COUNTY,Kindergarten,48
2022-2023,15,KIMBLE COUNTY,Grade 1,39
2022-2023,15,KIMBLE COUNTY,Grade 2,48
2022-2023,15,KIMBLE COUNTY,Grade 3,52
2022-2023,15,KIMBLE COUNTY,Grade 4,39
2022-2023,15,KIMBLE COUNTY,Grade 5,41
2022-2023,15,KIMBLE COUNTY,Grade 6,36
2022-2023,15,KIMBLE COUNTY,Grade 7,39
2022-2023,15,KIMBLE COUNTY,Grade 8,51
2022-2023,15,KIMBLE COUNTY,Grade 9,57
2022-2023,15,KIMBLE COUNTY,Grade 10,54
2022-2023,15,KIMBLE COUNTY,Grade 11,31
2022-2023,15,KIMBLE COUNTY,Grade 12,48
2022-2023,17,KING COUNTY,Pre-kindergarten,6
2022-2023,17,KING COUNTY,Kindergarten,4
2022-2023,17,KING COUNTY,Grade 1,11
2022-2023,17,KING COUNTY,Grade 2,10
2022-2023,17,KING COUNTY,Grade 3,8
2022-2023,17,KING COUNTY,Grade 4,6
2022-2023,17,KING COUNTY,Grade 5,11
2022-2023,17,KING COUNTY,Grade 6,15
2022-2023,17,KING COUNTY,Grade 7,6
2022-2023,17,KING COUNTY,Grade 8,7
2022-2023,17,KING COUNTY,Grade 9,12
2022-2023,17,KING COUNTY,Grade 10,7
2022-2023,17,KING COUNTY,Grade 11,10
2022-2023,17,KING COUNTY,Grade 12,6
2022-2023,20,KINNEY COUNTY,Early Education,5
2022-2023,20,KINNEY COUNTY,Pre-kindergarten,33
2022-2023,20,KINNEY COUNTY,Kindergarten,35
2022-2023,20,KINNEY COUNTY,Grade 1,37
2022-2023,20,KINNEY COUNTY,Grade 2,43
2022-2023,20,KINNEY COUNTY,Grade 3,39
2022-2023,20,KINNEY COUNTY,Grade 4,34
2022-2023,20,KINNEY COUNTY,Grade 5,40
2022-2023,20,KINNEY COUNTY,Grade 6,36
2022-2023,20,KINNEY COUNTY,Grade 7,42
2022-2023,20,KINNEY COUNTY,Grade 8,44
2022-2023,20,KINNEY COUNTY,Grade 9,44
2022-2023,20,KINNEY COUNTY,Grade 10,40
2022-2023,20,KINNEY COUNTY,Grade 11,40
2022-2023,20,KINNEY COUNTY,Grade 12,40
2022-2023,2,KLEBERG COUNTY,Early Education,16
2022-2023,2,KLEBERG COUNTY,Pre-kindergarten,233
2022-2023,2,KLEBERG COUNTY,Kindergarten,303
2022-2023,2,KLEBERG COUNTY,Grade 1,299
2022-2023,2,KLEBERG COUNTY,Grade 2,328
2022-2023,2,KLEBERG COUNTY,Grade 3,352
2022-2023,2,KLEBERG COUNTY,Grade 4,330
2022-2023,2,KLEBERG COUNTY,Grade 5,331
2022-2023,2,KLEBERG COUNTY,Grade 6,271
2022-2023,2,KLEBERG COUNTY,Grade 7,339
2022-2023,2,KLEBERG COUNTY,Grade 8,377
2022-2023,2,KLEBERG COUNTY,Grade 9,450
2022-2023,2,KLEBERG COUNTY,Grade 10,385
2022-2023,2,KLEBERG COUNTY,Grade 11,336
2022-2023,2,KLEBERG COUNTY,Grade 12,300
2022-2023,9,KNOX COUNTY,Early Education,18
2022-2023,9,KNOX COUNTY,Pre-kindergarten,58
2022-2023,9,KNOX COUNTY,Kindergarten,48
2022-2023,9,KNOX COUNTY,Grade 1,48
2022-2023,9,KNOX COUNTY,Grade 2,56
2022-2023,9,KNOX COUNTY,Grade 3,44
2022-2023,9,KNOX COUNTY,Grade 4,47
2022-2023,9,KNOX COUNTY,Grade 5,52
2022-2023,9,KNOX COUNTY,Grade 6,54
2022-2023,9,KNOX COUNTY,Grade 7,61
2022-2023,9,KNOX COUNTY,Grade 8,55
2022-2023,9,KNOX COUNTY,Grade 9,58
2022-2023,9,KNOX COUNTY,Grade 10,60
2022-2023,9,KNOX COUNTY,Grade 11,42
2022-2023,9,KNOX COUNTY,Grade 12,47
2022-2023,20,LA SALLE COUNTY,Early Education,3
2022-2023,20,LA SALLE COUNTY,Pre-kindergarten,66
2022-2023,20,LA SALLE COUNTY,Kindergarten,59
2022-2023,20,LA SALLE COUNTY,Grade 1,88
2022-2023,20,LA SALLE COUNTY,Grade 2,76
2022-2023,20,LA SALLE COUNTY,Grade 3,85
2022-2023,20,LA SALLE COUNTY,Grade 4,88
2022-2023,20,LA SALLE COUNTY,Grade 5,87
2022-2023,20,LA SALLE COUNTY,Grade 6,82
2022-2023,20,LA SALLE COUNTY,Grade 7,95
2022-2023,20,LA SALLE COUNTY,Grade 8,96
2022-2023,20,LA SALLE COUNTY,Grade 9,89
2022-2023,20,LA SALLE COUNTY,Grade 10,88
2022-2023,20,LA SALLE COUNTY,Grade 11,86
2022-2023,20,LA SALLE COUNTY,Grade 12,82
2022-2023,8,LAMAR COUNTY,Early Education,22
2022-2023,8,LAMAR COUNTY,Pre-kindergarten,525
2022-2023,8,LAMAR COUNTY,Kindergarten,650
2022-2023,8,LAMAR COUNTY,Grade 1,634
2022-2023,8,LAMAR COUNTY,Grade 2,670
2022-2023,8,LAMAR COUNTY,Grade 3,669
2022-2023,8,LAMAR COUNTY,Grade 4,619
2022-2023,8,LAMAR COUNTY,Grade 5,647
2022-2023,8,LAMAR COUNTY,Grade 6,613
2022-2023,8,LAMAR COUNTY,Grade 7,619
2022-2023,8,LAMAR COUNTY,Grade 8,598
2022-2023,8,LAMAR COUNTY,Grade 9,695
2022-2023,8,LAMAR COUNTY,Grade 10,590
2022-2023,8,LAMAR COUNTY,Grade 11,519
2022-2023,8,LAMAR COUNTY,Grade 12,514
2022-2023,17,LAMB COUNTY,Early Education,9
2022-2023,17,LAMB COUNTY,Pre-kindergarten,130
2022-2023,17,LAMB COUNTY,Kindergarten,161
2022-2023,17,LAMB COUNTY,Grade 1,201
2022-2023,17,LAMB COUNTY,Grade 2,191
2022-2023,17,LAMB COUNTY,Grade 3,162
2022-2023,17,LAMB COUNTY,Grade 4,201
2022-2023,17,LAMB COUNTY,Grade 5,211
2022-2023,17,LAMB COUNTY,Grade 6,180
2022-2023,17,LAMB COUNTY,Grade 7,224
2022-2023,17,LAMB COUNTY,Grade 8,218
2022-2023,17,LAMB COUNTY,Grade 9,224
2022-2023,17,LAMB COUNTY,Grade 10,209
2022-2023,17,LAMB COUNTY,Grade 11,207
2022-2023,17,LAMB COUNTY,Grade 12,176
2022-2023,12,LAMPASAS COUNTY,Early Education,23
2022-2023,12,LAMPASAS COUNTY,Pre-kindergarten,138
2022-2023,12,LAMPASAS COUNTY,Kindergarten,254
2022-2023,12,LAMPASAS COUNTY,Grade 1,287
2022-2023,12,LAMPASAS COUNTY,Grade 2,270
2022-2023,12,LAMPASAS COUNTY,Grade 3,293
2022-2023,12,LAMPASAS COUNTY,Grade 4,271
2022-2023,12,LAMPASAS COUNTY,Grade 5,276
2022-2023,12,LAMPASAS COUNTY,Grade 6,288
2022-2023,12,LAMPASAS COUNTY,Grade 7,282
2022-2023,12,LAMPASAS COUNTY,Grade 8,287
2022-2023,12,LAMPASAS COUNTY,Grade 9,356
2022-2023,12,LAMPASAS COUNTY,Grade 10,290
2022-2023,12,LAMPASAS COUNTY,Grade 11,275
2022-2023,12,LAMPASAS COUNTY,Grade 12,253
2022-2023,3,LAVACA COUNTY,Early Education,18
2022-2023,3,LAVACA COUNTY,Pre-kindergarten,139
2022-2023,3,LAVACA COUNTY,Kindergarten,175
2022-2023,3,LAVACA COUNTY,Grade 1,187
2022-2023,3,LAVACA COUNTY,Grade 2,197
2022-2023,3,LAVACA COUNTY,Grade 3,191
2022-2023,3,LAVACA COUNTY,Grade 4,187
2022-2023,3,LAVACA COUNTY,Grade 5,183
2022-2023,3,LAVACA COUNTY,Grade 6,162
2022-2023,3,LAVACA COUNTY,Grade 7,193
2022-2023,3,LAVACA COUNTY,Grade 8,187
2022-2023,3,LAVACA COUNTY,Grade 9,216
2022-2023,3,LAVACA COUNTY,Grade 10,195
2022-2023,3,LAVACA COUNTY,Grade 11,181
2022-2023,3,LAVACA COUNTY,Grade 12,159
2022-2023,13,LEE COUNTY,Early Education,17
2022-2023,13,LEE COUNTY,Pre-kindergarten,98
2022-2023,13,LEE COUNTY,Kindergarten,197
2022-2023,13,LEE COUNTY,Grade 1,236
2022-2023,13,LEE COUNTY,Grade 2,212
2022-2023,13,LEE COUNTY,Grade 3,218
2022-2023,13,LEE COUNTY,Grade 4,229
2022-2023,13,LEE COUNTY,Grade 5,202
2022-2023,13,LEE COUNTY,Grade 6,211
2022-2023,13,LEE COUNTY,Grade 7,262
2022-2023,13,LEE COUNTY,Grade 8,263
2022-2023,13,LEE COUNTY,Grade 9,289
2022-2023,13,LEE COUNTY,Grade 10,292
2022-2023,13,LEE COUNTY,Grade 11,236
2022-2023,13,LEE COUNTY,Grade 12,222
2022-2023,6,LEON COUNTY,Early Education,12
2022-2023,6,LEON COUNTY,Pre-kindergarten,196
2022-2023,6,LEON COUNTY,Kindergarten,225
2022-2023,6,LEON COUNTY,Grade 1,248
2022-2023,6,LEON COUNTY,Grade 2,240
2022-2023,6,LEON COUNTY,Grade 3,224
2022-2023,6,LEON COUNTY,Grade 4,226
2022-2023,6,LEON COUNTY,Grade 5,260
2022-2023,6,LEON COUNTY,Grade 6,221
2022-2023,6,LEON COUNTY,Grade 7,279
2022-2023,6,LEON COUNTY,Grade 8,243
2022-2023,6,LEON COUNTY,Grade 9,268
2022-2023,6,LEON COUNTY,Grade 10,239
2022-2023,6,LEON COUNTY,Grade 11,252
2022-2023,6,LEON COUNTY,Grade 12,243
2022-2023,4,LIBERTY COUNTY,Early Education,77
2022-2023,5,LIBERTY COUNTY,Early Education,20
2022-2023,4,LIBERTY COUNTY,Pre-kindergarten,963
2022-2023,5,LIBERTY COUNTY,Pre-kindergarten,187
2022-2023,4,LIBERTY COUNTY,Kindergarten,1279
2022-2023,5,LIBERTY COUNTY,Kindergarten,264
2022-2023,4,LIBERTY COUNTY,Grade 1,1424
2022-2023,5,LIBERTY COUNTY,Grade 1,297
2022-2023,4,LIBERTY COUNTY,Grade 2,1425
2022-2023,5,LIBERTY COUNTY,Grade 2,282
2022-2023,4,LIBERTY COUNTY,Grade 3,1469
2022-2023,5,LIBERTY COUNTY,Grade 3,311
2022-2023,4,LIBERTY COUNTY,Grade 4,1406
2022-2023,5,LIBERTY COUNTY,Grade 4,333
2022-2023,4,LIBERTY COUNTY,Grade 5,1332
2022-2023,5,LIBERTY COUNTY,Grade 5,281
2022-2023,4,LIBERTY COUNTY,Grade 6,1442
2022-2023,5,LIBERTY COUNTY,Grade 6,302
2022-2023,4,LIBERTY COUNTY,Grade 7,1488
2022-2023,5,LIBERTY COUNTY,Grade 7,317
2022-2023,4,LIBERTY COUNTY,Grade 8,1563
2022-2023,5,LIBERTY COUNTY,Grade 8,346
2022-2023,4,LIBERTY COUNTY,Grade 9,1824
2022-2023,5,LIBERTY COUNTY,Grade 9,351
2022-2023,4,LIBERTY COUNTY,Grade 10,1593
2022-2023,5,LIBERTY COUNTY,Grade 10,317
2022-2023,4,LIBERTY COUNTY,Grade 11,1157
2022-2023,5,LIBERTY COUNTY,Grade 11,274
2022-2023,4,LIBERTY COUNTY,Grade 12,998
2022-2023,5,LIBERTY COUNTY,Grade 12,264
2022-2023,12,LIMESTONE COUNTY,Early Education,21
2022-2023,12,LIMESTONE COUNTY,Pre-kindergarten,165
2022-2023,12,LIMESTONE COUNTY,Kindergarten,282
2022-2023,12,LIMESTONE COUNTY,Grade 1,292
2022-2023,12,LIMESTONE COUNTY,Grade 2,235
2022-2023,12,LIMESTONE COUNTY,Grade 3,287
2022-2023,12,LIMESTONE COUNTY,Grade 4,261
2022-2023,12,LIMESTONE COUNTY,Grade 5,254
2022-2023,12,LIMESTONE COUNTY,Grade 6,258
2022-2023,12,LIMESTONE COUNTY,Grade 7,286
2022-2023,12,LIMESTONE COUNTY,Grade 8,295
2022-2023,12,LIMESTONE COUNTY,Grade 9,298
2022-2023,12,LIMESTONE COUNTY,Grade 10,252
2022-2023,12,LIMESTONE COUNTY,Grade 11,283
2022-2023,12,LIMESTONE COUNTY,Grade 12,263
2022-2023,16,LIPSCOMB COUNTY,Early Education,3
2022-2023,16,LIPSCOMB COUNTY,Pre-kindergarten,39
2022-2023,16,LIPSCOMB COUNTY,Kindergarten,40
2022-2023,16,LIPSCOMB COUNTY,Grade 1,40
2022-2023,16,LIPSCOMB COUNTY,Grade 2,48
2022-2023,16,LIPSCOMB COUNTY,Grade 3,51
2022-2023,16,LIPSCOMB COUNTY,Grade 4,38
2022-2023,16,LIPSCOMB COUNTY,Grade 5,32
2022-2023,16,LIPSCOMB COUNTY,Grade 6,45
2022-2023,16,LIPSCOMB COUNTY,Grade 7,58
2022-2023,16,LIPSCOMB COUNTY,Grade 8,52
2022-2023,16,LIPSCOMB COUNTY,Grade 9,44
2022-2023,16,LIPSCOMB COUNTY,Grade 10,52
2022-2023,16,LIPSCOMB COUNTY,Grade 11,37
2022-2023,16,LIPSCOMB COUNTY,Grade 12,60
2022-2023,2,LIVE OAK COUNTY,Early Education,8
2022-2023,2,LIVE OAK COUNTY,Pre-kindergarten,85
2022-2023,2,LIVE OAK COUNTY,Kindergarten,136
2022-2023,2,LIVE OAK COUNTY,Grade 1,139
2022-2023,2,LIVE OAK COUNTY,Grade 2,123
2022-2023,2,LIVE OAK COUNTY,Grade 3,109
2022-2023,2,LIVE OAK COUNTY,Grade 4,120
2022-2023,2,LIVE OAK COUNTY,Grade 5,116
2022-2023,2,LIVE OAK COUNTY,Grade 6,127
2022-2023,2,LIVE OAK COUNTY,Grade 7,121
2022-2023,2,LIVE OAK COUNTY,Grade 8,129
2022-2023,2,LIVE OAK COUNTY,Grade 9,129
2022-2023,2,LIVE OAK COUNTY,Grade 10,106
2022-2023,2,LIVE OAK COUNTY,Grade 11,112
2022-2023,2,LIVE OAK COUNTY,Grade 12,108
2022-2023,13,LLANO COUNTY,Early Education,11
2022-2023,13,LLANO COUNTY,Pre-kindergarten,98
2022-2023,13,LLANO COUNTY,Kindergarten,136
2022-2023,13,LLANO COUNTY,Grade 1,152
2022-2023,13,LLANO COUNTY,Grade 2,158
2022-2023,13,LLANO COUNTY,Grade 3,145
2022-2023,13,LLANO COUNTY,Grade 4,129
2022-2023,13,LLANO COUNTY,Grade 5,133
2022-2023,13,LLANO COUNTY,Grade 6,141
2022-2023,13,LLANO COUNTY,Grade 7,136
2022-2023,13,LLANO COUNTY,Grade 8,146
2022-2023,13,LLANO COUNTY,Grade 9,161
2022-2023,13,LLANO COUNTY,Grade 10,133
2022-2023,13,LLANO COUNTY,Grade 11,133
2022-2023,13,LLANO COUNTY,Grade 12,125
2022-2023,17,LUBBOCK COUNTY,Early Education,274
2022-2023,17,LUBBOCK COUNTY,Pre-kindergarten,2274
2022-2023,17,LUBBOCK COUNTY,Kindergarten,3680
2022-2023,17,LUBBOCK COUNTY,Grade 1,3975
2022-2023,17,LUBBOCK COUNTY,Grade 2,3811
2022-2023,17,LUBBOCK COUNTY,Grade 3,3726
2022-2023,17,LUBBOCK COUNTY,Grade 4,3664
2022-2023,17,LUBBOCK COUNTY,Grade 5,3570
2022-2023,17,LUBBOCK COUNTY,Grade 6,3653
2022-2023,17,LUBBOCK COUNTY,Grade 7,3856
2022-2023,17,LUBBOCK COUNTY,Grade 8,4008
2022-2023,17,LUBBOCK COUNTY,Grade 9,4186
2022-2023,17,LUBBOCK COUNTY,Grade 10,4051
2022-2023,17,LUBBOCK COUNTY,Grade 11,3380
2022-2023,17,LUBBOCK COUNTY,Grade 12,3437
2022-2023,17,LYNN COUNTY,Early Education,3
2022-2023,17,LYNN COUNTY,Pre-kindergarten,88
2022-2023,17,LYNN COUNTY,Kindergarten,99
2022-2023,17,LYNN COUNTY,Grade 1,134
2022-2023,17,LYNN COUNTY,Grade 2,116
2022-2023,17,LYNN COUNTY,Grade 3,131
2022-2023,17,LYNN COUNTY,Grade 4,111
2022-2023,17,LYNN COUNTY,Grade 5,124
2022-2023,17,LYNN COUNTY,Grade 6,108
2022-2023,17,LYNN COUNTY,Grade 7,115
2022-2023,17,LYNN COUNTY,Grade 8,126
2022-2023,17,LYNN COUNTY,Grade 9,127
2022-2023,17,LYNN COUNTY,Grade 10,149
2022-2023,17,LYNN COUNTY,Grade 11,104
2022-2023,17,LYNN COUNTY,Grade 12,99
2022-2023,6,MADISON COUNTY,Early Education,7
2022-2023,6,MADISON COUNTY,Pre-kindergarten,204
2022-2023,6,MADISON COUNTY,Kindergarten,197
2022-2023,6,MADISON COUNTY,Grade 1,200
2022-2023,6,MADISON COUNTY,Grade 2,215
2022-2023,6,MADISON COUNTY,Grade 3,168
2022-2023,6,MADISON COUNTY,Grade 4,212
2022-2023,6,MADISON COUNTY,Grade 5,186
2022-2023,6,MADISON COUNTY,Grade 6,185
2022-2023,6,MADISON COUNTY,Grade 7,207
2022-2023,6,MADISON COUNTY,Grade 8,221
2022-2023,6,MADISON COUNTY,Grade 9,222
2022-2023,6,MADISON COUNTY,Grade 10,191
2022-2023,6,MADISON COUNTY,Grade 11,185
2022-2023,6,MADISON COUNTY,Grade 12,183
2022-2023,8,MARION COUNTY,Pre-kindergarten,67
2022-2023,8,MARION COUNTY,Kindergarten,77
2022-2023,8,MARION COUNTY,Grade 1,64
2022-2023,8,MARION COUNTY,Grade 2,71
2022-2023,8,MARION COUNTY,Grade 3,61
2022-2023,8,MARION COUNTY,Grade 4,79
2022-2023,8,MARION COUNTY,Grade 5,78
2022-2023,8,MARION COUNTY,Grade 6,65
2022-2023,8,MARION COUNTY,Grade 7,93
2022-2023,8,MARION COUNTY,Grade 8,97
2022-2023,8,MARION COUNTY,Grade 9,111
2022-2023,8,MARION COUNTY,Grade 10,108
2022-2023,8,MARION COUNTY,Grade 11,73
2022-2023,8,MARION COUNTY,Grade 12,88
2022-2023,18,MARTIN COUNTY,Early Education,6
2022-2023,18,MARTIN COUNTY,Pre-kindergarten,52
2022-2023,18,MARTIN COUNTY,Kindergarten,92
2022-2023,18,MARTIN COUNTY,Grade 1,112
2022-2023,18,MARTIN COUNTY,Grade 2,88
2022-2023,18,MARTIN COUNTY,Grade 3,89
2022-2023,18,MARTIN COUNTY,Grade 4,107
2022-2023,18,MARTIN COUNTY,Grade 5,96
2022-2023,18,MARTIN COUNTY,Grade 6,101
2022-2023,18,MARTIN COUNTY,Grade 7,101
2022-2023,18,MARTIN COUNTY,Grade 8,113
2022-2023,18,MARTIN COUNTY,Grade 9,99
2022-2023,18,MARTIN COUNTY,Grade 10,112
2022-2023,18,MARTIN COUNTY,Grade 11,84
2022-2023,18,MARTIN COUNTY,Grade 12,87
2022-2023,15,MASON COUNTY,Early Education,3
2022-2023,15,MASON COUNTY,Pre-kindergarten,38
2022-2023,15,MASON COUNTY,Kindergarten,50
2022-2023,15,MASON COUNTY,Grade 1,54
2022-2023,15,MASON COUNTY,Grade 2,53
2022-2023,15,MASON COUNTY,Grade 3,51
2022-2023,15,MASON COUNTY,Grade 4,42
2022-2023,15,MASON COUNTY,Grade 5,62
2022-2023,15,MASON COUNTY,Grade 6,46
2022-2023,15,MASON COUNTY,Grade 7,42
2022-2023,15,MASON COUNTY,Grade 8,54
2022-2023,15,MASON COUNTY,Grade 9,58
2022-2023,15,MASON COUNTY,Grade 10,48
2022-2023,15,MASON COUNTY,Grade 11,52
2022-2023,15,MASON COUNTY,Grade 12,56
2022-2023,3,MATAGORDA COUNTY,Early Education,46
2022-2023,3,MATAGORDA COUNTY,Pre-kindergarten,351
2022-2023,3,MATAGORDA COUNTY,Kindergarten,502
2022-2023,3,MATAGORDA COUNTY,Grade 1,509
2022-2023,3,MATAGORDA COUNTY,Grade 2,494
2022-2023,3,MATAGORDA COUNTY,Grade 3,536
2022-2023,3,MATAGORDA COUNTY,Grade 4,493
2022-2023,3,MATAGORDA COUNTY,Grade 5,523
2022-2023,3,MATAGORDA COUNTY,Grade 6,508
2022-2023,3,MATAGORDA COUNTY,Grade 7,522
2022-2023,3,MATAGORDA COUNTY,Grade 8,550
2022-2023,3,MATAGORDA COUNTY,Grade 9,601
2022-2023,3,MATAGORDA COUNTY,Grade 10,517
2022-2023,3,MATAGORDA COUNTY,Grade 11,459
2022-2023,3,MATAGORDA COUNTY,Grade 12,473
2022-2023,20,MAVERICK COUNTY,Early Education,60
2022-2023,20,MAVERICK COUNTY,Pre-kindergarten,537
2022-2023,20,MAVERICK COUNTY,Kindergarten,1011
2022-2023,20,MAVERICK COUNTY,Grade 1,1117
2022-2023,20,MAVERICK COUNTY,Grade 2,964
2022-2023,20,MAVERICK COUNTY,Grade 3,924
2022-2023,20,MAVERICK COUNTY,Grade 4,1012
2022-2023,20,MAVERICK COUNTY,Grade 5,969
2022-2023,20,MAVERICK COUNTY,Grade 6,921
2022-2023,20,MAVERICK COUNTY,Grade 7,1021
2022-2023,20,MAVERICK COUNTY,Grade 8,1019
2022-2023,20,MAVERICK COUNTY,Grade 9,1230
2022-2023,20,MAVERICK COUNTY,Grade 10,1208
2022-2023,20,MAVERICK COUNTY,Grade 11,955
2022-2023,20,MAVERICK COUNTY,Grade 12,987
2022-2023,15,MCCULLOCH COUNTY,Early Education,7
2022-2023,15,MCCULLOCH COUNTY,Pre-kindergarten,87
2022-2023,15,MCCULLOCH COUNTY,Kindergarten,95
2022-2023,15,MCCULLOCH COUNTY,Grade 1,87
2022-2023,15,MCCULLOCH COUNTY,Grade 2,88
2022-2023,15,MCCULLOCH COUNTY,Grade 3,70
2022-2023,15,MCCULLOCH COUNTY,Grade 4,91
2022-2023,15,MCCULLOCH COUNTY,Grade 5,109
2022-2023,15,MCCULLOCH COUNTY,Grade 6,85
2022-2023,15,MCCULLOCH COUNTY,Grade 7,91
2022-2023,15,MCCULLOCH COUNTY,Grade 8,94
2022-2023,15,MCCULLOCH COUNTY,Grade 9,116
2022-2023,15,MCCULLOCH COUNTY,Grade 10,103
2022-2023,15,MCCULLOCH COUNTY,Grade 11,88
2022-2023,15,MCCULLOCH COUNTY,Grade 12,87
2022-2023,12,MCLENNAN COUNTY,Early Education,155
2022-2023,12,MCLENNAN COUNTY,Pre-kindergarten,2347
2022-2023,12,MCLENNAN COUNTY,Kindergarten,3674
2022-2023,12,MCLENNAN COUNTY,Grade 1,3991
2022-2023,12,MCLENNAN COUNTY,Grade 2,4136
2022-2023,12,MCLENNAN COUNTY,Grade 3,4060
2022-2023,12,MCLENNAN COUNTY,Grade 4,4015
2022-2023,12,MCLENNAN COUNTY,Grade 5,4015
2022-2023,12,MCLENNAN COUNTY,Grade 6,4145
2022-2023,12,MCLENNAN COUNTY,Grade 7,4204
2022-2023,12,MCLENNAN COUNTY,Grade 8,4255
2022-2023,12,MCLENNAN COUNTY,Grade 9,4438
2022-2023,12,MCLENNAN COUNTY,Grade 10,4006
2022-2023,12,MCLENNAN COUNTY,Grade 11,3592
2022-2023,12,MCLENNAN COUNTY,Grade 12,3260
2022-2023,2,MCMULLEN COUNTY,Pre-kindergarten,17
2022-2023,2,MCMULLEN COUNTY,Kindergarten,17
2022-2023,2,MCMULLEN COUNTY,Grade 1,20
2022-2023,2,MCMULLEN COUNTY,Grade 2,18
2022-2023,2,MCMULLEN COUNTY,Grade 3,21
2022-2023,2,MCMULLEN COUNTY,Grade 4,18
2022-2023,2,MCMULLEN COUNTY,Grade 5,20
2022-2023,2,MCMULLEN COUNTY,Grade 6,20
2022-2023,2,MCMULLEN COUNTY,Grade 7,19
2022-2023,2,MCMULLEN COUNTY,Grade 8,19
2022-2023,2,MCMULLEN COUNTY,Grade 9,24
2022-2023,2,MCMULLEN COUNTY,Grade 10,23
2022-2023,2,MCMULLEN COUNTY,Grade 11,17
2022-2023,2,MCMULLEN COUNTY,Grade 12,29
2022-2023,20,MEDINA COUNTY,Early Education,111
2022-2023,20,MEDINA COUNTY,Pre-kindergarten,507
2022-2023,20,MEDINA COUNTY,Kindergarten,935
2022-2023,20,MEDINA COUNTY,Grade 1,969
2022-2023,20,MEDINA COUNTY,Grade 2,938
2022-2023,20,MEDINA COUNTY,Grade 3,1017
2022-2023,20,MEDINA COUNTY,Grade 4,900
2022-2023,20,MEDINA COUNTY,Grade 5,970
2022-2023,20,MEDINA COUNTY,Grade 6,1017
2022-2023,20,MEDINA COUNTY,Grade 7,951
2022-2023,20,MEDINA COUNTY,Grade 8,1040
2022-2023,20,MEDINA COUNTY,Grade 9,1019
2022-2023,20,MEDINA COUNTY,Grade 10,930
2022-2023,20,MEDINA COUNTY,Grade 11,931
2022-2023,20,MEDINA COUNTY,Grade 12,821
2022-2023,15,MENARD COUNTY,Early Education,2
2022-2023,15,MENARD COUNTY,Pre-kindergarten,17
2022-2023,15,MENARD COUNTY,Kindergarten,17
2022-2023,15,MENARD COUNTY,Grade 1,22
2022-2023,15,MENARD COUNTY,Grade 2,16
2022-2023,15,MENARD COUNTY,Grade 3,16
2022-2023,15,MENARD COUNTY,Grade 4,18
2022-2023,15,MENARD COUNTY,Grade 5,28
2022-2023,15,MENARD COUNTY,Grade 6,14
2022-2023,15,MENARD COUNTY,Grade 7,21
2022-2023,15,MENARD COUNTY,Grade 8,24
2022-2023,15,MENARD COUNTY,Grade 9,30
2022-2023,15,MENARD COUNTY,Grade 10,18
2022-2023,15,MENARD COUNTY,Grade 11,27
2022-2023,15,MENARD COUNTY,Grade 12,18
2022-2023,18,MIDLAND COUNTY,Early Education,125
2022-2023,18,MIDLAND COUNTY,Pre-kindergarten,1040
2022-2023,18,MIDLAND COUNTY,Kindergarten,2454
2022-2023,18,MIDLAND COUNTY,Grade 1,2638
2022-2023,18,MIDLAND COUNTY,Grade 2,2530
2022-2023,18,MIDLAND COUNTY,Grade 3,2513
2022-2023,18,MIDLAND COUNTY,Grade 4,2440
2022-2023,18,MIDLAND COUNTY,Grade 5,2342
2022-2023,18,MIDLAND COUNTY,Grade 6,2364
2022-2023,18,MIDLAND COUNTY,Grade 7,2335
2022-2023,18,MIDLAND COUNTY,Grade 8,2328
2022-2023,18,MIDLAND COUNTY,Grade 9,2527
2022-2023,18,MIDLAND COUNTY,Grade 10,2277
2022-2023,18,MIDLAND COUNTY,Grade 11,1840
2022-2023,18,MIDLAND COUNTY,Grade 12,1614
2022-2023,6,MILAM COUNTY,Early Education,4
2022-2023,13,MILAM COUNTY,Early Education,2
2022-2023,6,MILAM COUNTY,Pre-kindergarten,217
2022-2023,12,MILAM COUNTY,Pre-kindergarten,3
2022-2023,13,MILAM COUNTY,Pre-kindergarten,19
2022-2023,6,MILAM COUNTY,Kindergarten,221
2022-2023,12,MILAM COUNTY,Kindergarten,4
2022-2023,13,MILAM COUNTY,Kindergarten,31
2022-2023,6,MILAM COUNTY,Grade 1,276
2022-2023,12,MILAM COUNTY,Grade 1,9
2022-2023,13,MILAM COUNTY,Grade 1,32
2022-2023,6,MILAM COUNTY,Grade 2,284
2022-2023,12,MILAM COUNTY,Grade 2,13
2022-2023,13,MILAM COUNTY,Grade 2,41
2022-2023,6,MILAM COUNTY,Grade 3,232
2022-2023,12,MILAM COUNTY,Grade 3,5
2022-2023,13,MILAM COUNTY,Grade 3,40
2022-2023,6,MILAM COUNTY,Grade 4,222
2022-2023,12,MILAM COUNTY,Grade 4,10
2022-2023,13,MILAM COUNTY,Grade 4,48
2022-2023,6,MILAM COUNTY,Grade 5,265
2022-2023,12,MILAM COUNTY,Grade 5,8
2022-2023,13,MILAM COUNTY,Grade 5,42
2022-2023,6,MILAM COUNTY,Grade 6,246
2022-2023,12,MILAM COUNTY,Grade 6,8
2022-2023,13,MILAM COUNTY,Grade 6,43
2022-2023,6,MILAM COUNTY,Grade 7,264
2022-2023,12,MILAM COUNTY,Grade 7,9
2022-2023,13,MILAM COUNTY,Grade 7,54
2022-2023,6,MILAM COUNTY,Grade 8,279
2022-2023,12,MILAM COUNTY,Grade 8,7
2022-2023,13,MILAM COUNTY,Grade 8,66
2022-2023,6,MILAM COUNTY,Grade 9,327
2022-2023,12,MILAM COUNTY,Grade 9,11
2022-2023,13,MILAM COUNTY,Grade 9,44
2022-2023,6,MILAM COUNTY,Grade 10,294
2022-2023,12,MILAM COUNTY,Grade 10,8
2022-2023,13,MILAM COUNTY,Grade 10,51
2022-2023,6,MILAM COUNTY,Grade 11,225
2022-2023,12,MILAM COUNTY,Grade 11,9
2022-2023,13,MILAM COUNTY,Grade 11,47
2022-2023,6,MILAM COUNTY,Grade 12,243
2022-2023,12,MILAM COUNTY,Grade 12,6
2022-2023,13,MILAM COUNTY,Grade 12,57
2022-2023,12,MILLS COUNTY,Early Education,2
2022-2023,12,MILLS COUNTY,Pre-kindergarten,32
2022-2023,12,MILLS COUNTY,Kindergarten,58
2022-2023,12,MILLS COUNTY,Grade 1,55
2022-2023,12,MILLS COUNTY,Grade 2,45
2022-2023,12,MILLS COUNTY,Grade 3,53
2022-2023,12,MILLS COUNTY,Grade 4,44
2022-2023,12,MILLS COUNTY,Grade 5,56
2022-2023,12,MILLS COUNTY,Grade 6,54
2022-2023,12,MILLS COUNTY,Grade 7,57
2022-2023,12,MILLS COUNTY,Grade 8,62
2022-2023,12,MILLS COUNTY,Grade 9,87
2022-2023,12,MILLS COUNTY,Grade 10,102
2022-2023,12,MILLS COUNTY,Grade 11,77
2022-2023,12,MILLS COUNTY,Grade 12,67
2022-2023,14,MITCHELL COUNTY,Early Education,24
2022-2023,14,MITCHELL COUNTY,Pre-kindergarten,116
2022-2023,14,MITCHELL COUNTY,Kindergarten,107
2022-2023,14,MITCHELL COUNTY,Grade 1,103
2022-2023,14,MITCHELL COUNTY,Grade 2,100
2022-2023,14,MITCHELL COUNTY,Grade 3,95
2022-2023,14,MITCHELL COUNTY,Grade 4,81
2022-2023,14,MITCHELL COUNTY,Grade 5,83
2022-2023,14,MITCHELL COUNTY,Grade 6,77
2022-2023,14,MITCHELL COUNTY,Grade 7,86
2022-2023,14,MITCHELL COUNTY,Grade 8,103
2022-2023,14,MITCHELL COUNTY,Grade 9,115
2022-2023,14,MITCHELL COUNTY,Grade 10,96
2022-2023,14,MITCHELL COUNTY,Grade 11,86
2022-2023,14,MITCHELL COUNTY,Grade 12,72
2022-2023,9,MONTAGUE COUNTY,Early Education,19
2022-2023,9,MONTAGUE COUNTY,Pre-kindergarten,197
2022-2023,9,MONTAGUE COUNTY,Kindergarten,212
2022-2023,9,MONTAGUE COUNTY,Grade 1,244
2022-2023,9,MONTAGUE COUNTY,Grade 2,258
2022-2023,9,MONTAGUE COUNTY,Grade 3,235
2022-2023,9,MONTAGUE COUNTY,Grade 4,253
2022-2023,9,MONTAGUE COUNTY,Grade 5,234
2022-2023,9,MONTAGUE COUNTY,Grade 6,234
2022-2023,9,MONTAGUE COUNTY,Grade 7,248
2022-2023,9,MONTAGUE COUNTY,Grade 8,276
2022-2023,9,MONTAGUE COUNTY,Grade 9,269
2022-2023,9,MONTAGUE COUNTY,Grade 10,283
2022-2023,9,MONTAGUE COUNTY,Grade 11,222
2022-2023,9,MONTAGUE COUNTY,Grade 12,227
2022-2023,6,MONTGOMERY COUNTY,Early Education,822
2022-2023,6,MONTGOMERY COUNTY,Pre-kindergarten,3810
2022-2023,6,MONTGOMERY COUNTY,Kindergarten,8481
2022-2023,4,MONTGOMERY COUNTY,Grade 1,17
2022-2023,6,MONTGOMERY COUNTY,Grade 1,9183
2022-2023,4,MONTGOMERY COUNTY,Grade 2,20
2022-2023,6,MONTGOMERY COUNTY,Grade 2,9068
2022-2023,4,MONTGOMERY COUNTY,Grade 3,23
2022-2023,6,MONTGOMERY COUNTY,Grade 3,9270
2022-2023,4,MONTGOMERY COUNTY,Grade 4,23
2022-2023,6,MONTGOMERY COUNTY,Grade 4,9103
2022-2023,4,MONTGOMERY COUNTY,Grade 5,25
2022-2023,6,MONTGOMERY COUNTY,Grade 5,9292
2022-2023,4,MONTGOMERY COUNTY,Grade 6,23
2022-2023,6,MONTGOMERY COUNTY,Grade 6,9300
2022-2023,4,MONTGOMERY COUNTY,Grade 7,24
2022-2023,6,MONTGOMERY COUNTY,Grade 7,9736
2022-2023,4,MONTGOMERY COUNTY,Grade 8,24
2022-2023,6,MONTGOMERY COUNTY,Grade 8,10101
2022-2023,6,MONTGOMERY COUNTY,Grade 9,10532
2022-2023,6,MONTGOMERY COUNTY,Grade 10,10307
2022-2023,6,MONTGOMERY COUNTY,Grade 11,9218
2022-2023,6,MONTGOMERY COUNTY,Grade 12,8449
2022-2023,16,MOORE COUNTY,Early Education,22
2022-2023,16,MOORE COUNTY,Pre-kindergarten,233
2022-2023,16,MOORE COUNTY,Kindergarten,339
2022-2023,16,MOORE COUNTY,Grade 1,413
2022-2023,16,MOORE COUNTY,Grade 2,374
2022-2023,16,MOORE COUNTY,Grade 3,361
2022-2023,16,MOORE COUNTY,Grade 4,335
2022-2023,16,MOORE COUNTY,Grade 5,335
2022-2023,16,MOORE COUNTY,Grade 6,353
2022-2023,16,MOORE COUNTY,Grade 7,362
2022-2023,16,MOORE COUNTY,Grade 8,391
2022-2023,16,MOORE COUNTY,Grade 9,369
2022-2023,16,MOORE COUNTY,Grade 10,377
2022-2023,16,MOORE COUNTY,Grade 11,291
2022-2023,16,MOORE COUNTY,Grade 12,312
2022-2023,8,MORRIS COUNTY,Early Education,16
2022-2023,8,MORRIS COUNTY,Pre-kindergarten,108
2022-2023,8,MORRIS COUNTY,Kindergarten,126
2022-2023,8,MORRIS COUNTY,Grade 1,147
2022-2023,8,MORRIS COUNTY,Grade 2,124
2022-2023,8,MORRIS COUNTY,Grade 3,117
2022-2023,8,MORRIS COUNTY,Grade 4,125
2022-2023,8,MORRIS COUNTY,Grade 5,130
2022-2023,8,MORRIS COUNTY,Grade 6,124
2022-2023,8,MORRIS COUNTY,Grade 7,145
2022-2023,8,MORRIS COUNTY,Grade 8,150
2022-2023,8,MORRIS COUNTY,Grade 9,164
2022-2023,8,MORRIS COUNTY,Grade 10,130
2022-2023,8,MORRIS COUNTY,Grade 11,125
2022-2023,8,MORRIS COUNTY,Grade 12,115
2022-2023,17,MOTLEY COUNTY,Early Education,1
2022-2023,17,MOTLEY COUNTY,Pre-kindergarten,16
2022-2023,17,MOTLEY COUNTY,Kindergarten,6
2022-2023,17,MOTLEY COUNTY,Grade 1,13
2022-2023,17,MOTLEY COUNTY,Grade 2,12
2022-2023,17,MOTLEY COUNTY,Grade 3,10
2022-2023,17,MOTLEY COUNTY,Grade 4,12
2022-2023,17,MOTLEY COUNTY,Grade 5,8
2022-2023,17,MOTLEY COUNTY,Grade 6,14
2022-2023,17,MOTLEY COUNTY,Grade 7,12
2022-2023,17,MOTLEY COUNTY,Grade 8,11
2022-2023,17,MOTLEY COUNTY,Grade 9,12
2022-2023,17,MOTLEY COUNTY,Grade 10,17
2022-2023,17,MOTLEY COUNTY,Grade 11,9
2022-2023,17,MOTLEY COUNTY,Grade 12,13
2022-2023,7,NACOGDOCHES COUNTY,Early Education,29
2022-2023,7,NACOGDOCHES COUNTY,Pre-kindergarten,445
2022-2023,7,NACOGDOCHES COUNTY,Kindergarten,719
2022-2023,7,NACOGDOCHES COUNTY,Grade 1,782
2022-2023,7,NACOGDOCHES COUNTY,Grade 2,774
2022-2023,7,NACOGDOCHES COUNTY,Grade 3,755
2022-2023,7,NACOGDOCHES COUNTY,Grade 4,762
2022-2023,7,NACOGDOCHES COUNTY,Grade 5,755
2022-2023,7,NACOGDOCHES COUNTY,Grade 6,831
2022-2023,7,NACOGDOCHES COUNTY,Grade 7,806
2022-2023,7,NACOGDOCHES COUNTY,Grade 8,776
2022-2023,7,NACOGDOCHES COUNTY,Grade 9,910
2022-2023,7,NACOGDOCHES COUNTY,Grade 10,817
2022-2023,7,NACOGDOCHES COUNTY,Grade 11,720
2022-2023,7,NACOGDOCHES COUNTY,Grade 12,723
2022-2023,12,NAVARRO COUNTY,Early Education,38
2022-2023,12,NAVARRO COUNTY,Pre-kindergarten,391
2022-2023,12,NAVARRO COUNTY,Kindergarten,695
2022-2023,12,NAVARRO COUNTY,Grade 1,762
2022-2023,12,NAVARRO COUNTY,Grade 2,800
2022-2023,12,NAVARRO COUNTY,Grade 3,799
2022-2023,12,NAVARRO COUNTY,Grade 4,731
2022-2023,12,NAVARRO COUNTY,Grade 5,735
2022-2023,12,NAVARRO COUNTY,Grade 6,770
2022-2023,12,NAVARRO COUNTY,Grade 7,801
2022-2023,12,NAVARRO COUNTY,Grade 8,842
2022-2023,12,NAVARRO COUNTY,Grade 9,852
2022-2023,12,NAVARRO COUNTY,Grade 10,909
2022-2023,12,NAVARRO COUNTY,Grade 11,699
2022-2023,12,NAVARRO COUNTY,Grade 12,650
2022-2023,5,NEWTON COUNTY,Early Education,10
2022-2023,5,NEWTON COUNTY,Pre-kindergarten,77
2022-2023,5,NEWTON COUNTY,Kindergarten,96
2022-2023,5,NEWTON COUNTY,Grade 1,123
2022-2023,5,NEWTON COUNTY,Grade 2,148
2022-2023,5,NEWTON COUNTY,Grade 3,115
2022-2023,5,NEWTON COUNTY,Grade 4,118
2022-2023,5,NEWTON COUNTY,Grade 5,155
2022-2023,5,NEWTON COUNTY,Grade 6,137
2022-2023,5,NEWTON COUNTY,Grade 7,121
2022-2023,5,NEWTON COUNTY,Grade 8,151
2022-2023,5,NEWTON COUNTY,Grade 9,135
2022-2023,5,NEWTON COUNTY,Grade 10,129
2022-2023,5,NEWTON COUNTY,Grade 11,115
2022-2023,5,NEWTON COUNTY,Grade 12,115
2022-2023,14,NOLAN COUNTY,Early Education,74
2022-2023,14,NOLAN COUNTY,Pre-kindergarten,219
2022-2023,14,NOLAN COUNTY,Kindergarten,1388
2022-2023,14,NOLAN COUNTY,Grade 1,1315
2022-2023,14,NOLAN COUNTY,Grade 2,1250
2022-2023,14,NOLAN COUNTY,Grade 3,1007
2022-2023,14,NOLAN COUNTY,Grade 4,600
2022-2023,14,NOLAN COUNTY,Grade 5,533
2022-2023,14,NOLAN COUNTY,Grade 6,521
2022-2023,14,NOLAN COUNTY,Grade 7,543
2022-2023,14,NOLAN COUNTY,Grade 8,210
2022-2023,14,NOLAN COUNTY,Grade 9,246
2022-2023,14,NOLAN COUNTY,Grade 10,224
2022-2023,14,NOLAN COUNTY,Grade 11,187
2022-2023,14,NOLAN COUNTY,Grade 12,194
2022-2023,2,NUECES COUNTY,Early Education,252
2022-2023,2,NUECES COUNTY,Pre-kindergarten,2157
2022-2023,2,NUECES COUNTY,Kindergarten,3598
2022-2023,2,NUECES COUNTY,Grade 1,4100
2022-2023,2,NUECES COUNTY,Grade 2,4169
2022-2023,2,NUECES COUNTY,Grade 3,4174
2022-2023,2,NUECES COUNTY,Grade 4,4107
2022-2023,2,NUECES COUNTY,Grade 5,4032
2022-2023,2,NUECES COUNTY,Grade 6,4135
2022-2023,2,NUECES COUNTY,Grade 7,4205
2022-2023,2,NUECES COUNTY,Grade 8,4459
2022-2023,2,NUECES COUNTY,Grade 9,5042
2022-2023,2,NUECES COUNTY,Grade 10,4491
2022-2023,2,NUECES COUNTY,Grade 11,4068
2022-2023,2,NUECES COUNTY,Grade 12,4063
2022-2023,16,OCHILTREE COUNTY,Early Education,8
2022-2023,16,OCHILTREE COUNTY,Pre-kindergarten,67
2022-2023,16,OCHILTREE COUNTY,Kindergarten,124
2022-2023,16,OCHILTREE COUNTY,Grade 1,159
2022-2023,16,OCHILTREE COUNTY,Grade 2,160
2022-2023,16,OCHILTREE COUNTY,Grade 3,152
2022-2023,16,OCHILTREE COUNTY,Grade 4,133
2022-2023,16,OCHILTREE COUNTY,Grade 5,133
2022-2023,16,OCHILTREE COUNTY,Grade 6,148
2022-2023,16,OCHILTREE COUNTY,Grade 7,137
2022-2023,16,OCHILTREE COUNTY,Grade 8,151
2022-2023,16,OCHILTREE COUNTY,Grade 9,182
2022-2023,16,OCHILTREE COUNTY,Grade 10,154
2022-2023,16,OCHILTREE COUNTY,Grade 11,148
2022-2023,16,OCHILTREE COUNTY,Grade 12,152
2022-2023,16,OLDHAM COUNTY,Pre-kindergarten,38
2022-2023,16,OLDHAM COUNTY,Kindergarten,42
2022-2023,16,OLDHAM COUNTY,Grade 1,46
2022-2023,16,OLDHAM COUNTY,Grade 2,56
2022-2023,16,OLDHAM COUNTY,Grade 3,55
2022-2023,16,OLDHAM COUNTY,Grade 4,63
2022-2023,16,OLDHAM COUNTY,Grade 5,48
2022-2023,16,OLDHAM COUNTY,Grade 6,65
2022-2023,16,OLDHAM COUNTY,Grade 7,65
2022-2023,16,OLDHAM COUNTY,Grade 8,71
2022-2023,16,OLDHAM COUNTY,Grade 9,83
2022-2023,16,OLDHAM COUNTY,Grade 10,82
2022-2023,16,OLDHAM COUNTY,Grade 11,82
2022-2023,16,OLDHAM COUNTY,Grade 12,90
2022-2023,5,ORANGE COUNTY,Early Education,62
2022-2023,5,ORANGE COUNTY,Pre-kindergarten,701
2022-2023,5,ORANGE COUNTY,Kindergarten,1063
2022-2023,5,ORANGE COUNTY,Grade 1,1215
2022-2023,5,ORANGE COUNTY,Grade 2,1174
2022-2023,5,ORANGE COUNTY,Grade 3,1122
2022-2023,5,ORANGE COUNTY,Grade 4,1142
2022-2023,5,ORANGE COUNTY,Grade 5,1103
2022-2023,5,ORANGE COUNTY,Grade 6,1111
2022-2023,5,ORANGE COUNTY,Grade 7,1105
2022-2023,5,ORANGE COUNTY,Grade 8,1163
2022-2023,5,ORANGE COUNTY,Grade 9,1295
2022-2023,5,ORANGE COUNTY,Grade 10,1131
2022-2023,5,ORANGE COUNTY,Grade 11,976
2022-2023,5,ORANGE COUNTY,Grade 12,910
2022-2023,11,PALO PINTO COUNTY,Early Education,13
2022-2023,11,PALO PINTO COUNTY,Pre-kindergarten,298
2022-2023,11,PALO PINTO COUNTY,Kindergarten,354
2022-2023,11,PALO PINTO COUNTY,Grade 1,332
2022-2023,11,PALO PINTO COUNTY,Grade 2,347
2022-2023,11,PALO PINTO COUNTY,Grade 3,343
2022-2023,11,PALO PINTO COUNTY,Grade 4,349
2022-2023,11,PALO PINTO COUNTY,Grade 5,360
2022-2023,11,PALO PINTO COUNTY,Grade 6,313
2022-2023,11,PALO PINTO COUNTY,Grade 7,344
2022-2023,11,PALO PINTO COUNTY,Grade 8,354
2022-2023,11,PALO PINTO COUNTY,Grade 9,379
2022-2023,11,PALO PINTO COUNTY,Grade 10,364
2022-2023,11,PALO PINTO COUNTY,Grade 11,312
2022-2023,11,PALO PINTO COUNTY,Grade 12,267
2022-2023,7,PANOLA COUNTY,Early Education,19
2022-2023,7,PANOLA COUNTY,Pre-kindergarten,185
2022-2023,7,PANOLA COUNTY,Kindergarten,255
2022-2023,7,PANOLA COUNTY,Grade 1,268
2022-2023,7,PANOLA COUNTY,Grade 2,283
2022-2023,7,PANOLA COUNTY,Grade 3,267
2022-2023,7,PANOLA COUNTY,Grade 4,271
2022-2023,7,PANOLA COUNTY,Grade 5,292
2022-2023,7,PANOLA COUNTY,Grade 6,267
2022-2023,7,PANOLA COUNTY,Grade 7,267
2022-2023,7,PANOLA COUNTY,Grade 8,336
2022-2023,7,PANOLA COUNTY,Grade 9,338
2022-2023,7,PANOLA COUNTY,Grade 10,340
2022-2023,7,PANOLA COUNTY,Grade 11,282
2022-2023,7,PANOLA COUNTY,Grade 12,327
2022-2023,11,PARKER COUNTY,Early Education,160
2022-2023,11,PARKER COUNTY,Pre-kindergarten,512
2022-2023,11,PARKER COUNTY,Kindergarten,1944
2022-2023,11,PARKER COUNTY,Grade 1,2077
2022-2023,11,PARKER COUNTY,Grade 2,1997
2022-2023,11,PARKER COUNTY,Grade 3,2055
2022-2023,11,PARKER COUNTY,Grade 4,1959
2022-2023,11,PARKER COUNTY,Grade 5,2022
2022-2023,11,PARKER COUNTY,Grade 6,1901
2022-2023,11,PARKER COUNTY,Grade 7,2031
2022-2023,11,PARKER COUNTY,Grade 8,1974
2022-2023,11,PARKER COUNTY,Grade 9,2191
2022-2023,11,PARKER COUNTY,Grade 10,2014
2022-2023,11,PARKER COUNTY,Grade 11,1759
2022-2023,11,PARKER COUNTY,Grade 12,1766
2022-2023,16,PARMER COUNTY,Early Education,9
2022-2023,16,PARMER COUNTY,Pre-kindergarten,99
2022-2023,16,PARMER COUNTY,Kindergarten,172
2022-2023,16,PARMER COUNTY,Grade 1,183
2022-2023,16,PARMER COUNTY,Grade 2,138
2022-2023,16,PARMER COUNTY,Grade 3,156
2022-2023,16,PARMER COUNTY,Grade 4,163
2022-2023,16,PARMER COUNTY,Grade 5,158
2022-2023,16,PARMER COUNTY,Grade 6,160
2022-2023,16,PARMER COUNTY,Grade 7,167
2022-2023,16,PARMER COUNTY,Grade 8,180
2022-2023,16,PARMER COUNTY,Grade 9,167
2022-2023,16,PARMER COUNTY,Grade 10,163
2022-2023,16,PARMER COUNTY,Grade 11,154
2022-2023,16,PARMER COUNTY,Grade 12,155
2022-2023,18,PECOS COUNTY,Early Education,26
2022-2023,18,PECOS COUNTY,Pre-kindergarten,69
2022-2023,18,PECOS COUNTY,Kindergarten,171
2022-2023,18,PECOS COUNTY,Grade 1,180
2022-2023,18,PECOS COUNTY,Grade 2,188
2022-2023,18,PECOS COUNTY,Grade 3,205
2022-2023,18,PECOS COUNTY,Grade 4,191
2022-2023,18,PECOS COUNTY,Grade 5,212
2022-2023,18,PECOS COUNTY,Grade 6,217
2022-2023,18,PECOS COUNTY,Grade 7,192
2022-2023,18,PECOS COUNTY,Grade 8,240
2022-2023,18,PECOS COUNTY,Grade 9,268
2022-2023,18,PECOS COUNTY,Grade 10,235
2022-2023,18,PECOS COUNTY,Grade 11,181
2022-2023,18,PECOS COUNTY,Grade 12,198
2022-2023,6,POLK COUNTY,Early Education,32
2022-2023,6,POLK COUNTY,Pre-kindergarten,323
2022-2023,6,POLK COUNTY,Kindergarten,527
2022-2023,6,POLK COUNTY,Grade 1,582
2022-2023,6,POLK COUNTY,Grade 2,527
2022-2023,6,POLK COUNTY,Grade 3,525
2022-2023,6,POLK COUNTY,Grade 4,555
2022-2023,6,POLK COUNTY,Grade 5,493
2022-2023,6,POLK COUNTY,Grade 6,516
2022-2023,6,POLK COUNTY,Grade 7,539
2022-2023,6,POLK COUNTY,Grade 8,548
2022-2023,6,POLK COUNTY,Grade 9,589
2022-2023,6,POLK COUNTY,Grade 10,490
2022-2023,6,POLK COUNTY,Grade 11,471
2022-2023,6,POLK COUNTY,Grade 12,416
2022-2023,16,POTTER COUNTY,Early Education,158
2022-2023,16,POTTER COUNTY,Pre-kindergarten,1749
2022-2023,16,POTTER COUNTY,Kindergarten,2338
2022-2023,16,POTTER COUNTY,Grade 1,2430
2022-2023,16,POTTER COUNTY,Grade 2,2503
2022-2023,16,POTTER COUNTY,Grade 3,2538
2022-2023,16,POTTER COUNTY,Grade 4,2503
2022-2023,16,POTTER COUNTY,Grade 5,2469
2022-2023,16,POTTER COUNTY,Grade 6,2489
2022-2023,16,POTTER COUNTY,Grade 7,2550
2022-2023,16,POTTER COUNTY,Grade 8,2594
2022-2023,16,POTTER COUNTY,Grade 9,2818
2022-2023,16,POTTER COUNTY,Grade 10,2538
2022-2023,16,POTTER COUNTY,Grade 11,2128
2022-2023,16,POTTER COUNTY,Grade 12,2134
2022-2023,18,PRESIDIO COUNTY,Pre-kindergarten,47
2022-2023,18,PRESIDIO COUNTY,Kindergarten,65
2022-2023,18,PRESIDIO COUNTY,Grade 1,79
2022-2023,18,PRESIDIO COUNTY,Grade 2,88
2022-2023,18,PRESIDIO COUNTY,Grade 3,80
2022-2023,18,PRESIDIO COUNTY,Grade 4,80
2022-2023,18,PRESIDIO COUNTY,Grade 5,83
2022-2023,18,PRESIDIO COUNTY,Grade 6,81
2022-2023,18,PRESIDIO COUNTY,Grade 7,101
2022-2023,18,PRESIDIO COUNTY,Grade 8,80
2022-2023,18,PRESIDIO COUNTY,Grade 9,145
2022-2023,18,PRESIDIO COUNTY,Grade 10,140
2022-2023,18,PRESIDIO COUNTY,Grade 11,88
2022-2023,18,PRESIDIO COUNTY,Grade 12,96
2022-2023,7,RAINS COUNTY,Early Education,5
2022-2023,7,RAINS COUNTY,Pre-kindergarten,67
2022-2023,7,RAINS COUNTY,Kindergarten,126
2022-2023,7,RAINS COUNTY,Grade 1,114
2022-2023,7,RAINS COUNTY,Grade 2,125
2022-2023,7,RAINS COUNTY,Grade 3,134
2022-2023,7,RAINS COUNTY,Grade 4,116
2022-2023,7,RAINS COUNTY,Grade 5,135
2022-2023,7,RAINS COUNTY,Grade 6,131
2022-2023,7,RAINS COUNTY,Grade 7,145
2022-2023,7,RAINS COUNTY,Grade 8,149
2022-2023,7,RAINS COUNTY,Grade 9,158
2022-2023,7,RAINS COUNTY,Grade 10,119
2022-2023,7,RAINS COUNTY,Grade 11,119
2022-2023,7,RAINS COUNTY,Grade 12,111
2022-2023,16,RANDALL COUNTY,Early Education,90
2022-2023,16,RANDALL COUNTY,Pre-kindergarten,160
2022-2023,16,RANDALL COUNTY,Kindergarten,806
2022-2023,16,RANDALL COUNTY,Grade 1,825
2022-2023,16,RANDALL COUNTY,Grade 2,811
2022-2023,16,RANDALL COUNTY,Grade 3,834
2022-2023,16,RANDALL COUNTY,Grade 4,848
2022-2023,16,RANDALL COUNTY,Grade 5,846
2022-2023,16,RANDALL COUNTY,Grade 6,860
2022-2023,16,RANDALL COUNTY,Grade 7,843
2022-2023,16,RANDALL COUNTY,Grade 8,897
2022-2023,16,RANDALL COUNTY,Grade 9,893
2022-2023,16,RANDALL COUNTY,Grade 10,884
2022-2023,16,RANDALL COUNTY,Grade 11,765
2022-2023,16,RANDALL COUNTY,Grade 12,713
2022-2023,18,REAGAN COUNTY,Early Education,8
2022-2023,18,REAGAN COUNTY,Pre-kindergarten,47
2022-2023,18,REAGAN COUNTY,Kindergarten,70
2022-2023,18,REAGAN COUNTY,Grade 1,66
2022-2023,18,REAGAN COUNTY,Grade 2,57
2022-2023,18,REAGAN COUNTY,Grade 3,65
2022-2023,18,REAGAN COUNTY,Grade 4,64
2022-2023,18,REAGAN COUNTY,Grade 5,47
2022-2023,18,REAGAN COUNTY,Grade 6,50
2022-2023,18,REAGAN COUNTY,Grade 7,52
2022-2023,18,REAGAN COUNTY,Grade 8,49
2022-2023,18,REAGAN COUNTY,Grade 9,55
2022-2023,18,REAGAN COUNTY,Grade 10,64
2022-2023,18,REAGAN COUNTY,Grade 11,53
2022-2023,18,REAGAN COUNTY,Grade 12,54
2022-2023,20,REAL COUNTY,Pre-kindergarten,40
2022-2023,20,REAL COUNTY,Kindergarten,25
2022-2023,20,REAL COUNTY,Grade 1,20
2022-2023,20,REAL COUNTY,Grade 2,37
2022-2023,20,REAL COUNTY,Grade 3,33
2022-2023,20,REAL COUNTY,Grade 4,33
2022-2023,20,REAL COUNTY,Grade 5,45
2022-2023,20,REAL COUNTY,Grade 6,43
2022-2023,20,REAL COUNTY,Grade 7,52
2022-2023,20,REAL COUNTY,Grade 8,51
2022-2023,20,REAL COUNTY,Grade 9,63
2022-2023,20,REAL COUNTY,Grade 10,48
2022-2023,20,REAL COUNTY,Grade 11,47
2022-2023,20,REAL COUNTY,Grade 12,35
2022-2023,8,RED RIVER COUNTY,Early Education,5
2022-2023,8,RED RIVER COUNTY,Pre-kindergarten,117
2022-2023,8,RED RIVER COUNTY,Kindergarten,143
2022-2023,8,RED RIVER COUNTY,Grade 1,157
2022-2023,8,RED RIVER COUNTY,Grade 2,141
2022-2023,8,RED RIVER COUNTY,Grade 3,147
2022-2023,8,RED RIVER COUNTY,Grade 4,145
2022-2023,8,RED RIVER COUNTY,Grade 5,140
2022-2023,8,RED RIVER COUNTY,Grade 6,164
2022-2023,8,RED RIVER COUNTY,Grade 7,153
2022-2023,8,RED RIVER COUNTY,Grade 8,160
2022-2023,8,RED RIVER COUNTY,Grade 9,176
2022-2023,8,RED RIVER COUNTY,Grade 10,159
2022-2023,8,RED RIVER COUNTY,Grade 11,132
2022-2023,8,RED RIVER COUNTY,Grade 12,108
2022-2023,18,REEVES COUNTY,Early Education,4
2022-2023,18,REEVES COUNTY,Pre-kindergarten,145
2022-2023,18,REEVES COUNTY,Kindergarten,196
2022-2023,18,REEVES COUNTY,Grade 1,246
2022-2023,18,REEVES COUNTY,Grade 2,209
2022-2023,18,REEVES COUNTY,Grade 3,219
2022-2023,18,REEVES COUNTY,Grade 4,219
2022-2023,18,REEVES COUNTY,Grade 5,201
2022-2023,18,REEVES COUNTY,Grade 6,203
2022-2023,18,REEVES COUNTY,Grade 7,215
2022-2023,18,REEVES COUNTY,Grade 8,244
2022-2023,18,REEVES COUNTY,Grade 9,272
2022-2023,18,REEVES COUNTY,Grade 10,205
2022-2023,18,REEVES COUNTY,Grade 11,182
2022-2023,18,REEVES COUNTY,Grade 12,160
2022-2023,3,REFUGIO COUNTY,Early Education,3
2022-2023,3,REFUGIO COUNTY,Pre-kindergarten,45
2022-2023,3,REFUGIO COUNTY,Kindergarten,88
2022-2023,3,REFUGIO COUNTY,Grade 1,85
2022-2023,3,REFUGIO COUNTY,Grade 2,94
2022-2023,3,REFUGIO COUNTY,Grade 3,76
2022-2023,3,REFUGIO COUNTY,Grade 4,90
2022-2023,3,REFUGIO COUNTY,Grade 5,89
2022-2023,3,REFUGIO COUNTY,Grade 6,95
2022-2023,3,REFUGIO COUNTY,Grade 7,91
2022-2023,3,REFUGIO COUNTY,Grade 8,83
2022-2023,3,REFUGIO COUNTY,Grade 9,114
2022-2023,3,REFUGIO COUNTY,Grade 10,112
2022-2023,3,REFUGIO COUNTY,Grade 11,84
2022-2023,3,REFUGIO COUNTY,Grade 12,76
2022-2023,16,ROBERTS COUNTY,Early Education,1
2022-2023,16,ROBERTS COUNTY,Pre-kindergarten,9
2022-2023,16,ROBERTS COUNTY,Kindergarten,13
2022-2023,16,ROBERTS COUNTY,Grade 1,13
2022-2023,16,ROBERTS COUNTY,Grade 2,8
2022-2023,16,ROBERTS COUNTY,Grade 3,16
2022-2023,16,ROBERTS COUNTY,Grade 4,14
2022-2023,16,ROBERTS COUNTY,Grade 5,16
2022-2023,16,ROBERTS COUNTY,Grade 6,17
2022-2023,16,ROBERTS COUNTY,Grade 7,16
2022-2023,16,ROBERTS COUNTY,Grade 8,13
2022-2023,16,ROBERTS COUNTY,Grade 9,18
2022-2023,16,ROBERTS COUNTY,Grade 10,22
2022-2023,16,ROBERTS COUNTY,Grade 11,15
2022-2023,16,ROBERTS COUNTY,Grade 12,15
2022-2023,6,ROBERTSON COUNTY,Early Education,8
2022-2023,6,ROBERTSON COUNTY,Pre-kindergarten,203
2022-2023,6,ROBERTSON COUNTY,Kindergarten,253
2022-2023,6,ROBERTSON COUNTY,Grade 1,247
2022-2023,6,ROBERTSON COUNTY,Grade 2,225
2022-2023,6,ROBERTSON COUNTY,Grade 3,235
2022-2023,6,ROBERTSON COUNTY,Grade 4,229
2022-2023,6,ROBERTSON COUNTY,Grade 5,236
2022-2023,6,ROBERTSON COUNTY,Grade 6,231
2022-2023,6,ROBERTSON COUNTY,Grade 7,235
2022-2023,6,ROBERTSON COUNTY,Grade 8,254
2022-2023,6,ROBERTSON COUNTY,Grade 9,269
2022-2023,6,ROBERTSON COUNTY,Grade 10,251
2022-2023,6,ROBERTSON COUNTY,Grade 11,249
2022-2023,6,ROBERTSON COUNTY,Grade 12,221
2022-2023,10,ROCKWALL COUNTY,Early Education,192
2022-2023,10,ROCKWALL COUNTY,Pre-kindergarten,632
2022-2023,10,ROCKWALL COUNTY,Kindergarten,1824
2022-2023,10,ROCKWALL COUNTY,Grade 1,1953
2022-2023,10,ROCKWALL COUNTY,Grade 2,1923
2022-2023,10,ROCKWALL COUNTY,Grade 3,1957
2022-2023,10,ROCKWALL COUNTY,Grade 4,1936
2022-2023,10,ROCKWALL COUNTY,Grade 5,1987
2022-2023,10,ROCKWALL COUNTY,Grade 6,2007
2022-2023,10,ROCKWALL COUNTY,Grade 7,2074
2022-2023,10,ROCKWALL COUNTY,Grade 8,2084
2022-2023,10,ROCKWALL COUNTY,Grade 9,2341
2022-2023,10,ROCKWALL COUNTY,Grade 10,2216
2022-2023,10,ROCKWALL COUNTY,Grade 11,1929
2022-2023,10,ROCKWALL COUNTY,Grade 12,1850
2022-2023,15,RUNNELS COUNTY,Early Education,2
2022-2023,15,RUNNELS COUNTY,Pre-kindergarten,122
2022-2023,15,RUNNELS COUNTY,Kindergarten,138
2022-2023,15,RUNNELS COUNTY,Grade 1,171
2022-2023,15,RUNNELS COUNTY,Grade 2,122
2022-2023,15,RUNNELS COUNTY,Grade 3,142
2022-2023,15,RUNNELS COUNTY,Grade 4,127
2022-2023,15,RUNNELS COUNTY,Grade 5,142
2022-2023,15,RUNNELS COUNTY,Grade 6,145
2022-2023,15,RUNNELS COUNTY,Grade 7,151
2022-2023,15,RUNNELS COUNTY,Grade 8,147
2022-2023,15,RUNNELS COUNTY,Grade 9,174
2022-2023,15,RUNNELS COUNTY,Grade 10,164
2022-2023,15,RUNNELS COUNTY,Grade 11,135
2022-2023,15,RUNNELS COUNTY,Grade 12,140
2022-2023,7,RUSK COUNTY,Early Education,10
2022-2023,7,RUSK COUNTY,Pre-kindergarten,399
2022-2023,7,RUSK COUNTY,Kindergarten,509
2022-2023,7,RUSK COUNTY,Grade 1,552
2022-2023,7,RUSK COUNTY,Grade 2,543
2022-2023,7,RUSK COUNTY,Grade 3,539
2022-2023,7,RUSK COUNTY,Grade 4,533
2022-2023,7,RUSK COUNTY,Grade 5,602
2022-2023,7,RUSK COUNTY,Grade 6,571
2022-2023,7,RUSK COUNTY,Grade 7,603
2022-2023,7,RUSK COUNTY,Grade 8,620
2022-2023,7,RUSK COUNTY,Grade 9,664
2022-2023,7,RUSK COUNTY,Grade 10,660
2022-2023,7,RUSK COUNTY,Grade 11,545
2022-2023,7,RUSK COUNTY,Grade 12,571
2022-2023,7,SABINE COUNTY,Early Education,4
2022-2023,7,SABINE COUNTY,Pre-kindergarten,90
2022-2023,7,SABINE COUNTY,Kindergarten,104
2022-2023,7,SABINE COUNTY,Grade 1,108
2022-2023,7,SABINE COUNTY,Grade 2,106
2022-2023,7,SABINE COUNTY,Grade 3,93
2022-2023,7,SABINE COUNTY,Grade 4,88
2022-2023,7,SABINE COUNTY,Grade 5,97
2022-2023,7,SABINE COUNTY,Grade 6,108
2022-2023,7,SABINE COUNTY,Grade 7,116
2022-2023,7,SABINE COUNTY,Grade 8,106
2022-2023,7,SABINE COUNTY,Grade 9,117
2022-2023,7,SABINE COUNTY,Grade 10,120
2022-2023,7,SABINE COUNTY,Grade 11,90
2022-2023,7,SABINE COUNTY,Grade 12,101
2022-2023,7,SAN AUGUSTINE COUNTY,Early Education,1
2022-2023,7,SAN AUGUSTINE COUNTY,Pre-kindergarten,74
2022-2023,7,SAN AUGUSTINE COUNTY,Kindergarten,73
2022-2023,7,SAN AUGUSTINE COUNTY,Grade 1,73
2022-2023,7,SAN AUGUSTINE COUNTY,Grade 2,79
2022-2023,7,SAN AUGUSTINE COUNTY,Grade 3,52
2022-2023,7,SAN AUGUSTINE COUNTY,Grade 4,64
2022-2023,7,SAN AUGUSTINE COUNTY,Grade 5,72
2022-2023,7,SAN AUGUSTINE COUNTY,Grade 6,68
2022-2023,7,SAN AUGUSTINE COUNTY,Grade 7,84
2022-2023,7,SAN AUGUSTINE COUNTY,Grade 8,91
2022-2023,7,SAN AUGUSTINE COUNTY,Grade 9,74
2022-2023,7,SAN AUGUSTINE COUNTY,Grade 10,86
2022-2023,7,SAN AUGUSTINE COUNTY,Grade 11,77
2022-2023,7,SAN AUGUSTINE COUNTY,Grade 12,72
2022-2023,6,SAN JACINTO COUNTY,Early Education,5
2022-2023,6,SAN JACINTO COUNTY,Pre-kindergarten,193
2022-2023,6,SAN JACINTO COUNTY,Kindergarten,245
2022-2023,6,SAN JACINTO COUNTY,Grade 1,248
2022-2023,6,SAN JACINTO COUNTY,Grade 2,257
2022-2023,6,SAN JACINTO COUNTY,Grade 3,255
2022-2023,6,SAN JACINTO COUNTY,Grade 4,239
2022-2023,6,SAN JACINTO COUNTY,Grade 5,236
2022-2023,6,SAN JACINTO COUNTY,Grade 6,247
2022-2023,6,SAN JACINTO COUNTY,Grade 7,255
2022-2023,6,SAN JACINTO COUNTY,Grade 8,303
2022-2023,6,SAN JACINTO COUNTY,Grade 9,323
2022-2023,6,SAN JACINTO COUNTY,Grade 10,297
2022-2023,6,SAN JACINTO COUNTY,Grade 11,249
2022-2023,6,SAN JACINTO COUNTY,Grade 12,228
2022-2023,2,SAN PATRICIO COUNTY,Early Education,88
2022-2023,2,SAN PATRICIO COUNTY,Pre-kindergarten,564
2022-2023,2,SAN PATRICIO COUNTY,Kindergarten,941
2022-2023,2,SAN PATRICIO COUNTY,Grade 1,1061
2022-2023,2,SAN PATRICIO COUNTY,Grade 2,988
2022-2023,2,SAN PATRICIO COUNTY,Grade 3,1032
2022-2023,2,SAN PATRICIO COUNTY,Grade 4,1017
2022-2023,2,SAN PATRICIO COUNTY,Grade 5,1023
2022-2023,2,SAN PATRICIO COUNTY,Grade 6,1002
2022-2023,2,SAN PATRICIO COUNTY,Grade 7,1004
2022-2023,2,SAN PATRICIO COUNTY,Grade 8,1089
2022-2023,2,SAN PATRICIO COUNTY,Grade 9,1185
2022-2023,2,SAN PATRICIO COUNTY,Grade 10,1022
2022-2023,2,SAN PATRICIO COUNTY,Grade 11,952
2022-2023,2,SAN PATRICIO COUNTY,Grade 12,967
2022-2023,15,SAN SABA COUNTY,Early Education,7
2022-2023,15,SAN SABA COUNTY,Pre-kindergarten,55
2022-2023,15,SAN SABA COUNTY,Kindergarten,63
2022-2023,15,SAN SABA COUNTY,Grade 1,65
2022-2023,15,SAN SABA COUNTY,Grade 2,69
2022-2023,15,SAN SABA COUNTY,Grade 3,73
2022-2023,15,SAN SABA COUNTY,Grade 4,61
2022-2023,15,SAN SABA COUNTY,Grade 5,79
2022-2023,15,SAN SABA COUNTY,Grade 6,63
2022-2023,15,SAN SABA COUNTY,Grade 7,66
2022-2023,15,SAN SABA COUNTY,Grade 8,87
2022-2023,15,SAN SABA COUNTY,Grade 9,74
2022-2023,15,SAN SABA COUNTY,Grade 10,79
2022-2023,15,SAN SABA COUNTY,Grade 11,61
2022-2023,15,SAN SABA COUNTY,Grade 12,60
2022-2023,15,SCHLEICHER COUNTY,Early Education,2
2022-2023,15,SCHLEICHER COUNTY,Pre-kindergarten,19
2022-2023,15,SCHLEICHER COUNTY,Kindergarten,22
2022-2023,15,SCHLEICHER COUNTY,Grade 1,42
2022-2023,15,SCHLEICHER COUNTY,Grade 2,33
2022-2023,15,SCHLEICHER COUNTY,Grade 3,30
2022-2023,15,SCHLEICHER COUNTY,Grade 4,35
2022-2023,15,SCHLEICHER COUNTY,Grade 5,34
2022-2023,15,SCHLEICHER COUNTY,Grade 6,26
2022-2023,15,SCHLEICHER COUNTY,Grade 7,29
2022-2023,15,SCHLEICHER COUNTY,Grade 8,42
2022-2023,15,SCHLEICHER COUNTY,Grade 9,48
2022-2023,15,SCHLEICHER COUNTY,Grade 10,46
2022-2023,15,SCHLEICHER COUNTY,Grade 11,35
2022-2023,15,SCHLEICHER COUNTY,Grade 12,33
2022-2023,14,SCURRY COUNTY,Early Education,21
2022-2023,14,SCURRY COUNTY,Pre-kindergarten,119
2022-2023,14,SCURRY COUNTY,Kindergarten,225
2022-2023,14,SCURRY COUNTY,Grade 1,249
2022-2023,14,SCURRY COUNTY,Grade 2,235
2022-2023,14,SCURRY COUNTY,Grade 3,216
2022-2023,14,SCURRY COUNTY,Grade 4,198
2022-2023,14,SCURRY COUNTY,Grade 5,223
2022-2023,14,SCURRY COUNTY,Grade 6,235
2022-2023,14,SCURRY COUNTY,Grade 7,262
2022-2023,14,SCURRY COUNTY,Grade 8,238
2022-2023,14,SCURRY COUNTY,Grade 9,254
2022-2023,14,SCURRY COUNTY,Grade 10,199
2022-2023,14,SCURRY COUNTY,Grade 11,213
2022-2023,14,SCURRY COUNTY,Grade 12,183
2022-2023,14,SHACKELFORD COUNTY,Early Education,1
2022-2023,14,SHACKELFORD COUNTY,Pre-kindergarten,25
2022-2023,14,SHACKELFORD COUNTY,Kindergarten,44
2022-2023,14,SHACKELFORD COUNTY,Grade 1,35
2022-2023,14,SHACKELFORD COUNTY,Grade 2,39
2022-2023,14,SHACKELFORD COUNTY,Grade 3,37
2022-2023,14,SHACKELFORD COUNTY,Grade 4,47
2022-2023,14,SHACKELFORD COUNTY,Grade 5,46
2022-2023,14,SHACKELFORD COUNTY,Grade 6,45
2022-2023,14,SHACKELFORD COUNTY,Grade 7,45
2022-2023,14,SHACKELFORD COUNTY,Grade 8,48
2022-2023,14,SHACKELFORD COUNTY,Grade 9,48
2022-2023,14,SHACKELFORD COUNTY,Grade 10,52
2022-2023,14,SHACKELFORD COUNTY,Grade 11,51
2022-2023,14,SHACKELFORD COUNTY,Grade 12,41
2022-2023,7,SHELBY COUNTY,Early Education,9
2022-2023,7,SHELBY COUNTY,Pre-kindergarten,375
2022-2023,7,SHELBY COUNTY,Kindergarten,352
2022-2023,7,SHELBY COUNTY,Grade 1,395
2022-2023,7,SHELBY COUNTY,Grade 2,364
2022-2023,7,SHELBY COUNTY,Grade 3,350
2022-2023,7,SHELBY COUNTY,Grade 4,382
2022-2023,7,SHELBY COUNTY,Grade 5,334
2022-2023,7,SHELBY COUNTY,Grade 6,361
2022-2023,7,SHELBY COUNTY,Grade 7,378
2022-2023,7,SHELBY COUNTY,Grade 8,412
2022-2023,7,SHELBY COUNTY,Grade 9,411
2022-2023,7,SHELBY COUNTY,Grade 10,429
2022-2023,7,SHELBY COUNTY,Grade 11,365
2022-2023,7,SHELBY COUNTY,Grade 12,350
2022-2023,16,SHERMAN COUNTY,Early Education,3
2022-2023,16,SHERMAN COUNTY,Pre-kindergarten,51
2022-2023,16,SHERMAN COUNTY,Kindergarten,70
2022-2023,16,SHERMAN COUNTY,Grade 1,55
2022-2023,16,SHERMAN COUNTY,Grade 2,59
2022-2023,16,SHERMAN COUNTY,Grade 3,50
2022-2023,16,SHERMAN COUNTY,Grade 4,50
2022-2023,16,SHERMAN COUNTY,Grade 5,44
2022-2023,16,SHERMAN COUNTY,Grade 6,49
2022-2023,16,SHERMAN COUNTY,Grade 7,51
2022-2023,16,SHERMAN COUNTY,Grade 8,52
2022-2023,16,SHERMAN COUNTY,Grade 9,51
2022-2023,16,SHERMAN COUNTY,Grade 10,61
2022-2023,16,SHERMAN COUNTY,Grade 11,54
2022-2023,16,SHERMAN COUNTY,Grade 12,47
2022-2023,7,SMITH COUNTY,Early Education,218
2022-2023,7,SMITH COUNTY,Pre-kindergarten,1336
2022-2023,7,SMITH COUNTY,Kindergarten,2849
2022-2023,7,SMITH COUNTY,Grade 1,3119
2022-2023,7,SMITH COUNTY,Grade 2,2972
2022-2023,7,SMITH COUNTY,Grade 3,3073
2022-2023,7,SMITH COUNTY,Grade 4,2934
2022-2023,7,SMITH COUNTY,Grade 5,2900
2022-2023,7,SMITH COUNTY,Grade 6,2895
2022-2023,7,SMITH COUNTY,Grade 7,3005
2022-2023,7,SMITH COUNTY,Grade 8,3033
2022-2023,7,SMITH COUNTY,Grade 9,3276
2022-2023,7,SMITH COUNTY,Grade 10,3051
2022-2023,7,SMITH COUNTY,Grade 11,2744
2022-2023,7,SMITH COUNTY,Grade 12,2587
2022-2023,11,SOMERVELL COUNTY,Early Education,10
2022-2023,11,SOMERVELL COUNTY,Pre-kindergarten,47
2022-2023,11,SOMERVELL COUNTY,Kindergarten,127
2022-2023,11,SOMERVELL COUNTY,Grade 1,166
2022-2023,11,SOMERVELL COUNTY,Grade 2,126
2022-2023,11,SOMERVELL COUNTY,Grade 3,144
2022-2023,11,SOMERVELL COUNTY,Grade 4,156
2022-2023,11,SOMERVELL COUNTY,Grade 5,142
2022-2023,11,SOMERVELL COUNTY,Grade 6,143
2022-2023,11,SOMERVELL COUNTY,Grade 7,160
2022-2023,11,SOMERVELL COUNTY,Grade 8,171
2022-2023,11,SOMERVELL COUNTY,Grade 9,188
2022-2023,11,SOMERVELL COUNTY,Grade 10,195
2022-2023,11,SOMERVELL COUNTY,Grade 11,149
2022-2023,11,SOMERVELL COUNTY,Grade 12,175
2022-2023,1,STARR COUNTY,Early Education,27
2022-2023,1,STARR COUNTY,Pre-kindergarten,1140
2022-2023,1,STARR COUNTY,Kindergarten,1028
2022-2023,1,STARR COUNTY,Grade 1,1023
2022-2023,1,STARR COUNTY,Grade 2,1067
2022-2023,1,STARR COUNTY,Grade 3,1093
2022-2023,1,STARR COUNTY,Grade 4,1089
2022-2023,1,STARR COUNTY,Grade 5,1087
2022-2023,1,STARR COUNTY,Grade 6,1146
2022-2023,1,STARR COUNTY,Grade 7,1167
2022-2023,1,STARR COUNTY,Grade 8,1128
2022-2023,1,STARR COUNTY,Grade 9,1371
2022-2023,1,STARR COUNTY,Grade 10,1158
2022-2023,1,STARR COUNTY,Grade 11,1175
2022-2023,1,STARR COUNTY,Grade 12,1103
2022-2023,14,STEPHENS COUNTY,Early Education,4
2022-2023,14,STEPHENS COUNTY,Pre-kindergarten,69
2022-2023,14,STEPHENS COUNTY,Kindergarten,94
2022-2023,14,STEPHENS COUNTY,Grade 1,125
2022-2023,14,STEPHENS COUNTY,Grade 2,112
2022-2023,14,STEPHENS COUNTY,Grade 3,101
2022-2023,14,STEPHENS COUNTY,Grade 4,88
2022-2023,14,STEPHENS COUNTY,Grade 5,92
2022-2023,14,STEPHENS COUNTY,Grade 6,97
2022-2023,14,STEPHENS COUNTY,Grade 7,98
2022-2023,14,STEPHENS COUNTY,Grade 8,105
2022-2023,14,STEPHENS COUNTY,Grade 9,121
2022-2023,14,STEPHENS COUNTY,Grade 10,108
2022-2023,14,STEPHENS COUNTY,Grade 11,109
2022-2023,14,STEPHENS COUNTY,Grade 12,86
2022-2023,15,STERLING COUNTY,Early Education,3
2022-2023,15,STERLING COUNTY,Pre-kindergarten,13
2022-2023,15,STERLING COUNTY,Kindergarten,27
2022-2023,15,STERLING COUNTY,Grade 1,24
2022-2023,15,STERLING COUNTY,Grade 2,22
2022-2023,15,STERLING COUNTY,Grade 3,27
2022-2023,15,STERLING COUNTY,Grade 4,20
2022-2023,15,STERLING COUNTY,Grade 5,16
2022-2023,15,STERLING COUNTY,Grade 6,20
2022-2023,15,STERLING COUNTY,Grade 7,27
2022-2023,15,STERLING COUNTY,Grade 8,41
2022-2023,15,STERLING COUNTY,Grade 9,19
2022-2023,15,STERLING COUNTY,Grade 10,34
2022-2023,15,STERLING COUNTY,Grade 11,32
2022-2023,15,STERLING COUNTY,Grade 12,26
2022-2023,14,STONEWALL COUNTY,Early Education,1
2022-2023,14,STONEWALL COUNTY,Pre-kindergarten,15
2022-2023,14,STONEWALL COUNTY,Kindergarten,14
2022-2023,14,STONEWALL COUNTY,Grade 1,13
2022-2023,14,STONEWALL COUNTY,Grade 2,13
2022-2023,14,STONEWALL COUNTY,Grade 3,16
2022-2023,14,STONEWALL COUNTY,Grade 4,13
2022-2023,14,STONEWALL COUNTY,Grade 5,11
2022-2023,14,STONEWALL COUNTY,Grade 6,11
2022-2023,14,STONEWALL COUNTY,Grade 7,18
2022-2023,14,STONEWALL COUNTY,Grade 8,11
2022-2023,14,STONEWALL COUNTY,Grade 9,12
2022-2023,14,STONEWALL COUNTY,Grade 10,16
2022-2023,14,STONEWALL COUNTY,Grade 11,19
2022-2023,14,STONEWALL COUNTY,Grade 12,16
2022-2023,15,SUTTON COUNTY,Early Education,4
2022-2023,15,SUTTON COUNTY,Pre-kindergarten,26
2022-2023,15,SUTTON COUNTY,Kindergarten,50
2022-2023,15,SUTTON COUNTY,Grade 1,49
2022-2023,15,SUTTON COUNTY,Grade 2,56
2022-2023,15,SUTTON COUNTY,Grade 3,49
2022-2023,15,SUTTON COUNTY,Grade 4,53
2022-2023,15,SUTTON COUNTY,Grade 5,38
2022-2023,15,SUTTON COUNTY,Grade 6,51
2022-2023,15,SUTTON COUNTY,Grade 7,40
2022-2023,15,SUTTON COUNTY,Grade 8,62
2022-2023,15,SUTTON COUNTY,Grade 9,51
2022-2023,15,SUTTON COUNTY,Grade 10,36
2022-2023,15,SUTTON COUNTY,Grade 11,57
2022-2023,15,SUTTON COUNTY,Grade 12,53
2022-2023,16,SWISHER COUNTY,Early Education,12
2022-2023,16,SWISHER COUNTY,Pre-kindergarten,55
2022-2023,16,SWISHER COUNTY,Kindergarten,75
2022-2023,16,SWISHER COUNTY,Grade 1,109
2022-2023,16,SWISHER COUNTY,Grade 2,80
2022-2023,16,SWISHER COUNTY,Grade 3,103
2022-2023,16,SWISHER COUNTY,Grade 4,98
2022-2023,16,SWISHER COUNTY,Grade 5,110
2022-2023,16,SWISHER COUNTY,Grade 6,89
2022-2023,16,SWISHER COUNTY,Grade 7,123
2022-2023,16,SWISHER COUNTY,Grade 8,122
2022-2023,16,SWISHER COUNTY,Grade 9,123
2022-2023,16,SWISHER COUNTY,Grade 10,125
2022-2023,16,SWISHER COUNTY,Grade 11,112
2022-2023,16,SWISHER COUNTY,Grade 12,109
2022-2023,11,TARRANT COUNTY,Early Education,1701
2022-2023,11,TARRANT COUNTY,Pre-kindergarten,15610
2022-2023,11,TARRANT COUNTY,Kindergarten,22166
2022-2023,11,TARRANT COUNTY,Grade 1,24165
2022-2023,11,TARRANT COUNTY,Grade 2,23929
2022-2023,11,TARRANT COUNTY,Grade 3,24165
2022-2023,11,TARRANT COUNTY,Grade 4,24216
2022-2023,11,TARRANT COUNTY,Grade 5,24563
2022-2023,11,TARRANT COUNTY,Grade 6,24441
2022-2023,11,TARRANT COUNTY,Grade 7,25196
2022-2023,11,TARRANT COUNTY,Grade 8,26677
2022-2023,11,TARRANT COUNTY,Grade 9,31931
2022-2023,11,TARRANT COUNTY,Grade 10,28044
2022-2023,11,TARRANT COUNTY,Grade 11,24883
2022-2023,11,TARRANT COUNTY,Grade 12,23406
2022-2023,14,TAYLOR COUNTY,Early Education,237
2022-2023,14,TAYLOR COUNTY,Pre-kindergarten,1471
2022-2023,14,TAYLOR COUNTY,Kindergarten,3168
2022-2023,14,TAYLOR COUNTY,Grade 1,3321
2022-2023,14,TAYLOR COUNTY,Grade 2,3337
2022-2023,14,TAYLOR COUNTY,Grade 3,3161
2022-2023,14,TAYLOR COUNTY,Grade 4,3154
2022-2023,14,TAYLOR COUNTY,Grade 5,3140
2022-2023,14,TAYLOR COUNTY,Grade 6,3117
2022-2023,14,TAYLOR COUNTY,Grade 7,3004
2022-2023,14,TAYLOR COUNTY,Grade 8,3010
2022-2023,14,TAYLOR COUNTY,Grade 9,2968
2022-2023,14,TAYLOR COUNTY,Grade 10,2543
2022-2023,14,TAYLOR COUNTY,Grade 11,2291
2022-2023,14,TAYLOR COUNTY,Grade 12,2123
2022-2023,18,TERRELL COUNTY,Pre-kindergarten,4
2022-2023,18,TERRELL COUNTY,Kindergarten,10
2022-2023,18,TERRELL COUNTY,Grade 1,7
2022-2023,18,TERRELL COUNTY,Grade 2,6
2022-2023,18,TERRELL COUNTY,Grade 3,9
2022-2023,18,TERRELL COUNTY,Grade 4,10
2022-2023,18,TERRELL COUNTY,Grade 5,11
2022-2023,18,TERRELL COUNTY,Grade 6,6
2022-2023,18,TERRELL COUNTY,Grade 7,14
2022-2023,18,TERRELL COUNTY,Grade 8,12
2022-2023,18,TERRELL COUNTY,Grade 9,11
2022-2023,18,TERRELL COUNTY,Grade 10,10
2022-2023,18,TERRELL COUNTY,Grade 11,8
2022-2023,18,TERRELL COUNTY,Grade 12,11
2022-2023,17,TERRY COUNTY,Early Education,6
2022-2023,17,TERRY COUNTY,Pre-kindergarten,159
2022-2023,17,TERRY COUNTY,Kindergarten,146
2022-2023,17,TERRY COUNTY,Grade 1,160
2022-2023,17,TERRY COUNTY,Grade 2,162
2022-2023,17,TERRY COUNTY,Grade 3,152
2022-2023,17,TERRY COUNTY,Grade 4,140
2022-2023,17,TERRY COUNTY,Grade 5,173
2022-2023,17,TERRY COUNTY,Grade 6,135
2022-2023,17,TERRY COUNTY,Grade 7,153
2022-2023,17,TERRY COUNTY,Grade 8,183
2022-2023,17,TERRY COUNTY,Grade 9,148
2022-2023,17,TERRY COUNTY,Grade 10,177
2022-2023,17,TERRY COUNTY,Grade 11,161
2022-2023,17,TERRY COUNTY,Grade 12,131
2022-2023,9,THROCKMORTON COUNTY,Pre-kindergarten,27
2022-2023,9,THROCKMORTON COUNTY,Kindergarten,22
2022-2023,9,THROCKMORTON COUNTY,Grade 1,23
2022-2023,9,THROCKMORTON COUNTY,Grade 2,19
2022-2023,9,THROCKMORTON COUNTY,Grade 3,23
2022-2023,9,THROCKMORTON COUNTY,Grade 4,18
2022-2023,9,THROCKMORTON COUNTY,Grade 5,17
2022-2023,9,THROCKMORTON COUNTY,Grade 6,13
2022-2023,9,THROCKMORTON COUNTY,Grade 7,20
2022-2023,9,THROCKMORTON COUNTY,Grade 8,27
2022-2023,9,THROCKMORTON COUNTY,Grade 9,26
2022-2023,9,THROCKMORTON COUNTY,Grade 10,29
2022-2023,9,THROCKMORTON COUNTY,Grade 11,28
2022-2023,9,THROCKMORTON COUNTY,Grade 12,28
2022-2023,8,TITUS COUNTY,Early Education,107
2022-2023,8,TITUS COUNTY,Pre-kindergarten,428
2022-2023,8,TITUS COUNTY,Kindergarten,512
2022-2023,8,TITUS COUNTY,Grade 1,503
2022-2023,8,TITUS COUNTY,Grade 2,489
2022-2023,8,TITUS COUNTY,Grade 3,508
2022-2023,8,TITUS COUNTY,Grade 4,496
2022-2023,8,TITUS COUNTY,Grade 5,474
2022-2023,8,TITUS COUNTY,Grade 6,471
2022-2023,8,TITUS COUNTY,Grade 7,504
2022-2023,8,TITUS COUNTY,Grade 8,556
2022-2023,8,TITUS COUNTY,Grade 9,575
2022-2023,8,TITUS COUNTY,Grade 10,550
2022-2023,8,TITUS COUNTY,Grade 11,496
2022-2023,8,TITUS COUNTY,Grade 12,446
2022-2023,15,TOM GREEN COUNTY,Early Education,139
2022-2023,15,TOM GREEN COUNTY,Pre-kindergarten,365
2022-2023,15,TOM GREEN COUNTY,Kindergarten,1519
2022-2023,15,TOM GREEN COUNTY,Grade 1,1623
2022-2023,15,TOM GREEN COUNTY,Grade 2,1581
2022-2023,15,TOM GREEN COUNTY,Grade 3,1577
2022-2023,15,TOM GREEN COUNTY,Grade 4,1618
2022-2023,15,TOM GREEN COUNTY,Grade 5,1562
2022-2023,15,TOM GREEN COUNTY,Grade 6,1524
2022-2023,15,TOM GREEN COUNTY,Grade 7,1651
2022-2023,15,TOM GREEN COUNTY,Grade 8,1723
2022-2023,15,TOM GREEN COUNTY,Grade 9,1933
2022-2023,15,TOM GREEN COUNTY,Grade 10,1602
2022-2023,15,TOM GREEN COUNTY,Grade 11,1327
2022-2023,15,TOM GREEN COUNTY,Grade 12,1224
2022-2023,13,TRAVIS COUNTY,Early Education,580
2022-2023,4,TRAVIS COUNTY,Pre-kindergarten,3542
2022-2023,13,TRAVIS COUNTY,Pre-kindergarten,7350
2022-2023,4,TRAVIS COUNTY,Kindergarten,2359
2022-2023,13,TRAVIS COUNTY,Kindergarten,10982
2022-2023,4,TRAVIS COUNTY,Grade 1,2495
2022-2023,13,TRAVIS COUNTY,Grade 1,11907
2022-2023,4,TRAVIS COUNTY,Grade 2,2433
2022-2023,13,TRAVIS COUNTY,Grade 2,11804
2022-2023,4,TRAVIS COUNTY,Grade 3,2415
2022-2023,13,TRAVIS COUNTY,Grade 3,11512
2022-2023,4,TRAVIS COUNTY,Grade 4,2325
2022-2023,13,TRAVIS COUNTY,Grade 4,11294
2022-2023,4,TRAVIS COUNTY,Grade 5,2552
2022-2023,13,TRAVIS COUNTY,Grade 5,11152
2022-2023,4,TRAVIS COUNTY,Grade 6,2708
2022-2023,13,TRAVIS COUNTY,Grade 6,11048
2022-2023,4,TRAVIS COUNTY,Grade 7,2783
2022-2023,13,TRAVIS COUNTY,Grade 7,11089
2022-2023,4,TRAVIS COUNTY,Grade 8,2717
2022-2023,13,TRAVIS COUNTY,Grade 8,11369
2022-2023,4,TRAVIS COUNTY,Grade 9,2148
2022-2023,13,TRAVIS COUNTY,Grade 9,13079
2022-2023,4,TRAVIS COUNTY,Grade 10,1871
2022-2023,13,TRAVIS COUNTY,Grade 10,12784
2022-2023,4,TRAVIS COUNTY,Grade 11,1442
2022-2023,13,TRAVIS COUNTY,Grade 11,11605
2022-2023,4,TRAVIS COUNTY,Grade 12,1278
2022-2023,13,TRAVIS COUNTY,Grade 12,10686
2022-2023,6,TRINITY COUNTY,Pre-kindergarten,143
2022-2023,6,TRINITY COUNTY,Kindergarten,157
2022-2023,6,TRINITY COUNTY,Grade 1,168
2022-2023,6,TRINITY COUNTY,Grade 2,169
2022-2023,6,TRINITY COUNTY,Grade 3,151
2022-2023,6,TRINITY COUNTY,Grade 4,145
2022-2023,6,TRINITY COUNTY,Grade 5,152
2022-2023,6,TRINITY COUNTY,Grade 6,194
2022-2023,6,TRINITY COUNTY,Grade 7,184
2022-2023,6,TRINITY COUNTY,Grade 8,167
2022-2023,6,TRINITY COUNTY,Grade 9,180
2022-2023,6,TRINITY COUNTY,Grade 10,185
2022-2023,6,TRINITY COUNTY,Grade 11,188
2022-2023,6,TRINITY COUNTY,Grade 12,139
2022-2023,5,TYLER COUNTY,Early Education,14
2022-2023,5,TYLER COUNTY,Pre-kindergarten,140
2022-2023,5,TYLER COUNTY,Kindergarten,220
2022-2023,5,TYLER COUNTY,Grade 1,276
2022-2023,5,TYLER COUNTY,Grade 2,241
2022-2023,5,TYLER COUNTY,Grade 3,233
2022-2023,5,TYLER COUNTY,Grade 4,302
2022-2023,5,TYLER COUNTY,Grade 5,261
2022-2023,5,TYLER COUNTY,Grade 6,254
2022-2023,5,TYLER COUNTY,Grade 7,280
2022-2023,5,TYLER COUNTY,Grade 8,284
2022-2023,5,TYLER COUNTY,Grade 9,298
2022-2023,5,TYLER COUNTY,Grade 10,283
2022-2023,5,TYLER COUNTY,Grade 11,219
2022-2023,5,TYLER COUNTY,Grade 12,229
2022-2023,7,UPSHUR COUNTY,Early Education,18
2022-2023,7,UPSHUR COUNTY,Pre-kindergarten,334
2022-2023,7,UPSHUR COUNTY,Kindergarten,540
2022-2023,7,UPSHUR COUNTY,Grade 1,543
2022-2023,7,UPSHUR COUNTY,Grade 2,522
2022-2023,7,UPSHUR COUNTY,Grade 3,582
2022-2023,7,UPSHUR COUNTY,Grade 4,538
2022-2023,7,UPSHUR COUNTY,Grade 5,556
2022-2023,7,UPSHUR COUNTY,Grade 6,563
2022-2023,7,UPSHUR COUNTY,Grade 7,594
2022-2023,7,UPSHUR COUNTY,Grade 8,570
2022-2023,7,UPSHUR COUNTY,Grade 9,611
2022-2023,7,UPSHUR COUNTY,Grade 10,579
2022-2023,7,UPSHUR COUNTY,Grade 11,525
2022-2023,7,UPSHUR COUNTY,Grade 12,456
2022-2023,18,UPTON COUNTY,Early Education,8
2022-2023,18,UPTON COUNTY,Pre-kindergarten,30
2022-2023,18,UPTON COUNTY,Kindergarten,65
2022-2023,18,UPTON COUNTY,Grade 1,64
2022-2023,18,UPTON COUNTY,Grade 2,56
2022-2023,18,UPTON COUNTY,Grade 3,59
2022-2023,18,UPTON COUNTY,Grade 4,56
2022-2023,18,UPTON COUNTY,Grade 5,56
2022-2023,18,UPTON COUNTY,Grade 6,53
2022-2023,18,UPTON COUNTY,Grade 7,71
2022-2023,18,UPTON COUNTY,Grade 8,60
2022-2023,18,UPTON COUNTY,Grade 9,63
2022-2023,18,UPTON COUNTY,Grade 10,53
2022-2023,18,UPTON COUNTY,Grade 11,53
2022-2023,18,UPTON COUNTY,Grade 12,76
2022-2023,20,UVALDE COUNTY,Early Education,30
2022-2023,20,UVALDE COUNTY,Pre-kindergarten,358
2022-2023,20,UVALDE COUNTY,Kindergarten,350
2022-2023,20,UVALDE COUNTY,Grade 1,348
2022-2023,20,UVALDE COUNTY,Grade 2,365
2022-2023,20,UVALDE COUNTY,Grade 3,325
2022-2023,20,UVALDE COUNTY,Grade 4,344
2022-2023,20,UVALDE COUNTY,Grade 5,318
2022-2023,20,UVALDE COUNTY,Grade 6,358
2022-2023,20,UVALDE COUNTY,Grade 7,372
2022-2023,20,UVALDE COUNTY,Grade 8,428
2022-2023,20,UVALDE COUNTY,Grade 9,465
2022-2023,20,UVALDE COUNTY,Grade 10,370
2022-2023,20,UVALDE COUNTY,Grade 11,356
2022-2023,20,UVALDE COUNTY,Grade 12,322
2022-2023,15,VAL VERDE COUNTY,Early Education,40
2022-2023,15,VAL VERDE COUNTY,Pre-kindergarten,408
2022-2023,15,VAL VERDE COUNTY,Kindergarten,653
2022-2023,15,VAL VERDE COUNTY,Grade 1,820
2022-2023,15,VAL VERDE COUNTY,Grade 2,780
2022-2023,15,VAL VERDE COUNTY,Grade 3,723
2022-2023,15,VAL VERDE COUNTY,Grade 4,733
2022-2023,15,VAL VERDE COUNTY,Grade 5,712
2022-2023,15,VAL VERDE COUNTY,Grade 6,696
2022-2023,15,VAL VERDE COUNTY,Grade 7,760
2022-2023,15,VAL VERDE COUNTY,Grade 8,796
2022-2023,15,VAL VERDE COUNTY,Grade 9,818
2022-2023,15,VAL VERDE COUNTY,Grade 10,779
2022-2023,15,VAL VERDE COUNTY,Grade 11,755
2022-2023,15,VAL VERDE COUNTY,Grade 12,696
2022-2023,7,VAN ZANDT COUNTY,Early Education,8
2022-2023,10,VAN ZANDT COUNTY,Early Education,16
2022-2023,7,VAN ZANDT COUNTY,Pre-kindergarten,186
2022-2023,10,VAN ZANDT COUNTY,Pre-kindergarten,249
2022-2023,7,VAN ZANDT COUNTY,Kindergarten,406
2022-2023,10,VAN ZANDT COUNTY,Kindergarten,317
2022-2023,7,VAN ZANDT COUNTY,Grade 1,398
2022-2023,10,VAN ZANDT COUNTY,Grade 1,394
2022-2023,7,VAN ZANDT COUNTY,Grade 2,377
2022-2023,10,VAN ZANDT COUNTY,Grade 2,385
2022-2023,7,VAN ZANDT COUNTY,Grade 3,390
2022-2023,10,VAN ZANDT COUNTY,Grade 3,356
2022-2023,7,VAN ZANDT COUNTY,Grade 4,413
2022-2023,10,VAN ZANDT COUNTY,Grade 4,371
2022-2023,7,VAN ZANDT COUNTY,Grade 5,403
2022-2023,10,VAN ZANDT COUNTY,Grade 5,375
2022-2023,7,VAN ZANDT COUNTY,Grade 6,413
2022-2023,10,VAN ZANDT COUNTY,Grade 6,393
2022-2023,7,VAN ZANDT COUNTY,Grade 7,450
2022-2023,10,VAN ZANDT COUNTY,Grade 7,346
2022-2023,7,VAN ZANDT COUNTY,Grade 8,430
2022-2023,10,VAN ZANDT COUNTY,Grade 8,410
2022-2023,7,VAN ZANDT COUNTY,Grade 9,475
2022-2023,10,VAN ZANDT COUNTY,Grade 9,400
2022-2023,7,VAN ZANDT COUNTY,Grade 10,473
2022-2023,10,VAN ZANDT COUNTY,Grade 10,381
2022-2023,7,VAN ZANDT COUNTY,Grade 11,417
2022-2023,10,VAN ZANDT COUNTY,Grade 11,356
2022-2023,7,VAN ZANDT COUNTY,Grade 12,410
2022-2023,10,VAN ZANDT COUNTY,Grade 12,319
2022-2023,3,VICTORIA COUNTY,Early Education,71
2022-2023,3,VICTORIA COUNTY,Pre-kindergarten,809
2022-2023,3,VICTORIA COUNTY,Kindergarten,986
2022-2023,3,VICTORIA COUNTY,Grade 1,1079
2022-2023,3,VICTORIA COUNTY,Grade 2,1053
2022-2023,3,VICTORIA COUNTY,Grade 3,959
2022-2023,3,VICTORIA COUNTY,Grade 4,1006
2022-2023,3,VICTORIA COUNTY,Grade 5,1023
2022-2023,3,VICTORIA COUNTY,Grade 6,984
2022-2023,3,VICTORIA COUNTY,Grade 7,1000
2022-2023,3,VICTORIA COUNTY,Grade 8,1084
2022-2023,3,VICTORIA COUNTY,Grade 9,1281
2022-2023,3,VICTORIA COUNTY,Grade 10,1136
2022-2023,3,VICTORIA COUNTY,Grade 11,940
2022-2023,3,VICTORIA COUNTY,Grade 12,860
2022-2023,6,WALKER COUNTY,Early Education,26
2022-2023,6,WALKER COUNTY,Pre-kindergarten,308
2022-2023,6,WALKER COUNTY,Kindergarten,513
2022-2023,6,WALKER COUNTY,Grade 1,610
2022-2023,6,WALKER COUNTY,Grade 2,605
2022-2023,6,WALKER COUNTY,Grade 3,645
2022-2023,6,WALKER COUNTY,Grade 4,1229
2022-2023,6,WALKER COUNTY,Grade 5,1171
2022-2023,6,WALKER COUNTY,Grade 6,1130
2022-2023,6,WALKER COUNTY,Grade 7,1185
2022-2023,6,WALKER COUNTY,Grade 8,1227
2022-2023,6,WALKER COUNTY,Grade 9,1313
2022-2023,6,WALKER COUNTY,Grade 10,1102
2022-2023,6,WALKER COUNTY,Grade 11,965
2022-2023,6,WALKER COUNTY,Grade 12,906
2022-2023,4,WALLER COUNTY,Early Education,57
2022-2023,4,WALLER COUNTY,Pre-kindergarten,693
2022-2023,4,WALLER COUNTY,Kindergarten,848
2022-2023,4,WALLER COUNTY,Grade 1,870
2022-2023,4,WALLER COUNTY,Grade 2,923
2022-2023,4,WALLER COUNTY,Grade 3,936
2022-2023,4,WALLER COUNTY,Grade 4,932
2022-2023,4,WALLER COUNTY,Grade 5,953
2022-2023,4,WALLER COUNTY,Grade 6,938
2022-2023,4,WALLER COUNTY,Grade 7,948
2022-2023,4,WALLER COUNTY,Grade 8,1065
2022-2023,4,WALLER COUNTY,Grade 9,1283
2022-2023,4,WALLER COUNTY,Grade 10,1044
2022-2023,4,WALLER COUNTY,Grade 11,860
2022-2023,4,WALLER COUNTY,Grade 12,759
2022-2023,18,WARD COUNTY,Early Education,16
2022-2023,18,WARD COUNTY,Pre-kindergarten,89
2022-2023,18,WARD COUNTY,Kindergarten,175
2022-2023,18,WARD COUNTY,Grade 1,188
2022-2023,18,WARD COUNTY,Grade 2,157
2022-2023,18,WARD COUNTY,Grade 3,183
2022-2023,18,WARD COUNTY,Grade 4,171
2022-2023,18,WARD COUNTY,Grade 5,148
2022-2023,18,WARD COUNTY,Grade 6,179
2022-2023,18,WARD COUNTY,Grade 7,181
2022-2023,18,WARD COUNTY,Grade 8,191
2022-2023,18,WARD COUNTY,Grade 9,222
2022-2023,18,WARD COUNTY,Grade 10,158
2022-2023,18,WARD COUNTY,Grade 11,127
2022-2023,18,WARD COUNTY,Grade 12,149
2022-2023,6,WASHINGTON COUNTY,Early Education,28
2022-2023,6,WASHINGTON COUNTY,Pre-kindergarten,245
2022-2023,6,WASHINGTON COUNTY,Kindergarten,328
2022-2023,6,WASHINGTON COUNTY,Grade 1,346
2022-2023,6,WASHINGTON COUNTY,Grade 2,398
2022-2023,6,WASHINGTON COUNTY,Grade 3,377
2022-2023,6,WASHINGTON COUNTY,Grade 4,396
2022-2023,6,WASHINGTON COUNTY,Grade 5,393
2022-2023,6,WASHINGTON COUNTY,Grade 6,394
2022-2023,6,WASHINGTON COUNTY,Grade 7,400
2022-2023,6,WASHINGTON COUNTY,Grade 8,439
2022-2023,6,WASHINGTON COUNTY,Grade 9,457
2022-2023,6,WASHINGTON COUNTY,Grade 10,485
2022-2023,6,WASHINGTON COUNTY,Grade 11,402
2022-2023,6,WASHINGTON COUNTY,Grade 12,383
2022-2023,1,WEBB COUNTY,Early Education,228
2022-2023,1,WEBB COUNTY,Pre-kindergarten,3023
2022-2023,1,WEBB COUNTY,Kindergarten,3935
2022-2023,1,WEBB COUNTY,Grade 1,4578
2022-2023,1,WEBB COUNTY,Grade 2,4298
2022-2023,1,WEBB COUNTY,Grade 3,4316
2022-2023,1,WEBB COUNTY,Grade 4,4422
2022-2023,1,WEBB COUNTY,Grade 5,4444
2022-2023,1,WEBB COUNTY,Grade 6,4499
2022-2023,1,WEBB COUNTY,Grade 7,4474
2022-2023,1,WEBB COUNTY,Grade 8,4752
2022-2023,1,WEBB COUNTY,Grade 9,5338
2022-2023,1,WEBB COUNTY,Grade 10,5062
2022-2023,1,WEBB COUNTY,Grade 11,4567
2022-2023,1,WEBB COUNTY,Grade 12,4837
2022-2023,3,WHARTON COUNTY,Early Education,38
2022-2023,3,WHARTON COUNTY,Pre-kindergarten,427
2022-2023,3,WHARTON COUNTY,Kindergarten,541
2022-2023,3,WHARTON COUNTY,Grade 1,554
2022-2023,3,WHARTON COUNTY,Grade 2,547
2022-2023,3,WHARTON COUNTY,Grade 3,539
2022-2023,3,WHARTON COUNTY,Grade 4,554
2022-2023,3,WHARTON COUNTY,Grade 5,522
2022-2023,3,WHARTON COUNTY,Grade 6,555
2022-2023,3,WHARTON COUNTY,Grade 7,593
2022-2023,3,WHARTON COUNTY,Grade 8,579
2022-2023,3,WHARTON COUNTY,Grade 9,624
2022-2023,3,WHARTON COUNTY,Grade 10,625
2022-2023,3,WHARTON COUNTY,Grade 11,574
2022-2023,3,WHARTON COUNTY,Grade 12,575
2022-2023,16,WHEELER COUNTY,Early Education,3
2022-2023,16,WHEELER COUNTY,Pre-kindergarten,58
2022-2023,16,WHEELER COUNTY,Kindergarten,68
2022-2023,16,WHEELER COUNTY,Grade 1,77
2022-2023,16,WHEELER COUNTY,Grade 2,72
2022-2023,16,WHEELER COUNTY,Grade 3,79
2022-2023,16,WHEELER COUNTY,Grade 4,71
2022-2023,16,WHEELER COUNTY,Grade 5,81
2022-2023,16,WHEELER COUNTY,Grade 6,79
2022-2023,16,WHEELER COUNTY,Grade 7,73
2022-2023,16,WHEELER COUNTY,Grade 8,79
2022-2023,16,WHEELER COUNTY,Grade 9,80
2022-2023,16,WHEELER COUNTY,Grade 10,79
2022-2023,16,WHEELER COUNTY,Grade 11,69
2022-2023,16,WHEELER COUNTY,Grade 12,85
2022-2023,9,WICHITA COUNTY,Early Education,91
2022-2023,9,WICHITA COUNTY,Pre-kindergarten,1138
2022-2023,9,WICHITA COUNTY,Kindergarten,1458
2022-2023,9,WICHITA COUNTY,Grade 1,1491
2022-2023,9,WICHITA COUNTY,Grade 2,1520
2022-2023,9,WICHITA COUNTY,Grade 3,1510
2022-2023,9,WICHITA COUNTY,Grade 4,1463
2022-2023,9,WICHITA COUNTY,Grade 5,1484
2022-2023,9,WICHITA COUNTY,Grade 6,1411
2022-2023,9,WICHITA COUNTY,Grade 7,1406
2022-2023,9,WICHITA COUNTY,Grade 8,1449
2022-2023,9,WICHITA COUNTY,Grade 9,1550
2022-2023,9,WICHITA COUNTY,Grade 10,1426
2022-2023,9,WICHITA COUNTY,Grade 11,1318
2022-2023,9,WICHITA COUNTY,Grade 12,1276
2022-2023,9,WILBARGER COUNTY,Early Education,13
2022-2023,9,WILBARGER COUNTY,Pre-kindergarten,63
2022-2023,9,WILBARGER COUNTY,Kindergarten,153
2022-2023,9,WILBARGER COUNTY,Grade 1,158
2022-2023,9,WILBARGER COUNTY,Grade 2,170
2022-2023,9,WILBARGER COUNTY,Grade 3,148
2022-2023,9,WILBARGER COUNTY,Grade 4,170
2022-2023,9,WILBARGER COUNTY,Grade 5,166
2022-2023,9,WILBARGER COUNTY,Grade 6,162
2022-2023,9,WILBARGER COUNTY,Grade 7,152
2022-2023,9,WILBARGER COUNTY,Grade 8,160
2022-2023,9,WILBARGER COUNTY,Grade 9,195
2022-2023,9,WILBARGER COUNTY,Grade 10,141
2022-2023,9,WILBARGER COUNTY,Grade 11,160
2022-2023,9,WILBARGER COUNTY,Grade 12,162
2022-2023,1,WILLACY COUNTY,Early Education,4
2022-2023,1,WILLACY COUNTY,Pre-kindergarten,319
2022-2023,1,WILLACY COUNTY,Kindergarten,263
2022-2023,1,WILLACY COUNTY,Grade 1,295
2022-2023,1,WILLACY COUNTY,Grade 2,273
2022-2023,1,WILLACY COUNTY,Grade 3,245
2022-2023,1,WILLACY COUNTY,Grade 4,264
2022-2023,1,WILLACY COUNTY,Grade 5,250
2022-2023,1,WILLACY COUNTY,Grade 6,292
2022-2023,1,WILLACY COUNTY,Grade 7,276
2022-2023,1,WILLACY COUNTY,Grade 8,289
2022-2023,1,WILLACY COUNTY,Grade 9,337
2022-2023,1,WILLACY COUNTY,Grade 10,307
2022-2023,1,WILLACY COUNTY,Grade 11,267
2022-2023,1,WILLACY COUNTY,Grade 12,295
2022-2023,13,WILLIAMSON COUNTY,Early Education,777
2022-2023,13,WILLIAMSON COUNTY,Pre-kindergarten,3363
2022-2023,13,WILLIAMSON COUNTY,Kindergarten,8588
2022-2023,13,WILLIAMSON COUNTY,Grade 1,9252
2022-2023,13,WILLIAMSON COUNTY,Grade 2,9237
2022-2023,13,WILLIAMSON COUNTY,Grade 3,9682
2022-2023,13,WILLIAMSON COUNTY,Grade 4,9673
2022-2023,13,WILLIAMSON COUNTY,Grade 5,9563
2022-2023,13,WILLIAMSON COUNTY,Grade 6,9812
2022-2023,13,WILLIAMSON COUNTY,Grade 7,9906
2022-2023,13,WILLIAMSON COUNTY,Grade 8,10149
2022-2023,13,WILLIAMSON COUNTY,Grade 9,11019
2022-2023,13,WILLIAMSON COUNTY,Grade 10,10457
2022-2023,13,WILLIAMSON COUNTY,Grade 11,9814
2022-2023,13,WILLIAMSON COUNTY,Grade 12,9695
2022-2023,20,WILSON COUNTY,Early Education,41
2022-2023,20,WILSON COUNTY,Pre-kindergarten,318
2022-2023,20,WILSON COUNTY,Kindergarten,585
2022-2023,20,WILSON COUNTY,Grade 1,741
2022-2023,20,WILSON COUNTY,Grade 2,663
2022-2023,20,WILSON COUNTY,Grade 3,715
2022-2023,20,WILSON COUNTY,Grade 4,656
2022-2023,20,WILSON COUNTY,Grade 5,721
2022-2023,20,WILSON COUNTY,Grade 6,680
2022-2023,20,WILSON COUNTY,Grade 7,718
2022-2023,20,WILSON COUNTY,Grade 8,739
2022-2023,20,WILSON COUNTY,Grade 9,749
2022-2023,20,WILSON COUNTY,Grade 10,777
2022-2023,20,WILSON COUNTY,Grade 11,644
2022-2023,20,WILSON COUNTY,Grade 12,602
2022-2023,18,WINKLER COUNTY,Early Education,12
2022-2023,18,WINKLER COUNTY,Pre-kindergarten,93
2022-2023,18,WINKLER COUNTY,Kindergarten,133
2022-2023,18,WINKLER COUNTY,Grade 1,127
2022-2023,18,WINKLER COUNTY,Grade 2,146
2022-2023,18,WINKLER COUNTY,Grade 3,119
2022-2023,18,WINKLER COUNTY,Grade 4,133
2022-2023,18,WINKLER COUNTY,Grade 5,130
2022-2023,18,WINKLER COUNTY,Grade 6,127
2022-2023,18,WINKLER COUNTY,Grade 7,134
2022-2023,18,WINKLER COUNTY,Grade 8,132
2022-2023,18,WINKLER COUNTY,Grade 9,152
2022-2023,18,WINKLER COUNTY,Grade 10,149
2022-2023,18,WINKLER COUNTY,Grade 11,114
2022-2023,18,WINKLER COUNTY,Grade 12,104
2022-2023,11,WISE COUNTY,Early Education,47
2022-2023,11,WISE COUNTY,Pre-kindergarten,341
2022-2023,11,WISE COUNTY,Kindergarten,659
2022-2023,11,WISE COUNTY,Grade 1,812
2022-2023,11,WISE COUNTY,Grade 2,817
2022-2023,11,WISE COUNTY,Grade 3,774
2022-2023,11,WISE COUNTY,Grade 4,764
2022-2023,11,WISE COUNTY,Grade 5,715
2022-2023,11,WISE COUNTY,Grade 6,804
2022-2023,11,WISE COUNTY,Grade 7,747
2022-2023,11,WISE COUNTY,Grade 8,743
2022-2023,11,WISE COUNTY,Grade 9,859
2022-2023,11,WISE COUNTY,Grade 10,826
2022-2023,11,WISE COUNTY,Grade 11,706
2022-2023,11,WISE COUNTY,Grade 12,657
2022-2023,7,WOOD COUNTY,Early Education,17
2022-2023,7,WOOD COUNTY,Pre-kindergarten,263
2022-2023,7,WOOD COUNTY,Kindergarten,457
2022-2023,7,WOOD COUNTY,Grade 1,467
2022-2023,7,WOOD COUNTY,Grade 2,457
2022-2023,7,WOOD COUNTY,Grade 3,453
2022-2023,7,WOOD COUNTY,Grade 4,474
2022-2023,7,WOOD COUNTY,Grade 5,455
2022-2023,7,WOOD COUNTY,Grade 6,442
2022-2023,7,WOOD COUNTY,Grade 7,487
2022-2023,7,WOOD COUNTY,Grade 8,518
2022-2023,7,WOOD COUNTY,Grade 9,512
2022-2023,7,WOOD COUNTY,Grade 10,520
2022-2023,7,WOOD COUNTY,Grade 11,428
2022-2023,7,WOOD COUNTY,Grade 12,427
2022-2023,17,YOAKUM COUNTY,Early Education,14
2022-2023,17,YOAKUM COUNTY,Pre-kindergarten,74
2022-2023,17,YOAKUM COUNTY,Kindergarten,113
2022-2023,17,YOAKUM COUNTY,Grade 1,116
2022-2023,17,YOAKUM COUNTY,Grade 2,138
2022-2023,17,YOAKUM COUNTY,Grade 3,134
2022-2023,17,YOAKUM COUNTY,Grade 4,150
2022-2023,17,YOAKUM COUNTY,Grade 5,136
2022-2023,17,YOAKUM COUNTY,Grade 6,142
2022-2023,17,YOAKUM COUNTY,Grade 7,159
2022-2023,17,YOAKUM COUNTY,Grade 8,159
2022-2023,17,YOAKUM COUNTY,Grade 9,171
2022-2023,17,YOAKUM COUNTY,Grade 10,169
2022-2023,17,YOAKUM COUNTY,Grade 11,150
2022-2023,17,YOAKUM COUNTY,Grade 12,163
2022-2023,9,YOUNG COUNTY,Early Education,11
2022-2023,9,YOUNG COUNTY,Pre-kindergarten,166
2022-2023,9,YOUNG COUNTY,Kindergarten,227
2022-2023,9,YOUNG COUNTY,Grade 1,218
2022-2023,9,YOUNG COUNTY,Grade 2,225
2022-2023,9,YOUNG COUNTY,Grade 3,216
2022-2023,9,YOUNG COUNTY,Grade 4,210
2022-2023,9,YOUNG COUNTY,Grade 5,238
2022-2023,9,YOUNG COUNTY,Grade 6,229
2022-2023,9,YOUNG COUNTY,Grade 7,246
2022-2023,9,YOUNG COUNTY,Grade 8,279
2022-2023,9,YOUNG COUNTY,Grade 9,260
2022-2023,9,YOUNG COUNTY,Grade 10,251
2022-2023,9,YOUNG COUNTY,Grade 11,232
2022-2023,9,YOUNG COUNTY,Grade 12,202
2022-2023,1,ZAPATA COUNTY,Early Education,9
2022-2023,1,ZAPATA COUNTY,Pre-kindergarten,191
2022-2023,1,ZAPATA COUNTY,Kindergarten,202
2022-2023,1,ZAPATA COUNTY,Grade 1,216
2022-2023,1,ZAPATA COUNTY,Grade 2,225
2022-2023,1,ZAPATA COUNTY,Grade 3,249
2022-2023,1,ZAPATA COUNTY,Grade 4,226
2022-2023,1,ZAPATA COUNTY,Grade 5,240
2022-2023,1,ZAPATA COUNTY,Grade 6,256
2022-2023,1,ZAPATA COUNTY,Grade 7,254
2022-2023,1,ZAPATA COUNTY,Grade 8,274
2022-2023,1,ZAPATA COUNTY,Grade 9,281
2022-2023,1,ZAPATA COUNTY,Grade 10,253
2022-2023,1,ZAPATA COUNTY,Grade 11,257
2022-2023,1,ZAPATA COUNTY,Grade 12,243
2022-2023,20,ZAVALA COUNTY,Early Education,5
2022-2023,20,ZAVALA COUNTY,Pre-kindergarten,189
2022-2023,20,ZAVALA COUNTY,Kindergarten,125
2022-2023,20,ZAVALA COUNTY,Grade 1,143
2022-2023,20,ZAVALA COUNTY,Grade 2,153
2022-2023,20,ZAVALA COUNTY,Grade 3,159
2022-2023,20,ZAVALA COUNTY,Grade 4,186
2022-2023,20,ZAVALA COUNTY,Grade 5,157
2022-2023,20,ZAVALA COUNTY,Grade 6,135
2022-2023,20,ZAVALA COUNTY,Grade 7,181
2022-2023,20,ZAVALA COUNTY,Grade 8,175
2022-2023,20,ZAVALA COUNTY,Grade 9,195
2022-2023,20,ZAVALA COUNTY,Grade 10,164
2022-2023,20,ZAVALA COUNTY,Grade 11,152
2022-2023,20,ZAVALA COUNTY,Grade 12,171
