T E X A S  E D U C A T I O N  A G E N C Y,,,,
,,,,
PEIMS Student Enrollment Data for 2023-2024,,,,
,,,,
YEAR,REGION,COUNTY NAME,GRADE,ENROLLMENT
2023-2024,7,ANDERSON COUNTY,Early Education,18
2023-2024,7,ANDERSON COUNTY,Pre-kindergarten,442
2023-2024,7,ANDERSON COUNTY,Kindergarten,557
2023-2024,7,ANDERSON COUNTY,Grade 1,564
2023-2024,7,ANDERSON COUNTY,Grade 2,556
2023-2024,7,ANDERSON COUNTY,Grade 3,536
2023-2024,7,ANDERSON COUNTY,Grade 4,563
2023-2024,7,ANDERSON COUNTY,Grade 5,572
2023-2024,7,ANDERSON COUNTY,Grade 6,552
2023-2024,7,ANDERSON COUNTY,Grade 7,570
2023-2024,7,ANDERSON COUNTY,Grade 8,585
2023-2024,7,ANDERSON COUNTY,Grade 9,659
2023-2024,7,ANDERSON COUNTY,Grade 10,622
2023-2024,7,ANDERSON COUNTY,Grade 11,575
2023-2024,7,ANDERSON COUNTY,Grade 12,487
2023-2024,18,ANDREWS COUNTY,Early Education,31
2023-2024,18,ANDREWS COUNTY,Pre-kindergarten,100
2023-2024,18,ANDREWS COUNTY,Kindergarten,298
2023-2024,18,ANDREWS COUNTY,Grade 1,320
2023-2024,18,ANDREWS COUNTY,Grade 2,337
2023-2024,18,ANDREWS COUNTY,Grade 3,350
2023-2024,18,ANDREWS COUNTY,Grade 4,306
2023-2024,18,ANDREWS COUNTY,Grade 5,343
2023-2024,18,ANDREWS COUNTY,Grade 6,329
2023-2024,18,ANDREWS COUNTY,Grade 7,311
2023-2024,18,ANDREWS COUNTY,Grade 8,301
2023-2024,18,ANDREWS COUNTY,Grade 9,355
2023-2024,18,ANDREWS COUNTY,Grade 10,308
2023-2024,18,ANDREWS COUNTY,Grade 11,326
2023-2024,18,ANDREWS COUNTY,Grade 12,254
2023-2024,7,ANGELINA COUNTY,Early Education,67
2023-2024,7,ANGELINA COUNTY,Pre-kindergarten,769
2023-2024,7,ANGELINA COUNTY,Kindergarten,1102
2023-2024,7,ANGELINA COUNTY,Grade 1,1112
2023-2024,7,ANGELINA COUNTY,Grade 2,1173
2023-2024,7,ANGELINA COUNTY,Grade 3,1111
2023-2024,7,ANGELINA COUNTY,Grade 4,1179
2023-2024,7,ANGELINA COUNTY,Grade 5,1142
2023-2024,7,ANGELINA COUNTY,Grade 6,1193
2023-2024,7,ANGELINA COUNTY,Grade 7,1153
2023-2024,7,ANGELINA COUNTY,Grade 8,1133
2023-2024,7,ANGELINA COUNTY,Grade 9,1267
2023-2024,7,ANGELINA COUNTY,Grade 10,1226
2023-2024,7,ANGELINA COUNTY,Grade 11,1186
2023-2024,7,ANGELINA COUNTY,Grade 12,1058
2023-2024,2,ARANSAS COUNTY,Early Education,8
2023-2024,2,ARANSAS COUNTY,Pre-kindergarten,150
2023-2024,2,ARANSAS COUNTY,Kindergarten,193
2023-2024,2,ARANSAS COUNTY,Grade 1,200
2023-2024,2,ARANSAS COUNTY,Grade 2,205
2023-2024,2,ARANSAS COUNTY,Grade 3,182
2023-2024,2,ARANSAS COUNTY,Grade 4,229
2023-2024,2,ARANSAS COUNTY,Grade 5,203
2023-2024,2,ARANSAS COUNTY,Grade 6,223
2023-2024,2,ARANSAS COUNTY,Grade 7,235
2023-2024,2,ARANSAS COUNTY,Grade 8,242
2023-2024,2,ARANSAS COUNTY,Grade 9,243
2023-2024,2,ARANSAS COUNTY,Grade 10,236
2023-2024,2,ARANSAS COUNTY,Grade 11,235
2023-2024,2,ARANSAS COUNTY,Grade 12,184
2023-2024,9,ARCHER COUNTY,Early Education,10
2023-2024,9,ARCHER COUNTY,Pre-kindergarten,71
2023-2024,9,ARCHER COUNTY,Kindergarten,132
2023-2024,9,ARCHER COUNTY,Grade 1,149
2023-2024,9,ARCHER COUNTY,Grade 2,160
2023-2024,9,ARCHER COUNTY,Grade 3,177
2023-2024,9,ARCHER COUNTY,Grade 4,157
2023-2024,9,ARCHER COUNTY,Grade 5,166
2023-2024,9,ARCHER COUNTY,Grade 6,164
2023-2024,9,ARCHER COUNTY,Grade 7,157
2023-2024,9,ARCHER COUNTY,Grade 8,158
2023-2024,9,ARCHER COUNTY,Grade 9,170
2023-2024,9,ARCHER COUNTY,Grade 10,171
2023-2024,9,ARCHER COUNTY,Grade 11,157
2023-2024,9,ARCHER COUNTY,Grade 12,150
2023-2024,16,ARMSTRONG COUNTY,Early Education,5
2023-2024,16,ARMSTRONG COUNTY,Pre-kindergarten,11
2023-2024,16,ARMSTRONG COUNTY,Kindergarten,25
2023-2024,16,ARMSTRONG COUNTY,Grade 1,25
2023-2024,16,ARMSTRONG COUNTY,Grade 2,19
2023-2024,16,ARMSTRONG COUNTY,Grade 3,17
2023-2024,16,ARMSTRONG COUNTY,Grade 4,32
2023-2024,16,ARMSTRONG COUNTY,Grade 5,32
2023-2024,16,ARMSTRONG COUNTY,Grade 6,21
2023-2024,16,ARMSTRONG COUNTY,Grade 7,20
2023-2024,16,ARMSTRONG COUNTY,Grade 8,24
2023-2024,16,ARMSTRONG COUNTY,Grade 9,25
2023-2024,16,ARMSTRONG COUNTY,Grade 10,22
2023-2024,16,ARMSTRONG COUNTY,Grade 11,18
2023-2024,16,ARMSTRONG COUNTY,Grade 12,23
2023-2024,20,ATASCOSA COUNTY,Early Education,54
2023-2024,20,ATASCOSA COUNTY,Pre-kindergarten,503
2023-2024,20,ATASCOSA COUNTY,Kindergarten,605
2023-2024,20,ATASCOSA COUNTY,Grade 1,676
2023-2024,20,ATASCOSA COUNTY,Grade 2,635
2023-2024,20,ATASCOSA COUNTY,Grade 3,640
2023-2024,20,ATASCOSA COUNTY,Grade 4,652
2023-2024,20,ATASCOSA COUNTY,Grade 5,654
2023-2024,20,ATASCOSA COUNTY,Grade 6,671
2023-2024,20,ATASCOSA COUNTY,Grade 7,676
2023-2024,20,ATASCOSA COUNTY,Grade 8,692
2023-2024,20,ATASCOSA COUNTY,Grade 9,738
2023-2024,20,ATASCOSA COUNTY,Grade 10,674
2023-2024,20,ATASCOSA COUNTY,Grade 11,620
2023-2024,20,ATASCOSA COUNTY,Grade 12,569
2023-2024,6,AUSTIN COUNTY,Early Education,45
2023-2024,6,AUSTIN COUNTY,Pre-kindergarten,199
2023-2024,6,AUSTIN COUNTY,Kindergarten,367
2023-2024,6,AUSTIN COUNTY,Grade 1,375
2023-2024,6,AUSTIN COUNTY,Grade 2,455
2023-2024,6,AUSTIN COUNTY,Grade 3,439
2023-2024,6,AUSTIN COUNTY,Grade 4,400
2023-2024,6,AUSTIN COUNTY,Grade 5,417
2023-2024,6,AUSTIN COUNTY,Grade 6,476
2023-2024,6,AUSTIN COUNTY,Grade 7,466
2023-2024,6,AUSTIN COUNTY,Grade 8,512
2023-2024,6,AUSTIN COUNTY,Grade 9,547
2023-2024,6,AUSTIN COUNTY,Grade 10,544
2023-2024,6,AUSTIN COUNTY,Grade 11,490
2023-2024,6,AUSTIN COUNTY,Grade 12,412
2023-2024,17,BAILEY COUNTY,Early Education,13
2023-2024,17,BAILEY COUNTY,Pre-kindergarten,79
2023-2024,17,BAILEY COUNTY,Kindergarten,94
2023-2024,17,BAILEY COUNTY,Grade 1,111
2023-2024,17,BAILEY COUNTY,Grade 2,94
2023-2024,17,BAILEY COUNTY,Grade 3,98
2023-2024,17,BAILEY COUNTY,Grade 4,102
2023-2024,17,BAILEY COUNTY,Grade 5,91
2023-2024,17,BAILEY COUNTY,Grade 6,97
2023-2024,17,BAILEY COUNTY,Grade 7,101
2023-2024,17,BAILEY COUNTY,Grade 8,88
2023-2024,17,BAILEY COUNTY,Grade 9,108
2023-2024,17,BAILEY COUNTY,Grade 10,95
2023-2024,17,BAILEY COUNTY,Grade 11,74
2023-2024,17,BAILEY COUNTY,Grade 12,76
2023-2024,20,BANDERA COUNTY,Early Education,15
2023-2024,20,BANDERA COUNTY,Pre-kindergarten,86
2023-2024,20,BANDERA COUNTY,Kindergarten,175
2023-2024,20,BANDERA COUNTY,Grade 1,191
2023-2024,20,BANDERA COUNTY,Grade 2,169
2023-2024,20,BANDERA COUNTY,Grade 3,190
2023-2024,20,BANDERA COUNTY,Grade 4,188
2023-2024,20,BANDERA COUNTY,Grade 5,209
2023-2024,20,BANDERA COUNTY,Grade 6,185
2023-2024,20,BANDERA COUNTY,Grade 7,197
2023-2024,20,BANDERA COUNTY,Grade 8,189
2023-2024,20,BANDERA COUNTY,Grade 9,214
2023-2024,20,BANDERA COUNTY,Grade 10,204
2023-2024,20,BANDERA COUNTY,Grade 11,179
2023-2024,20,BANDERA COUNTY,Grade 12,186
2023-2024,13,BASTROP COUNTY,Early Education,93
2023-2024,13,BASTROP COUNTY,Pre-kindergarten,920
2023-2024,13,BASTROP COUNTY,Kindergarten,1382
2023-2024,13,BASTROP COUNTY,Grade 1,1411
2023-2024,13,BASTROP COUNTY,Grade 2,1569
2023-2024,13,BASTROP COUNTY,Grade 3,1512
2023-2024,13,BASTROP COUNTY,Grade 4,1469
2023-2024,13,BASTROP COUNTY,Grade 5,1419
2023-2024,13,BASTROP COUNTY,Grade 6,1396
2023-2024,13,BASTROP COUNTY,Grade 7,1525
2023-2024,13,BASTROP COUNTY,Grade 8,1504
2023-2024,13,BASTROP COUNTY,Grade 9,1982
2023-2024,13,BASTROP COUNTY,Grade 10,1817
2023-2024,13,BASTROP COUNTY,Grade 11,1467
2023-2024,13,BASTROP COUNTY,Grade 12,1453
2023-2024,9,BAYLOR COUNTY,Early Education,2
2023-2024,9,BAYLOR COUNTY,Pre-kindergarten,32
2023-2024,9,BAYLOR COUNTY,Kindergarten,51
2023-2024,9,BAYLOR COUNTY,Grade 1,56
2023-2024,9,BAYLOR COUNTY,Grade 2,42
2023-2024,9,BAYLOR COUNTY,Grade 3,40
2023-2024,9,BAYLOR COUNTY,Grade 4,44
2023-2024,9,BAYLOR COUNTY,Grade 5,61
2023-2024,9,BAYLOR COUNTY,Grade 6,46
2023-2024,9,BAYLOR COUNTY,Grade 7,42
2023-2024,9,BAYLOR COUNTY,Grade 8,47
2023-2024,9,BAYLOR COUNTY,Grade 9,42
2023-2024,9,BAYLOR COUNTY,Grade 10,44
2023-2024,9,BAYLOR COUNTY,Grade 11,40
2023-2024,9,BAYLOR COUNTY,Grade 12,44
2023-2024,2,BEE COUNTY,Early Education,25
2023-2024,2,BEE COUNTY,Pre-kindergarten,636
2023-2024,2,BEE COUNTY,Kindergarten,326
2023-2024,2,BEE COUNTY,Grade 1,335
2023-2024,2,BEE COUNTY,Grade 2,371
2023-2024,2,BEE COUNTY,Grade 3,383
2023-2024,2,BEE COUNTY,Grade 4,346
2023-2024,2,BEE COUNTY,Grade 5,378
2023-2024,2,BEE COUNTY,Grade 6,326
2023-2024,2,BEE COUNTY,Grade 7,326
2023-2024,2,BEE COUNTY,Grade 8,333
2023-2024,2,BEE COUNTY,Grade 9,402
2023-2024,2,BEE COUNTY,Grade 10,391
2023-2024,2,BEE COUNTY,Grade 11,317
2023-2024,2,BEE COUNTY,Grade 12,270
2023-2024,12,BELL COUNTY,Early Education,465
2023-2024,13,BELL COUNTY,Early Education,5
2023-2024,12,BELL COUNTY,Pre-kindergarten,3738
2023-2024,13,BELL COUNTY,Pre-kindergarten,23
2023-2024,12,BELL COUNTY,Kindergarten,5322
2023-2024,13,BELL COUNTY,Kindergarten,31
2023-2024,12,BELL COUNTY,Grade 1,5790
2023-2024,13,BELL COUNTY,Grade 1,23
2023-2024,12,BELL COUNTY,Grade 2,5760
2023-2024,13,BELL COUNTY,Grade 2,36
2023-2024,12,BELL COUNTY,Grade 3,5813
2023-2024,13,BELL COUNTY,Grade 3,27
2023-2024,12,BELL COUNTY,Grade 4,5748
2023-2024,13,BELL COUNTY,Grade 4,34
2023-2024,12,BELL COUNTY,Grade 5,5678
2023-2024,13,BELL COUNTY,Grade 5,32
2023-2024,12,BELL COUNTY,Grade 6,5578
2023-2024,13,BELL COUNTY,Grade 6,26
2023-2024,12,BELL COUNTY,Grade 7,5488
2023-2024,13,BELL COUNTY,Grade 7,30
2023-2024,12,BELL COUNTY,Grade 8,5361
2023-2024,13,BELL COUNTY,Grade 8,29
2023-2024,12,BELL COUNTY,Grade 9,6183
2023-2024,13,BELL COUNTY,Grade 9,29
2023-2024,20,BELL COUNTY,Grade 9,324
2023-2024,12,BELL COUNTY,Grade 10,5642
2023-2024,13,BELL COUNTY,Grade 10,44
2023-2024,20,BELL COUNTY,Grade 10,434
2023-2024,12,BELL COUNTY,Grade 11,5080
2023-2024,13,BELL COUNTY,Grade 11,34
2023-2024,20,BELL COUNTY,Grade 11,378
2023-2024,12,BELL COUNTY,Grade 12,4598
2023-2024,13,BELL COUNTY,Grade 12,36
2023-2024,20,BELL COUNTY,Grade 12,314
2023-2024,20,BEXAR COUNTY,Early Education,1797
2023-2024,20,BEXAR COUNTY,Pre-kindergarten,18053
2023-2024,20,BEXAR COUNTY,Kindergarten,24297
2023-2024,20,BEXAR COUNTY,Grade 1,25731
2023-2024,20,BEXAR COUNTY,Grade 2,26583
2023-2024,20,BEXAR COUNTY,Grade 3,26362
2023-2024,20,BEXAR COUNTY,Grade 4,26002
2023-2024,20,BEXAR COUNTY,Grade 5,25815
2023-2024,20,BEXAR COUNTY,Grade 6,25737
2023-2024,20,BEXAR COUNTY,Grade 7,25537
2023-2024,20,BEXAR COUNTY,Grade 8,25729
2023-2024,20,BEXAR COUNTY,Grade 9,29418
2023-2024,20,BEXAR COUNTY,Grade 10,26560
2023-2024,20,BEXAR COUNTY,Grade 11,24137
2023-2024,20,BEXAR COUNTY,Grade 12,21906
2023-2024,13,BLANCO COUNTY,Early Education,7
2023-2024,13,BLANCO COUNTY,Pre-kindergarten,57
2023-2024,13,BLANCO COUNTY,Kindergarten,116
2023-2024,13,BLANCO COUNTY,Grade 1,122
2023-2024,13,BLANCO COUNTY,Grade 2,131
2023-2024,13,BLANCO COUNTY,Grade 3,133
2023-2024,13,BLANCO COUNTY,Grade 4,118
2023-2024,13,BLANCO COUNTY,Grade 5,123
2023-2024,13,BLANCO COUNTY,Grade 6,126
2023-2024,13,BLANCO COUNTY,Grade 7,140
2023-2024,13,BLANCO COUNTY,Grade 8,142
2023-2024,13,BLANCO COUNTY,Grade 9,158
2023-2024,13,BLANCO COUNTY,Grade 10,140
2023-2024,13,BLANCO COUNTY,Grade 11,173
2023-2024,13,BLANCO COUNTY,Grade 12,137
2023-2024,17,BORDEN COUNTY,Early Education,1
2023-2024,17,BORDEN COUNTY,Pre-kindergarten,14
2023-2024,17,BORDEN COUNTY,Kindergarten,18
2023-2024,17,BORDEN COUNTY,Grade 1,17
2023-2024,17,BORDEN COUNTY,Grade 2,21
2023-2024,17,BORDEN COUNTY,Grade 3,16
2023-2024,17,BORDEN COUNTY,Grade 4,16
2023-2024,17,BORDEN COUNTY,Grade 5,18
2023-2024,17,BORDEN COUNTY,Grade 6,8
2023-2024,17,BORDEN COUNTY,Grade 7,16
2023-2024,17,BORDEN COUNTY,Grade 8,16
2023-2024,17,BORDEN COUNTY,Grade 9,27
2023-2024,17,BORDEN COUNTY,Grade 10,18
2023-2024,17,BORDEN COUNTY,Grade 11,14
2023-2024,17,BORDEN COUNTY,Grade 12,22
2023-2024,12,BOSQUE COUNTY,Early Education,17
2023-2024,12,BOSQUE COUNTY,Pre-kindergarten,119
2023-2024,12,BOSQUE COUNTY,Kindergarten,192
2023-2024,12,BOSQUE COUNTY,Grade 1,175
2023-2024,12,BOSQUE COUNTY,Grade 2,216
2023-2024,12,BOSQUE COUNTY,Grade 3,192
2023-2024,12,BOSQUE COUNTY,Grade 4,191
2023-2024,12,BOSQUE COUNTY,Grade 5,225
2023-2024,12,BOSQUE COUNTY,Grade 6,193
2023-2024,12,BOSQUE COUNTY,Grade 7,209
2023-2024,12,BOSQUE COUNTY,Grade 8,202
2023-2024,12,BOSQUE COUNTY,Grade 9,249
2023-2024,12,BOSQUE COUNTY,Grade 10,256
2023-2024,12,BOSQUE COUNTY,Grade 11,211
2023-2024,12,BOSQUE COUNTY,Grade 12,165
2023-2024,8,BOWIE COUNTY,Early Education,68
2023-2024,8,BOWIE COUNTY,Pre-kindergarten,1089
2023-2024,8,BOWIE COUNTY,Kindergarten,1221
2023-2024,8,BOWIE COUNTY,Grade 1,1268
2023-2024,8,BOWIE COUNTY,Grade 2,1310
2023-2024,8,BOWIE COUNTY,Grade 3,1252
2023-2024,8,BOWIE COUNTY,Grade 4,1216
2023-2024,8,BOWIE COUNTY,Grade 5,1246
2023-2024,8,BOWIE COUNTY,Grade 6,1319
2023-2024,8,BOWIE COUNTY,Grade 7,1230
2023-2024,8,BOWIE COUNTY,Grade 8,1294
2023-2024,8,BOWIE COUNTY,Grade 9,1341
2023-2024,8,BOWIE COUNTY,Grade 10,1277
2023-2024,8,BOWIE COUNTY,Grade 11,1227
2023-2024,8,BOWIE COUNTY,Grade 12,1098
2023-2024,4,BRAZORIA COUNTY,Early Education,430
2023-2024,4,BRAZORIA COUNTY,Pre-kindergarten,2232
2023-2024,4,BRAZORIA COUNTY,Kindergarten,4650
2023-2024,4,BRAZORIA COUNTY,Grade 1,4959
2023-2024,4,BRAZORIA COUNTY,Grade 2,5258
2023-2024,4,BRAZORIA COUNTY,Grade 3,5394
2023-2024,4,BRAZORIA COUNTY,Grade 4,5483
2023-2024,4,BRAZORIA COUNTY,Grade 5,5459
2023-2024,4,BRAZORIA COUNTY,Grade 6,5569
2023-2024,4,BRAZORIA COUNTY,Grade 7,5633
2023-2024,4,BRAZORIA COUNTY,Grade 8,5919
2023-2024,4,BRAZORIA COUNTY,Grade 9,6542
2023-2024,4,BRAZORIA COUNTY,Grade 10,6190
2023-2024,4,BRAZORIA COUNTY,Grade 11,5884
2023-2024,4,BRAZORIA COUNTY,Grade 12,5324
2023-2024,6,BRAZOS COUNTY,Early Education,209
2023-2024,6,BRAZOS COUNTY,Pre-kindergarten,1224
2023-2024,6,BRAZOS COUNTY,Kindergarten,2190
2023-2024,6,BRAZOS COUNTY,Grade 1,2285
2023-2024,6,BRAZOS COUNTY,Grade 2,2422
2023-2024,6,BRAZOS COUNTY,Grade 3,2337
2023-2024,6,BRAZOS COUNTY,Grade 4,2332
2023-2024,6,BRAZOS COUNTY,Grade 5,2254
2023-2024,6,BRAZOS COUNTY,Grade 6,2167
2023-2024,6,BRAZOS COUNTY,Grade 7,2173
2023-2024,6,BRAZOS COUNTY,Grade 8,2191
2023-2024,6,BRAZOS COUNTY,Grade 9,2696
2023-2024,6,BRAZOS COUNTY,Grade 10,2468
2023-2024,6,BRAZOS COUNTY,Grade 11,2217
2023-2024,6,BRAZOS COUNTY,Grade 12,1984
2023-2024,18,BREWSTER COUNTY,Early Education,1
2023-2024,18,BREWSTER COUNTY,Pre-kindergarten,86
2023-2024,18,BREWSTER COUNTY,Kindergarten,68
2023-2024,18,BREWSTER COUNTY,Grade 1,69
2023-2024,18,BREWSTER COUNTY,Grade 2,74
2023-2024,18,BREWSTER COUNTY,Grade 3,63
2023-2024,18,BREWSTER COUNTY,Grade 4,81
2023-2024,18,BREWSTER COUNTY,Grade 5,63
2023-2024,18,BREWSTER COUNTY,Grade 6,89
2023-2024,18,BREWSTER COUNTY,Grade 7,72
2023-2024,18,BREWSTER COUNTY,Grade 8,82
2023-2024,18,BREWSTER COUNTY,Grade 9,92
2023-2024,18,BREWSTER COUNTY,Grade 10,86
2023-2024,18,BREWSTER COUNTY,Grade 11,93
2023-2024,18,BREWSTER COUNTY,Grade 12,96
2023-2024,16,BRISCOE COUNTY,Early Education,1
2023-2024,16,BRISCOE COUNTY,Pre-kindergarten,12
2023-2024,16,BRISCOE COUNTY,Kindergarten,15
2023-2024,16,BRISCOE COUNTY,Grade 1,14
2023-2024,16,BRISCOE COUNTY,Grade 2,19
2023-2024,16,BRISCOE COUNTY,Grade 3,18
2023-2024,16,BRISCOE COUNTY,Grade 4,10
2023-2024,16,BRISCOE COUNTY,Grade 5,13
2023-2024,16,BRISCOE COUNTY,Grade 6,20
2023-2024,16,BRISCOE COUNTY,Grade 7,17
2023-2024,16,BRISCOE COUNTY,Grade 8,12
2023-2024,16,BRISCOE COUNTY,Grade 9,21
2023-2024,16,BRISCOE COUNTY,Grade 10,17
2023-2024,16,BRISCOE COUNTY,Grade 11,12
2023-2024,16,BRISCOE COUNTY,Grade 12,22
2023-2024,1,BROOKS COUNTY,Pre-kindergarten,96
2023-2024,1,BROOKS COUNTY,Kindergarten,75
2023-2024,1,BROOKS COUNTY,Grade 1,62
2023-2024,1,BROOKS COUNTY,Grade 2,99
2023-2024,1,BROOKS COUNTY,Grade 3,75
2023-2024,1,BROOKS COUNTY,Grade 4,85
2023-2024,1,BROOKS COUNTY,Grade 5,72
2023-2024,1,BROOKS COUNTY,Grade 6,107
2023-2024,1,BROOKS COUNTY,Grade 7,90
2023-2024,1,BROOKS COUNTY,Grade 8,98
2023-2024,1,BROOKS COUNTY,Grade 9,97
2023-2024,1,BROOKS COUNTY,Grade 10,102
2023-2024,1,BROOKS COUNTY,Grade 11,101
2023-2024,1,BROOKS COUNTY,Grade 12,85
2023-2024,15,BROWN COUNTY,Early Education,34
2023-2024,15,BROWN COUNTY,Pre-kindergarten,334
2023-2024,15,BROWN COUNTY,Kindergarten,435
2023-2024,15,BROWN COUNTY,Grade 1,435
2023-2024,15,BROWN COUNTY,Grade 2,439
2023-2024,15,BROWN COUNTY,Grade 3,414
2023-2024,15,BROWN COUNTY,Grade 4,452
2023-2024,15,BROWN COUNTY,Grade 5,442
2023-2024,15,BROWN COUNTY,Grade 6,455
2023-2024,15,BROWN COUNTY,Grade 7,433
2023-2024,15,BROWN COUNTY,Grade 8,460
2023-2024,15,BROWN COUNTY,Grade 9,498
2023-2024,15,BROWN COUNTY,Grade 10,499
2023-2024,15,BROWN COUNTY,Grade 11,453
2023-2024,15,BROWN COUNTY,Grade 12,380
2023-2024,6,BURLESON COUNTY,Early Education,36
2023-2024,6,BURLESON COUNTY,Pre-kindergarten,132
2023-2024,6,BURLESON COUNTY,Kindergarten,195
2023-2024,6,BURLESON COUNTY,Grade 1,215
2023-2024,6,BURLESON COUNTY,Grade 2,215
2023-2024,6,BURLESON COUNTY,Grade 3,221
2023-2024,6,BURLESON COUNTY,Grade 4,254
2023-2024,6,BURLESON COUNTY,Grade 5,230
2023-2024,6,BURLESON COUNTY,Grade 6,227
2023-2024,6,BURLESON COUNTY,Grade 7,240
2023-2024,6,BURLESON COUNTY,Grade 8,230
2023-2024,6,BURLESON COUNTY,Grade 9,243
2023-2024,6,BURLESON COUNTY,Grade 10,252
2023-2024,6,BURLESON COUNTY,Grade 11,232
2023-2024,6,BURLESON COUNTY,Grade 12,185
2023-2024,13,BURNET COUNTY,Early Education,44
2023-2024,13,BURNET COUNTY,Pre-kindergarten,333
2023-2024,13,BURNET COUNTY,Kindergarten,496
2023-2024,13,BURNET COUNTY,Grade 1,479
2023-2024,13,BURNET COUNTY,Grade 2,561
2023-2024,13,BURNET COUNTY,Grade 3,559
2023-2024,13,BURNET COUNTY,Grade 4,543
2023-2024,13,BURNET COUNTY,Grade 5,531
2023-2024,13,BURNET COUNTY,Grade 6,529
2023-2024,13,BURNET COUNTY,Grade 7,511
2023-2024,13,BURNET COUNTY,Grade 8,559
2023-2024,13,BURNET COUNTY,Grade 9,602
2023-2024,13,BURNET COUNTY,Grade 10,560
2023-2024,13,BURNET COUNTY,Grade 11,537
2023-2024,13,BURNET COUNTY,Grade 12,489
2023-2024,13,CALDWELL COUNTY,Early Education,39
2023-2024,13,CALDWELL COUNTY,Pre-kindergarten,373
2023-2024,13,CALDWELL COUNTY,Kindergarten,565
2023-2024,13,CALDWELL COUNTY,Grade 1,541
2023-2024,13,CALDWELL COUNTY,Grade 2,603
2023-2024,13,CALDWELL COUNTY,Grade 3,631
2023-2024,13,CALDWELL COUNTY,Grade 4,600
2023-2024,13,CALDWELL COUNTY,Grade 5,595
2023-2024,13,CALDWELL COUNTY,Grade 6,599
2023-2024,13,CALDWELL COUNTY,Grade 7,611
2023-2024,13,CALDWELL COUNTY,Grade 8,576
2023-2024,13,CALDWELL COUNTY,Grade 9,819
2023-2024,13,CALDWELL COUNTY,Grade 10,645
2023-2024,13,CALDWELL COUNTY,Grade 11,588
2023-2024,13,CALDWELL COUNTY,Grade 12,510
2023-2024,3,CALHOUN COUNTY,Early Education,21
2023-2024,3,CALHOUN COUNTY,Pre-kindergarten,189
2023-2024,3,CALHOUN COUNTY,Kindergarten,234
2023-2024,3,CALHOUN COUNTY,Grade 1,253
2023-2024,3,CALHOUN COUNTY,Grade 2,280
2023-2024,3,CALHOUN COUNTY,Grade 3,236
2023-2024,3,CALHOUN COUNTY,Grade 4,258
2023-2024,3,CALHOUN COUNTY,Grade 5,258
2023-2024,3,CALHOUN COUNTY,Grade 6,250
2023-2024,3,CALHOUN COUNTY,Grade 7,260
2023-2024,3,CALHOUN COUNTY,Grade 8,269
2023-2024,3,CALHOUN COUNTY,Grade 9,252
2023-2024,3,CALHOUN COUNTY,Grade 10,264
2023-2024,3,CALHOUN COUNTY,Grade 11,269
2023-2024,3,CALHOUN COUNTY,Grade 12,240
2023-2024,14,CALLAHAN COUNTY,Early Education,3
2023-2024,14,CALLAHAN COUNTY,Pre-kindergarten,142
2023-2024,14,CALLAHAN COUNTY,Kindergarten,184
2023-2024,14,CALLAHAN COUNTY,Grade 1,183
2023-2024,14,CALLAHAN COUNTY,Grade 2,192
2023-2024,14,CALLAHAN COUNTY,Grade 3,213
2023-2024,14,CALLAHAN COUNTY,Grade 4,187
2023-2024,14,CALLAHAN COUNTY,Grade 5,201
2023-2024,14,CALLAHAN COUNTY,Grade 6,187
2023-2024,14,CALLAHAN COUNTY,Grade 7,162
2023-2024,14,CALLAHAN COUNTY,Grade 8,205
2023-2024,14,CALLAHAN COUNTY,Grade 9,198
2023-2024,14,CALLAHAN COUNTY,Grade 10,186
2023-2024,14,CALLAHAN COUNTY,Grade 11,190
2023-2024,14,CALLAHAN COUNTY,Grade 12,170
2023-2024,1,CAMERON COUNTY,Early Education,156
2023-2024,1,CAMERON COUNTY,Pre-kindergarten,6167
2023-2024,1,CAMERON COUNTY,Kindergarten,4653
2023-2024,1,CAMERON COUNTY,Grade 1,5125
2023-2024,1,CAMERON COUNTY,Grade 2,5440
2023-2024,1,CAMERON COUNTY,Grade 3,5402
2023-2024,1,CAMERON COUNTY,Grade 4,5344
2023-2024,1,CAMERON COUNTY,Grade 5,5537
2023-2024,1,CAMERON COUNTY,Grade 6,6103
2023-2024,1,CAMERON COUNTY,Grade 7,6348
2023-2024,1,CAMERON COUNTY,Grade 8,6301
2023-2024,1,CAMERON COUNTY,Grade 9,7875
2023-2024,1,CAMERON COUNTY,Grade 10,7652
2023-2024,1,CAMERON COUNTY,Grade 11,7083
2023-2024,1,CAMERON COUNTY,Grade 12,6566
2023-2024,8,CAMP COUNTY,Early Education,12
2023-2024,8,CAMP COUNTY,Pre-kindergarten,81
2023-2024,8,CAMP COUNTY,Kindergarten,175
2023-2024,8,CAMP COUNTY,Grade 1,181
2023-2024,8,CAMP COUNTY,Grade 2,146
2023-2024,8,CAMP COUNTY,Grade 3,166
2023-2024,8,CAMP COUNTY,Grade 4,191
2023-2024,8,CAMP COUNTY,Grade 5,171
2023-2024,8,CAMP COUNTY,Grade 6,147
2023-2024,8,CAMP COUNTY,Grade 7,155
2023-2024,8,CAMP COUNTY,Grade 8,186
2023-2024,8,CAMP COUNTY,Grade 9,165
2023-2024,8,CAMP COUNTY,Grade 10,212
2023-2024,8,CAMP COUNTY,Grade 11,159
2023-2024,8,CAMP COUNTY,Grade 12,138
2023-2024,16,CARSON COUNTY,Early Education,5
2023-2024,16,CARSON COUNTY,Pre-kindergarten,58
2023-2024,16,CARSON COUNTY,Kindergarten,58
2023-2024,16,CARSON COUNTY,Grade 1,62
2023-2024,16,CARSON COUNTY,Grade 2,88
2023-2024,16,CARSON COUNTY,Grade 3,70
2023-2024,16,CARSON COUNTY,Grade 4,90
2023-2024,16,CARSON COUNTY,Grade 5,72
2023-2024,16,CARSON COUNTY,Grade 6,67
2023-2024,16,CARSON COUNTY,Grade 7,90
2023-2024,16,CARSON COUNTY,Grade 8,86
2023-2024,16,CARSON COUNTY,Grade 9,95
2023-2024,16,CARSON COUNTY,Grade 10,82
2023-2024,16,CARSON COUNTY,Grade 11,82
2023-2024,16,CARSON COUNTY,Grade 12,69
2023-2024,8,CASS COUNTY,Early Education,11
2023-2024,8,CASS COUNTY,Pre-kindergarten,353
2023-2024,8,CASS COUNTY,Kindergarten,355
2023-2024,8,CASS COUNTY,Grade 1,360
2023-2024,8,CASS COUNTY,Grade 2,418
2023-2024,8,CASS COUNTY,Grade 3,399
2023-2024,8,CASS COUNTY,Grade 4,398
2023-2024,8,CASS COUNTY,Grade 5,373
2023-2024,8,CASS COUNTY,Grade 6,412
2023-2024,8,CASS COUNTY,Grade 7,392
2023-2024,8,CASS COUNTY,Grade 8,409
2023-2024,8,CASS COUNTY,Grade 9,405
2023-2024,8,CASS COUNTY,Grade 10,386
2023-2024,8,CASS COUNTY,Grade 11,378
2023-2024,8,CASS COUNTY,Grade 12,362
2023-2024,16,CASTRO COUNTY,Pre-kindergarten,105
2023-2024,16,CASTRO COUNTY,Kindergarten,96
2023-2024,16,CASTRO COUNTY,Grade 1,94
2023-2024,16,CASTRO COUNTY,Grade 2,108
2023-2024,16,CASTRO COUNTY,Grade 3,119
2023-2024,16,CASTRO COUNTY,Grade 4,114
2023-2024,16,CASTRO COUNTY,Grade 5,119
2023-2024,16,CASTRO COUNTY,Grade 6,115
2023-2024,16,CASTRO COUNTY,Grade 7,113
2023-2024,16,CASTRO COUNTY,Grade 8,111
2023-2024,16,CASTRO COUNTY,Grade 9,133
2023-2024,16,CASTRO COUNTY,Grade 10,112
2023-2024,16,CASTRO COUNTY,Grade 11,106
2023-2024,16,CASTRO COUNTY,Grade 12,102
2023-2024,4,CHAMBERS COUNTY,Early Education,81
2023-2024,5,CHAMBERS COUNTY,Early Education,5
2023-2024,4,CHAMBERS COUNTY,Pre-kindergarten,295
2023-2024,5,CHAMBERS COUNTY,Pre-kindergarten,127
2023-2024,4,CHAMBERS COUNTY,Kindergarten,638
2023-2024,5,CHAMBERS COUNTY,Kindergarten,97
2023-2024,4,CHAMBERS COUNTY,Grade 1,676
2023-2024,5,CHAMBERS COUNTY,Grade 1,90
2023-2024,4,CHAMBERS COUNTY,Grade 2,708
2023-2024,5,CHAMBERS COUNTY,Grade 2,114
2023-2024,4,CHAMBERS COUNTY,Grade 3,737
2023-2024,5,CHAMBERS COUNTY,Grade 3,95
2023-2024,4,CHAMBERS COUNTY,Grade 4,752
2023-2024,5,CHAMBERS COUNTY,Grade 4,108
2023-2024,4,CHAMBERS COUNTY,Grade 5,714
2023-2024,5,CHAMBERS COUNTY,Grade 5,105
2023-2024,4,CHAMBERS COUNTY,Grade 6,676
2023-2024,5,CHAMBERS COUNTY,Grade 6,117
2023-2024,4,CHAMBERS COUNTY,Grade 7,711
2023-2024,5,CHAMBERS COUNTY,Grade 7,132
2023-2024,4,CHAMBERS COUNTY,Grade 8,715
2023-2024,5,CHAMBERS COUNTY,Grade 8,107
2023-2024,4,CHAMBERS COUNTY,Grade 9,693
2023-2024,5,CHAMBERS COUNTY,Grade 9,129
2023-2024,4,CHAMBERS COUNTY,Grade 10,670
2023-2024,5,CHAMBERS COUNTY,Grade 10,116
2023-2024,4,CHAMBERS COUNTY,Grade 11,671
2023-2024,5,CHAMBERS COUNTY,Grade 11,114
2023-2024,4,CHAMBERS COUNTY,Grade 12,533
2023-2024,5,CHAMBERS COUNTY,Grade 12,107
2023-2024,7,CHEROKEE COUNTY,Early Education,15
2023-2024,7,CHEROKEE COUNTY,Pre-kindergarten,434
2023-2024,7,CHEROKEE COUNTY,Kindergarten,567
2023-2024,7,CHEROKEE COUNTY,Grade 1,616
2023-2024,7,CHEROKEE COUNTY,Grade 2,631
2023-2024,7,CHEROKEE COUNTY,Grade 3,633
2023-2024,7,CHEROKEE COUNTY,Grade 4,571
2023-2024,7,CHEROKEE COUNTY,Grade 5,572
2023-2024,7,CHEROKEE COUNTY,Grade 6,588
2023-2024,7,CHEROKEE COUNTY,Grade 7,565
2023-2024,7,CHEROKEE COUNTY,Grade 8,589
2023-2024,7,CHEROKEE COUNTY,Grade 9,694
2023-2024,7,CHEROKEE COUNTY,Grade 10,616
2023-2024,7,CHEROKEE COUNTY,Grade 11,559
2023-2024,7,CHEROKEE COUNTY,Grade 12,498
2023-2024,16,CHILDRESS COUNTY,Early Education,5
2023-2024,16,CHILDRESS COUNTY,Pre-kindergarten,36
2023-2024,16,CHILDRESS COUNTY,Kindergarten,61
2023-2024,16,CHILDRESS COUNTY,Grade 1,71
2023-2024,16,CHILDRESS COUNTY,Grade 2,75
2023-2024,16,CHILDRESS COUNTY,Grade 3,56
2023-2024,16,CHILDRESS COUNTY,Grade 4,64
2023-2024,16,CHILDRESS COUNTY,Grade 5,64
2023-2024,16,CHILDRESS COUNTY,Grade 6,76
2023-2024,16,CHILDRESS COUNTY,Grade 7,72
2023-2024,16,CHILDRESS COUNTY,Grade 8,78
2023-2024,16,CHILDRESS COUNTY,Grade 9,92
2023-2024,16,CHILDRESS COUNTY,Grade 10,82
2023-2024,16,CHILDRESS COUNTY,Grade 11,78
2023-2024,16,CHILDRESS COUNTY,Grade 12,66
2023-2024,9,CLAY COUNTY,Early Education,4
2023-2024,9,CLAY COUNTY,Pre-kindergarten,105
2023-2024,9,CLAY COUNTY,Kindergarten,135
2023-2024,9,CLAY COUNTY,Grade 1,107
2023-2024,9,CLAY COUNTY,Grade 2,115
2023-2024,9,CLAY COUNTY,Grade 3,114
2023-2024,9,CLAY COUNTY,Grade 4,129
2023-2024,9,CLAY COUNTY,Grade 5,131
2023-2024,9,CLAY COUNTY,Grade 6,126
2023-2024,9,CLAY COUNTY,Grade 7,129
2023-2024,9,CLAY COUNTY,Grade 8,132
2023-2024,9,CLAY COUNTY,Grade 9,149
2023-2024,9,CLAY COUNTY,Grade 10,145
2023-2024,9,CLAY COUNTY,Grade 11,116
2023-2024,9,CLAY COUNTY,Grade 12,111
2023-2024,17,COCHRAN COUNTY,Pre-kindergarten,51
2023-2024,17,COCHRAN COUNTY,Kindergarten,40
2023-2024,17,COCHRAN COUNTY,Grade 1,54
2023-2024,17,COCHRAN COUNTY,Grade 2,45
2023-2024,17,COCHRAN COUNTY,Grade 3,34
2023-2024,17,COCHRAN COUNTY,Grade 4,49
2023-2024,17,COCHRAN COUNTY,Grade 5,41
2023-2024,17,COCHRAN COUNTY,Grade 6,51
2023-2024,17,COCHRAN COUNTY,Grade 7,51
2023-2024,17,COCHRAN COUNTY,Grade 8,53
2023-2024,17,COCHRAN COUNTY,Grade 9,59
2023-2024,17,COCHRAN COUNTY,Grade 10,57
2023-2024,17,COCHRAN COUNTY,Grade 11,53
2023-2024,17,COCHRAN COUNTY,Grade 12,41
2023-2024,15,COKE COUNTY,Early Education,6
2023-2024,15,COKE COUNTY,Pre-kindergarten,23
2023-2024,15,COKE COUNTY,Kindergarten,38
2023-2024,15,COKE COUNTY,Grade 1,34
2023-2024,15,COKE COUNTY,Grade 2,40
2023-2024,15,COKE COUNTY,Grade 3,32
2023-2024,15,COKE COUNTY,Grade 4,28
2023-2024,15,COKE COUNTY,Grade 5,38
2023-2024,15,COKE COUNTY,Grade 6,43
2023-2024,15,COKE COUNTY,Grade 7,38
2023-2024,15,COKE COUNTY,Grade 8,31
2023-2024,15,COKE COUNTY,Grade 9,32
2023-2024,15,COKE COUNTY,Grade 10,43
2023-2024,15,COKE COUNTY,Grade 11,29
2023-2024,15,COKE COUNTY,Grade 12,32
2023-2024,15,COLEMAN COUNTY,Early Education,2
2023-2024,15,COLEMAN COUNTY,Pre-kindergarten,81
2023-2024,15,COLEMAN COUNTY,Kindergarten,79
2023-2024,15,COLEMAN COUNTY,Grade 1,88
2023-2024,15,COLEMAN COUNTY,Grade 2,86
2023-2024,15,COLEMAN COUNTY,Grade 3,87
2023-2024,15,COLEMAN COUNTY,Grade 4,77
2023-2024,15,COLEMAN COUNTY,Grade 5,82
2023-2024,15,COLEMAN COUNTY,Grade 6,97
2023-2024,15,COLEMAN COUNTY,Grade 7,97
2023-2024,15,COLEMAN COUNTY,Grade 8,80
2023-2024,15,COLEMAN COUNTY,Grade 9,108
2023-2024,15,COLEMAN COUNTY,Grade 10,80
2023-2024,15,COLEMAN COUNTY,Grade 11,91
2023-2024,15,COLEMAN COUNTY,Grade 12,73
2023-2024,10,COLLIN COUNTY,Early Education,1690
2023-2024,10,COLLIN COUNTY,Pre-kindergarten,5271
2023-2024,10,COLLIN COUNTY,Kindergarten,15861
2023-2024,10,COLLIN COUNTY,Grade 1,16823
2023-2024,10,COLLIN COUNTY,Grade 2,17893
2023-2024,10,COLLIN COUNTY,Grade 3,17928
2023-2024,10,COLLIN COUNTY,Grade 4,18137
2023-2024,10,COLLIN COUNTY,Grade 5,18763
2023-2024,10,COLLIN COUNTY,Grade 6,18903
2023-2024,10,COLLIN COUNTY,Grade 7,18914
2023-2024,10,COLLIN COUNTY,Grade 8,19204
2023-2024,10,COLLIN COUNTY,Grade 9,20094
2023-2024,10,COLLIN COUNTY,Grade 10,19766
2023-2024,10,COLLIN COUNTY,Grade 11,18961
2023-2024,10,COLLIN COUNTY,Grade 12,17890
2023-2024,16,COLLINGSWORTH COUNTY,Early Education,3
2023-2024,16,COLLINGSWORTH COUNTY,Pre-kindergarten,38
2023-2024,16,COLLINGSWORTH COUNTY,Kindergarten,43
2023-2024,16,COLLINGSWORTH COUNTY,Grade 1,31
2023-2024,16,COLLINGSWORTH COUNTY,Grade 2,25
2023-2024,16,COLLINGSWORTH COUNTY,Grade 3,30
2023-2024,16,COLLINGSWORTH COUNTY,Grade 4,40
2023-2024,16,COLLINGSWORTH COUNTY,Grade 5,35
2023-2024,16,COLLINGSWORTH COUNTY,Grade 6,43
2023-2024,16,COLLINGSWORTH COUNTY,Grade 7,48
2023-2024,16,COLLINGSWORTH COUNTY,Grade 8,44
2023-2024,16,COLLINGSWORTH COUNTY,Grade 9,47
2023-2024,16,COLLINGSWORTH COUNTY,Grade 10,37
2023-2024,16,COLLINGSWORTH COUNTY,Grade 11,42
2023-2024,16,COLLINGSWORTH COUNTY,Grade 12,38
2023-2024,3,COLORADO COUNTY,Early Education,15
2023-2024,4,COLORADO COUNTY,Early Education,17
2023-2024,3,COLORADO COUNTY,Pre-kindergarten,104
2023-2024,4,COLORADO COUNTY,Pre-kindergarten,80
2023-2024,3,COLORADO COUNTY,Kindergarten,112
2023-2024,4,COLORADO COUNTY,Kindergarten,113
2023-2024,3,COLORADO COUNTY,Grade 1,151
2023-2024,4,COLORADO COUNTY,Grade 1,113
2023-2024,3,COLORADO COUNTY,Grade 2,130
2023-2024,4,COLORADO COUNTY,Grade 2,112
2023-2024,3,COLORADO COUNTY,Grade 3,139
2023-2024,4,COLORADO COUNTY,Grade 3,131
2023-2024,3,COLORADO COUNTY,Grade 4,140
2023-2024,4,COLORADO COUNTY,Grade 4,114
2023-2024,3,COLORADO COUNTY,Grade 5,159
2023-2024,4,COLORADO COUNTY,Grade 5,106
2023-2024,3,COLORADO COUNTY,Grade 6,142
2023-2024,4,COLORADO COUNTY,Grade 6,93
2023-2024,3,COLORADO COUNTY,Grade 7,143
2023-2024,4,COLORADO COUNTY,Grade 7,110
2023-2024,3,COLORADO COUNTY,Grade 8,140
2023-2024,4,COLORADO COUNTY,Grade 8,110
2023-2024,3,COLORADO COUNTY,Grade 9,172
2023-2024,4,COLORADO COUNTY,Grade 9,151
2023-2024,3,COLORADO COUNTY,Grade 10,185
2023-2024,4,COLORADO COUNTY,Grade 10,142
2023-2024,3,COLORADO COUNTY,Grade 11,163
2023-2024,4,COLORADO COUNTY,Grade 11,119
2023-2024,3,COLORADO COUNTY,Grade 12,142
2023-2024,4,COLORADO COUNTY,Grade 12,125
2023-2024,20,COMAL COUNTY,Early Education,270
2023-2024,20,COMAL COUNTY,Pre-kindergarten,602
2023-2024,20,COMAL COUNTY,Kindergarten,2476
2023-2024,20,COMAL COUNTY,Grade 1,2672
2023-2024,20,COMAL COUNTY,Grade 2,2935
2023-2024,20,COMAL COUNTY,Grade 3,2989
2023-2024,20,COMAL COUNTY,Grade 4,2874
2023-2024,20,COMAL COUNTY,Grade 5,2952
2023-2024,20,COMAL COUNTY,Grade 6,3015
2023-2024,20,COMAL COUNTY,Grade 7,3112
2023-2024,20,COMAL COUNTY,Grade 8,3108
2023-2024,20,COMAL COUNTY,Grade 9,3222
2023-2024,20,COMAL COUNTY,Grade 10,3357
2023-2024,20,COMAL COUNTY,Grade 11,3024
2023-2024,20,COMAL COUNTY,Grade 12,2760
2023-2024,14,COMANCHE COUNTY,Early Education,44
2023-2024,14,COMANCHE COUNTY,Pre-kindergarten,157
2023-2024,14,COMANCHE COUNTY,Kindergarten,149
2023-2024,14,COMANCHE COUNTY,Grade 1,174
2023-2024,14,COMANCHE COUNTY,Grade 2,163
2023-2024,14,COMANCHE COUNTY,Grade 3,168
2023-2024,14,COMANCHE COUNTY,Grade 4,156
2023-2024,14,COMANCHE COUNTY,Grade 5,168
2023-2024,14,COMANCHE COUNTY,Grade 6,155
2023-2024,14,COMANCHE COUNTY,Grade 7,166
2023-2024,14,COMANCHE COUNTY,Grade 8,155
2023-2024,14,COMANCHE COUNTY,Grade 9,167
2023-2024,14,COMANCHE COUNTY,Grade 10,170
2023-2024,14,COMANCHE COUNTY,Grade 11,163
2023-2024,14,COMANCHE COUNTY,Grade 12,154
2023-2024,15,CONCHO COUNTY,Early Education,2
2023-2024,15,CONCHO COUNTY,Pre-kindergarten,24
2023-2024,15,CONCHO COUNTY,Kindergarten,23
2023-2024,15,CONCHO COUNTY,Grade 1,33
2023-2024,15,CONCHO COUNTY,Grade 2,27
2023-2024,15,CONCHO COUNTY,Grade 3,26
2023-2024,15,CONCHO COUNTY,Grade 4,26
2023-2024,15,CONCHO COUNTY,Grade 5,18
2023-2024,15,CONCHO COUNTY,Grade 6,34
2023-2024,15,CONCHO COUNTY,Grade 7,40
2023-2024,15,CONCHO COUNTY,Grade 8,37
2023-2024,15,CONCHO COUNTY,Grade 9,51
2023-2024,15,CONCHO COUNTY,Grade 10,45
2023-2024,15,CONCHO COUNTY,Grade 11,36
2023-2024,15,CONCHO COUNTY,Grade 12,30
2023-2024,11,COOKE COUNTY,Early Education,38
2023-2024,11,COOKE COUNTY,Pre-kindergarten,278
2023-2024,11,COOKE COUNTY,Kindergarten,479
2023-2024,11,COOKE COUNTY,Grade 1,529
2023-2024,11,COOKE COUNTY,Grade 2,529
2023-2024,11,COOKE COUNTY,Grade 3,510
2023-2024,11,COOKE COUNTY,Grade 4,496
2023-2024,11,COOKE COUNTY,Grade 5,570
2023-2024,11,COOKE COUNTY,Grade 6,500
2023-2024,11,COOKE COUNTY,Grade 7,494
2023-2024,11,COOKE COUNTY,Grade 8,512
2023-2024,11,COOKE COUNTY,Grade 9,540
2023-2024,11,COOKE COUNTY,Grade 10,533
2023-2024,11,COOKE COUNTY,Grade 11,484
2023-2024,11,COOKE COUNTY,Grade 12,413
2023-2024,12,CORYELL COUNTY,Early Education,60
2023-2024,12,CORYELL COUNTY,Pre-kindergarten,463
2023-2024,12,CORYELL COUNTY,Kindergarten,752
2023-2024,12,CORYELL COUNTY,Grade 1,791
2023-2024,12,CORYELL COUNTY,Grade 2,841
2023-2024,12,CORYELL COUNTY,Grade 3,861
2023-2024,12,CORYELL COUNTY,Grade 4,849
2023-2024,12,CORYELL COUNTY,Grade 5,834
2023-2024,12,CORYELL COUNTY,Grade 6,822
2023-2024,12,CORYELL COUNTY,Grade 7,857
2023-2024,12,CORYELL COUNTY,Grade 8,856
2023-2024,12,CORYELL COUNTY,Grade 9,891
2023-2024,12,CORYELL COUNTY,Grade 10,848
2023-2024,12,CORYELL COUNTY,Grade 11,906
2023-2024,12,CORYELL COUNTY,Grade 12,750
2023-2024,17,COTTLE COUNTY,Early Education,1
2023-2024,17,COTTLE COUNTY,Pre-kindergarten,5
2023-2024,17,COTTLE COUNTY,Kindergarten,9
2023-2024,17,COTTLE COUNTY,Grade 1,9
2023-2024,17,COTTLE COUNTY,Grade 2,9
2023-2024,17,COTTLE COUNTY,Grade 3,16
2023-2024,17,COTTLE COUNTY,Grade 4,7
2023-2024,17,COTTLE COUNTY,Grade 5,15
2023-2024,17,COTTLE COUNTY,Grade 6,9
2023-2024,17,COTTLE COUNTY,Grade 7,14
2023-2024,17,COTTLE COUNTY,Grade 8,13
2023-2024,17,COTTLE COUNTY,Grade 9,19
2023-2024,17,COTTLE COUNTY,Grade 10,10
2023-2024,17,COTTLE COUNTY,Grade 11,13
2023-2024,17,COTTLE COUNTY,Grade 12,12
2023-2024,15,CRANE COUNTY,Early Education,6
2023-2024,15,CRANE COUNTY,Pre-kindergarten,75
2023-2024,15,CRANE COUNTY,Kindergarten,77
2023-2024,15,CRANE COUNTY,Grade 1,92
2023-2024,15,CRANE COUNTY,Grade 2,101
2023-2024,15,CRANE COUNTY,Grade 3,84
2023-2024,15,CRANE COUNTY,Grade 4,91
2023-2024,15,CRANE COUNTY,Grade 5,95
2023-2024,15,CRANE COUNTY,Grade 6,84
2023-2024,15,CRANE COUNTY,Grade 7,89
2023-2024,15,CRANE COUNTY,Grade 8,84
2023-2024,15,CRANE COUNTY,Grade 9,92
2023-2024,15,CRANE COUNTY,Grade 10,96
2023-2024,15,CRANE COUNTY,Grade 11,68
2023-2024,15,CRANE COUNTY,Grade 12,77
2023-2024,15,CROCKETT COUNTY,Early Education,5
2023-2024,15,CROCKETT COUNTY,Pre-kindergarten,26
2023-2024,15,CROCKETT COUNTY,Kindergarten,31
2023-2024,15,CROCKETT COUNTY,Grade 1,33
2023-2024,15,CROCKETT COUNTY,Grade 2,31
2023-2024,15,CROCKETT COUNTY,Grade 3,54
2023-2024,15,CROCKETT COUNTY,Grade 4,44
2023-2024,15,CROCKETT COUNTY,Grade 5,49
2023-2024,15,CROCKETT COUNTY,Grade 6,42
2023-2024,15,CROCKETT COUNTY,Grade 7,52
2023-2024,15,CROCKETT COUNTY,Grade 8,50
2023-2024,15,CROCKETT COUNTY,Grade 9,51
2023-2024,15,CROCKETT COUNTY,Grade 10,69
2023-2024,15,CROCKETT COUNTY,Grade 11,43
2023-2024,15,CROCKETT COUNTY,Grade 12,71
2023-2024,17,CROSBY COUNTY,Early Education,7
2023-2024,17,CROSBY COUNTY,Pre-kindergarten,54
2023-2024,17,CROSBY COUNTY,Kindergarten,57
2023-2024,17,CROSBY COUNTY,Grade 1,71
2023-2024,17,CROSBY COUNTY,Grade 2,58
2023-2024,17,CROSBY COUNTY,Grade 3,86
2023-2024,17,CROSBY COUNTY,Grade 4,49
2023-2024,17,CROSBY COUNTY,Grade 5,59
2023-2024,17,CROSBY COUNTY,Grade 6,66
2023-2024,17,CROSBY COUNTY,Grade 7,77
2023-2024,17,CROSBY COUNTY,Grade 8,72
2023-2024,17,CROSBY COUNTY,Grade 9,78
2023-2024,17,CROSBY COUNTY,Grade 10,81
2023-2024,17,CROSBY COUNTY,Grade 11,86
2023-2024,17,CROSBY COUNTY,Grade 12,74
2023-2024,18,CULBERSON COUNTY,Early Education,3
2023-2024,18,CULBERSON COUNTY,Pre-kindergarten,26
2023-2024,18,CULBERSON COUNTY,Kindergarten,31
2023-2024,18,CULBERSON COUNTY,Grade 1,36
2023-2024,18,CULBERSON COUNTY,Grade 2,22
2023-2024,18,CULBERSON COUNTY,Grade 3,30
2023-2024,18,CULBERSON COUNTY,Grade 4,26
2023-2024,18,CULBERSON COUNTY,Grade 5,25
2023-2024,18,CULBERSON COUNTY,Grade 6,19
2023-2024,18,CULBERSON COUNTY,Grade 7,27
2023-2024,18,CULBERSON COUNTY,Grade 8,22
2023-2024,18,CULBERSON COUNTY,Grade 9,49
2023-2024,18,CULBERSON COUNTY,Grade 10,28
2023-2024,18,CULBERSON COUNTY,Grade 11,25
2023-2024,18,CULBERSON COUNTY,Grade 12,24
2023-2024,16,DALLAM COUNTY,Pre-kindergarten,109
2023-2024,16,DALLAM COUNTY,Kindergarten,144
2023-2024,16,DALLAM COUNTY,Grade 1,173
2023-2024,16,DALLAM COUNTY,Grade 2,144
2023-2024,16,DALLAM COUNTY,Grade 3,173
2023-2024,16,DALLAM COUNTY,Grade 4,159
2023-2024,16,DALLAM COUNTY,Grade 5,143
2023-2024,16,DALLAM COUNTY,Grade 6,153
2023-2024,16,DALLAM COUNTY,Grade 7,147
2023-2024,16,DALLAM COUNTY,Grade 8,138
2023-2024,16,DALLAM COUNTY,Grade 9,147
2023-2024,16,DALLAM COUNTY,Grade 10,138
2023-2024,16,DALLAM COUNTY,Grade 11,122
2023-2024,16,DALLAM COUNTY,Grade 12,115
2023-2024,10,DALLAS COUNTY,Early Education,2011
2023-2024,10,DALLAS COUNTY,Pre-kindergarten,27173
2023-2024,10,DALLAS COUNTY,Kindergarten,32532
2023-2024,10,DALLAS COUNTY,Grade 1,34846
2023-2024,10,DALLAS COUNTY,Grade 2,35812
2023-2024,10,DALLAS COUNTY,Grade 3,35191
2023-2024,10,DALLAS COUNTY,Grade 4,34794
2023-2024,10,DALLAS COUNTY,Grade 5,34719
2023-2024,10,DALLAS COUNTY,Grade 6,34464
2023-2024,10,DALLAS COUNTY,Grade 7,34501
2023-2024,10,DALLAS COUNTY,Grade 8,35190
2023-2024,10,DALLAS COUNTY,Grade 9,42039
2023-2024,10,DALLAS COUNTY,Grade 10,38283
2023-2024,10,DALLAS COUNTY,Grade 11,34910
2023-2024,10,DALLAS COUNTY,Grade 12,30280
2023-2024,17,DAWSON COUNTY,Early Education,13
2023-2024,17,DAWSON COUNTY,Pre-kindergarten,110
2023-2024,17,DAWSON COUNTY,Kindergarten,153
2023-2024,17,DAWSON COUNTY,Grade 1,146
2023-2024,17,DAWSON COUNTY,Grade 2,155
2023-2024,17,DAWSON COUNTY,Grade 3,144
2023-2024,17,DAWSON COUNTY,Grade 4,136
2023-2024,17,DAWSON COUNTY,Grade 5,167
2023-2024,17,DAWSON COUNTY,Grade 6,172
2023-2024,17,DAWSON COUNTY,Grade 7,141
2023-2024,17,DAWSON COUNTY,Grade 8,176
2023-2024,17,DAWSON COUNTY,Grade 9,148
2023-2024,17,DAWSON COUNTY,Grade 10,158
2023-2024,17,DAWSON COUNTY,Grade 11,176
2023-2024,17,DAWSON COUNTY,Grade 12,156
2023-2024,16,DEAF SMITH COUNTY,Early Education,28
2023-2024,16,DEAF SMITH COUNTY,Pre-kindergarten,270
2023-2024,16,DEAF SMITH COUNTY,Kindergarten,287
2023-2024,16,DEAF SMITH COUNTY,Grade 1,292
2023-2024,16,DEAF SMITH COUNTY,Grade 2,319
2023-2024,16,DEAF SMITH COUNTY,Grade 3,294
2023-2024,16,DEAF SMITH COUNTY,Grade 4,265
2023-2024,16,DEAF SMITH COUNTY,Grade 5,287
2023-2024,16,DEAF SMITH COUNTY,Grade 6,265
2023-2024,16,DEAF SMITH COUNTY,Grade 7,315
2023-2024,16,DEAF SMITH COUNTY,Grade 8,295
2023-2024,16,DEAF SMITH COUNTY,Grade 9,320
2023-2024,16,DEAF SMITH COUNTY,Grade 10,334
2023-2024,16,DEAF SMITH COUNTY,Grade 11,273
2023-2024,16,DEAF SMITH COUNTY,Grade 12,250
2023-2024,8,DELTA COUNTY,Early Education,4
2023-2024,8,DELTA COUNTY,Pre-kindergarten,77
2023-2024,8,DELTA COUNTY,Kindergarten,73
2023-2024,8,DELTA COUNTY,Grade 1,80
2023-2024,8,DELTA COUNTY,Grade 2,86
2023-2024,8,DELTA COUNTY,Grade 3,77
2023-2024,8,DELTA COUNTY,Grade 4,77
2023-2024,8,DELTA COUNTY,Grade 5,71
2023-2024,8,DELTA COUNTY,Grade 6,76
2023-2024,8,DELTA COUNTY,Grade 7,61
2023-2024,8,DELTA COUNTY,Grade 8,72
2023-2024,8,DELTA COUNTY,Grade 9,67
2023-2024,8,DELTA COUNTY,Grade 10,62
2023-2024,8,DELTA COUNTY,Grade 11,67
2023-2024,8,DELTA COUNTY,Grade 12,67
2023-2024,11,DENTON COUNTY,Early Education,818
2023-2024,11,DENTON COUNTY,Pre-kindergarten,4266
2023-2024,10,DENTON COUNTY,Kindergarten,99
2023-2024,11,DENTON COUNTY,Kindergarten,9849
2023-2024,10,DENTON COUNTY,Grade 1,100
2023-2024,11,DENTON COUNTY,Grade 1,10144
2023-2024,10,DENTON COUNTY,Grade 2,99
2023-2024,11,DENTON COUNTY,Grade 2,10517
2023-2024,10,DENTON COUNTY,Grade 3,100
2023-2024,11,DENTON COUNTY,Grade 3,10316
2023-2024,10,DENTON COUNTY,Grade 4,100
2023-2024,11,DENTON COUNTY,Grade 4,10755
2023-2024,10,DENTON COUNTY,Grade 5,138
2023-2024,11,DENTON COUNTY,Grade 5,10515
2023-2024,10,DENTON COUNTY,Grade 6,136
2023-2024,11,DENTON COUNTY,Grade 6,10551
2023-2024,10,DENTON COUNTY,Grade 7,120
2023-2024,11,DENTON COUNTY,Grade 7,10590
2023-2024,10,DENTON COUNTY,Grade 8,125
2023-2024,11,DENTON COUNTY,Grade 8,10787
2023-2024,10,DENTON COUNTY,Grade 9,101
2023-2024,11,DENTON COUNTY,Grade 9,11543
2023-2024,10,DENTON COUNTY,Grade 10,92
2023-2024,11,DENTON COUNTY,Grade 10,11444
2023-2024,10,DENTON COUNTY,Grade 11,81
2023-2024,11,DENTON COUNTY,Grade 11,10863
2023-2024,10,DENTON COUNTY,Grade 12,88
2023-2024,11,DENTON COUNTY,Grade 12,10466
2023-2024,3,DEWITT COUNTY,Early Education,21
2023-2024,3,DEWITT COUNTY,Pre-kindergarten,244
2023-2024,3,DEWITT COUNTY,Kindergarten,294
2023-2024,3,DEWITT COUNTY,Grade 1,275
2023-2024,3,DEWITT COUNTY,Grade 2,292
2023-2024,3,DEWITT COUNTY,Grade 3,290
2023-2024,3,DEWITT COUNTY,Grade 4,301
2023-2024,3,DEWITT COUNTY,Grade 5,292
2023-2024,3,DEWITT COUNTY,Grade 6,331
2023-2024,3,DEWITT COUNTY,Grade 7,291
2023-2024,3,DEWITT COUNTY,Grade 8,364
2023-2024,3,DEWITT COUNTY,Grade 9,374
2023-2024,3,DEWITT COUNTY,Grade 10,338
2023-2024,3,DEWITT COUNTY,Grade 11,319
2023-2024,3,DEWITT COUNTY,Grade 12,287
2023-2024,17,DICKENS COUNTY,Early Education,2
2023-2024,17,DICKENS COUNTY,Pre-kindergarten,16
2023-2024,17,DICKENS COUNTY,Kindergarten,20
2023-2024,17,DICKENS COUNTY,Grade 1,25
2023-2024,17,DICKENS COUNTY,Grade 2,19
2023-2024,17,DICKENS COUNTY,Grade 3,18
2023-2024,17,DICKENS COUNTY,Grade 4,19
2023-2024,17,DICKENS COUNTY,Grade 5,17
2023-2024,17,DICKENS COUNTY,Grade 6,16
2023-2024,17,DICKENS COUNTY,Grade 7,15
2023-2024,17,DICKENS COUNTY,Grade 8,26
2023-2024,17,DICKENS COUNTY,Grade 9,26
2023-2024,17,DICKENS COUNTY,Grade 10,22
2023-2024,17,DICKENS COUNTY,Grade 11,14
2023-2024,17,DICKENS COUNTY,Grade 12,26
2023-2024,20,DIMMIT COUNTY,Early Education,20
2023-2024,20,DIMMIT COUNTY,Pre-kindergarten,72
2023-2024,20,DIMMIT COUNTY,Kindergarten,112
2023-2024,20,DIMMIT COUNTY,Grade 1,123
2023-2024,20,DIMMIT COUNTY,Grade 2,140
2023-2024,20,DIMMIT COUNTY,Grade 3,134
2023-2024,20,DIMMIT COUNTY,Grade 4,165
2023-2024,20,DIMMIT COUNTY,Grade 5,158
2023-2024,20,DIMMIT COUNTY,Grade 6,157
2023-2024,20,DIMMIT COUNTY,Grade 7,140
2023-2024,20,DIMMIT COUNTY,Grade 8,120
2023-2024,20,DIMMIT COUNTY,Grade 9,164
2023-2024,20,DIMMIT COUNTY,Grade 10,162
2023-2024,20,DIMMIT COUNTY,Grade 11,139
2023-2024,20,DIMMIT COUNTY,Grade 12,109
2023-2024,16,DONLEY COUNTY,Early Education,2
2023-2024,16,DONLEY COUNTY,Pre-kindergarten,32
2023-2024,16,DONLEY COUNTY,Kindergarten,43
2023-2024,16,DONLEY COUNTY,Grade 1,35
2023-2024,16,DONLEY COUNTY,Grade 2,37
2023-2024,16,DONLEY COUNTY,Grade 3,35
2023-2024,16,DONLEY COUNTY,Grade 4,30
2023-2024,16,DONLEY COUNTY,Grade 5,35
2023-2024,16,DONLEY COUNTY,Grade 6,35
2023-2024,16,DONLEY COUNTY,Grade 7,35
2023-2024,16,DONLEY COUNTY,Grade 8,38
2023-2024,16,DONLEY COUNTY,Grade 9,41
2023-2024,16,DONLEY COUNTY,Grade 10,40
2023-2024,16,DONLEY COUNTY,Grade 11,40
2023-2024,16,DONLEY COUNTY,Grade 12,40
2023-2024,2,DUVAL COUNTY,Early Education,12
2023-2024,2,DUVAL COUNTY,Pre-kindergarten,335
2023-2024,2,DUVAL COUNTY,Kindergarten,172
2023-2024,2,DUVAL COUNTY,Grade 1,186
2023-2024,2,DUVAL COUNTY,Grade 2,187
2023-2024,2,DUVAL COUNTY,Grade 3,181
2023-2024,2,DUVAL COUNTY,Grade 4,182
2023-2024,2,DUVAL COUNTY,Grade 5,146
2023-2024,2,DUVAL COUNTY,Grade 6,185
2023-2024,2,DUVAL COUNTY,Grade 7,205
2023-2024,2,DUVAL COUNTY,Grade 8,178
2023-2024,2,DUVAL COUNTY,Grade 9,213
2023-2024,2,DUVAL COUNTY,Grade 10,163
2023-2024,2,DUVAL COUNTY,Grade 11,161
2023-2024,2,DUVAL COUNTY,Grade 12,180
2023-2024,14,EASTLAND COUNTY,Early Education,10
2023-2024,14,EASTLAND COUNTY,Pre-kindergarten,146
2023-2024,14,EASTLAND COUNTY,Kindergarten,181
2023-2024,14,EASTLAND COUNTY,Grade 1,211
2023-2024,14,EASTLAND COUNTY,Grade 2,177
2023-2024,14,EASTLAND COUNTY,Grade 3,195
2023-2024,14,EASTLAND COUNTY,Grade 4,194
2023-2024,14,EASTLAND COUNTY,Grade 5,179
2023-2024,14,EASTLAND COUNTY,Grade 6,163
2023-2024,14,EASTLAND COUNTY,Grade 7,176
2023-2024,14,EASTLAND COUNTY,Grade 8,213
2023-2024,14,EASTLAND COUNTY,Grade 9,212
2023-2024,14,EASTLAND COUNTY,Grade 10,203
2023-2024,14,EASTLAND COUNTY,Grade 11,184
2023-2024,14,EASTLAND COUNTY,Grade 12,184
2023-2024,18,ECTOR COUNTY,Early Education,110
2023-2024,18,ECTOR COUNTY,Pre-kindergarten,1849
2023-2024,18,ECTOR COUNTY,Kindergarten,2567
2023-2024,18,ECTOR COUNTY,Grade 1,2558
2023-2024,18,ECTOR COUNTY,Grade 2,2651
2023-2024,18,ECTOR COUNTY,Grade 3,2687
2023-2024,18,ECTOR COUNTY,Grade 4,2712
2023-2024,18,ECTOR COUNTY,Grade 5,2599
2023-2024,18,ECTOR COUNTY,Grade 6,2499
2023-2024,18,ECTOR COUNTY,Grade 7,2335
2023-2024,18,ECTOR COUNTY,Grade 8,2483
2023-2024,18,ECTOR COUNTY,Grade 9,2998
2023-2024,18,ECTOR COUNTY,Grade 10,2557
2023-2024,18,ECTOR COUNTY,Grade 11,2319
2023-2024,18,ECTOR COUNTY,Grade 12,1950
2023-2024,15,EDWARDS COUNTY,Early Education,4
2023-2024,15,EDWARDS COUNTY,Pre-kindergarten,21
2023-2024,15,EDWARDS COUNTY,Kindergarten,29
2023-2024,15,EDWARDS COUNTY,Grade 1,30
2023-2024,15,EDWARDS COUNTY,Grade 2,32
2023-2024,15,EDWARDS COUNTY,Grade 3,25
2023-2024,15,EDWARDS COUNTY,Grade 4,32
2023-2024,15,EDWARDS COUNTY,Grade 5,34
2023-2024,15,EDWARDS COUNTY,Grade 6,42
2023-2024,15,EDWARDS COUNTY,Grade 7,28
2023-2024,15,EDWARDS COUNTY,Grade 8,27
2023-2024,15,EDWARDS COUNTY,Grade 9,36
2023-2024,15,EDWARDS COUNTY,Grade 10,36
2023-2024,15,EDWARDS COUNTY,Grade 11,40
2023-2024,15,EDWARDS COUNTY,Grade 12,34
2023-2024,19,EL PASO COUNTY,Early Education,569
2023-2024,19,EL PASO COUNTY,Pre-kindergarten,8552
2023-2024,19,EL PASO COUNTY,Kindergarten,9551
2023-2024,19,EL PASO COUNTY,Grade 1,10295
2023-2024,19,EL PASO COUNTY,Grade 2,10797
2023-2024,19,EL PASO COUNTY,Grade 3,10885
2023-2024,19,EL PASO COUNTY,Grade 4,10864
2023-2024,19,EL PASO COUNTY,Grade 5,11173
2023-2024,19,EL PASO COUNTY,Grade 6,11491
2023-2024,19,EL PASO COUNTY,Grade 7,11751
2023-2024,19,EL PASO COUNTY,Grade 8,12164
2023-2024,19,EL PASO COUNTY,Grade 9,15243
2023-2024,19,EL PASO COUNTY,Grade 10,14146
2023-2024,19,EL PASO COUNTY,Grade 11,13272
2023-2024,19,EL PASO COUNTY,Grade 12,12103
2023-2024,10,ELLIS COUNTY,Early Education,344
2023-2024,10,ELLIS COUNTY,Pre-kindergarten,1539
2023-2024,10,ELLIS COUNTY,Kindergarten,2810
2023-2024,10,ELLIS COUNTY,Grade 1,3198
2023-2024,10,ELLIS COUNTY,Grade 2,3164
2023-2024,10,ELLIS COUNTY,Grade 3,3232
2023-2024,10,ELLIS COUNTY,Grade 4,3187
2023-2024,10,ELLIS COUNTY,Grade 5,3258
2023-2024,10,ELLIS COUNTY,Grade 6,3329
2023-2024,10,ELLIS COUNTY,Grade 7,3383
2023-2024,10,ELLIS COUNTY,Grade 8,3491
2023-2024,10,ELLIS COUNTY,Grade 9,3836
2023-2024,10,ELLIS COUNTY,Grade 10,3709
2023-2024,10,ELLIS COUNTY,Grade 11,3285
2023-2024,10,ELLIS COUNTY,Grade 12,3007
2023-2024,11,ERATH COUNTY,Early Education,46
2023-2024,11,ERATH COUNTY,Pre-kindergarten,289
2023-2024,11,ERATH COUNTY,Kindergarten,476
2023-2024,11,ERATH COUNTY,Grade 1,435
2023-2024,11,ERATH COUNTY,Grade 2,414
2023-2024,11,ERATH COUNTY,Grade 3,437
2023-2024,11,ERATH COUNTY,Grade 4,468
2023-2024,11,ERATH COUNTY,Grade 5,443
2023-2024,11,ERATH COUNTY,Grade 6,433
2023-2024,11,ERATH COUNTY,Grade 7,467
2023-2024,11,ERATH COUNTY,Grade 8,435
2023-2024,11,ERATH COUNTY,Grade 9,2311
2023-2024,11,ERATH COUNTY,Grade 10,2459
2023-2024,11,ERATH COUNTY,Grade 11,2635
2023-2024,11,ERATH COUNTY,Grade 12,2192
2023-2024,12,FALLS COUNTY,Early Education,9
2023-2024,12,FALLS COUNTY,Pre-kindergarten,167
2023-2024,12,FALLS COUNTY,Kindergarten,166
2023-2024,12,FALLS COUNTY,Grade 1,182
2023-2024,12,FALLS COUNTY,Grade 2,180
2023-2024,12,FALLS COUNTY,Grade 3,175
2023-2024,12,FALLS COUNTY,Grade 4,167
2023-2024,12,FALLS COUNTY,Grade 5,176
2023-2024,12,FALLS COUNTY,Grade 6,190
2023-2024,12,FALLS COUNTY,Grade 7,170
2023-2024,12,FALLS COUNTY,Grade 8,174
2023-2024,12,FALLS COUNTY,Grade 9,165
2023-2024,12,FALLS COUNTY,Grade 10,162
2023-2024,12,FALLS COUNTY,Grade 11,162
2023-2024,12,FALLS COUNTY,Grade 12,142
2023-2024,8,FANNIN COUNTY,Early Education,1
2023-2024,10,FANNIN COUNTY,Early Education,18
2023-2024,8,FANNIN COUNTY,Pre-kindergarten,22
2023-2024,10,FANNIN COUNTY,Pre-kindergarten,295
2023-2024,8,FANNIN COUNTY,Kindergarten,28
2023-2024,10,FANNIN COUNTY,Kindergarten,337
2023-2024,8,FANNIN COUNTY,Grade 1,42
2023-2024,10,FANNIN COUNTY,Grade 1,328
2023-2024,8,FANNIN COUNTY,Grade 2,40
2023-2024,10,FANNIN COUNTY,Grade 2,355
2023-2024,8,FANNIN COUNTY,Grade 3,37
2023-2024,10,FANNIN COUNTY,Grade 3,350
2023-2024,8,FANNIN COUNTY,Grade 4,51
2023-2024,10,FANNIN COUNTY,Grade 4,346
2023-2024,8,FANNIN COUNTY,Grade 5,37
2023-2024,10,FANNIN COUNTY,Grade 5,331
2023-2024,8,FANNIN COUNTY,Grade 6,43
2023-2024,10,FANNIN COUNTY,Grade 6,339
2023-2024,8,FANNIN COUNTY,Grade 7,52
2023-2024,10,FANNIN COUNTY,Grade 7,372
2023-2024,8,FANNIN COUNTY,Grade 8,44
2023-2024,10,FANNIN COUNTY,Grade 8,372
2023-2024,8,FANNIN COUNTY,Grade 9,53
2023-2024,10,FANNIN COUNTY,Grade 9,357
2023-2024,8,FANNIN COUNTY,Grade 10,66
2023-2024,10,FANNIN COUNTY,Grade 10,390
2023-2024,8,FANNIN COUNTY,Grade 11,55
2023-2024,10,FANNIN COUNTY,Grade 11,343
2023-2024,8,FANNIN COUNTY,Grade 12,47
2023-2024,10,FANNIN COUNTY,Grade 12,313
2023-2024,13,FAYETTE COUNTY,Early Education,17
2023-2024,13,FAYETTE COUNTY,Pre-kindergarten,127
2023-2024,13,FAYETTE COUNTY,Kindergarten,242
2023-2024,13,FAYETTE COUNTY,Grade 1,253
2023-2024,13,FAYETTE COUNTY,Grade 2,264
2023-2024,13,FAYETTE COUNTY,Grade 3,280
2023-2024,13,FAYETTE COUNTY,Grade 4,259
2023-2024,13,FAYETTE COUNTY,Grade 5,249
2023-2024,13,FAYETTE COUNTY,Grade 6,255
2023-2024,13,FAYETTE COUNTY,Grade 7,297
2023-2024,13,FAYETTE COUNTY,Grade 8,294
2023-2024,13,FAYETTE COUNTY,Grade 9,350
2023-2024,13,FAYETTE COUNTY,Grade 10,310
2023-2024,13,FAYETTE COUNTY,Grade 11,309
2023-2024,13,FAYETTE COUNTY,Grade 12,272
2023-2024,14,FISHER COUNTY,Early Education,3
2023-2024,14,FISHER COUNTY,Pre-kindergarten,26
2023-2024,14,FISHER COUNTY,Kindergarten,42
2023-2024,14,FISHER COUNTY,Grade 1,38
2023-2024,14,FISHER COUNTY,Grade 2,41
2023-2024,14,FISHER COUNTY,Grade 3,48
2023-2024,14,FISHER COUNTY,Grade 4,50
2023-2024,14,FISHER COUNTY,Grade 5,49
2023-2024,14,FISHER COUNTY,Grade 6,47
2023-2024,14,FISHER COUNTY,Grade 7,40
2023-2024,14,FISHER COUNTY,Grade 8,46
2023-2024,14,FISHER COUNTY,Grade 9,43
2023-2024,14,FISHER COUNTY,Grade 10,38
2023-2024,14,FISHER COUNTY,Grade 11,30
2023-2024,14,FISHER COUNTY,Grade 12,37
2023-2024,17,FLOYD COUNTY,Early Education,1
2023-2024,17,FLOYD COUNTY,Pre-kindergarten,73
2023-2024,17,FLOYD COUNTY,Kindergarten,82
2023-2024,17,FLOYD COUNTY,Grade 1,71
2023-2024,17,FLOYD COUNTY,Grade 2,61
2023-2024,17,FLOYD COUNTY,Grade 3,68
2023-2024,17,FLOYD COUNTY,Grade 4,63
2023-2024,17,FLOYD COUNTY,Grade 5,73
2023-2024,17,FLOYD COUNTY,Grade 6,85
2023-2024,17,FLOYD COUNTY,Grade 7,77
2023-2024,17,FLOYD COUNTY,Grade 8,81
2023-2024,17,FLOYD COUNTY,Grade 9,87
2023-2024,17,FLOYD COUNTY,Grade 10,94
2023-2024,17,FLOYD COUNTY,Grade 11,88
2023-2024,17,FLOYD COUNTY,Grade 12,81
2023-2024,9,FOARD COUNTY,Pre-kindergarten,26
2023-2024,9,FOARD COUNTY,Kindergarten,6
2023-2024,9,FOARD COUNTY,Grade 1,13
2023-2024,9,FOARD COUNTY,Grade 2,19
2023-2024,9,FOARD COUNTY,Grade 3,10
2023-2024,9,FOARD COUNTY,Grade 4,16
2023-2024,9,FOARD COUNTY,Grade 5,10
2023-2024,9,FOARD COUNTY,Grade 6,20
2023-2024,9,FOARD COUNTY,Grade 7,15
2023-2024,9,FOARD COUNTY,Grade 8,17
2023-2024,9,FOARD COUNTY,Grade 9,12
2023-2024,9,FOARD COUNTY,Grade 10,9
2023-2024,9,FOARD COUNTY,Grade 11,9
2023-2024,9,FOARD COUNTY,Grade 12,14
2023-2024,4,FORT BEND COUNTY,Early Education,756
2023-2024,4,FORT BEND COUNTY,Pre-kindergarten,4119
2023-2024,4,FORT BEND COUNTY,Kindergarten,8151
2023-2024,4,FORT BEND COUNTY,Grade 1,8858
2023-2024,4,FORT BEND COUNTY,Grade 2,9372
2023-2024,4,FORT BEND COUNTY,Grade 3,9419
2023-2024,4,FORT BEND COUNTY,Grade 4,9612
2023-2024,4,FORT BEND COUNTY,Grade 5,9691
2023-2024,4,FORT BEND COUNTY,Grade 6,9809
2023-2024,4,FORT BEND COUNTY,Grade 7,10008
2023-2024,4,FORT BEND COUNTY,Grade 8,10116
2023-2024,4,FORT BEND COUNTY,Grade 9,11511
2023-2024,4,FORT BEND COUNTY,Grade 10,10843
2023-2024,4,FORT BEND COUNTY,Grade 11,10389
2023-2024,4,FORT BEND COUNTY,Grade 12,9141
2023-2024,8,FRANKLIN COUNTY,Early Education,10
2023-2024,8,FRANKLIN COUNTY,Pre-kindergarten,59
2023-2024,8,FRANKLIN COUNTY,Kindergarten,105
2023-2024,8,FRANKLIN COUNTY,Grade 1,89
2023-2024,8,FRANKLIN COUNTY,Grade 2,125
2023-2024,8,FRANKLIN COUNTY,Grade 3,106
2023-2024,8,FRANKLIN COUNTY,Grade 4,103
2023-2024,8,FRANKLIN COUNTY,Grade 5,103
2023-2024,8,FRANKLIN COUNTY,Grade 6,136
2023-2024,8,FRANKLIN COUNTY,Grade 7,112
2023-2024,8,FRANKLIN COUNTY,Grade 8,131
2023-2024,8,FRANKLIN COUNTY,Grade 9,129
2023-2024,8,FRANKLIN COUNTY,Grade 10,128
2023-2024,8,FRANKLIN COUNTY,Grade 11,126
2023-2024,8,FRANKLIN COUNTY,Grade 12,101
2023-2024,12,FREESTONE COUNTY,Early Education,9
2023-2024,12,FREESTONE COUNTY,Pre-kindergarten,170
2023-2024,12,FREESTONE COUNTY,Kindergarten,230
2023-2024,12,FREESTONE COUNTY,Grade 1,260
2023-2024,12,FREESTONE COUNTY,Grade 2,258
2023-2024,12,FREESTONE COUNTY,Grade 3,254
2023-2024,12,FREESTONE COUNTY,Grade 4,248
2023-2024,12,FREESTONE COUNTY,Grade 5,283
2023-2024,12,FREESTONE COUNTY,Grade 6,273
2023-2024,12,FREESTONE COUNTY,Grade 7,265
2023-2024,12,FREESTONE COUNTY,Grade 8,267
2023-2024,12,FREESTONE COUNTY,Grade 9,308
2023-2024,12,FREESTONE COUNTY,Grade 10,290
2023-2024,12,FREESTONE COUNTY,Grade 11,281
2023-2024,12,FREESTONE COUNTY,Grade 12,243
2023-2024,20,FRIO COUNTY,Early Education,12
2023-2024,20,FRIO COUNTY,Pre-kindergarten,151
2023-2024,20,FRIO COUNTY,Kindergarten,195
2023-2024,20,FRIO COUNTY,Grade 1,206
2023-2024,20,FRIO COUNTY,Grade 2,218
2023-2024,20,FRIO COUNTY,Grade 3,216
2023-2024,20,FRIO COUNTY,Grade 4,199
2023-2024,20,FRIO COUNTY,Grade 5,222
2023-2024,20,FRIO COUNTY,Grade 6,206
2023-2024,20,FRIO COUNTY,Grade 7,202
2023-2024,20,FRIO COUNTY,Grade 8,204
2023-2024,20,FRIO COUNTY,Grade 9,242
2023-2024,20,FRIO COUNTY,Grade 10,252
2023-2024,20,FRIO COUNTY,Grade 11,167
2023-2024,20,FRIO COUNTY,Grade 12,199
2023-2024,17,GAINES COUNTY,Early Education,11
2023-2024,17,GAINES COUNTY,Pre-kindergarten,164
2023-2024,17,GAINES COUNTY,Kindergarten,245
2023-2024,17,GAINES COUNTY,Grade 1,256
2023-2024,17,GAINES COUNTY,Grade 2,300
2023-2024,17,GAINES COUNTY,Grade 3,288
2023-2024,17,GAINES COUNTY,Grade 4,246
2023-2024,17,GAINES COUNTY,Grade 5,280
2023-2024,17,GAINES COUNTY,Grade 6,258
2023-2024,17,GAINES COUNTY,Grade 7,265
2023-2024,17,GAINES COUNTY,Grade 8,272
2023-2024,17,GAINES COUNTY,Grade 9,316
2023-2024,17,GAINES COUNTY,Grade 10,278
2023-2024,17,GAINES COUNTY,Grade 11,243
2023-2024,17,GAINES COUNTY,Grade 12,219
2023-2024,4,GALVESTON COUNTY,Early Education,529
2023-2024,5,GALVESTON COUNTY,Early Education,1
2023-2024,4,GALVESTON COUNTY,Pre-kindergarten,2610
2023-2024,5,GALVESTON COUNTY,Pre-kindergarten,4
2023-2024,4,GALVESTON COUNTY,Kindergarten,5083
2023-2024,5,GALVESTON COUNTY,Kindergarten,3
2023-2024,4,GALVESTON COUNTY,Grade 1,5399
2023-2024,5,GALVESTON COUNTY,Grade 1,9
2023-2024,4,GALVESTON COUNTY,Grade 2,5878
2023-2024,5,GALVESTON COUNTY,Grade 2,5
2023-2024,4,GALVESTON COUNTY,Grade 3,5855
2023-2024,5,GALVESTON COUNTY,Grade 3,7
2023-2024,4,GALVESTON COUNTY,Grade 4,5923
2023-2024,5,GALVESTON COUNTY,Grade 4,12
2023-2024,4,GALVESTON COUNTY,Grade 5,5967
2023-2024,5,GALVESTON COUNTY,Grade 5,10
2023-2024,4,GALVESTON COUNTY,Grade 6,5980
2023-2024,5,GALVESTON COUNTY,Grade 6,12
2023-2024,4,GALVESTON COUNTY,Grade 7,6113
2023-2024,5,GALVESTON COUNTY,Grade 7,14
2023-2024,4,GALVESTON COUNTY,Grade 8,6270
2023-2024,5,GALVESTON COUNTY,Grade 8,15
2023-2024,4,GALVESTON COUNTY,Grade 9,7208
2023-2024,5,GALVESTON COUNTY,Grade 9,15
2023-2024,4,GALVESTON COUNTY,Grade 10,6683
2023-2024,5,GALVESTON COUNTY,Grade 10,15
2023-2024,4,GALVESTON COUNTY,Grade 11,6177
2023-2024,5,GALVESTON COUNTY,Grade 11,16
2023-2024,4,GALVESTON COUNTY,Grade 12,5584
2023-2024,5,GALVESTON COUNTY,Grade 12,21
2023-2024,17,GARZA COUNTY,Early Education,2
2023-2024,17,GARZA COUNTY,Pre-kindergarten,36
2023-2024,17,GARZA COUNTY,Kindergarten,41
2023-2024,17,GARZA COUNTY,Grade 1,66
2023-2024,17,GARZA COUNTY,Grade 2,61
2023-2024,17,GARZA COUNTY,Grade 3,55
2023-2024,17,GARZA COUNTY,Grade 4,62
2023-2024,17,GARZA COUNTY,Grade 5,51
2023-2024,17,GARZA COUNTY,Grade 6,62
2023-2024,17,GARZA COUNTY,Grade 7,72
2023-2024,17,GARZA COUNTY,Grade 8,50
2023-2024,17,GARZA COUNTY,Grade 9,84
2023-2024,17,GARZA COUNTY,Grade 10,73
2023-2024,17,GARZA COUNTY,Grade 11,68
2023-2024,17,GARZA COUNTY,Grade 12,49
2023-2024,13,GILLESPIE COUNTY,Early Education,6
2023-2024,15,GILLESPIE COUNTY,Early Education,4
2023-2024,13,GILLESPIE COUNTY,Pre-kindergarten,136
2023-2024,15,GILLESPIE COUNTY,Pre-kindergarten,23
2023-2024,13,GILLESPIE COUNTY,Kindergarten,163
2023-2024,15,GILLESPIE COUNTY,Kindergarten,39
2023-2024,13,GILLESPIE COUNTY,Grade 1,212
2023-2024,15,GILLESPIE COUNTY,Grade 1,38
2023-2024,13,GILLESPIE COUNTY,Grade 2,197
2023-2024,15,GILLESPIE COUNTY,Grade 2,41
2023-2024,13,GILLESPIE COUNTY,Grade 3,212
2023-2024,15,GILLESPIE COUNTY,Grade 3,38
2023-2024,13,GILLESPIE COUNTY,Grade 4,214
2023-2024,15,GILLESPIE COUNTY,Grade 4,61
2023-2024,13,GILLESPIE COUNTY,Grade 5,189
2023-2024,15,GILLESPIE COUNTY,Grade 5,36
2023-2024,13,GILLESPIE COUNTY,Grade 6,206
2023-2024,15,GILLESPIE COUNTY,Grade 6,54
2023-2024,13,GILLESPIE COUNTY,Grade 7,227
2023-2024,15,GILLESPIE COUNTY,Grade 7,45
2023-2024,13,GILLESPIE COUNTY,Grade 8,217
2023-2024,15,GILLESPIE COUNTY,Grade 8,49
2023-2024,13,GILLESPIE COUNTY,Grade 9,310
2023-2024,15,GILLESPIE COUNTY,Grade 9,41
2023-2024,13,GILLESPIE COUNTY,Grade 10,256
2023-2024,15,GILLESPIE COUNTY,Grade 10,48
2023-2024,13,GILLESPIE COUNTY,Grade 11,251
2023-2024,15,GILLESPIE COUNTY,Grade 11,50
2023-2024,13,GILLESPIE COUNTY,Grade 12,230
2023-2024,15,GILLESPIE COUNTY,Grade 12,45
2023-2024,18,GLASSCOCK COUNTY,Early Education,1
2023-2024,18,GLASSCOCK COUNTY,Pre-kindergarten,16
2023-2024,18,GLASSCOCK COUNTY,Kindergarten,18
2023-2024,18,GLASSCOCK COUNTY,Grade 1,23
2023-2024,18,GLASSCOCK COUNTY,Grade 2,15
2023-2024,18,GLASSCOCK COUNTY,Grade 3,19
2023-2024,18,GLASSCOCK COUNTY,Grade 4,23
2023-2024,18,GLASSCOCK COUNTY,Grade 5,15
2023-2024,18,GLASSCOCK COUNTY,Grade 6,26
2023-2024,18,GLASSCOCK COUNTY,Grade 7,17
2023-2024,18,GLASSCOCK COUNTY,Grade 8,21
2023-2024,18,GLASSCOCK COUNTY,Grade 9,26
2023-2024,18,GLASSCOCK COUNTY,Grade 10,28
2023-2024,18,GLASSCOCK COUNTY,Grade 11,24
2023-2024,18,GLASSCOCK COUNTY,Grade 12,20
2023-2024,3,GOLIAD COUNTY,Early Education,13
2023-2024,3,GOLIAD COUNTY,Pre-kindergarten,41
2023-2024,3,GOLIAD COUNTY,Kindergarten,72
2023-2024,3,GOLIAD COUNTY,Grade 1,89
2023-2024,3,GOLIAD COUNTY,Grade 2,87
2023-2024,3,GOLIAD COUNTY,Grade 3,101
2023-2024,3,GOLIAD COUNTY,Grade 4,81
2023-2024,3,GOLIAD COUNTY,Grade 5,96
2023-2024,3,GOLIAD COUNTY,Grade 6,95
2023-2024,3,GOLIAD COUNTY,Grade 7,87
2023-2024,3,GOLIAD COUNTY,Grade 8,88
2023-2024,3,GOLIAD COUNTY,Grade 9,107
2023-2024,3,GOLIAD COUNTY,Grade 10,125
2023-2024,3,GOLIAD COUNTY,Grade 11,108
2023-2024,3,GOLIAD COUNTY,Grade 12,90
2023-2024,13,GONZALES COUNTY,Early Education,14
2023-2024,13,GONZALES COUNTY,Pre-kindergarten,255
2023-2024,13,GONZALES COUNTY,Kindergarten,256
2023-2024,13,GONZALES COUNTY,Grade 1,246
2023-2024,13,GONZALES COUNTY,Grade 2,281
2023-2024,13,GONZALES COUNTY,Grade 3,293
2023-2024,13,GONZALES COUNTY,Grade 4,252
2023-2024,13,GONZALES COUNTY,Grade 5,288
2023-2024,13,GONZALES COUNTY,Grade 6,284
2023-2024,13,GONZALES COUNTY,Grade 7,282
2023-2024,13,GONZALES COUNTY,Grade 8,272
2023-2024,13,GONZALES COUNTY,Grade 9,323
2023-2024,13,GONZALES COUNTY,Grade 10,279
2023-2024,13,GONZALES COUNTY,Grade 11,265
2023-2024,13,GONZALES COUNTY,Grade 12,259
2023-2024,16,GRAY COUNTY,Early Education,17
2023-2024,16,GRAY COUNTY,Pre-kindergarten,214
2023-2024,16,GRAY COUNTY,Kindergarten,231
2023-2024,16,GRAY COUNTY,Grade 1,261
2023-2024,16,GRAY COUNTY,Grade 2,247
2023-2024,16,GRAY COUNTY,Grade 3,273
2023-2024,16,GRAY COUNTY,Grade 4,289
2023-2024,16,GRAY COUNTY,Grade 5,265
2023-2024,16,GRAY COUNTY,Grade 6,277
2023-2024,16,GRAY COUNTY,Grade 7,246
2023-2024,16,GRAY COUNTY,Grade 8,268
2023-2024,16,GRAY COUNTY,Grade 9,304
2023-2024,16,GRAY COUNTY,Grade 10,307
2023-2024,16,GRAY COUNTY,Grade 11,284
2023-2024,16,GRAY COUNTY,Grade 12,270
2023-2024,10,GRAYSON COUNTY,Early Education,224
2023-2024,10,GRAYSON COUNTY,Pre-kindergarten,734
2023-2024,10,GRAYSON COUNTY,Kindergarten,1852
2023-2024,10,GRAYSON COUNTY,Grade 1,1802
2023-2024,10,GRAYSON COUNTY,Grade 2,1920
2023-2024,10,GRAYSON COUNTY,Grade 3,1920
2023-2024,10,GRAYSON COUNTY,Grade 4,1957
2023-2024,10,GRAYSON COUNTY,Grade 5,1830
2023-2024,10,GRAYSON COUNTY,Grade 6,1927
2023-2024,10,GRAYSON COUNTY,Grade 7,1923
2023-2024,10,GRAYSON COUNTY,Grade 8,1872
2023-2024,10,GRAYSON COUNTY,Grade 9,2157
2023-2024,10,GRAYSON COUNTY,Grade 10,1993
2023-2024,10,GRAYSON COUNTY,Grade 11,1755
2023-2024,10,GRAYSON COUNTY,Grade 12,1623
2023-2024,7,GREGG COUNTY,Early Education,62
2023-2024,7,GREGG COUNTY,Pre-kindergarten,1075
2023-2024,7,GREGG COUNTY,Kindergarten,1480
2023-2024,7,GREGG COUNTY,Grade 1,1574
2023-2024,7,GREGG COUNTY,Grade 2,1687
2023-2024,7,GREGG COUNTY,Grade 3,1650
2023-2024,7,GREGG COUNTY,Grade 4,1673
2023-2024,7,GREGG COUNTY,Grade 5,1685
2023-2024,7,GREGG COUNTY,Grade 6,1774
2023-2024,7,GREGG COUNTY,Grade 7,1787
2023-2024,7,GREGG COUNTY,Grade 8,1802
2023-2024,7,GREGG COUNTY,Grade 9,1832
2023-2024,7,GREGG COUNTY,Grade 10,1805
2023-2024,7,GREGG COUNTY,Grade 11,1677
2023-2024,7,GREGG COUNTY,Grade 12,1518
2023-2024,6,GRIMES COUNTY,Early Education,45
2023-2024,6,GRIMES COUNTY,Pre-kindergarten,187
2023-2024,6,GRIMES COUNTY,Kindergarten,328
2023-2024,6,GRIMES COUNTY,Grade 1,311
2023-2024,6,GRIMES COUNTY,Grade 2,346
2023-2024,6,GRIMES COUNTY,Grade 3,360
2023-2024,6,GRIMES COUNTY,Grade 4,365
2023-2024,6,GRIMES COUNTY,Grade 5,366
2023-2024,6,GRIMES COUNTY,Grade 6,349
2023-2024,6,GRIMES COUNTY,Grade 7,377
2023-2024,6,GRIMES COUNTY,Grade 8,332
2023-2024,6,GRIMES COUNTY,Grade 9,449
2023-2024,6,GRIMES COUNTY,Grade 10,405
2023-2024,6,GRIMES COUNTY,Grade 11,330
2023-2024,6,GRIMES COUNTY,Grade 12,291
2023-2024,20,GUADALUPE COUNTY,Early Education,122
2023-2024,20,GUADALUPE COUNTY,Pre-kindergarten,870
2023-2024,20,GUADALUPE COUNTY,Kindergarten,1584
2023-2024,20,GUADALUPE COUNTY,Grade 1,1620
2023-2024,20,GUADALUPE COUNTY,Grade 2,1808
2023-2024,20,GUADALUPE COUNTY,Grade 3,1790
2023-2024,20,GUADALUPE COUNTY,Grade 4,1929
2023-2024,20,GUADALUPE COUNTY,Grade 5,1906
2023-2024,20,GUADALUPE COUNTY,Grade 6,1948
2023-2024,20,GUADALUPE COUNTY,Grade 7,1976
2023-2024,20,GUADALUPE COUNTY,Grade 8,2096
2023-2024,20,GUADALUPE COUNTY,Grade 9,2546
2023-2024,20,GUADALUPE COUNTY,Grade 10,2279
2023-2024,20,GUADALUPE COUNTY,Grade 11,2007
2023-2024,20,GUADALUPE COUNTY,Grade 12,1987
2023-2024,17,HALE COUNTY,Early Education,55
2023-2024,17,HALE COUNTY,Pre-kindergarten,296
2023-2024,17,HALE COUNTY,Kindergarten,360
2023-2024,17,HALE COUNTY,Grade 1,393
2023-2024,17,HALE COUNTY,Grade 2,379
2023-2024,17,HALE COUNTY,Grade 3,391
2023-2024,17,HALE COUNTY,Grade 4,413
2023-2024,17,HALE COUNTY,Grade 5,407
2023-2024,17,HALE COUNTY,Grade 6,449
2023-2024,17,HALE COUNTY,Grade 7,459
2023-2024,17,HALE COUNTY,Grade 8,494
2023-2024,17,HALE COUNTY,Grade 9,514
2023-2024,17,HALE COUNTY,Grade 10,460
2023-2024,17,HALE COUNTY,Grade 11,542
2023-2024,17,HALE COUNTY,Grade 12,442
2023-2024,16,HALL COUNTY,Early Education,14
2023-2024,16,HALL COUNTY,Pre-kindergarten,41
2023-2024,16,HALL COUNTY,Kindergarten,34
2023-2024,16,HALL COUNTY,Grade 1,31
2023-2024,16,HALL COUNTY,Grade 2,31
2023-2024,16,HALL COUNTY,Grade 3,36
2023-2024,16,HALL COUNTY,Grade 4,48
2023-2024,16,HALL COUNTY,Grade 5,30
2023-2024,16,HALL COUNTY,Grade 6,41
2023-2024,16,HALL COUNTY,Grade 7,43
2023-2024,16,HALL COUNTY,Grade 8,38
2023-2024,16,HALL COUNTY,Grade 9,49
2023-2024,16,HALL COUNTY,Grade 10,47
2023-2024,16,HALL COUNTY,Grade 11,60
2023-2024,16,HALL COUNTY,Grade 12,48
2023-2024,12,HAMILTON COUNTY,Early Education,1
2023-2024,12,HAMILTON COUNTY,Pre-kindergarten,84
2023-2024,12,HAMILTON COUNTY,Kindergarten,89
2023-2024,12,HAMILTON COUNTY,Grade 1,105
2023-2024,12,HAMILTON COUNTY,Grade 2,95
2023-2024,12,HAMILTON COUNTY,Grade 3,133
2023-2024,12,HAMILTON COUNTY,Grade 4,102
2023-2024,12,HAMILTON COUNTY,Grade 5,110
2023-2024,12,HAMILTON COUNTY,Grade 6,121
2023-2024,12,HAMILTON COUNTY,Grade 7,108
2023-2024,12,HAMILTON COUNTY,Grade 8,114
2023-2024,12,HAMILTON COUNTY,Grade 9,133
2023-2024,12,HAMILTON COUNTY,Grade 10,119
2023-2024,12,HAMILTON COUNTY,Grade 11,86
2023-2024,12,HAMILTON COUNTY,Grade 12,98
2023-2024,16,HANSFORD COUNTY,Early Education,7
2023-2024,16,HANSFORD COUNTY,Pre-kindergarten,88
2023-2024,16,HANSFORD COUNTY,Kindergarten,76
2023-2024,16,HANSFORD COUNTY,Grade 1,87
2023-2024,16,HANSFORD COUNTY,Grade 2,78
2023-2024,16,HANSFORD COUNTY,Grade 3,92
2023-2024,16,HANSFORD COUNTY,Grade 4,91
2023-2024,16,HANSFORD COUNTY,Grade 5,79
2023-2024,16,HANSFORD COUNTY,Grade 6,95
2023-2024,16,HANSFORD COUNTY,Grade 7,101
2023-2024,16,HANSFORD COUNTY,Grade 8,96
2023-2024,16,HANSFORD COUNTY,Grade 9,96
2023-2024,16,HANSFORD COUNTY,Grade 10,93
2023-2024,16,HANSFORD COUNTY,Grade 11,91
2023-2024,16,HANSFORD COUNTY,Grade 12,106
2023-2024,9,HARDEMAN COUNTY,Early Education,1
2023-2024,9,HARDEMAN COUNTY,Pre-kindergarten,44
2023-2024,9,HARDEMAN COUNTY,Kindergarten,47
2023-2024,9,HARDEMAN COUNTY,Grade 1,41
2023-2024,9,HARDEMAN COUNTY,Grade 2,45
2023-2024,9,HARDEMAN COUNTY,Grade 3,48
2023-2024,9,HARDEMAN COUNTY,Grade 4,42
2023-2024,9,HARDEMAN COUNTY,Grade 5,54
2023-2024,9,HARDEMAN COUNTY,Grade 6,45
2023-2024,9,HARDEMAN COUNTY,Grade 7,42
2023-2024,9,HARDEMAN COUNTY,Grade 8,55
2023-2024,9,HARDEMAN COUNTY,Grade 9,46
2023-2024,9,HARDEMAN COUNTY,Grade 10,53
2023-2024,9,HARDEMAN COUNTY,Grade 11,53
2023-2024,9,HARDEMAN COUNTY,Grade 12,49
2023-2024,5,HARDIN COUNTY,Early Education,56
2023-2024,5,HARDIN COUNTY,Pre-kindergarten,360
2023-2024,5,HARDIN COUNTY,Kindergarten,763
2023-2024,5,HARDIN COUNTY,Grade 1,823
2023-2024,5,HARDIN COUNTY,Grade 2,835
2023-2024,5,HARDIN COUNTY,Grade 3,876
2023-2024,5,HARDIN COUNTY,Grade 4,840
2023-2024,5,HARDIN COUNTY,Grade 5,879
2023-2024,5,HARDIN COUNTY,Grade 6,822
2023-2024,5,HARDIN COUNTY,Grade 7,818
2023-2024,5,HARDIN COUNTY,Grade 8,853
2023-2024,5,HARDIN COUNTY,Grade 9,936
2023-2024,5,HARDIN COUNTY,Grade 10,876
2023-2024,5,HARDIN COUNTY,Grade 11,832
2023-2024,5,HARDIN COUNTY,Grade 12,720
2023-2024,4,HARRIS COUNTY,Early Education,4183
2023-2024,4,HARRIS COUNTY,Pre-kindergarten,39413
2023-2024,4,HARRIS COUNTY,Kindergarten,56665
2023-2024,4,HARRIS COUNTY,Grade 1,61626
2023-2024,4,HARRIS COUNTY,Grade 2,64708
2023-2024,4,HARRIS COUNTY,Grade 3,64280
2023-2024,4,HARRIS COUNTY,Grade 4,63272
2023-2024,4,HARRIS COUNTY,Grade 5,63647
2023-2024,4,HARRIS COUNTY,Grade 6,63434
2023-2024,4,HARRIS COUNTY,Grade 7,65106
2023-2024,4,HARRIS COUNTY,Grade 8,66590
2023-2024,4,HARRIS COUNTY,Grade 9,78251
2023-2024,4,HARRIS COUNTY,Grade 10,69460
2023-2024,4,HARRIS COUNTY,Grade 11,66002
2023-2024,4,HARRIS COUNTY,Grade 12,59690
2023-2024,7,HARRISON COUNTY,Early Education,29
2023-2024,7,HARRISON COUNTY,Pre-kindergarten,499
2023-2024,7,HARRISON COUNTY,Kindergarten,807
2023-2024,7,HARRISON COUNTY,Grade 1,863
2023-2024,7,HARRISON COUNTY,Grade 2,967
2023-2024,7,HARRISON COUNTY,Grade 3,996
2023-2024,7,HARRISON COUNTY,Grade 4,1155
2023-2024,7,HARRISON COUNTY,Grade 5,1412
2023-2024,7,HARRISON COUNTY,Grade 6,1774
2023-2024,7,HARRISON COUNTY,Grade 7,2365
2023-2024,7,HARRISON COUNTY,Grade 8,3225
2023-2024,7,HARRISON COUNTY,Grade 9,4263
2023-2024,7,HARRISON COUNTY,Grade 10,3983
2023-2024,7,HARRISON COUNTY,Grade 11,3469
2023-2024,7,HARRISON COUNTY,Grade 12,2919
2023-2024,16,HARTLEY COUNTY,Pre-kindergarten,21
2023-2024,16,HARTLEY COUNTY,Kindergarten,29
2023-2024,16,HARTLEY COUNTY,Grade 1,27
2023-2024,16,HARTLEY COUNTY,Grade 2,28
2023-2024,16,HARTLEY COUNTY,Grade 3,33
2023-2024,16,HARTLEY COUNTY,Grade 4,24
2023-2024,16,HARTLEY COUNTY,Grade 5,35
2023-2024,16,HARTLEY COUNTY,Grade 6,20
2023-2024,16,HARTLEY COUNTY,Grade 7,26
2023-2024,16,HARTLEY COUNTY,Grade 8,26
2023-2024,16,HARTLEY COUNTY,Grade 9,32
2023-2024,16,HARTLEY COUNTY,Grade 10,30
2023-2024,16,HARTLEY COUNTY,Grade 11,19
2023-2024,16,HARTLEY COUNTY,Grade 12,21
2023-2024,14,HASKELL COUNTY,Early Education,7
2023-2024,14,HASKELL COUNTY,Pre-kindergarten,70
2023-2024,14,HASKELL COUNTY,Kindergarten,50
2023-2024,14,HASKELL COUNTY,Grade 1,56
2023-2024,14,HASKELL COUNTY,Grade 2,47
2023-2024,14,HASKELL COUNTY,Grade 3,53
2023-2024,14,HASKELL COUNTY,Grade 4,42
2023-2024,14,HASKELL COUNTY,Grade 5,55
2023-2024,14,HASKELL COUNTY,Grade 6,56
2023-2024,14,HASKELL COUNTY,Grade 7,55
2023-2024,14,HASKELL COUNTY,Grade 8,61
2023-2024,14,HASKELL COUNTY,Grade 9,67
2023-2024,14,HASKELL COUNTY,Grade 10,61
2023-2024,14,HASKELL COUNTY,Grade 11,49
2023-2024,14,HASKELL COUNTY,Grade 12,39
2023-2024,13,HAYS COUNTY,Early Education,258
2023-2024,13,HAYS COUNTY,Pre-kindergarten,1607
2023-2024,13,HAYS COUNTY,Kindergarten,3049
2023-2024,13,HAYS COUNTY,Grade 1,3023
2023-2024,13,HAYS COUNTY,Grade 2,3182
2023-2024,13,HAYS COUNTY,Grade 3,3247
2023-2024,13,HAYS COUNTY,Grade 4,3134
2023-2024,13,HAYS COUNTY,Grade 5,3167
2023-2024,13,HAYS COUNTY,Grade 6,3204
2023-2024,13,HAYS COUNTY,Grade 7,3265
2023-2024,13,HAYS COUNTY,Grade 8,3273
2023-2024,13,HAYS COUNTY,Grade 9,3794
2023-2024,13,HAYS COUNTY,Grade 10,3538
2023-2024,13,HAYS COUNTY,Grade 11,3176
2023-2024,13,HAYS COUNTY,Grade 12,2969
2023-2024,16,HEMPHILL COUNTY,Early Education,6
2023-2024,16,HEMPHILL COUNTY,Pre-kindergarten,29
2023-2024,16,HEMPHILL COUNTY,Kindergarten,53
2023-2024,16,HEMPHILL COUNTY,Grade 1,41
2023-2024,16,HEMPHILL COUNTY,Grade 2,52
2023-2024,16,HEMPHILL COUNTY,Grade 3,53
2023-2024,16,HEMPHILL COUNTY,Grade 4,41
2023-2024,16,HEMPHILL COUNTY,Grade 5,44
2023-2024,16,HEMPHILL COUNTY,Grade 6,57
2023-2024,16,HEMPHILL COUNTY,Grade 7,52
2023-2024,16,HEMPHILL COUNTY,Grade 8,74
2023-2024,16,HEMPHILL COUNTY,Grade 9,63
2023-2024,16,HEMPHILL COUNTY,Grade 10,76
2023-2024,16,HEMPHILL COUNTY,Grade 11,83
2023-2024,16,HEMPHILL COUNTY,Grade 12,71
2023-2024,7,HENDERSON COUNTY,Early Education,35
2023-2024,10,HENDERSON COUNTY,Early Education,1
2023-2024,7,HENDERSON COUNTY,Pre-kindergarten,318
2023-2024,10,HENDERSON COUNTY,Pre-kindergarten,193
2023-2024,7,HENDERSON COUNTY,Kindergarten,491
2023-2024,10,HENDERSON COUNTY,Kindergarten,208
2023-2024,7,HENDERSON COUNTY,Grade 1,521
2023-2024,10,HENDERSON COUNTY,Grade 1,224
2023-2024,7,HENDERSON COUNTY,Grade 2,540
2023-2024,10,HENDERSON COUNTY,Grade 2,196
2023-2024,7,HENDERSON COUNTY,Grade 3,525
2023-2024,10,HENDERSON COUNTY,Grade 3,200
2023-2024,7,HENDERSON COUNTY,Grade 4,532
2023-2024,10,HENDERSON COUNTY,Grade 4,220
2023-2024,7,HENDERSON COUNTY,Grade 5,514
2023-2024,10,HENDERSON COUNTY,Grade 5,206
2023-2024,7,HENDERSON COUNTY,Grade 6,527
2023-2024,10,HENDERSON COUNTY,Grade 6,227
2023-2024,7,HENDERSON COUNTY,Grade 7,539
2023-2024,10,HENDERSON COUNTY,Grade 7,222
2023-2024,7,HENDERSON COUNTY,Grade 8,523
2023-2024,10,HENDERSON COUNTY,Grade 8,239
2023-2024,7,HENDERSON COUNTY,Grade 9,560
2023-2024,10,HENDERSON COUNTY,Grade 9,255
2023-2024,7,HENDERSON COUNTY,Grade 10,547
2023-2024,10,HENDERSON COUNTY,Grade 10,209
2023-2024,7,HENDERSON COUNTY,Grade 11,491
2023-2024,10,HENDERSON COUNTY,Grade 11,244
2023-2024,7,HENDERSON COUNTY,Grade 12,462
2023-2024,10,HENDERSON COUNTY,Grade 12,164
2023-2024,1,HIDALGO COUNTY,Early Education,254
2023-2024,1,HIDALGO COUNTY,Pre-kindergarten,17296
2023-2024,1,HIDALGO COUNTY,Kindergarten,16926
2023-2024,1,HIDALGO COUNTY,Grade 1,18752
2023-2024,1,HIDALGO COUNTY,Grade 2,19575
2023-2024,1,HIDALGO COUNTY,Grade 3,19982
2023-2024,1,HIDALGO COUNTY,Grade 4,19773
2023-2024,1,HIDALGO COUNTY,Grade 5,19327
2023-2024,1,HIDALGO COUNTY,Grade 6,19861
2023-2024,1,HIDALGO COUNTY,Grade 7,20024
2023-2024,1,HIDALGO COUNTY,Grade 8,20017
2023-2024,1,HIDALGO COUNTY,Grade 9,21672
2023-2024,1,HIDALGO COUNTY,Grade 10,19215
2023-2024,1,HIDALGO COUNTY,Grade 11,17064
2023-2024,1,HIDALGO COUNTY,Grade 12,15356
2023-2024,12,HILL COUNTY,Early Education,19
2023-2024,12,HILL COUNTY,Pre-kindergarten,400
2023-2024,12,HILL COUNTY,Kindergarten,401
2023-2024,12,HILL COUNTY,Grade 1,438
2023-2024,12,HILL COUNTY,Grade 2,437
2023-2024,12,HILL COUNTY,Grade 3,441
2023-2024,12,HILL COUNTY,Grade 4,497
2023-2024,12,HILL COUNTY,Grade 5,465
2023-2024,12,HILL COUNTY,Grade 6,460
2023-2024,12,HILL COUNTY,Grade 7,486
2023-2024,12,HILL COUNTY,Grade 8,472
2023-2024,12,HILL COUNTY,Grade 9,505
2023-2024,12,HILL COUNTY,Grade 10,495
2023-2024,12,HILL COUNTY,Grade 11,470
2023-2024,12,HILL COUNTY,Grade 12,420
2023-2024,17,HOCKLEY COUNTY,Early Education,40
2023-2024,17,HOCKLEY COUNTY,Pre-kindergarten,267
2023-2024,17,HOCKLEY COUNTY,Kindergarten,303
2023-2024,17,HOCKLEY COUNTY,Grade 1,328
2023-2024,17,HOCKLEY COUNTY,Grade 2,328
2023-2024,17,HOCKLEY COUNTY,Grade 3,304
2023-2024,17,HOCKLEY COUNTY,Grade 4,335
2023-2024,17,HOCKLEY COUNTY,Grade 5,309
2023-2024,17,HOCKLEY COUNTY,Grade 6,339
2023-2024,17,HOCKLEY COUNTY,Grade 7,340
2023-2024,17,HOCKLEY COUNTY,Grade 8,336
2023-2024,17,HOCKLEY COUNTY,Grade 9,351
2023-2024,17,HOCKLEY COUNTY,Grade 10,371
2023-2024,17,HOCKLEY COUNTY,Grade 11,323
2023-2024,17,HOCKLEY COUNTY,Grade 12,287
2023-2024,11,HOOD COUNTY,Early Education,63
2023-2024,11,HOOD COUNTY,Pre-kindergarten,368
2023-2024,11,HOOD COUNTY,Kindergarten,590
2023-2024,11,HOOD COUNTY,Grade 1,686
2023-2024,11,HOOD COUNTY,Grade 2,745
2023-2024,11,HOOD COUNTY,Grade 3,695
2023-2024,11,HOOD COUNTY,Grade 4,691
2023-2024,11,HOOD COUNTY,Grade 5,749
2023-2024,11,HOOD COUNTY,Grade 6,616
2023-2024,11,HOOD COUNTY,Grade 7,714
2023-2024,11,HOOD COUNTY,Grade 8,708
2023-2024,11,HOOD COUNTY,Grade 9,793
2023-2024,11,HOOD COUNTY,Grade 10,709
2023-2024,11,HOOD COUNTY,Grade 11,627
2023-2024,11,HOOD COUNTY,Grade 12,575
2023-2024,8,HOPKINS COUNTY,Early Education,81
2023-2024,8,HOPKINS COUNTY,Pre-kindergarten,343
2023-2024,8,HOPKINS COUNTY,Kindergarten,440
2023-2024,8,HOPKINS COUNTY,Grade 1,501
2023-2024,8,HOPKINS COUNTY,Grade 2,472
2023-2024,8,HOPKINS COUNTY,Grade 3,500
2023-2024,8,HOPKINS COUNTY,Grade 4,480
2023-2024,8,HOPKINS COUNTY,Grade 5,484
2023-2024,8,HOPKINS COUNTY,Grade 6,494
2023-2024,8,HOPKINS COUNTY,Grade 7,519
2023-2024,8,HOPKINS COUNTY,Grade 8,525
2023-2024,8,HOPKINS COUNTY,Grade 9,544
2023-2024,8,HOPKINS COUNTY,Grade 10,557
2023-2024,8,HOPKINS COUNTY,Grade 11,479
2023-2024,8,HOPKINS COUNTY,Grade 12,460
2023-2024,6,HOUSTON COUNTY,Early Education,5
2023-2024,6,HOUSTON COUNTY,Pre-kindergarten,192
2023-2024,6,HOUSTON COUNTY,Kindergarten,189
2023-2024,6,HOUSTON COUNTY,Grade 1,224
2023-2024,6,HOUSTON COUNTY,Grade 2,219
2023-2024,6,HOUSTON COUNTY,Grade 3,211
2023-2024,6,HOUSTON COUNTY,Grade 4,208
2023-2024,6,HOUSTON COUNTY,Grade 5,214
2023-2024,6,HOUSTON COUNTY,Grade 6,214
2023-2024,6,HOUSTON COUNTY,Grade 7,235
2023-2024,6,HOUSTON COUNTY,Grade 8,238
2023-2024,6,HOUSTON COUNTY,Grade 9,268
2023-2024,6,HOUSTON COUNTY,Grade 10,243
2023-2024,6,HOUSTON COUNTY,Grade 11,226
2023-2024,6,HOUSTON COUNTY,Grade 12,195
2023-2024,18,HOWARD COUNTY,Early Education,22
2023-2024,18,HOWARD COUNTY,Pre-kindergarten,122
2023-2024,18,HOWARD COUNTY,Kindergarten,408
2023-2024,18,HOWARD COUNTY,Grade 1,430
2023-2024,18,HOWARD COUNTY,Grade 2,424
2023-2024,18,HOWARD COUNTY,Grade 3,378
2023-2024,18,HOWARD COUNTY,Grade 4,412
2023-2024,18,HOWARD COUNTY,Grade 5,361
2023-2024,18,HOWARD COUNTY,Grade 6,366
2023-2024,18,HOWARD COUNTY,Grade 7,396
2023-2024,18,HOWARD COUNTY,Grade 8,398
2023-2024,18,HOWARD COUNTY,Grade 9,420
2023-2024,18,HOWARD COUNTY,Grade 10,391
2023-2024,18,HOWARD COUNTY,Grade 11,408
2023-2024,18,HOWARD COUNTY,Grade 12,362
2023-2024,19,HUDSPETH COUNTY,Early Education,3
2023-2024,19,HUDSPETH COUNTY,Pre-kindergarten,27
2023-2024,19,HUDSPETH COUNTY,Kindergarten,36
2023-2024,19,HUDSPETH COUNTY,Grade 1,36
2023-2024,19,HUDSPETH COUNTY,Grade 2,48
2023-2024,19,HUDSPETH COUNTY,Grade 3,37
2023-2024,19,HUDSPETH COUNTY,Grade 4,39
2023-2024,19,HUDSPETH COUNTY,Grade 5,41
2023-2024,19,HUDSPETH COUNTY,Grade 6,35
2023-2024,19,HUDSPETH COUNTY,Grade 7,44
2023-2024,19,HUDSPETH COUNTY,Grade 8,46
2023-2024,19,HUDSPETH COUNTY,Grade 9,48
2023-2024,19,HUDSPETH COUNTY,Grade 10,38
2023-2024,19,HUDSPETH COUNTY,Grade 11,42
2023-2024,19,HUDSPETH COUNTY,Grade 12,39
2023-2024,10,HUNT COUNTY,Early Education,35
2023-2024,10,HUNT COUNTY,Pre-kindergarten,906
2023-2024,10,HUNT COUNTY,Kindergarten,1151
2023-2024,10,HUNT COUNTY,Grade 1,1286
2023-2024,10,HUNT COUNTY,Grade 2,1210
2023-2024,10,HUNT COUNTY,Grade 3,1235
2023-2024,10,HUNT COUNTY,Grade 4,1253
2023-2024,10,HUNT COUNTY,Grade 5,1191
2023-2024,10,HUNT COUNTY,Grade 6,1185
2023-2024,10,HUNT COUNTY,Grade 7,1213
2023-2024,10,HUNT COUNTY,Grade 8,1169
2023-2024,10,HUNT COUNTY,Grade 9,1339
2023-2024,10,HUNT COUNTY,Grade 10,1308
2023-2024,10,HUNT COUNTY,Grade 11,1184
2023-2024,10,HUNT COUNTY,Grade 12,1060
2023-2024,16,HUTCHINSON COUNTY,Early Education,12
2023-2024,16,HUTCHINSON COUNTY,Pre-kindergarten,204
2023-2024,16,HUTCHINSON COUNTY,Kindergarten,241
2023-2024,16,HUTCHINSON COUNTY,Grade 1,249
2023-2024,16,HUTCHINSON COUNTY,Grade 2,269
2023-2024,16,HUTCHINSON COUNTY,Grade 3,275
2023-2024,16,HUTCHINSON COUNTY,Grade 4,269
2023-2024,16,HUTCHINSON COUNTY,Grade 5,258
2023-2024,16,HUTCHINSON COUNTY,Grade 6,307
2023-2024,16,HUTCHINSON COUNTY,Grade 7,242
2023-2024,16,HUTCHINSON COUNTY,Grade 8,270
2023-2024,16,HUTCHINSON COUNTY,Grade 9,294
2023-2024,16,HUTCHINSON COUNTY,Grade 10,294
2023-2024,16,HUTCHINSON COUNTY,Grade 11,295
2023-2024,16,HUTCHINSON COUNTY,Grade 12,261
2023-2024,15,IRION COUNTY,Pre-kindergarten,30
2023-2024,15,IRION COUNTY,Kindergarten,25
2023-2024,15,IRION COUNTY,Grade 1,26
2023-2024,15,IRION COUNTY,Grade 2,20
2023-2024,15,IRION COUNTY,Grade 3,26
2023-2024,15,IRION COUNTY,Grade 4,27
2023-2024,15,IRION COUNTY,Grade 5,23
2023-2024,15,IRION COUNTY,Grade 6,23
2023-2024,15,IRION COUNTY,Grade 7,25
2023-2024,15,IRION COUNTY,Grade 8,25
2023-2024,15,IRION COUNTY,Grade 9,21
2023-2024,15,IRION COUNTY,Grade 10,26
2023-2024,15,IRION COUNTY,Grade 11,19
2023-2024,15,IRION COUNTY,Grade 12,21
2023-2024,9,JACK COUNTY,Early Education,9
2023-2024,9,JACK COUNTY,Pre-kindergarten,62
2023-2024,9,JACK COUNTY,Kindergarten,108
2023-2024,9,JACK COUNTY,Grade 1,105
2023-2024,9,JACK COUNTY,Grade 2,102
2023-2024,9,JACK COUNTY,Grade 3,123
2023-2024,9,JACK COUNTY,Grade 4,112
2023-2024,9,JACK COUNTY,Grade 5,116
2023-2024,9,JACK COUNTY,Grade 6,141
2023-2024,9,JACK COUNTY,Grade 7,140
2023-2024,9,JACK COUNTY,Grade 8,115
2023-2024,9,JACK COUNTY,Grade 9,132
2023-2024,9,JACK COUNTY,Grade 10,122
2023-2024,9,JACK COUNTY,Grade 11,146
2023-2024,9,JACK COUNTY,Grade 12,122
2023-2024,3,JACKSON COUNTY,Early Education,11
2023-2024,3,JACKSON COUNTY,Pre-kindergarten,151
2023-2024,3,JACKSON COUNTY,Kindergarten,243
2023-2024,3,JACKSON COUNTY,Grade 1,260
2023-2024,3,JACKSON COUNTY,Grade 2,242
2023-2024,3,JACKSON COUNTY,Grade 3,255
2023-2024,3,JACKSON COUNTY,Grade 4,246
2023-2024,3,JACKSON COUNTY,Grade 5,258
2023-2024,3,JACKSON COUNTY,Grade 6,234
2023-2024,3,JACKSON COUNTY,Grade 7,238
2023-2024,3,JACKSON COUNTY,Grade 8,286
2023-2024,3,JACKSON COUNTY,Grade 9,256
2023-2024,3,JACKSON COUNTY,Grade 10,281
2023-2024,3,JACKSON COUNTY,Grade 11,253
2023-2024,3,JACKSON COUNTY,Grade 12,228
2023-2024,5,JASPER COUNTY,Early Education,21
2023-2024,5,JASPER COUNTY,Pre-kindergarten,242
2023-2024,5,JASPER COUNTY,Kindergarten,387
2023-2024,5,JASPER COUNTY,Grade 1,431
2023-2024,5,JASPER COUNTY,Grade 2,451
2023-2024,5,JASPER COUNTY,Grade 3,450
2023-2024,5,JASPER COUNTY,Grade 4,377
2023-2024,5,JASPER COUNTY,Grade 5,443
2023-2024,5,JASPER COUNTY,Grade 6,441
2023-2024,5,JASPER COUNTY,Grade 7,429
2023-2024,5,JASPER COUNTY,Grade 8,482
2023-2024,5,JASPER COUNTY,Grade 9,470
2023-2024,5,JASPER COUNTY,Grade 10,460
2023-2024,5,JASPER COUNTY,Grade 11,396
2023-2024,5,JASPER COUNTY,Grade 12,387
2023-2024,18,JEFF DAVIS COUNTY,Early Education,2
2023-2024,18,JEFF DAVIS COUNTY,Pre-kindergarten,38
2023-2024,18,JEFF DAVIS COUNTY,Kindergarten,37
2023-2024,18,JEFF DAVIS COUNTY,Grade 1,18
2023-2024,18,JEFF DAVIS COUNTY,Grade 2,38
2023-2024,18,JEFF DAVIS COUNTY,Grade 3,10
2023-2024,18,JEFF DAVIS COUNTY,Grade 4,9
2023-2024,18,JEFF DAVIS COUNTY,Grade 5,9
2023-2024,18,JEFF DAVIS COUNTY,Grade 6,18
2023-2024,18,JEFF DAVIS COUNTY,Grade 7,20
2023-2024,18,JEFF DAVIS COUNTY,Grade 8,21
2023-2024,18,JEFF DAVIS COUNTY,Grade 9,19
2023-2024,18,JEFF DAVIS COUNTY,Grade 10,16
2023-2024,18,JEFF DAVIS COUNTY,Grade 11,14
2023-2024,18,JEFF DAVIS COUNTY,Grade 12,18
2023-2024,5,JEFFERSON COUNTY,Early Education,404
2023-2024,5,JEFFERSON COUNTY,Pre-kindergarten,2321
2023-2024,5,JEFFERSON COUNTY,Kindergarten,3055
2023-2024,5,JEFFERSON COUNTY,Grade 1,2993
2023-2024,5,JEFFERSON COUNTY,Grade 2,3245
2023-2024,5,JEFFERSON COUNTY,Grade 3,3173
2023-2024,5,JEFFERSON COUNTY,Grade 4,2993
2023-2024,5,JEFFERSON COUNTY,Grade 5,3015
2023-2024,5,JEFFERSON COUNTY,Grade 6,2851
2023-2024,5,JEFFERSON COUNTY,Grade 7,2877
2023-2024,5,JEFFERSON COUNTY,Grade 8,3009
2023-2024,5,JEFFERSON COUNTY,Grade 9,3267
2023-2024,5,JEFFERSON COUNTY,Grade 10,3037
2023-2024,5,JEFFERSON COUNTY,Grade 11,2761
2023-2024,5,JEFFERSON COUNTY,Grade 12,2464
2023-2024,1,JIM HOGG COUNTY,Early Education,7
2023-2024,1,JIM HOGG COUNTY,Pre-kindergarten,30
2023-2024,1,JIM HOGG COUNTY,Kindergarten,67
2023-2024,1,JIM HOGG COUNTY,Grade 1,66
2023-2024,1,JIM HOGG COUNTY,Grade 2,75
2023-2024,1,JIM HOGG COUNTY,Grade 3,67
2023-2024,1,JIM HOGG COUNTY,Grade 4,81
2023-2024,1,JIM HOGG COUNTY,Grade 5,67
2023-2024,1,JIM HOGG COUNTY,Grade 6,81
2023-2024,1,JIM HOGG COUNTY,Grade 7,65
2023-2024,1,JIM HOGG COUNTY,Grade 8,64
2023-2024,1,JIM HOGG COUNTY,Grade 9,91
2023-2024,1,JIM HOGG COUNTY,Grade 10,76
2023-2024,1,JIM HOGG COUNTY,Grade 11,80
2023-2024,1,JIM HOGG COUNTY,Grade 12,83
2023-2024,2,JIM WELLS COUNTY,Early Education,27
2023-2024,2,JIM WELLS COUNTY,Pre-kindergarten,375
2023-2024,2,JIM WELLS COUNTY,Kindergarten,510
2023-2024,2,JIM WELLS COUNTY,Grade 1,493
2023-2024,2,JIM WELLS COUNTY,Grade 2,582
2023-2024,2,JIM WELLS COUNTY,Grade 3,578
2023-2024,2,JIM WELLS COUNTY,Grade 4,586
2023-2024,2,JIM WELLS COUNTY,Grade 5,559
2023-2024,2,JIM WELLS COUNTY,Grade 6,534
2023-2024,2,JIM WELLS COUNTY,Grade 7,550
2023-2024,2,JIM WELLS COUNTY,Grade 8,538
2023-2024,2,JIM WELLS COUNTY,Grade 9,653
2023-2024,2,JIM WELLS COUNTY,Grade 10,592
2023-2024,2,JIM WELLS COUNTY,Grade 11,515
2023-2024,2,JIM WELLS COUNTY,Grade 12,452
2023-2024,11,JOHNSON COUNTY,Early Education,215
2023-2024,11,JOHNSON COUNTY,Pre-kindergarten,1267
2023-2024,11,JOHNSON COUNTY,Kindergarten,2543
2023-2024,11,JOHNSON COUNTY,Grade 1,2779
2023-2024,11,JOHNSON COUNTY,Grade 2,2786
2023-2024,11,JOHNSON COUNTY,Grade 3,2771
2023-2024,11,JOHNSON COUNTY,Grade 4,2780
2023-2024,11,JOHNSON COUNTY,Grade 5,2782
2023-2024,11,JOHNSON COUNTY,Grade 6,2868
2023-2024,11,JOHNSON COUNTY,Grade 7,2859
2023-2024,11,JOHNSON COUNTY,Grade 8,2927
2023-2024,11,JOHNSON COUNTY,Grade 9,3367
2023-2024,11,JOHNSON COUNTY,Grade 10,3050
2023-2024,11,JOHNSON COUNTY,Grade 11,2804
2023-2024,11,JOHNSON COUNTY,Grade 12,2606
2023-2024,14,JONES COUNTY,Early Education,14
2023-2024,14,JONES COUNTY,Pre-kindergarten,173
2023-2024,14,JONES COUNTY,Kindergarten,186
2023-2024,14,JONES COUNTY,Grade 1,184
2023-2024,14,JONES COUNTY,Grade 2,196
2023-2024,14,JONES COUNTY,Grade 3,170
2023-2024,14,JONES COUNTY,Grade 4,175
2023-2024,14,JONES COUNTY,Grade 5,225
2023-2024,14,JONES COUNTY,Grade 6,179
2023-2024,14,JONES COUNTY,Grade 7,169
2023-2024,14,JONES COUNTY,Grade 8,213
2023-2024,14,JONES COUNTY,Grade 9,205
2023-2024,14,JONES COUNTY,Grade 10,181
2023-2024,14,JONES COUNTY,Grade 11,199
2023-2024,14,JONES COUNTY,Grade 12,184
2023-2024,3,KARNES COUNTY,Early Education,2
2023-2024,20,KARNES COUNTY,Early Education,6
2023-2024,3,KARNES COUNTY,Pre-kindergarten,87
2023-2024,20,KARNES COUNTY,Pre-kindergarten,61
2023-2024,3,KARNES COUNTY,Kindergarten,61
2023-2024,20,KARNES COUNTY,Kindergarten,100
2023-2024,3,KARNES COUNTY,Grade 1,74
2023-2024,20,KARNES COUNTY,Grade 1,103
2023-2024,3,KARNES COUNTY,Grade 2,67
2023-2024,20,KARNES COUNTY,Grade 2,120
2023-2024,3,KARNES COUNTY,Grade 3,68
2023-2024,20,KARNES COUNTY,Grade 3,99
2023-2024,3,KARNES COUNTY,Grade 4,78
2023-2024,20,KARNES COUNTY,Grade 4,116
2023-2024,3,KARNES COUNTY,Grade 5,50
2023-2024,20,KARNES COUNTY,Grade 5,97
2023-2024,3,KARNES COUNTY,Grade 6,59
2023-2024,20,KARNES COUNTY,Grade 6,115
2023-2024,3,KARNES COUNTY,Grade 7,69
2023-2024,20,KARNES COUNTY,Grade 7,121
2023-2024,3,KARNES COUNTY,Grade 8,60
2023-2024,20,KARNES COUNTY,Grade 8,91
2023-2024,3,KARNES COUNTY,Grade 9,77
2023-2024,20,KARNES COUNTY,Grade 9,104
2023-2024,3,KARNES COUNTY,Grade 10,73
2023-2024,20,KARNES COUNTY,Grade 10,116
2023-2024,3,KARNES COUNTY,Grade 11,72
2023-2024,20,KARNES COUNTY,Grade 11,111
2023-2024,3,KARNES COUNTY,Grade 12,69
2023-2024,20,KARNES COUNTY,Grade 12,107
2023-2024,10,KAUFMAN COUNTY,Early Education,239
2023-2024,10,KAUFMAN COUNTY,Pre-kindergarten,1501
2023-2024,10,KAUFMAN COUNTY,Kindergarten,2741
2023-2024,10,KAUFMAN COUNTY,Grade 1,2836
2023-2024,10,KAUFMAN COUNTY,Grade 2,3047
2023-2024,10,KAUFMAN COUNTY,Grade 3,2919
2023-2024,10,KAUFMAN COUNTY,Grade 4,2992
2023-2024,10,KAUFMAN COUNTY,Grade 5,2994
2023-2024,10,KAUFMAN COUNTY,Grade 6,2967
2023-2024,10,KAUFMAN COUNTY,Grade 7,3018
2023-2024,10,KAUFMAN COUNTY,Grade 8,3087
2023-2024,10,KAUFMAN COUNTY,Grade 9,3363
2023-2024,10,KAUFMAN COUNTY,Grade 10,3168
2023-2024,10,KAUFMAN COUNTY,Grade 11,2808
2023-2024,10,KAUFMAN COUNTY,Grade 12,2477
2023-2024,20,KENDALL COUNTY,Early Education,84
2023-2024,20,KENDALL COUNTY,Pre-kindergarten,227
2023-2024,20,KENDALL COUNTY,Kindergarten,749
2023-2024,20,KENDALL COUNTY,Grade 1,862
2023-2024,20,KENDALL COUNTY,Grade 2,884
2023-2024,20,KENDALL COUNTY,Grade 3,816
2023-2024,20,KENDALL COUNTY,Grade 4,915
2023-2024,20,KENDALL COUNTY,Grade 5,833
2023-2024,20,KENDALL COUNTY,Grade 6,975
2023-2024,20,KENDALL COUNTY,Grade 7,883
2023-2024,20,KENDALL COUNTY,Grade 8,943
2023-2024,20,KENDALL COUNTY,Grade 9,1058
2023-2024,20,KENDALL COUNTY,Grade 10,1022
2023-2024,20,KENDALL COUNTY,Grade 11,939
2023-2024,20,KENDALL COUNTY,Grade 12,863
2023-2024,2,KENEDY COUNTY,Pre-kindergarten,51
2023-2024,2,KENEDY COUNTY,Kindergarten,14
2023-2024,2,KENEDY COUNTY,Grade 1,12
2023-2024,2,KENEDY COUNTY,Grade 2,11
2023-2024,2,KENEDY COUNTY,Grade 3,9
2023-2024,2,KENEDY COUNTY,Grade 4,12
2023-2024,2,KENEDY COUNTY,Grade 5,10
2023-2024,2,KENEDY COUNTY,Grade 6,11
2023-2024,17,KENT COUNTY,Pre-kindergarten,5
2023-2024,17,KENT COUNTY,Kindergarten,13
2023-2024,17,KENT COUNTY,Grade 1,10
2023-2024,17,KENT COUNTY,Grade 2,14
2023-2024,17,KENT COUNTY,Grade 3,13
2023-2024,17,KENT COUNTY,Grade 4,13
2023-2024,17,KENT COUNTY,Grade 5,15
2023-2024,17,KENT COUNTY,Grade 6,10
2023-2024,17,KENT COUNTY,Grade 7,19
2023-2024,17,KENT COUNTY,Grade 8,12
2023-2024,17,KENT COUNTY,Grade 9,14
2023-2024,17,KENT COUNTY,Grade 10,16
2023-2024,17,KENT COUNTY,Grade 11,12
2023-2024,17,KENT COUNTY,Grade 12,11
2023-2024,20,KERR COUNTY,Early Education,28
2023-2024,15,KERR COUNTY,Pre-kindergarten,7
2023-2024,20,KERR COUNTY,Pre-kindergarten,274
2023-2024,15,KERR COUNTY,Kindergarten,5
2023-2024,20,KERR COUNTY,Kindergarten,488
2023-2024,15,KERR COUNTY,Grade 1,5
2023-2024,20,KERR COUNTY,Grade 1,512
2023-2024,15,KERR COUNTY,Grade 2,4
2023-2024,20,KERR COUNTY,Grade 2,488
2023-2024,15,KERR COUNTY,Grade 3,3
2023-2024,20,KERR COUNTY,Grade 3,504
2023-2024,15,KERR COUNTY,Grade 4,6
2023-2024,20,KERR COUNTY,Grade 4,477
2023-2024,15,KERR COUNTY,Grade 5,5
2023-2024,20,KERR COUNTY,Grade 5,473
2023-2024,20,KERR COUNTY,Grade 6,462
2023-2024,20,KERR COUNTY,Grade 7,475
2023-2024,20,KERR COUNTY,Grade 8,532
2023-2024,20,KERR COUNTY,Grade 9,511
2023-2024,20,KERR COUNTY,Grade 10,549
2023-2024,20,KERR COUNTY,Grade 11,487
2023-2024,20,KERR COUNTY,Grade 12,463
2023-2024,15,KIMBLE COUNTY,Early Education,4
2023-2024,15,KIMBLE COUNTY,Pre-kindergarten,29
2023-2024,15,KIMBLE COUNTY,Kindergarten,41
2023-2024,15,KIMBLE COUNTY,Grade 1,46
2023-2024,15,KIMBLE COUNTY,Grade 2,42
2023-2024,15,KIMBLE COUNTY,Grade 3,51
2023-2024,15,KIMBLE COUNTY,Grade 4,52
2023-2024,15,KIMBLE COUNTY,Grade 5,38
2023-2024,15,KIMBLE COUNTY,Grade 6,39
2023-2024,15,KIMBLE COUNTY,Grade 7,34
2023-2024,15,KIMBLE COUNTY,Grade 8,39
2023-2024,15,KIMBLE COUNTY,Grade 9,51
2023-2024,15,KIMBLE COUNTY,Grade 10,52
2023-2024,15,KIMBLE COUNTY,Grade 11,48
2023-2024,15,KIMBLE COUNTY,Grade 12,23
2023-2024,17,KING COUNTY,Pre-kindergarten,5
2023-2024,17,KING COUNTY,Kindergarten,5
2023-2024,17,KING COUNTY,Grade 1,6
2023-2024,17,KING COUNTY,Grade 2,9
2023-2024,17,KING COUNTY,Grade 3,10
2023-2024,17,KING COUNTY,Grade 4,6
2023-2024,17,KING COUNTY,Grade 5,5
2023-2024,17,KING COUNTY,Grade 6,12
2023-2024,17,KING COUNTY,Grade 7,12
2023-2024,17,KING COUNTY,Grade 8,3
2023-2024,17,KING COUNTY,Grade 9,8
2023-2024,17,KING COUNTY,Grade 10,7
2023-2024,17,KING COUNTY,Grade 11,2
2023-2024,17,KING COUNTY,Grade 12,8
2023-2024,20,KINNEY COUNTY,Early Education,4
2023-2024,20,KINNEY COUNTY,Pre-kindergarten,24
2023-2024,20,KINNEY COUNTY,Kindergarten,39
2023-2024,20,KINNEY COUNTY,Grade 1,30
2023-2024,20,KINNEY COUNTY,Grade 2,39
2023-2024,20,KINNEY COUNTY,Grade 3,39
2023-2024,20,KINNEY COUNTY,Grade 4,37
2023-2024,20,KINNEY COUNTY,Grade 5,36
2023-2024,20,KINNEY COUNTY,Grade 6,40
2023-2024,20,KINNEY COUNTY,Grade 7,35
2023-2024,20,KINNEY COUNTY,Grade 8,41
2023-2024,20,KINNEY COUNTY,Grade 9,44
2023-2024,20,KINNEY COUNTY,Grade 10,43
2023-2024,20,KINNEY COUNTY,Grade 11,40
2023-2024,20,KINNEY COUNTY,Grade 12,41
2023-2024,2,KLEBERG COUNTY,Early Education,8
2023-2024,2,KLEBERG COUNTY,Pre-kindergarten,221
2023-2024,2,KLEBERG COUNTY,Kindergarten,300
2023-2024,2,KLEBERG COUNTY,Grade 1,308
2023-2024,2,KLEBERG COUNTY,Grade 2,304
2023-2024,2,KLEBERG COUNTY,Grade 3,316
2023-2024,2,KLEBERG COUNTY,Grade 4,333
2023-2024,2,KLEBERG COUNTY,Grade 5,314
2023-2024,2,KLEBERG COUNTY,Grade 6,306
2023-2024,2,KLEBERG COUNTY,Grade 7,289
2023-2024,2,KLEBERG COUNTY,Grade 8,337
2023-2024,2,KLEBERG COUNTY,Grade 9,424
2023-2024,2,KLEBERG COUNTY,Grade 10,400
2023-2024,2,KLEBERG COUNTY,Grade 11,370
2023-2024,2,KLEBERG COUNTY,Grade 12,316
2023-2024,9,KNOX COUNTY,Early Education,14
2023-2024,9,KNOX COUNTY,Pre-kindergarten,60
2023-2024,9,KNOX COUNTY,Kindergarten,36
2023-2024,9,KNOX COUNTY,Grade 1,44
2023-2024,9,KNOX COUNTY,Grade 2,51
2023-2024,9,KNOX COUNTY,Grade 3,51
2023-2024,9,KNOX COUNTY,Grade 4,44
2023-2024,9,KNOX COUNTY,Grade 5,41
2023-2024,9,KNOX COUNTY,Grade 6,49
2023-2024,9,KNOX COUNTY,Grade 7,47
2023-2024,9,KNOX COUNTY,Grade 8,61
2023-2024,9,KNOX COUNTY,Grade 9,57
2023-2024,9,KNOX COUNTY,Grade 10,58
2023-2024,9,KNOX COUNTY,Grade 11,61
2023-2024,9,KNOX COUNTY,Grade 12,41
2023-2024,20,LA SALLE COUNTY,Early Education,3
2023-2024,20,LA SALLE COUNTY,Pre-kindergarten,53
2023-2024,20,LA SALLE COUNTY,Kindergarten,80
2023-2024,20,LA SALLE COUNTY,Grade 1,59
2023-2024,20,LA SALLE COUNTY,Grade 2,88
2023-2024,20,LA SALLE COUNTY,Grade 3,80
2023-2024,20,LA SALLE COUNTY,Grade 4,84
2023-2024,20,LA SALLE COUNTY,Grade 5,87
2023-2024,20,LA SALLE COUNTY,Grade 6,86
2023-2024,20,LA SALLE COUNTY,Grade 7,80
2023-2024,20,LA SALLE COUNTY,Grade 8,90
2023-2024,20,LA SALLE COUNTY,Grade 9,104
2023-2024,20,LA SALLE COUNTY,Grade 10,80
2023-2024,20,LA SALLE COUNTY,Grade 11,82
2023-2024,20,LA SALLE COUNTY,Grade 12,87
2023-2024,8,LAMAR COUNTY,Early Education,16
2023-2024,8,LAMAR COUNTY,Pre-kindergarten,524
2023-2024,8,LAMAR COUNTY,Kindergarten,626
2023-2024,8,LAMAR COUNTY,Grade 1,665
2023-2024,8,LAMAR COUNTY,Grade 2,632
2023-2024,8,LAMAR COUNTY,Grade 3,674
2023-2024,8,LAMAR COUNTY,Grade 4,667
2023-2024,8,LAMAR COUNTY,Grade 5,602
2023-2024,8,LAMAR COUNTY,Grade 6,654
2023-2024,8,LAMAR COUNTY,Grade 7,609
2023-2024,8,LAMAR COUNTY,Grade 8,616
2023-2024,8,LAMAR COUNTY,Grade 9,634
2023-2024,8,LAMAR COUNTY,Grade 10,623
2023-2024,8,LAMAR COUNTY,Grade 11,529
2023-2024,8,LAMAR COUNTY,Grade 12,483
2023-2024,17,LAMB COUNTY,Early Education,6
2023-2024,17,LAMB COUNTY,Pre-kindergarten,169
2023-2024,17,LAMB COUNTY,Kindergarten,152
2023-2024,17,LAMB COUNTY,Grade 1,170
2023-2024,17,LAMB COUNTY,Grade 2,193
2023-2024,17,LAMB COUNTY,Grade 3,186
2023-2024,17,LAMB COUNTY,Grade 4,151
2023-2024,17,LAMB COUNTY,Grade 5,194
2023-2024,17,LAMB COUNTY,Grade 6,206
2023-2024,17,LAMB COUNTY,Grade 7,182
2023-2024,17,LAMB COUNTY,Grade 8,216
2023-2024,17,LAMB COUNTY,Grade 9,217
2023-2024,17,LAMB COUNTY,Grade 10,214
2023-2024,17,LAMB COUNTY,Grade 11,207
2023-2024,17,LAMB COUNTY,Grade 12,199
2023-2024,12,LAMPASAS COUNTY,Early Education,16
2023-2024,12,LAMPASAS COUNTY,Pre-kindergarten,139
2023-2024,12,LAMPASAS COUNTY,Kindergarten,247
2023-2024,12,LAMPASAS COUNTY,Grade 1,287
2023-2024,12,LAMPASAS COUNTY,Grade 2,292
2023-2024,12,LAMPASAS COUNTY,Grade 3,273
2023-2024,12,LAMPASAS COUNTY,Grade 4,288
2023-2024,12,LAMPASAS COUNTY,Grade 5,274
2023-2024,12,LAMPASAS COUNTY,Grade 6,291
2023-2024,12,LAMPASAS COUNTY,Grade 7,290
2023-2024,12,LAMPASAS COUNTY,Grade 8,286
2023-2024,12,LAMPASAS COUNTY,Grade 9,303
2023-2024,12,LAMPASAS COUNTY,Grade 10,354
2023-2024,12,LAMPASAS COUNTY,Grade 11,288
2023-2024,12,LAMPASAS COUNTY,Grade 12,252
2023-2024,3,LAVACA COUNTY,Early Education,21
2023-2024,3,LAVACA COUNTY,Pre-kindergarten,142
2023-2024,3,LAVACA COUNTY,Kindergarten,176
2023-2024,3,LAVACA COUNTY,Grade 1,183
2023-2024,3,LAVACA COUNTY,Grade 2,186
2023-2024,3,LAVACA COUNTY,Grade 3,195
2023-2024,3,LAVACA COUNTY,Grade 4,187
2023-2024,3,LAVACA COUNTY,Grade 5,190
2023-2024,3,LAVACA COUNTY,Grade 6,178
2023-2024,3,LAVACA COUNTY,Grade 7,153
2023-2024,3,LAVACA COUNTY,Grade 8,200
2023-2024,3,LAVACA COUNTY,Grade 9,182
2023-2024,3,LAVACA COUNTY,Grade 10,201
2023-2024,3,LAVACA COUNTY,Grade 11,180
2023-2024,3,LAVACA COUNTY,Grade 12,170
2023-2024,13,LEE COUNTY,Early Education,25
2023-2024,13,LEE COUNTY,Pre-kindergarten,93
2023-2024,13,LEE COUNTY,Kindergarten,196
2023-2024,13,LEE COUNTY,Grade 1,203
2023-2024,13,LEE COUNTY,Grade 2,245
2023-2024,13,LEE COUNTY,Grade 3,213
2023-2024,13,LEE COUNTY,Grade 4,218
2023-2024,13,LEE COUNTY,Grade 5,237
2023-2024,13,LEE COUNTY,Grade 6,191
2023-2024,13,LEE COUNTY,Grade 7,206
2023-2024,13,LEE COUNTY,Grade 8,261
2023-2024,13,LEE COUNTY,Grade 9,295
2023-2024,13,LEE COUNTY,Grade 10,248
2023-2024,13,LEE COUNTY,Grade 11,267
2023-2024,13,LEE COUNTY,Grade 12,211
2023-2024,6,LEON COUNTY,Early Education,6
2023-2024,6,LEON COUNTY,Pre-kindergarten,207
2023-2024,6,LEON COUNTY,Kindergarten,212
2023-2024,6,LEON COUNTY,Grade 1,231
2023-2024,6,LEON COUNTY,Grade 2,243
2023-2024,6,LEON COUNTY,Grade 3,234
2023-2024,6,LEON COUNTY,Grade 4,229
2023-2024,6,LEON COUNTY,Grade 5,228
2023-2024,6,LEON COUNTY,Grade 6,261
2023-2024,6,LEON COUNTY,Grade 7,225
2023-2024,6,LEON COUNTY,Grade 8,280
2023-2024,6,LEON COUNTY,Grade 9,247
2023-2024,6,LEON COUNTY,Grade 10,268
2023-2024,6,LEON COUNTY,Grade 11,212
2023-2024,6,LEON COUNTY,Grade 12,233
2023-2024,4,LIBERTY COUNTY,Early Education,85
2023-2024,5,LIBERTY COUNTY,Early Education,14
2023-2024,4,LIBERTY COUNTY,Pre-kindergarten,980
2023-2024,5,LIBERTY COUNTY,Pre-kindergarten,192
2023-2024,4,LIBERTY COUNTY,Kindergarten,1306
2023-2024,5,LIBERTY COUNTY,Kindergarten,259
2023-2024,4,LIBERTY COUNTY,Grade 1,1376
2023-2024,5,LIBERTY COUNTY,Grade 1,286
2023-2024,4,LIBERTY COUNTY,Grade 2,1452
2023-2024,5,LIBERTY COUNTY,Grade 2,285
2023-2024,4,LIBERTY COUNTY,Grade 3,1471
2023-2024,5,LIBERTY COUNTY,Grade 3,267
2023-2024,4,LIBERTY COUNTY,Grade 4,1505
2023-2024,5,LIBERTY COUNTY,Grade 4,304
2023-2024,4,LIBERTY COUNTY,Grade 5,1433
2023-2024,5,LIBERTY COUNTY,Grade 5,334
2023-2024,4,LIBERTY COUNTY,Grade 6,1361
2023-2024,5,LIBERTY COUNTY,Grade 6,282
2023-2024,4,LIBERTY COUNTY,Grade 7,1430
2023-2024,5,LIBERTY COUNTY,Grade 7,312
2023-2024,4,LIBERTY COUNTY,Grade 8,1518
2023-2024,5,LIBERTY COUNTY,Grade 8,308
2023-2024,4,LIBERTY COUNTY,Grade 9,1782
2023-2024,5,LIBERTY COUNTY,Grade 9,364
2023-2024,4,LIBERTY COUNTY,Grade 10,1745
2023-2024,5,LIBERTY COUNTY,Grade 10,335
2023-2024,4,LIBERTY COUNTY,Grade 11,1417
2023-2024,5,LIBERTY COUNTY,Grade 11,300
2023-2024,4,LIBERTY COUNTY,Grade 12,1009
2023-2024,5,LIBERTY COUNTY,Grade 12,237
2023-2024,12,LIMESTONE COUNTY,Early Education,23
2023-2024,12,LIMESTONE COUNTY,Pre-kindergarten,179
2023-2024,12,LIMESTONE COUNTY,Kindergarten,237
2023-2024,12,LIMESTONE COUNTY,Grade 1,284
2023-2024,12,LIMESTONE COUNTY,Grade 2,274
2023-2024,12,LIMESTONE COUNTY,Grade 3,242
2023-2024,12,LIMESTONE COUNTY,Grade 4,275
2023-2024,12,LIMESTONE COUNTY,Grade 5,261
2023-2024,12,LIMESTONE COUNTY,Grade 6,263
2023-2024,12,LIMESTONE COUNTY,Grade 7,242
2023-2024,12,LIMESTONE COUNTY,Grade 8,291
2023-2024,12,LIMESTONE COUNTY,Grade 9,295
2023-2024,12,LIMESTONE COUNTY,Grade 10,285
2023-2024,12,LIMESTONE COUNTY,Grade 11,247
2023-2024,12,LIMESTONE COUNTY,Grade 12,272
2023-2024,16,LIPSCOMB COUNTY,Early Education,1
2023-2024,16,LIPSCOMB COUNTY,Pre-kindergarten,39
2023-2024,16,LIPSCOMB COUNTY,Kindergarten,44
2023-2024,16,LIPSCOMB COUNTY,Grade 1,38
2023-2024,16,LIPSCOMB COUNTY,Grade 2,44
2023-2024,16,LIPSCOMB COUNTY,Grade 3,46
2023-2024,16,LIPSCOMB COUNTY,Grade 4,51
2023-2024,16,LIPSCOMB COUNTY,Grade 5,46
2023-2024,16,LIPSCOMB COUNTY,Grade 6,34
2023-2024,16,LIPSCOMB COUNTY,Grade 7,42
2023-2024,16,LIPSCOMB COUNTY,Grade 8,52
2023-2024,16,LIPSCOMB COUNTY,Grade 9,48
2023-2024,16,LIPSCOMB COUNTY,Grade 10,37
2023-2024,16,LIPSCOMB COUNTY,Grade 11,46
2023-2024,16,LIPSCOMB COUNTY,Grade 12,41
2023-2024,2,LIVE OAK COUNTY,Early Education,3
2023-2024,2,LIVE OAK COUNTY,Pre-kindergarten,86
2023-2024,2,LIVE OAK COUNTY,Kindergarten,130
2023-2024,2,LIVE OAK COUNTY,Grade 1,124
2023-2024,2,LIVE OAK COUNTY,Grade 2,143
2023-2024,2,LIVE OAK COUNTY,Grade 3,116
2023-2024,2,LIVE OAK COUNTY,Grade 4,112
2023-2024,2,LIVE OAK COUNTY,Grade 5,115
2023-2024,2,LIVE OAK COUNTY,Grade 6,114
2023-2024,2,LIVE OAK COUNTY,Grade 7,122
2023-2024,2,LIVE OAK COUNTY,Grade 8,127
2023-2024,2,LIVE OAK COUNTY,Grade 9,132
2023-2024,2,LIVE OAK COUNTY,Grade 10,114
2023-2024,2,LIVE OAK COUNTY,Grade 11,98
2023-2024,2,LIVE OAK COUNTY,Grade 12,113
2023-2024,13,LLANO COUNTY,Early Education,19
2023-2024,13,LLANO COUNTY,Pre-kindergarten,94
2023-2024,13,LLANO COUNTY,Kindergarten,127
2023-2024,13,LLANO COUNTY,Grade 1,141
2023-2024,13,LLANO COUNTY,Grade 2,153
2023-2024,13,LLANO COUNTY,Grade 3,162
2023-2024,13,LLANO COUNTY,Grade 4,151
2023-2024,13,LLANO COUNTY,Grade 5,155
2023-2024,13,LLANO COUNTY,Grade 6,125
2023-2024,13,LLANO COUNTY,Grade 7,145
2023-2024,13,LLANO COUNTY,Grade 8,135
2023-2024,13,LLANO COUNTY,Grade 9,165
2023-2024,13,LLANO COUNTY,Grade 10,138
2023-2024,13,LLANO COUNTY,Grade 11,108
2023-2024,13,LLANO COUNTY,Grade 12,124
2023-2024,17,LUBBOCK COUNTY,Early Education,276
2023-2024,17,LUBBOCK COUNTY,Pre-kindergarten,2263
2023-2024,17,LUBBOCK COUNTY,Kindergarten,3558
2023-2024,17,LUBBOCK COUNTY,Grade 1,3745
2023-2024,17,LUBBOCK COUNTY,Grade 2,3876
2023-2024,17,LUBBOCK COUNTY,Grade 3,3721
2023-2024,17,LUBBOCK COUNTY,Grade 4,3693
2023-2024,17,LUBBOCK COUNTY,Grade 5,3632
2023-2024,17,LUBBOCK COUNTY,Grade 6,3563
2023-2024,17,LUBBOCK COUNTY,Grade 7,3626
2023-2024,17,LUBBOCK COUNTY,Grade 8,3870
2023-2024,17,LUBBOCK COUNTY,Grade 9,4211
2023-2024,17,LUBBOCK COUNTY,Grade 10,3938
2023-2024,17,LUBBOCK COUNTY,Grade 11,3752
2023-2024,17,LUBBOCK COUNTY,Grade 12,3260
2023-2024,17,LYNN COUNTY,Early Education,7
2023-2024,17,LYNN COUNTY,Pre-kindergarten,66
2023-2024,17,LYNN COUNTY,Kindergarten,103
2023-2024,17,LYNN COUNTY,Grade 1,109
2023-2024,17,LYNN COUNTY,Grade 2,133
2023-2024,17,LYNN COUNTY,Grade 3,121
2023-2024,17,LYNN COUNTY,Grade 4,140
2023-2024,17,LYNN COUNTY,Grade 5,120
2023-2024,17,LYNN COUNTY,Grade 6,131
2023-2024,17,LYNN COUNTY,Grade 7,111
2023-2024,17,LYNN COUNTY,Grade 8,120
2023-2024,17,LYNN COUNTY,Grade 9,123
2023-2024,17,LYNN COUNTY,Grade 10,122
2023-2024,17,LYNN COUNTY,Grade 11,150
2023-2024,17,LYNN COUNTY,Grade 12,102
2023-2024,6,MADISON COUNTY,Early Education,15
2023-2024,6,MADISON COUNTY,Pre-kindergarten,187
2023-2024,6,MADISON COUNTY,Kindergarten,193
2023-2024,6,MADISON COUNTY,Grade 1,207
2023-2024,6,MADISON COUNTY,Grade 2,192
2023-2024,6,MADISON COUNTY,Grade 3,215
2023-2024,6,MADISON COUNTY,Grade 4,174
2023-2024,6,MADISON COUNTY,Grade 5,214
2023-2024,6,MADISON COUNTY,Grade 6,185
2023-2024,6,MADISON COUNTY,Grade 7,190
2023-2024,6,MADISON COUNTY,Grade 8,209
2023-2024,6,MADISON COUNTY,Grade 9,218
2023-2024,6,MADISON COUNTY,Grade 10,203
2023-2024,6,MADISON COUNTY,Grade 11,177
2023-2024,6,MADISON COUNTY,Grade 12,171
2023-2024,8,MARION COUNTY,Early Education,1
2023-2024,8,MARION COUNTY,Pre-kindergarten,79
2023-2024,8,MARION COUNTY,Kindergarten,61
2023-2024,8,MARION COUNTY,Grade 1,76
2023-2024,8,MARION COUNTY,Grade 2,60
2023-2024,8,MARION COUNTY,Grade 3,71
2023-2024,8,MARION COUNTY,Grade 4,60
2023-2024,8,MARION COUNTY,Grade 5,79
2023-2024,8,MARION COUNTY,Grade 6,81
2023-2024,8,MARION COUNTY,Grade 7,79
2023-2024,8,MARION COUNTY,Grade 8,84
2023-2024,8,MARION COUNTY,Grade 9,101
2023-2024,8,MARION COUNTY,Grade 10,99
2023-2024,8,MARION COUNTY,Grade 11,103
2023-2024,8,MARION COUNTY,Grade 12,72
2023-2024,18,MARTIN COUNTY,Early Education,10
2023-2024,18,MARTIN COUNTY,Pre-kindergarten,39
2023-2024,18,MARTIN COUNTY,Kindergarten,88
2023-2024,18,MARTIN COUNTY,Grade 1,84
2023-2024,18,MARTIN COUNTY,Grade 2,97
2023-2024,18,MARTIN COUNTY,Grade 3,89
2023-2024,18,MARTIN COUNTY,Grade 4,97
2023-2024,18,MARTIN COUNTY,Grade 5,104
2023-2024,18,MARTIN COUNTY,Grade 6,96
2023-2024,18,MARTIN COUNTY,Grade 7,97
2023-2024,18,MARTIN COUNTY,Grade 8,98
2023-2024,18,MARTIN COUNTY,Grade 9,113
2023-2024,18,MARTIN COUNTY,Grade 10,95
2023-2024,18,MARTIN COUNTY,Grade 11,102
2023-2024,18,MARTIN COUNTY,Grade 12,81
2023-2024,15,MASON COUNTY,Early Education,1
2023-2024,15,MASON COUNTY,Pre-kindergarten,33
2023-2024,15,MASON COUNTY,Kindergarten,55
2023-2024,15,MASON COUNTY,Grade 1,51
2023-2024,15,MASON COUNTY,Grade 2,52
2023-2024,15,MASON COUNTY,Grade 3,58
2023-2024,15,MASON COUNTY,Grade 4,50
2023-2024,15,MASON COUNTY,Grade 5,45
2023-2024,15,MASON COUNTY,Grade 6,60
2023-2024,15,MASON COUNTY,Grade 7,47
2023-2024,15,MASON COUNTY,Grade 8,43
2023-2024,15,MASON COUNTY,Grade 9,55
2023-2024,15,MASON COUNTY,Grade 10,56
2023-2024,15,MASON COUNTY,Grade 11,44
2023-2024,15,MASON COUNTY,Grade 12,55
2023-2024,3,MATAGORDA COUNTY,Early Education,41
2023-2024,3,MATAGORDA COUNTY,Pre-kindergarten,336
2023-2024,3,MATAGORDA COUNTY,Kindergarten,503
2023-2024,3,MATAGORDA COUNTY,Grade 1,496
2023-2024,3,MATAGORDA COUNTY,Grade 2,496
2023-2024,3,MATAGORDA COUNTY,Grade 3,475
2023-2024,3,MATAGORDA COUNTY,Grade 4,527
2023-2024,3,MATAGORDA COUNTY,Grade 5,492
2023-2024,3,MATAGORDA COUNTY,Grade 6,517
2023-2024,3,MATAGORDA COUNTY,Grade 7,508
2023-2024,3,MATAGORDA COUNTY,Grade 8,530
2023-2024,3,MATAGORDA COUNTY,Grade 9,570
2023-2024,3,MATAGORDA COUNTY,Grade 10,551
2023-2024,3,MATAGORDA COUNTY,Grade 11,497
2023-2024,3,MATAGORDA COUNTY,Grade 12,434
2023-2024,20,MAVERICK COUNTY,Early Education,99
2023-2024,20,MAVERICK COUNTY,Pre-kindergarten,591
2023-2024,20,MAVERICK COUNTY,Kindergarten,929
2023-2024,20,MAVERICK COUNTY,Grade 1,1054
2023-2024,20,MAVERICK COUNTY,Grade 2,1098
2023-2024,20,MAVERICK COUNTY,Grade 3,929
2023-2024,20,MAVERICK COUNTY,Grade 4,926
2023-2024,20,MAVERICK COUNTY,Grade 5,1029
2023-2024,20,MAVERICK COUNTY,Grade 6,982
2023-2024,20,MAVERICK COUNTY,Grade 7,951
2023-2024,20,MAVERICK COUNTY,Grade 8,1015
2023-2024,20,MAVERICK COUNTY,Grade 9,1184
2023-2024,20,MAVERICK COUNTY,Grade 10,1091
2023-2024,20,MAVERICK COUNTY,Grade 11,1060
2023-2024,20,MAVERICK COUNTY,Grade 12,931
2023-2024,15,MCCULLOCH COUNTY,Early Education,5
2023-2024,15,MCCULLOCH COUNTY,Pre-kindergarten,90
2023-2024,15,MCCULLOCH COUNTY,Kindergarten,83
2023-2024,15,MCCULLOCH COUNTY,Grade 1,94
2023-2024,15,MCCULLOCH COUNTY,Grade 2,79
2023-2024,15,MCCULLOCH COUNTY,Grade 3,86
2023-2024,15,MCCULLOCH COUNTY,Grade 4,69
2023-2024,15,MCCULLOCH COUNTY,Grade 5,90
2023-2024,15,MCCULLOCH COUNTY,Grade 6,104
2023-2024,15,MCCULLOCH COUNTY,Grade 7,81
2023-2024,15,MCCULLOCH COUNTY,Grade 8,87
2023-2024,15,MCCULLOCH COUNTY,Grade 9,95
2023-2024,15,MCCULLOCH COUNTY,Grade 10,102
2023-2024,15,MCCULLOCH COUNTY,Grade 11,92
2023-2024,15,MCCULLOCH COUNTY,Grade 12,84
2023-2024,12,MCLENNAN COUNTY,Early Education,125
2023-2024,12,MCLENNAN COUNTY,Pre-kindergarten,2352
2023-2024,12,MCLENNAN COUNTY,Kindergarten,3867
2023-2024,12,MCLENNAN COUNTY,Grade 1,3828
2023-2024,12,MCLENNAN COUNTY,Grade 2,3997
2023-2024,12,MCLENNAN COUNTY,Grade 3,4142
2023-2024,12,MCLENNAN COUNTY,Grade 4,4075
2023-2024,12,MCLENNAN COUNTY,Grade 5,4012
2023-2024,12,MCLENNAN COUNTY,Grade 6,4151
2023-2024,12,MCLENNAN COUNTY,Grade 7,4162
2023-2024,12,MCLENNAN COUNTY,Grade 8,4139
2023-2024,12,MCLENNAN COUNTY,Grade 9,4428
2023-2024,12,MCLENNAN COUNTY,Grade 10,3939
2023-2024,12,MCLENNAN COUNTY,Grade 11,3654
2023-2024,12,MCLENNAN COUNTY,Grade 12,3303
2023-2024,2,MCMULLEN COUNTY,Early Education,1
2023-2024,2,MCMULLEN COUNTY,Pre-kindergarten,13
2023-2024,2,MCMULLEN COUNTY,Kindergarten,22
2023-2024,2,MCMULLEN COUNTY,Grade 1,15
2023-2024,2,MCMULLEN COUNTY,Grade 2,22
2023-2024,2,MCMULLEN COUNTY,Grade 3,21
2023-2024,2,MCMULLEN COUNTY,Grade 4,14
2023-2024,2,MCMULLEN COUNTY,Grade 5,19
2023-2024,2,MCMULLEN COUNTY,Grade 6,21
2023-2024,2,MCMULLEN COUNTY,Grade 7,21
2023-2024,2,MCMULLEN COUNTY,Grade 8,23
2023-2024,2,MCMULLEN COUNTY,Grade 9,19
2023-2024,2,MCMULLEN COUNTY,Grade 10,21
2023-2024,2,MCMULLEN COUNTY,Grade 11,19
2023-2024,2,MCMULLEN COUNTY,Grade 12,20
2023-2024,20,MEDINA COUNTY,Early Education,125
2023-2024,20,MEDINA COUNTY,Pre-kindergarten,551
2023-2024,20,MEDINA COUNTY,Kindergarten,1019
2023-2024,20,MEDINA COUNTY,Grade 1,1003
2023-2024,20,MEDINA COUNTY,Grade 2,1042
2023-2024,20,MEDINA COUNTY,Grade 3,1050
2023-2024,20,MEDINA COUNTY,Grade 4,1088
2023-2024,20,MEDINA COUNTY,Grade 5,988
2023-2024,20,MEDINA COUNTY,Grade 6,1033
2023-2024,20,MEDINA COUNTY,Grade 7,1072
2023-2024,20,MEDINA COUNTY,Grade 8,1032
2023-2024,20,MEDINA COUNTY,Grade 9,1124
2023-2024,20,MEDINA COUNTY,Grade 10,1034
2023-2024,20,MEDINA COUNTY,Grade 11,918
2023-2024,20,MEDINA COUNTY,Grade 12,904
2023-2024,15,MENARD COUNTY,Early Education,3
2023-2024,15,MENARD COUNTY,Pre-kindergarten,23
2023-2024,15,MENARD COUNTY,Kindergarten,21
2023-2024,15,MENARD COUNTY,Grade 1,16
2023-2024,15,MENARD COUNTY,Grade 2,19
2023-2024,15,MENARD COUNTY,Grade 3,21
2023-2024,15,MENARD COUNTY,Grade 4,15
2023-2024,15,MENARD COUNTY,Grade 5,19
2023-2024,15,MENARD COUNTY,Grade 6,24
2023-2024,15,MENARD COUNTY,Grade 7,15
2023-2024,15,MENARD COUNTY,Grade 8,19
2023-2024,15,MENARD COUNTY,Grade 9,24
2023-2024,15,MENARD COUNTY,Grade 10,28
2023-2024,15,MENARD COUNTY,Grade 11,16
2023-2024,15,MENARD COUNTY,Grade 12,24
2023-2024,18,MIDLAND COUNTY,Early Education,164
2023-2024,18,MIDLAND COUNTY,Pre-kindergarten,1171
2023-2024,18,MIDLAND COUNTY,Kindergarten,2426
2023-2024,18,MIDLAND COUNTY,Grade 1,2584
2023-2024,18,MIDLAND COUNTY,Grade 2,2701
2023-2024,18,MIDLAND COUNTY,Grade 3,2556
2023-2024,18,MIDLAND COUNTY,Grade 4,2567
2023-2024,18,MIDLAND COUNTY,Grade 5,2515
2023-2024,18,MIDLAND COUNTY,Grade 6,2380
2023-2024,18,MIDLAND COUNTY,Grade 7,2412
2023-2024,18,MIDLAND COUNTY,Grade 8,2359
2023-2024,18,MIDLAND COUNTY,Grade 9,2456
2023-2024,18,MIDLAND COUNTY,Grade 10,2514
2023-2024,18,MIDLAND COUNTY,Grade 11,2015
2023-2024,18,MIDLAND COUNTY,Grade 12,1591
2023-2024,6,MILAM COUNTY,Early Education,4
2023-2024,13,MILAM COUNTY,Early Education,2
2023-2024,6,MILAM COUNTY,Pre-kindergarten,233
2023-2024,12,MILAM COUNTY,Pre-kindergarten,7
2023-2024,13,MILAM COUNTY,Pre-kindergarten,22
2023-2024,6,MILAM COUNTY,Kindergarten,232
2023-2024,12,MILAM COUNTY,Kindergarten,8
2023-2024,13,MILAM COUNTY,Kindergarten,36
2023-2024,6,MILAM COUNTY,Grade 1,219
2023-2024,12,MILAM COUNTY,Grade 1,6
2023-2024,13,MILAM COUNTY,Grade 1,29
2023-2024,6,MILAM COUNTY,Grade 2,264
2023-2024,12,MILAM COUNTY,Grade 2,8
2023-2024,13,MILAM COUNTY,Grade 2,31
2023-2024,6,MILAM COUNTY,Grade 3,283
2023-2024,12,MILAM COUNTY,Grade 3,13
2023-2024,13,MILAM COUNTY,Grade 3,39
2023-2024,6,MILAM COUNTY,Grade 4,247
2023-2024,12,MILAM COUNTY,Grade 4,4
2023-2024,13,MILAM COUNTY,Grade 4,45
2023-2024,6,MILAM COUNTY,Grade 5,230
2023-2024,12,MILAM COUNTY,Grade 5,8
2023-2024,13,MILAM COUNTY,Grade 5,49
2023-2024,6,MILAM COUNTY,Grade 6,279
2023-2024,12,MILAM COUNTY,Grade 6,11
2023-2024,13,MILAM COUNTY,Grade 6,42
2023-2024,6,MILAM COUNTY,Grade 7,239
2023-2024,12,MILAM COUNTY,Grade 7,6
2023-2024,13,MILAM COUNTY,Grade 7,46
2023-2024,6,MILAM COUNTY,Grade 8,265
2023-2024,12,MILAM COUNTY,Grade 8,11
2023-2024,13,MILAM COUNTY,Grade 8,53
2023-2024,6,MILAM COUNTY,Grade 9,313
2023-2024,12,MILAM COUNTY,Grade 9,6
2023-2024,13,MILAM COUNTY,Grade 9,68
2023-2024,6,MILAM COUNTY,Grade 10,287
2023-2024,12,MILAM COUNTY,Grade 10,11
2023-2024,13,MILAM COUNTY,Grade 10,42
2023-2024,6,MILAM COUNTY,Grade 11,275
2023-2024,12,MILAM COUNTY,Grade 11,7
2023-2024,13,MILAM COUNTY,Grade 11,48
2023-2024,6,MILAM COUNTY,Grade 12,216
2023-2024,12,MILAM COUNTY,Grade 12,10
2023-2024,13,MILAM COUNTY,Grade 12,46
2023-2024,12,MILLS COUNTY,Early Education,5
2023-2024,12,MILLS COUNTY,Pre-kindergarten,37
2023-2024,12,MILLS COUNTY,Kindergarten,49
2023-2024,12,MILLS COUNTY,Grade 1,55
2023-2024,12,MILLS COUNTY,Grade 2,54
2023-2024,12,MILLS COUNTY,Grade 3,45
2023-2024,12,MILLS COUNTY,Grade 4,56
2023-2024,12,MILLS COUNTY,Grade 5,51
2023-2024,12,MILLS COUNTY,Grade 6,62
2023-2024,12,MILLS COUNTY,Grade 7,55
2023-2024,12,MILLS COUNTY,Grade 8,75
2023-2024,12,MILLS COUNTY,Grade 9,94
2023-2024,12,MILLS COUNTY,Grade 10,82
2023-2024,12,MILLS COUNTY,Grade 11,76
2023-2024,12,MILLS COUNTY,Grade 12,66
2023-2024,14,MITCHELL COUNTY,Early Education,30
2023-2024,14,MITCHELL COUNTY,Pre-kindergarten,96
2023-2024,14,MITCHELL COUNTY,Kindergarten,89
2023-2024,14,MITCHELL COUNTY,Grade 1,101
2023-2024,14,MITCHELL COUNTY,Grade 2,104
2023-2024,14,MITCHELL COUNTY,Grade 3,93
2023-2024,14,MITCHELL COUNTY,Grade 4,102
2023-2024,14,MITCHELL COUNTY,Grade 5,76
2023-2024,14,MITCHELL COUNTY,Grade 6,83
2023-2024,14,MITCHELL COUNTY,Grade 7,77
2023-2024,14,MITCHELL COUNTY,Grade 8,90
2023-2024,14,MITCHELL COUNTY,Grade 9,102
2023-2024,14,MITCHELL COUNTY,Grade 10,117
2023-2024,14,MITCHELL COUNTY,Grade 11,87
2023-2024,14,MITCHELL COUNTY,Grade 12,78
2023-2024,9,MONTAGUE COUNTY,Early Education,20
2023-2024,9,MONTAGUE COUNTY,Pre-kindergarten,192
2023-2024,9,MONTAGUE COUNTY,Kindergarten,210
2023-2024,9,MONTAGUE COUNTY,Grade 1,216
2023-2024,9,MONTAGUE COUNTY,Grade 2,236
2023-2024,9,MONTAGUE COUNTY,Grade 3,257
2023-2024,9,MONTAGUE COUNTY,Grade 4,220
2023-2024,9,MONTAGUE COUNTY,Grade 5,250
2023-2024,9,MONTAGUE COUNTY,Grade 6,231
2023-2024,9,MONTAGUE COUNTY,Grade 7,233
2023-2024,9,MONTAGUE COUNTY,Grade 8,243
2023-2024,9,MONTAGUE COUNTY,Grade 9,273
2023-2024,9,MONTAGUE COUNTY,Grade 10,241
2023-2024,9,MONTAGUE COUNTY,Grade 11,253
2023-2024,9,MONTAGUE COUNTY,Grade 12,214
2023-2024,6,MONTGOMERY COUNTY,Early Education,932
2023-2024,6,MONTGOMERY COUNTY,Pre-kindergarten,3786
2023-2024,6,MONTGOMERY COUNTY,Kindergarten,8479
2023-2024,6,MONTGOMERY COUNTY,Grade 1,9048
2023-2024,6,MONTGOMERY COUNTY,Grade 2,9559
2023-2024,6,MONTGOMERY COUNTY,Grade 3,9492
2023-2024,6,MONTGOMERY COUNTY,Grade 4,9575
2023-2024,6,MONTGOMERY COUNTY,Grade 5,9570
2023-2024,6,MONTGOMERY COUNTY,Grade 6,9696
2023-2024,6,MONTGOMERY COUNTY,Grade 7,9610
2023-2024,6,MONTGOMERY COUNTY,Grade 8,10038
2023-2024,6,MONTGOMERY COUNTY,Grade 9,11019
2023-2024,6,MONTGOMERY COUNTY,Grade 10,10439
2023-2024,6,MONTGOMERY COUNTY,Grade 11,9802
2023-2024,6,MONTGOMERY COUNTY,Grade 12,8878
2023-2024,16,MOORE COUNTY,Early Education,21
2023-2024,16,MOORE COUNTY,Pre-kindergarten,239
2023-2024,16,MOORE COUNTY,Kindergarten,380
2023-2024,16,MOORE COUNTY,Grade 1,365
2023-2024,16,MOORE COUNTY,Grade 2,407
2023-2024,16,MOORE COUNTY,Grade 3,384
2023-2024,16,MOORE COUNTY,Grade 4,367
2023-2024,16,MOORE COUNTY,Grade 5,338
2023-2024,16,MOORE COUNTY,Grade 6,336
2023-2024,16,MOORE COUNTY,Grade 7,360
2023-2024,16,MOORE COUNTY,Grade 8,360
2023-2024,16,MOORE COUNTY,Grade 9,391
2023-2024,16,MOORE COUNTY,Grade 10,359
2023-2024,16,MOORE COUNTY,Grade 11,358
2023-2024,16,MOORE COUNTY,Grade 12,272
2023-2024,8,MORRIS COUNTY,Early Education,8
2023-2024,8,MORRIS COUNTY,Pre-kindergarten,118
2023-2024,8,MORRIS COUNTY,Kindergarten,130
2023-2024,8,MORRIS COUNTY,Grade 1,119
2023-2024,8,MORRIS COUNTY,Grade 2,146
2023-2024,8,MORRIS COUNTY,Grade 3,128
2023-2024,8,MORRIS COUNTY,Grade 4,119
2023-2024,8,MORRIS COUNTY,Grade 5,124
2023-2024,8,MORRIS COUNTY,Grade 6,137
2023-2024,8,MORRIS COUNTY,Grade 7,125
2023-2024,8,MORRIS COUNTY,Grade 8,136
2023-2024,8,MORRIS COUNTY,Grade 9,160
2023-2024,8,MORRIS COUNTY,Grade 10,155
2023-2024,8,MORRIS COUNTY,Grade 11,134
2023-2024,8,MORRIS COUNTY,Grade 12,125
2023-2024,17,MOTLEY COUNTY,Pre-kindergarten,15
2023-2024,17,MOTLEY COUNTY,Kindergarten,14
2023-2024,17,MOTLEY COUNTY,Grade 1,6
2023-2024,17,MOTLEY COUNTY,Grade 2,13
2023-2024,17,MOTLEY COUNTY,Grade 3,12
2023-2024,17,MOTLEY COUNTY,Grade 4,9
2023-2024,17,MOTLEY COUNTY,Grade 5,10
2023-2024,17,MOTLEY COUNTY,Grade 6,8
2023-2024,17,MOTLEY COUNTY,Grade 7,12
2023-2024,17,MOTLEY COUNTY,Grade 8,11
2023-2024,17,MOTLEY COUNTY,Grade 9,14
2023-2024,17,MOTLEY COUNTY,Grade 10,12
2023-2024,17,MOTLEY COUNTY,Grade 11,15
2023-2024,17,MOTLEY COUNTY,Grade 12,9
2023-2024,7,NACOGDOCHES COUNTY,Early Education,28
2023-2024,7,NACOGDOCHES COUNTY,Pre-kindergarten,532
2023-2024,7,NACOGDOCHES COUNTY,Kindergarten,660
2023-2024,7,NACOGDOCHES COUNTY,Grade 1,741
2023-2024,7,NACOGDOCHES COUNTY,Grade 2,783
2023-2024,7,NACOGDOCHES COUNTY,Grade 3,751
2023-2024,7,NACOGDOCHES COUNTY,Grade 4,773
2023-2024,7,NACOGDOCHES COUNTY,Grade 5,755
2023-2024,7,NACOGDOCHES COUNTY,Grade 6,753
2023-2024,7,NACOGDOCHES COUNTY,Grade 7,819
2023-2024,7,NACOGDOCHES COUNTY,Grade 8,780
2023-2024,7,NACOGDOCHES COUNTY,Grade 9,849
2023-2024,7,NACOGDOCHES COUNTY,Grade 10,808
2023-2024,7,NACOGDOCHES COUNTY,Grade 11,760
2023-2024,7,NACOGDOCHES COUNTY,Grade 12,676
2023-2024,12,NAVARRO COUNTY,Early Education,44
2023-2024,12,NAVARRO COUNTY,Pre-kindergarten,411
2023-2024,12,NAVARRO COUNTY,Kindergarten,710
2023-2024,12,NAVARRO COUNTY,Grade 1,750
2023-2024,12,NAVARRO COUNTY,Grade 2,791
2023-2024,12,NAVARRO COUNTY,Grade 3,807
2023-2024,12,NAVARRO COUNTY,Grade 4,825
2023-2024,12,NAVARRO COUNTY,Grade 5,744
2023-2024,12,NAVARRO COUNTY,Grade 6,744
2023-2024,12,NAVARRO COUNTY,Grade 7,781
2023-2024,12,NAVARRO COUNTY,Grade 8,820
2023-2024,12,NAVARRO COUNTY,Grade 9,863
2023-2024,12,NAVARRO COUNTY,Grade 10,828
2023-2024,12,NAVARRO COUNTY,Grade 11,833
2023-2024,12,NAVARRO COUNTY,Grade 12,672
2023-2024,5,NEWTON COUNTY,Early Education,10
2023-2024,5,NEWTON COUNTY,Pre-kindergarten,78
2023-2024,5,NEWTON COUNTY,Kindergarten,99
2023-2024,5,NEWTON COUNTY,Grade 1,105
2023-2024,5,NEWTON COUNTY,Grade 2,131
2023-2024,5,NEWTON COUNTY,Grade 3,135
2023-2024,5,NEWTON COUNTY,Grade 4,112
2023-2024,5,NEWTON COUNTY,Grade 5,122
2023-2024,5,NEWTON COUNTY,Grade 6,144
2023-2024,5,NEWTON COUNTY,Grade 7,145
2023-2024,5,NEWTON COUNTY,Grade 8,121
2023-2024,5,NEWTON COUNTY,Grade 9,147
2023-2024,5,NEWTON COUNTY,Grade 10,138
2023-2024,5,NEWTON COUNTY,Grade 11,115
2023-2024,5,NEWTON COUNTY,Grade 12,110
2023-2024,14,NOLAN COUNTY,Early Education,69
2023-2024,14,NOLAN COUNTY,Pre-kindergarten,213
2023-2024,14,NOLAN COUNTY,Kindergarten,1435
2023-2024,14,NOLAN COUNTY,Grade 1,1708
2023-2024,14,NOLAN COUNTY,Grade 2,1584
2023-2024,14,NOLAN COUNTY,Grade 3,1313
2023-2024,14,NOLAN COUNTY,Grade 4,1073
2023-2024,14,NOLAN COUNTY,Grade 5,742
2023-2024,14,NOLAN COUNTY,Grade 6,713
2023-2024,14,NOLAN COUNTY,Grade 7,735
2023-2024,14,NOLAN COUNTY,Grade 8,233
2023-2024,14,NOLAN COUNTY,Grade 9,229
2023-2024,14,NOLAN COUNTY,Grade 10,214
2023-2024,14,NOLAN COUNTY,Grade 11,210
2023-2024,14,NOLAN COUNTY,Grade 12,196
2023-2024,2,NUECES COUNTY,Early Education,224
2023-2024,2,NUECES COUNTY,Pre-kindergarten,2745
2023-2024,2,NUECES COUNTY,Kindergarten,3507
2023-2024,2,NUECES COUNTY,Grade 1,3773
2023-2024,2,NUECES COUNTY,Grade 2,3989
2023-2024,2,NUECES COUNTY,Grade 3,4121
2023-2024,2,NUECES COUNTY,Grade 4,4197
2023-2024,2,NUECES COUNTY,Grade 5,4095
2023-2024,2,NUECES COUNTY,Grade 6,3990
2023-2024,2,NUECES COUNTY,Grade 7,4132
2023-2024,2,NUECES COUNTY,Grade 8,4225
2023-2024,2,NUECES COUNTY,Grade 9,4887
2023-2024,2,NUECES COUNTY,Grade 10,4524
2023-2024,2,NUECES COUNTY,Grade 11,4103
2023-2024,2,NUECES COUNTY,Grade 12,4005
2023-2024,16,OCHILTREE COUNTY,Early Education,5
2023-2024,16,OCHILTREE COUNTY,Pre-kindergarten,85
2023-2024,16,OCHILTREE COUNTY,Kindergarten,111
2023-2024,16,OCHILTREE COUNTY,Grade 1,128
2023-2024,16,OCHILTREE COUNTY,Grade 2,156
2023-2024,16,OCHILTREE COUNTY,Grade 3,148
2023-2024,16,OCHILTREE COUNTY,Grade 4,143
2023-2024,16,OCHILTREE COUNTY,Grade 5,122
2023-2024,16,OCHILTREE COUNTY,Grade 6,133
2023-2024,16,OCHILTREE COUNTY,Grade 7,146
2023-2024,16,OCHILTREE COUNTY,Grade 8,140
2023-2024,16,OCHILTREE COUNTY,Grade 9,153
2023-2024,16,OCHILTREE COUNTY,Grade 10,168
2023-2024,16,OCHILTREE COUNTY,Grade 11,143
2023-2024,16,OCHILTREE COUNTY,Grade 12,141
2023-2024,16,OLDHAM COUNTY,Pre-kindergarten,31
2023-2024,16,OLDHAM COUNTY,Kindergarten,49
2023-2024,16,OLDHAM COUNTY,Grade 1,42
2023-2024,16,OLDHAM COUNTY,Grade 2,45
2023-2024,16,OLDHAM COUNTY,Grade 3,53
2023-2024,16,OLDHAM COUNTY,Grade 4,50
2023-2024,16,OLDHAM COUNTY,Grade 5,59
2023-2024,16,OLDHAM COUNTY,Grade 6,50
2023-2024,16,OLDHAM COUNTY,Grade 7,68
2023-2024,16,OLDHAM COUNTY,Grade 8,71
2023-2024,16,OLDHAM COUNTY,Grade 9,77
2023-2024,16,OLDHAM COUNTY,Grade 10,88
2023-2024,16,OLDHAM COUNTY,Grade 11,71
2023-2024,16,OLDHAM COUNTY,Grade 12,82
2023-2024,5,ORANGE COUNTY,Early Education,49
2023-2024,5,ORANGE COUNTY,Pre-kindergarten,703
2023-2024,5,ORANGE COUNTY,Kindergarten,1049
2023-2024,5,ORANGE COUNTY,Grade 1,1116
2023-2024,5,ORANGE COUNTY,Grade 2,1163
2023-2024,5,ORANGE COUNTY,Grade 3,1155
2023-2024,5,ORANGE COUNTY,Grade 4,1107
2023-2024,5,ORANGE COUNTY,Grade 5,1127
2023-2024,5,ORANGE COUNTY,Grade 6,1078
2023-2024,5,ORANGE COUNTY,Grade 7,1110
2023-2024,5,ORANGE COUNTY,Grade 8,1102
2023-2024,5,ORANGE COUNTY,Grade 9,1232
2023-2024,5,ORANGE COUNTY,Grade 10,1164
2023-2024,5,ORANGE COUNTY,Grade 11,1046
2023-2024,5,ORANGE COUNTY,Grade 12,968
2023-2024,11,PALO PINTO COUNTY,Early Education,24
2023-2024,11,PALO PINTO COUNTY,Pre-kindergarten,247
2023-2024,11,PALO PINTO COUNTY,Kindergarten,342
2023-2024,11,PALO PINTO COUNTY,Grade 1,358
2023-2024,11,PALO PINTO COUNTY,Grade 2,331
2023-2024,11,PALO PINTO COUNTY,Grade 3,348
2023-2024,11,PALO PINTO COUNTY,Grade 4,356
2023-2024,11,PALO PINTO COUNTY,Grade 5,351
2023-2024,11,PALO PINTO COUNTY,Grade 6,357
2023-2024,11,PALO PINTO COUNTY,Grade 7,316
2023-2024,11,PALO PINTO COUNTY,Grade 8,338
2023-2024,11,PALO PINTO COUNTY,Grade 9,374
2023-2024,11,PALO PINTO COUNTY,Grade 10,356
2023-2024,11,PALO PINTO COUNTY,Grade 11,320
2023-2024,11,PALO PINTO COUNTY,Grade 12,289
2023-2024,7,PANOLA COUNTY,Early Education,21
2023-2024,7,PANOLA COUNTY,Pre-kindergarten,186
2023-2024,7,PANOLA COUNTY,Kindergarten,267
2023-2024,7,PANOLA COUNTY,Grade 1,272
2023-2024,7,PANOLA COUNTY,Grade 2,262
2023-2024,7,PANOLA COUNTY,Grade 3,298
2023-2024,7,PANOLA COUNTY,Grade 4,263
2023-2024,7,PANOLA COUNTY,Grade 5,269
2023-2024,7,PANOLA COUNTY,Grade 6,294
2023-2024,7,PANOLA COUNTY,Grade 7,266
2023-2024,7,PANOLA COUNTY,Grade 8,286
2023-2024,7,PANOLA COUNTY,Grade 9,349
2023-2024,7,PANOLA COUNTY,Grade 10,324
2023-2024,7,PANOLA COUNTY,Grade 11,326
2023-2024,7,PANOLA COUNTY,Grade 12,269
2023-2024,11,PARKER COUNTY,Early Education,152
2023-2024,11,PARKER COUNTY,Pre-kindergarten,549
2023-2024,11,PARKER COUNTY,Kindergarten,1916
2023-2024,11,PARKER COUNTY,Grade 1,1987
2023-2024,11,PARKER COUNTY,Grade 2,2117
2023-2024,11,PARKER COUNTY,Grade 3,2046
2023-2024,11,PARKER COUNTY,Grade 4,2109
2023-2024,11,PARKER COUNTY,Grade 5,1989
2023-2024,11,PARKER COUNTY,Grade 6,2097
2023-2024,11,PARKER COUNTY,Grade 7,1969
2023-2024,11,PARKER COUNTY,Grade 8,2067
2023-2024,11,PARKER COUNTY,Grade 9,2110
2023-2024,11,PARKER COUNTY,Grade 10,2088
2023-2024,11,PARKER COUNTY,Grade 11,1913
2023-2024,11,PARKER COUNTY,Grade 12,1658
2023-2024,16,PARMER COUNTY,Early Education,8
2023-2024,16,PARMER COUNTY,Pre-kindergarten,129
2023-2024,16,PARMER COUNTY,Kindergarten,144
2023-2024,16,PARMER COUNTY,Grade 1,166
2023-2024,16,PARMER COUNTY,Grade 2,172
2023-2024,16,PARMER COUNTY,Grade 3,138
2023-2024,16,PARMER COUNTY,Grade 4,157
2023-2024,16,PARMER COUNTY,Grade 5,154
2023-2024,16,PARMER COUNTY,Grade 6,163
2023-2024,16,PARMER COUNTY,Grade 7,156
2023-2024,16,PARMER COUNTY,Grade 8,160
2023-2024,16,PARMER COUNTY,Grade 9,187
2023-2024,16,PARMER COUNTY,Grade 10,151
2023-2024,16,PARMER COUNTY,Grade 11,161
2023-2024,16,PARMER COUNTY,Grade 12,157
2023-2024,18,PECOS COUNTY,Early Education,29
2023-2024,18,PECOS COUNTY,Pre-kindergarten,86
2023-2024,18,PECOS COUNTY,Kindergarten,448
2023-2024,18,PECOS COUNTY,Grade 1,520
2023-2024,18,PECOS COUNTY,Grade 2,469
2023-2024,18,PECOS COUNTY,Grade 3,460
2023-2024,18,PECOS COUNTY,Grade 4,465
2023-2024,18,PECOS COUNTY,Grade 5,487
2023-2024,18,PECOS COUNTY,Grade 6,615
2023-2024,18,PECOS COUNTY,Grade 7,818
2023-2024,18,PECOS COUNTY,Grade 8,977
2023-2024,18,PECOS COUNTY,Grade 9,1449
2023-2024,18,PECOS COUNTY,Grade 10,1058
2023-2024,18,PECOS COUNTY,Grade 11,857
2023-2024,18,PECOS COUNTY,Grade 12,291
2023-2024,6,POLK COUNTY,Early Education,34
2023-2024,6,POLK COUNTY,Pre-kindergarten,313
2023-2024,6,POLK COUNTY,Kindergarten,481
2023-2024,6,POLK COUNTY,Grade 1,554
2023-2024,6,POLK COUNTY,Grade 2,549
2023-2024,6,POLK COUNTY,Grade 3,541
2023-2024,6,POLK COUNTY,Grade 4,535
2023-2024,6,POLK COUNTY,Grade 5,562
2023-2024,6,POLK COUNTY,Grade 6,509
2023-2024,6,POLK COUNTY,Grade 7,511
2023-2024,6,POLK COUNTY,Grade 8,529
2023-2024,6,POLK COUNTY,Grade 9,623
2023-2024,6,POLK COUNTY,Grade 10,490
2023-2024,6,POLK COUNTY,Grade 11,469
2023-2024,6,POLK COUNTY,Grade 12,425
2023-2024,16,POTTER COUNTY,Early Education,205
2023-2024,16,POTTER COUNTY,Pre-kindergarten,1688
2023-2024,16,POTTER COUNTY,Kindergarten,2229
2023-2024,16,POTTER COUNTY,Grade 1,2281
2023-2024,16,POTTER COUNTY,Grade 2,2335
2023-2024,16,POTTER COUNTY,Grade 3,2478
2023-2024,16,POTTER COUNTY,Grade 4,2503
2023-2024,16,POTTER COUNTY,Grade 5,2460
2023-2024,16,POTTER COUNTY,Grade 6,2403
2023-2024,16,POTTER COUNTY,Grade 7,2465
2023-2024,16,POTTER COUNTY,Grade 8,2486
2023-2024,16,POTTER COUNTY,Grade 9,2777
2023-2024,16,POTTER COUNTY,Grade 10,2454
2023-2024,16,POTTER COUNTY,Grade 11,2329
2023-2024,16,POTTER COUNTY,Grade 12,2070
2023-2024,18,PRESIDIO COUNTY,Early Education,3
2023-2024,18,PRESIDIO COUNTY,Pre-kindergarten,60
2023-2024,18,PRESIDIO COUNTY,Kindergarten,57
2023-2024,18,PRESIDIO COUNTY,Grade 1,68
2023-2024,18,PRESIDIO COUNTY,Grade 2,89
2023-2024,18,PRESIDIO COUNTY,Grade 3,97
2023-2024,18,PRESIDIO COUNTY,Grade 4,77
2023-2024,18,PRESIDIO COUNTY,Grade 5,84
2023-2024,18,PRESIDIO COUNTY,Grade 6,85
2023-2024,18,PRESIDIO COUNTY,Grade 7,81
2023-2024,18,PRESIDIO COUNTY,Grade 8,100
2023-2024,18,PRESIDIO COUNTY,Grade 9,115
2023-2024,18,PRESIDIO COUNTY,Grade 10,130
2023-2024,18,PRESIDIO COUNTY,Grade 11,126
2023-2024,18,PRESIDIO COUNTY,Grade 12,89
2023-2024,7,RAINS COUNTY,Early Education,4
2023-2024,7,RAINS COUNTY,Pre-kindergarten,81
2023-2024,7,RAINS COUNTY,Kindergarten,105
2023-2024,7,RAINS COUNTY,Grade 1,129
2023-2024,7,RAINS COUNTY,Grade 2,108
2023-2024,7,RAINS COUNTY,Grade 3,123
2023-2024,7,RAINS COUNTY,Grade 4,133
2023-2024,7,RAINS COUNTY,Grade 5,119
2023-2024,7,RAINS COUNTY,Grade 6,138
2023-2024,7,RAINS COUNTY,Grade 7,132
2023-2024,7,RAINS COUNTY,Grade 8,144
2023-2024,7,RAINS COUNTY,Grade 9,160
2023-2024,7,RAINS COUNTY,Grade 10,147
2023-2024,7,RAINS COUNTY,Grade 11,111
2023-2024,7,RAINS COUNTY,Grade 12,104
2023-2024,16,RANDALL COUNTY,Early Education,93
2023-2024,16,RANDALL COUNTY,Pre-kindergarten,213
2023-2024,16,RANDALL COUNTY,Kindergarten,748
2023-2024,16,RANDALL COUNTY,Grade 1,833
2023-2024,16,RANDALL COUNTY,Grade 2,856
2023-2024,16,RANDALL COUNTY,Grade 3,836
2023-2024,16,RANDALL COUNTY,Grade 4,858
2023-2024,16,RANDALL COUNTY,Grade 5,875
2023-2024,16,RANDALL COUNTY,Grade 6,867
2023-2024,16,RANDALL COUNTY,Grade 7,869
2023-2024,16,RANDALL COUNTY,Grade 8,884
2023-2024,16,RANDALL COUNTY,Grade 9,937
2023-2024,16,RANDALL COUNTY,Grade 10,887
2023-2024,16,RANDALL COUNTY,Grade 11,865
2023-2024,16,RANDALL COUNTY,Grade 12,757
2023-2024,18,REAGAN COUNTY,Early Education,10
2023-2024,18,REAGAN COUNTY,Pre-kindergarten,47
2023-2024,18,REAGAN COUNTY,Kindergarten,62
2023-2024,18,REAGAN COUNTY,Grade 1,70
2023-2024,18,REAGAN COUNTY,Grade 2,60
2023-2024,18,REAGAN COUNTY,Grade 3,59
2023-2024,18,REAGAN COUNTY,Grade 4,66
2023-2024,18,REAGAN COUNTY,Grade 5,69
2023-2024,18,REAGAN COUNTY,Grade 6,50
2023-2024,18,REAGAN COUNTY,Grade 7,53
2023-2024,18,REAGAN COUNTY,Grade 8,49
2023-2024,18,REAGAN COUNTY,Grade 9,52
2023-2024,18,REAGAN COUNTY,Grade 10,52
2023-2024,18,REAGAN COUNTY,Grade 11,59
2023-2024,18,REAGAN COUNTY,Grade 12,52
2023-2024,20,REAL COUNTY,Early Education,1
2023-2024,20,REAL COUNTY,Pre-kindergarten,36
2023-2024,20,REAL COUNTY,Kindergarten,30
2023-2024,20,REAL COUNTY,Grade 1,32
2023-2024,20,REAL COUNTY,Grade 2,24
2023-2024,20,REAL COUNTY,Grade 3,42
2023-2024,20,REAL COUNTY,Grade 4,32
2023-2024,20,REAL COUNTY,Grade 5,37
2023-2024,20,REAL COUNTY,Grade 6,49
2023-2024,20,REAL COUNTY,Grade 7,41
2023-2024,20,REAL COUNTY,Grade 8,47
2023-2024,20,REAL COUNTY,Grade 9,57
2023-2024,20,REAL COUNTY,Grade 10,49
2023-2024,20,REAL COUNTY,Grade 11,39
2023-2024,20,REAL COUNTY,Grade 12,37
2023-2024,8,RED RIVER COUNTY,Early Education,8
2023-2024,8,RED RIVER COUNTY,Pre-kindergarten,131
2023-2024,8,RED RIVER COUNTY,Kindergarten,123
2023-2024,8,RED RIVER COUNTY,Grade 1,145
2023-2024,8,RED RIVER COUNTY,Grade 2,145
2023-2024,8,RED RIVER COUNTY,Grade 3,140
2023-2024,8,RED RIVER COUNTY,Grade 4,143
2023-2024,8,RED RIVER COUNTY,Grade 5,142
2023-2024,8,RED RIVER COUNTY,Grade 6,144
2023-2024,8,RED RIVER COUNTY,Grade 7,161
2023-2024,8,RED RIVER COUNTY,Grade 8,154
2023-2024,8,RED RIVER COUNTY,Grade 9,172
2023-2024,8,RED RIVER COUNTY,Grade 10,172
2023-2024,8,RED RIVER COUNTY,Grade 11,147
2023-2024,8,RED RIVER COUNTY,Grade 12,128
2023-2024,18,REEVES COUNTY,Early Education,18
2023-2024,18,REEVES COUNTY,Pre-kindergarten,164
2023-2024,18,REEVES COUNTY,Kindergarten,201
2023-2024,18,REEVES COUNTY,Grade 1,208
2023-2024,18,REEVES COUNTY,Grade 2,256
2023-2024,18,REEVES COUNTY,Grade 3,209
2023-2024,18,REEVES COUNTY,Grade 4,228
2023-2024,18,REEVES COUNTY,Grade 5,220
2023-2024,18,REEVES COUNTY,Grade 6,198
2023-2024,18,REEVES COUNTY,Grade 7,219
2023-2024,18,REEVES COUNTY,Grade 8,230
2023-2024,18,REEVES COUNTY,Grade 9,255
2023-2024,18,REEVES COUNTY,Grade 10,257
2023-2024,18,REEVES COUNTY,Grade 11,190
2023-2024,18,REEVES COUNTY,Grade 12,174
2023-2024,3,REFUGIO COUNTY,Early Education,6
2023-2024,3,REFUGIO COUNTY,Pre-kindergarten,40
2023-2024,3,REFUGIO COUNTY,Kindergarten,83
2023-2024,3,REFUGIO COUNTY,Grade 1,90
2023-2024,3,REFUGIO COUNTY,Grade 2,83
2023-2024,3,REFUGIO COUNTY,Grade 3,91
2023-2024,3,REFUGIO COUNTY,Grade 4,84
2023-2024,3,REFUGIO COUNTY,Grade 5,87
2023-2024,3,REFUGIO COUNTY,Grade 6,94
2023-2024,3,REFUGIO COUNTY,Grade 7,91
2023-2024,3,REFUGIO COUNTY,Grade 8,86
2023-2024,3,REFUGIO COUNTY,Grade 9,88
2023-2024,3,REFUGIO COUNTY,Grade 10,117
2023-2024,3,REFUGIO COUNTY,Grade 11,104
2023-2024,3,REFUGIO COUNTY,Grade 12,90
2023-2024,16,ROBERTS COUNTY,Pre-kindergarten,12
2023-2024,16,ROBERTS COUNTY,Kindergarten,8
2023-2024,16,ROBERTS COUNTY,Grade 1,16
2023-2024,16,ROBERTS COUNTY,Grade 2,14
2023-2024,16,ROBERTS COUNTY,Grade 3,11
2023-2024,16,ROBERTS COUNTY,Grade 4,19
2023-2024,16,ROBERTS COUNTY,Grade 5,12
2023-2024,16,ROBERTS COUNTY,Grade 6,16
2023-2024,16,ROBERTS COUNTY,Grade 7,14
2023-2024,16,ROBERTS COUNTY,Grade 8,16
2023-2024,16,ROBERTS COUNTY,Grade 9,11
2023-2024,16,ROBERTS COUNTY,Grade 10,15
2023-2024,16,ROBERTS COUNTY,Grade 11,20
2023-2024,16,ROBERTS COUNTY,Grade 12,14
2023-2024,6,ROBERTSON COUNTY,Early Education,12
2023-2024,6,ROBERTSON COUNTY,Pre-kindergarten,240
2023-2024,6,ROBERTSON COUNTY,Kindergarten,208
2023-2024,6,ROBERTSON COUNTY,Grade 1,254
2023-2024,6,ROBERTSON COUNTY,Grade 2,253
2023-2024,6,ROBERTSON COUNTY,Grade 3,227
2023-2024,6,ROBERTSON COUNTY,Grade 4,231
2023-2024,6,ROBERTSON COUNTY,Grade 5,230
2023-2024,6,ROBERTSON COUNTY,Grade 6,252
2023-2024,6,ROBERTSON COUNTY,Grade 7,240
2023-2024,6,ROBERTSON COUNTY,Grade 8,238
2023-2024,6,ROBERTSON COUNTY,Grade 9,273
2023-2024,6,ROBERTSON COUNTY,Grade 10,271
2023-2024,6,ROBERTSON COUNTY,Grade 11,229
2023-2024,6,ROBERTSON COUNTY,Grade 12,244
2023-2024,10,ROCKWALL COUNTY,Early Education,198
2023-2024,10,ROCKWALL COUNTY,Pre-kindergarten,753
2023-2024,10,ROCKWALL COUNTY,Kindergarten,1842
2023-2024,10,ROCKWALL COUNTY,Grade 1,2000
2023-2024,10,ROCKWALL COUNTY,Grade 2,2107
2023-2024,10,ROCKWALL COUNTY,Grade 3,2070
2023-2024,10,ROCKWALL COUNTY,Grade 4,2104
2023-2024,10,ROCKWALL COUNTY,Grade 5,2060
2023-2024,10,ROCKWALL COUNTY,Grade 6,2127
2023-2024,10,ROCKWALL COUNTY,Grade 7,2122
2023-2024,10,ROCKWALL COUNTY,Grade 8,2182
2023-2024,10,ROCKWALL COUNTY,Grade 9,2323
2023-2024,10,ROCKWALL COUNTY,Grade 10,2273
2023-2024,10,ROCKWALL COUNTY,Grade 11,2098
2023-2024,10,ROCKWALL COUNTY,Grade 12,1910
2023-2024,15,RUNNELS COUNTY,Early Education,12
2023-2024,15,RUNNELS COUNTY,Pre-kindergarten,127
2023-2024,15,RUNNELS COUNTY,Kindergarten,130
2023-2024,15,RUNNELS COUNTY,Grade 1,140
2023-2024,15,RUNNELS COUNTY,Grade 2,177
2023-2024,15,RUNNELS COUNTY,Grade 3,118
2023-2024,15,RUNNELS COUNTY,Grade 4,145
2023-2024,15,RUNNELS COUNTY,Grade 5,124
2023-2024,15,RUNNELS COUNTY,Grade 6,140
2023-2024,15,RUNNELS COUNTY,Grade 7,145
2023-2024,15,RUNNELS COUNTY,Grade 8,148
2023-2024,15,RUNNELS COUNTY,Grade 9,144
2023-2024,15,RUNNELS COUNTY,Grade 10,164
2023-2024,15,RUNNELS COUNTY,Grade 11,152
2023-2024,15,RUNNELS COUNTY,Grade 12,122
2023-2024,7,RUSK COUNTY,Early Education,7
2023-2024,7,RUSK COUNTY,Pre-kindergarten,416
2023-2024,7,RUSK COUNTY,Kindergarten,511
2023-2024,7,RUSK COUNTY,Grade 1,525
2023-2024,7,RUSK COUNTY,Grade 2,528
2023-2024,7,RUSK COUNTY,Grade 3,542
2023-2024,7,RUSK COUNTY,Grade 4,525
2023-2024,7,RUSK COUNTY,Grade 5,533
2023-2024,7,RUSK COUNTY,Grade 6,601
2023-2024,7,RUSK COUNTY,Grade 7,564
2023-2024,7,RUSK COUNTY,Grade 8,600
2023-2024,7,RUSK COUNTY,Grade 9,618
2023-2024,7,RUSK COUNTY,Grade 10,625
2023-2024,7,RUSK COUNTY,Grade 11,632
2023-2024,7,RUSK COUNTY,Grade 12,519
2023-2024,7,SABINE COUNTY,Early Education,1
2023-2024,7,SABINE COUNTY,Pre-kindergarten,81
2023-2024,7,SABINE COUNTY,Kindergarten,105
2023-2024,7,SABINE COUNTY,Grade 1,102
2023-2024,7,SABINE COUNTY,Grade 2,110
2023-2024,7,SABINE COUNTY,Grade 3,107
2023-2024,7,SABINE COUNTY,Grade 4,99
2023-2024,7,SABINE COUNTY,Grade 5,89
2023-2024,7,SABINE COUNTY,Grade 6,99
2023-2024,7,SABINE COUNTY,Grade 7,100
2023-2024,7,SABINE COUNTY,Grade 8,110
2023-2024,7,SABINE COUNTY,Grade 9,103
2023-2024,7,SABINE COUNTY,Grade 10,94
2023-2024,7,SABINE COUNTY,Grade 11,90
2023-2024,7,SABINE COUNTY,Grade 12,92
2023-2024,7,SAN AUGUSTINE COUNTY,Early Education,1
2023-2024,7,SAN AUGUSTINE COUNTY,Pre-kindergarten,97
2023-2024,7,SAN AUGUSTINE COUNTY,Kindergarten,55
2023-2024,7,SAN AUGUSTINE COUNTY,Grade 1,76
2023-2024,7,SAN AUGUSTINE COUNTY,Grade 2,68
2023-2024,7,SAN AUGUSTINE COUNTY,Grade 3,75
2023-2024,7,SAN AUGUSTINE COUNTY,Grade 4,53
2023-2024,7,SAN AUGUSTINE COUNTY,Grade 5,64
2023-2024,7,SAN AUGUSTINE COUNTY,Grade 6,72
2023-2024,7,SAN AUGUSTINE COUNTY,Grade 7,65
2023-2024,7,SAN AUGUSTINE COUNTY,Grade 8,79
2023-2024,7,SAN AUGUSTINE COUNTY,Grade 9,85
2023-2024,7,SAN AUGUSTINE COUNTY,Grade 10,69
2023-2024,7,SAN AUGUSTINE COUNTY,Grade 11,84
2023-2024,7,SAN AUGUSTINE COUNTY,Grade 12,70
2023-2024,6,SAN JACINTO COUNTY,Early Education,10
2023-2024,6,SAN JACINTO COUNTY,Pre-kindergarten,189
2023-2024,6,SAN JACINTO COUNTY,Kindergarten,243
2023-2024,6,SAN JACINTO COUNTY,Grade 1,261
2023-2024,6,SAN JACINTO COUNTY,Grade 2,237
2023-2024,6,SAN JACINTO COUNTY,Grade 3,264
2023-2024,6,SAN JACINTO COUNTY,Grade 4,254
2023-2024,6,SAN JACINTO COUNTY,Grade 5,245
2023-2024,6,SAN JACINTO COUNTY,Grade 6,255
2023-2024,6,SAN JACINTO COUNTY,Grade 7,246
2023-2024,6,SAN JACINTO COUNTY,Grade 8,251
2023-2024,6,SAN JACINTO COUNTY,Grade 9,340
2023-2024,6,SAN JACINTO COUNTY,Grade 10,298
2023-2024,6,SAN JACINTO COUNTY,Grade 11,248
2023-2024,6,SAN JACINTO COUNTY,Grade 12,243
2023-2024,2,SAN PATRICIO COUNTY,Early Education,82
2023-2024,2,SAN PATRICIO COUNTY,Pre-kindergarten,576
2023-2024,2,SAN PATRICIO COUNTY,Kindergarten,953
2023-2024,2,SAN PATRICIO COUNTY,Grade 1,1000
2023-2024,2,SAN PATRICIO COUNTY,Grade 2,1079
2023-2024,2,SAN PATRICIO COUNTY,Grade 3,991
2023-2024,2,SAN PATRICIO COUNTY,Grade 4,1050
2023-2024,2,SAN PATRICIO COUNTY,Grade 5,1046
2023-2024,2,SAN PATRICIO COUNTY,Grade 6,1040
2023-2024,2,SAN PATRICIO COUNTY,Grade 7,1017
2023-2024,2,SAN PATRICIO COUNTY,Grade 8,997
2023-2024,2,SAN PATRICIO COUNTY,Grade 9,1113
2023-2024,2,SAN PATRICIO COUNTY,Grade 10,1104
2023-2024,2,SAN PATRICIO COUNTY,Grade 11,967
2023-2024,2,SAN PATRICIO COUNTY,Grade 12,908
2023-2024,15,SAN SABA COUNTY,Early Education,3
2023-2024,15,SAN SABA COUNTY,Pre-kindergarten,62
2023-2024,15,SAN SABA COUNTY,Kindergarten,78
2023-2024,15,SAN SABA COUNTY,Grade 1,65
2023-2024,15,SAN SABA COUNTY,Grade 2,72
2023-2024,15,SAN SABA COUNTY,Grade 3,65
2023-2024,15,SAN SABA COUNTY,Grade 4,70
2023-2024,15,SAN SABA COUNTY,Grade 5,67
2023-2024,15,SAN SABA COUNTY,Grade 6,80
2023-2024,15,SAN SABA COUNTY,Grade 7,61
2023-2024,15,SAN SABA COUNTY,Grade 8,69
2023-2024,15,SAN SABA COUNTY,Grade 9,96
2023-2024,15,SAN SABA COUNTY,Grade 10,78
2023-2024,15,SAN SABA COUNTY,Grade 11,83
2023-2024,15,SAN SABA COUNTY,Grade 12,59
2023-2024,15,SCHLEICHER COUNTY,Early Education,2
2023-2024,15,SCHLEICHER COUNTY,Pre-kindergarten,17
2023-2024,15,SCHLEICHER COUNTY,Kindergarten,20
2023-2024,15,SCHLEICHER COUNTY,Grade 1,31
2023-2024,15,SCHLEICHER COUNTY,Grade 2,36
2023-2024,15,SCHLEICHER COUNTY,Grade 3,27
2023-2024,15,SCHLEICHER COUNTY,Grade 4,32
2023-2024,15,SCHLEICHER COUNTY,Grade 5,34
2023-2024,15,SCHLEICHER COUNTY,Grade 6,32
2023-2024,15,SCHLEICHER COUNTY,Grade 7,25
2023-2024,15,SCHLEICHER COUNTY,Grade 8,32
2023-2024,15,SCHLEICHER COUNTY,Grade 9,44
2023-2024,15,SCHLEICHER COUNTY,Grade 10,41
2023-2024,15,SCHLEICHER COUNTY,Grade 11,42
2023-2024,15,SCHLEICHER COUNTY,Grade 12,36
2023-2024,14,SCURRY COUNTY,Early Education,21
2023-2024,14,SCURRY COUNTY,Pre-kindergarten,114
2023-2024,14,SCURRY COUNTY,Kindergarten,179
2023-2024,14,SCURRY COUNTY,Grade 1,220
2023-2024,14,SCURRY COUNTY,Grade 2,225
2023-2024,14,SCURRY COUNTY,Grade 3,223
2023-2024,14,SCURRY COUNTY,Grade 4,208
2023-2024,14,SCURRY COUNTY,Grade 5,191
2023-2024,14,SCURRY COUNTY,Grade 6,211
2023-2024,14,SCURRY COUNTY,Grade 7,227
2023-2024,14,SCURRY COUNTY,Grade 8,248
2023-2024,14,SCURRY COUNTY,Grade 9,247
2023-2024,14,SCURRY COUNTY,Grade 10,209
2023-2024,14,SCURRY COUNTY,Grade 11,187
2023-2024,14,SCURRY COUNTY,Grade 12,195
2023-2024,14,SHACKELFORD COUNTY,Early Education,4
2023-2024,14,SHACKELFORD COUNTY,Pre-kindergarten,26
2023-2024,14,SHACKELFORD COUNTY,Kindergarten,51
2023-2024,14,SHACKELFORD COUNTY,Grade 1,41
2023-2024,14,SHACKELFORD COUNTY,Grade 2,34
2023-2024,14,SHACKELFORD COUNTY,Grade 3,36
2023-2024,14,SHACKELFORD COUNTY,Grade 4,36
2023-2024,14,SHACKELFORD COUNTY,Grade 5,45
2023-2024,14,SHACKELFORD COUNTY,Grade 6,46
2023-2024,14,SHACKELFORD COUNTY,Grade 7,47
2023-2024,14,SHACKELFORD COUNTY,Grade 8,45
2023-2024,14,SHACKELFORD COUNTY,Grade 9,47
2023-2024,14,SHACKELFORD COUNTY,Grade 10,53
2023-2024,14,SHACKELFORD COUNTY,Grade 11,54
2023-2024,14,SHACKELFORD COUNTY,Grade 12,52
2023-2024,7,SHELBY COUNTY,Early Education,16
2023-2024,7,SHELBY COUNTY,Pre-kindergarten,353
2023-2024,7,SHELBY COUNTY,Kindergarten,353
2023-2024,7,SHELBY COUNTY,Grade 1,380
2023-2024,7,SHELBY COUNTY,Grade 2,395
2023-2024,7,SHELBY COUNTY,Grade 3,357
2023-2024,7,SHELBY COUNTY,Grade 4,363
2023-2024,7,SHELBY COUNTY,Grade 5,395
2023-2024,7,SHELBY COUNTY,Grade 6,343
2023-2024,7,SHELBY COUNTY,Grade 7,356
2023-2024,7,SHELBY COUNTY,Grade 8,378
2023-2024,7,SHELBY COUNTY,Grade 9,423
2023-2024,7,SHELBY COUNTY,Grade 10,393
2023-2024,7,SHELBY COUNTY,Grade 11,398
2023-2024,7,SHELBY COUNTY,Grade 12,353
2023-2024,16,SHERMAN COUNTY,Early Education,3
2023-2024,16,SHERMAN COUNTY,Pre-kindergarten,56
2023-2024,16,SHERMAN COUNTY,Kindergarten,53
2023-2024,16,SHERMAN COUNTY,Grade 1,78
2023-2024,16,SHERMAN COUNTY,Grade 2,46
2023-2024,16,SHERMAN COUNTY,Grade 3,52
2023-2024,16,SHERMAN COUNTY,Grade 4,46
2023-2024,16,SHERMAN COUNTY,Grade 5,34
2023-2024,16,SHERMAN COUNTY,Grade 6,40
2023-2024,16,SHERMAN COUNTY,Grade 7,46
2023-2024,16,SHERMAN COUNTY,Grade 8,48
2023-2024,16,SHERMAN COUNTY,Grade 9,50
2023-2024,16,SHERMAN COUNTY,Grade 10,44
2023-2024,16,SHERMAN COUNTY,Grade 11,49
2023-2024,16,SHERMAN COUNTY,Grade 12,50
2023-2024,7,SMITH COUNTY,Early Education,220
2023-2024,7,SMITH COUNTY,Pre-kindergarten,1386
2023-2024,7,SMITH COUNTY,Kindergarten,2823
2023-2024,7,SMITH COUNTY,Grade 1,3002
2023-2024,7,SMITH COUNTY,Grade 2,3085
2023-2024,7,SMITH COUNTY,Grade 3,3026
2023-2024,7,SMITH COUNTY,Grade 4,3121
2023-2024,7,SMITH COUNTY,Grade 5,2965
2023-2024,7,SMITH COUNTY,Grade 6,2915
2023-2024,7,SMITH COUNTY,Grade 7,2896
2023-2024,7,SMITH COUNTY,Grade 8,3030
2023-2024,7,SMITH COUNTY,Grade 9,3270
2023-2024,7,SMITH COUNTY,Grade 10,3052
2023-2024,7,SMITH COUNTY,Grade 11,2808
2023-2024,7,SMITH COUNTY,Grade 12,2546
2023-2024,11,SOMERVELL COUNTY,Early Education,6
2023-2024,11,SOMERVELL COUNTY,Pre-kindergarten,52
2023-2024,11,SOMERVELL COUNTY,Kindergarten,146
2023-2024,11,SOMERVELL COUNTY,Grade 1,137
2023-2024,11,SOMERVELL COUNTY,Grade 2,173
2023-2024,11,SOMERVELL COUNTY,Grade 3,150
2023-2024,11,SOMERVELL COUNTY,Grade 4,149
2023-2024,11,SOMERVELL COUNTY,Grade 5,169
2023-2024,11,SOMERVELL COUNTY,Grade 6,159
2023-2024,11,SOMERVELL COUNTY,Grade 7,146
2023-2024,11,SOMERVELL COUNTY,Grade 8,156
2023-2024,11,SOMERVELL COUNTY,Grade 9,174
2023-2024,11,SOMERVELL COUNTY,Grade 10,180
2023-2024,11,SOMERVELL COUNTY,Grade 11,188
2023-2024,11,SOMERVELL COUNTY,Grade 12,141
2023-2024,1,STARR COUNTY,Early Education,21
2023-2024,1,STARR COUNTY,Pre-kindergarten,1192
2023-2024,1,STARR COUNTY,Kindergarten,958
2023-2024,1,STARR COUNTY,Grade 1,1051
2023-2024,1,STARR COUNTY,Grade 2,1018
2023-2024,1,STARR COUNTY,Grade 3,1056
2023-2024,1,STARR COUNTY,Grade 4,1090
2023-2024,1,STARR COUNTY,Grade 5,1106
2023-2024,1,STARR COUNTY,Grade 6,1072
2023-2024,1,STARR COUNTY,Grade 7,1169
2023-2024,1,STARR COUNTY,Grade 8,1160
2023-2024,1,STARR COUNTY,Grade 9,1280
2023-2024,1,STARR COUNTY,Grade 10,1213
2023-2024,1,STARR COUNTY,Grade 11,1041
2023-2024,1,STARR COUNTY,Grade 12,1150
2023-2024,14,STEPHENS COUNTY,Early Education,3
2023-2024,14,STEPHENS COUNTY,Pre-kindergarten,71
2023-2024,14,STEPHENS COUNTY,Kindergarten,98
2023-2024,14,STEPHENS COUNTY,Grade 1,93
2023-2024,14,STEPHENS COUNTY,Grade 2,130
2023-2024,14,STEPHENS COUNTY,Grade 3,107
2023-2024,14,STEPHENS COUNTY,Grade 4,104
2023-2024,14,STEPHENS COUNTY,Grade 5,87
2023-2024,14,STEPHENS COUNTY,Grade 6,93
2023-2024,14,STEPHENS COUNTY,Grade 7,90
2023-2024,14,STEPHENS COUNTY,Grade 8,100
2023-2024,14,STEPHENS COUNTY,Grade 9,103
2023-2024,14,STEPHENS COUNTY,Grade 10,107
2023-2024,14,STEPHENS COUNTY,Grade 11,104
2023-2024,14,STEPHENS COUNTY,Grade 12,100
2023-2024,15,STERLING COUNTY,Early Education,1
2023-2024,15,STERLING COUNTY,Pre-kindergarten,14
2023-2024,15,STERLING COUNTY,Kindergarten,17
2023-2024,15,STERLING COUNTY,Grade 1,28
2023-2024,15,STERLING COUNTY,Grade 2,28
2023-2024,15,STERLING COUNTY,Grade 3,23
2023-2024,15,STERLING COUNTY,Grade 4,28
2023-2024,15,STERLING COUNTY,Grade 5,22
2023-2024,15,STERLING COUNTY,Grade 6,16
2023-2024,15,STERLING COUNTY,Grade 7,21
2023-2024,15,STERLING COUNTY,Grade 8,26
2023-2024,15,STERLING COUNTY,Grade 9,46
2023-2024,15,STERLING COUNTY,Grade 10,19
2023-2024,15,STERLING COUNTY,Grade 11,36
2023-2024,15,STERLING COUNTY,Grade 12,35
2023-2024,14,STONEWALL COUNTY,Pre-kindergarten,11
2023-2024,14,STONEWALL COUNTY,Kindergarten,15
2023-2024,14,STONEWALL COUNTY,Grade 1,13
2023-2024,14,STONEWALL COUNTY,Grade 2,14
2023-2024,14,STONEWALL COUNTY,Grade 3,11
2023-2024,14,STONEWALL COUNTY,Grade 4,14
2023-2024,14,STONEWALL COUNTY,Grade 5,16
2023-2024,14,STONEWALL COUNTY,Grade 6,8
2023-2024,14,STONEWALL COUNTY,Grade 7,11
2023-2024,14,STONEWALL COUNTY,Grade 8,19
2023-2024,14,STONEWALL COUNTY,Grade 9,11
2023-2024,14,STONEWALL COUNTY,Grade 10,17
2023-2024,14,STONEWALL COUNTY,Grade 11,14
2023-2024,14,STONEWALL COUNTY,Grade 12,18
2023-2024,15,SUTTON COUNTY,Early Education,5
2023-2024,15,SUTTON COUNTY,Pre-kindergarten,18
2023-2024,15,SUTTON COUNTY,Kindergarten,47
2023-2024,15,SUTTON COUNTY,Grade 1,51
2023-2024,15,SUTTON COUNTY,Grade 2,45
2023-2024,15,SUTTON COUNTY,Grade 3,58
2023-2024,15,SUTTON COUNTY,Grade 4,49
2023-2024,15,SUTTON COUNTY,Grade 5,52
2023-2024,15,SUTTON COUNTY,Grade 6,40
2023-2024,15,SUTTON COUNTY,Grade 7,49
2023-2024,15,SUTTON COUNTY,Grade 8,41
2023-2024,15,SUTTON COUNTY,Grade 9,61
2023-2024,15,SUTTON COUNTY,Grade 10,48
2023-2024,15,SUTTON COUNTY,Grade 11,38
2023-2024,15,SUTTON COUNTY,Grade 12,52
2023-2024,16,SWISHER COUNTY,Early Education,3
2023-2024,16,SWISHER COUNTY,Pre-kindergarten,101
2023-2024,16,SWISHER COUNTY,Kindergarten,93
2023-2024,16,SWISHER COUNTY,Grade 1,76
2023-2024,16,SWISHER COUNTY,Grade 2,108
2023-2024,16,SWISHER COUNTY,Grade 3,73
2023-2024,16,SWISHER COUNTY,Grade 4,106
2023-2024,16,SWISHER COUNTY,Grade 5,96
2023-2024,16,SWISHER COUNTY,Grade 6,107
2023-2024,16,SWISHER COUNTY,Grade 7,86
2023-2024,16,SWISHER COUNTY,Grade 8,123
2023-2024,16,SWISHER COUNTY,Grade 9,117
2023-2024,16,SWISHER COUNTY,Grade 10,104
2023-2024,16,SWISHER COUNTY,Grade 11,120
2023-2024,16,SWISHER COUNTY,Grade 12,105
2023-2024,11,TARRANT COUNTY,Early Education,1845
2023-2024,11,TARRANT COUNTY,Pre-kindergarten,15346
2023-2024,11,TARRANT COUNTY,Kindergarten,21767
2023-2024,11,TARRANT COUNTY,Grade 1,22750
2023-2024,11,TARRANT COUNTY,Grade 2,24101
2023-2024,11,TARRANT COUNTY,Grade 3,23939
2023-2024,11,TARRANT COUNTY,Grade 4,24251
2023-2024,11,TARRANT COUNTY,Grade 5,24269
2023-2024,11,TARRANT COUNTY,Grade 6,23917
2023-2024,11,TARRANT COUNTY,Grade 7,24433
2023-2024,11,TARRANT COUNTY,Grade 8,25265
2023-2024,11,TARRANT COUNTY,Grade 9,30395
2023-2024,11,TARRANT COUNTY,Grade 10,28197
2023-2024,11,TARRANT COUNTY,Grade 11,25774
2023-2024,11,TARRANT COUNTY,Grade 12,23489
2023-2024,14,TAYLOR COUNTY,Early Education,262
2023-2024,14,TAYLOR COUNTY,Pre-kindergarten,1565
2023-2024,14,TAYLOR COUNTY,Kindergarten,3161
2023-2024,14,TAYLOR COUNTY,Grade 1,3261
2023-2024,14,TAYLOR COUNTY,Grade 2,3253
2023-2024,14,TAYLOR COUNTY,Grade 3,3248
2023-2024,14,TAYLOR COUNTY,Grade 4,3115
2023-2024,14,TAYLOR COUNTY,Grade 5,3182
2023-2024,14,TAYLOR COUNTY,Grade 6,3100
2023-2024,14,TAYLOR COUNTY,Grade 7,3144
2023-2024,14,TAYLOR COUNTY,Grade 8,3081
2023-2024,14,TAYLOR COUNTY,Grade 9,2968
2023-2024,14,TAYLOR COUNTY,Grade 10,2422
2023-2024,14,TAYLOR COUNTY,Grade 11,2157
2023-2024,14,TAYLOR COUNTY,Grade 12,2061
2023-2024,18,TERRELL COUNTY,Kindergarten,6
2023-2024,18,TERRELL COUNTY,Grade 1,10
2023-2024,18,TERRELL COUNTY,Grade 2,6
2023-2024,18,TERRELL COUNTY,Grade 3,6
2023-2024,18,TERRELL COUNTY,Grade 4,10
2023-2024,18,TERRELL COUNTY,Grade 5,12
2023-2024,18,TERRELL COUNTY,Grade 6,10
2023-2024,18,TERRELL COUNTY,Grade 7,6
2023-2024,18,TERRELL COUNTY,Grade 8,16
2023-2024,18,TERRELL COUNTY,Grade 9,10
2023-2024,18,TERRELL COUNTY,Grade 10,9
2023-2024,18,TERRELL COUNTY,Grade 11,11
2023-2024,18,TERRELL COUNTY,Grade 12,5
2023-2024,17,TERRY COUNTY,Early Education,3
2023-2024,17,TERRY COUNTY,Pre-kindergarten,161
2023-2024,17,TERRY COUNTY,Kindergarten,135
2023-2024,17,TERRY COUNTY,Grade 1,153
2023-2024,17,TERRY COUNTY,Grade 2,150
2023-2024,17,TERRY COUNTY,Grade 3,163
2023-2024,17,TERRY COUNTY,Grade 4,162
2023-2024,17,TERRY COUNTY,Grade 5,141
2023-2024,17,TERRY COUNTY,Grade 6,179
2023-2024,17,TERRY COUNTY,Grade 7,136
2023-2024,17,TERRY COUNTY,Grade 8,159
2023-2024,17,TERRY COUNTY,Grade 9,186
2023-2024,17,TERRY COUNTY,Grade 10,135
2023-2024,17,TERRY COUNTY,Grade 11,159
2023-2024,17,TERRY COUNTY,Grade 12,149
2023-2024,9,THROCKMORTON COUNTY,Pre-kindergarten,18
2023-2024,9,THROCKMORTON COUNTY,Kindergarten,11
2023-2024,9,THROCKMORTON COUNTY,Grade 1,22
2023-2024,9,THROCKMORTON COUNTY,Grade 2,22
2023-2024,9,THROCKMORTON COUNTY,Grade 3,20
2023-2024,9,THROCKMORTON COUNTY,Grade 4,24
2023-2024,9,THROCKMORTON COUNTY,Grade 5,20
2023-2024,9,THROCKMORTON COUNTY,Grade 6,19
2023-2024,9,THROCKMORTON COUNTY,Grade 7,16
2023-2024,9,THROCKMORTON COUNTY,Grade 8,22
2023-2024,9,THROCKMORTON COUNTY,Grade 9,24
2023-2024,9,THROCKMORTON COUNTY,Grade 10,27
2023-2024,9,THROCKMORTON COUNTY,Grade 11,29
2023-2024,9,THROCKMORTON COUNTY,Grade 12,33
2023-2024,8,TITUS COUNTY,Early Education,102
2023-2024,8,TITUS COUNTY,Pre-kindergarten,426
2023-2024,8,TITUS COUNTY,Kindergarten,483
2023-2024,8,TITUS COUNTY,Grade 1,512
2023-2024,8,TITUS COUNTY,Grade 2,497
2023-2024,8,TITUS COUNTY,Grade 3,478
2023-2024,8,TITUS COUNTY,Grade 4,520
2023-2024,8,TITUS COUNTY,Grade 5,489
2023-2024,8,TITUS COUNTY,Grade 6,479
2023-2024,8,TITUS COUNTY,Grade 7,469
2023-2024,8,TITUS COUNTY,Grade 8,498
2023-2024,8,TITUS COUNTY,Grade 9,568
2023-2024,8,TITUS COUNTY,Grade 10,552
2023-2024,8,TITUS COUNTY,Grade 11,505
2023-2024,8,TITUS COUNTY,Grade 12,443
2023-2024,15,TOM GREEN COUNTY,Early Education,144
2023-2024,15,TOM GREEN COUNTY,Pre-kindergarten,359
2023-2024,15,TOM GREEN COUNTY,Kindergarten,1393
2023-2024,15,TOM GREEN COUNTY,Grade 1,1633
2023-2024,15,TOM GREEN COUNTY,Grade 2,1643
2023-2024,15,TOM GREEN COUNTY,Grade 3,1601
2023-2024,15,TOM GREEN COUNTY,Grade 4,1583
2023-2024,15,TOM GREEN COUNTY,Grade 5,1643
2023-2024,15,TOM GREEN COUNTY,Grade 6,1605
2023-2024,15,TOM GREEN COUNTY,Grade 7,1557
2023-2024,15,TOM GREEN COUNTY,Grade 8,1666
2023-2024,15,TOM GREEN COUNTY,Grade 9,1900
2023-2024,15,TOM GREEN COUNTY,Grade 10,1650
2023-2024,15,TOM GREEN COUNTY,Grade 11,1418
2023-2024,15,TOM GREEN COUNTY,Grade 12,1203
2023-2024,13,TRAVIS COUNTY,Early Education,632
2023-2024,4,TRAVIS COUNTY,Pre-kindergarten,3767
2023-2024,13,TRAVIS COUNTY,Pre-kindergarten,7625
2023-2024,4,TRAVIS COUNTY,Kindergarten,2362
2023-2024,13,TRAVIS COUNTY,Kindergarten,11100
2023-2024,4,TRAVIS COUNTY,Grade 1,2459
2023-2024,13,TRAVIS COUNTY,Grade 1,11408
2023-2024,4,TRAVIS COUNTY,Grade 2,2492
2023-2024,13,TRAVIS COUNTY,Grade 2,11984
2023-2024,4,TRAVIS COUNTY,Grade 3,2461
2023-2024,13,TRAVIS COUNTY,Grade 3,11893
2023-2024,4,TRAVIS COUNTY,Grade 4,2419
2023-2024,13,TRAVIS COUNTY,Grade 4,11622
2023-2024,4,TRAVIS COUNTY,Grade 5,2523
2023-2024,13,TRAVIS COUNTY,Grade 5,11379
2023-2024,4,TRAVIS COUNTY,Grade 6,2752
2023-2024,13,TRAVIS COUNTY,Grade 6,11037
2023-2024,4,TRAVIS COUNTY,Grade 7,2727
2023-2024,13,TRAVIS COUNTY,Grade 7,11008
2023-2024,4,TRAVIS COUNTY,Grade 8,2702
2023-2024,13,TRAVIS COUNTY,Grade 8,11285
2023-2024,4,TRAVIS COUNTY,Grade 9,2374
2023-2024,13,TRAVIS COUNTY,Grade 9,12803
2023-2024,4,TRAVIS COUNTY,Grade 10,2002
2023-2024,13,TRAVIS COUNTY,Grade 10,12612
2023-2024,4,TRAVIS COUNTY,Grade 11,1718
2023-2024,13,TRAVIS COUNTY,Grade 11,12039
2023-2024,4,TRAVIS COUNTY,Grade 12,1353
2023-2024,13,TRAVIS COUNTY,Grade 12,10862
2023-2024,6,TRINITY COUNTY,Early Education,4
2023-2024,6,TRINITY COUNTY,Pre-kindergarten,119
2023-2024,6,TRINITY COUNTY,Kindergarten,168
2023-2024,6,TRINITY COUNTY,Grade 1,163
2023-2024,6,TRINITY COUNTY,Grade 2,162
2023-2024,6,TRINITY COUNTY,Grade 3,177
2023-2024,6,TRINITY COUNTY,Grade 4,158
2023-2024,6,TRINITY COUNTY,Grade 5,152
2023-2024,6,TRINITY COUNTY,Grade 6,142
2023-2024,6,TRINITY COUNTY,Grade 7,199
2023-2024,6,TRINITY COUNTY,Grade 8,204
2023-2024,6,TRINITY COUNTY,Grade 9,171
2023-2024,6,TRINITY COUNTY,Grade 10,182
2023-2024,6,TRINITY COUNTY,Grade 11,166
2023-2024,6,TRINITY COUNTY,Grade 12,186
2023-2024,5,TYLER COUNTY,Early Education,18
2023-2024,5,TYLER COUNTY,Pre-kindergarten,131
2023-2024,5,TYLER COUNTY,Kindergarten,214
2023-2024,5,TYLER COUNTY,Grade 1,239
2023-2024,5,TYLER COUNTY,Grade 2,259
2023-2024,5,TYLER COUNTY,Grade 3,221
2023-2024,5,TYLER COUNTY,Grade 4,222
2023-2024,5,TYLER COUNTY,Grade 5,307
2023-2024,5,TYLER COUNTY,Grade 6,244
2023-2024,5,TYLER COUNTY,Grade 7,264
2023-2024,5,TYLER COUNTY,Grade 8,262
2023-2024,5,TYLER COUNTY,Grade 9,259
2023-2024,5,TYLER COUNTY,Grade 10,265
2023-2024,5,TYLER COUNTY,Grade 11,254
2023-2024,5,TYLER COUNTY,Grade 12,209
2023-2024,7,UPSHUR COUNTY,Early Education,31
2023-2024,7,UPSHUR COUNTY,Pre-kindergarten,300
2023-2024,7,UPSHUR COUNTY,Kindergarten,501
2023-2024,7,UPSHUR COUNTY,Grade 1,557
2023-2024,7,UPSHUR COUNTY,Grade 2,539
2023-2024,7,UPSHUR COUNTY,Grade 3,541
2023-2024,7,UPSHUR COUNTY,Grade 4,583
2023-2024,7,UPSHUR COUNTY,Grade 5,560
2023-2024,7,UPSHUR COUNTY,Grade 6,572
2023-2024,7,UPSHUR COUNTY,Grade 7,564
2023-2024,7,UPSHUR COUNTY,Grade 8,612
2023-2024,7,UPSHUR COUNTY,Grade 9,590
2023-2024,7,UPSHUR COUNTY,Grade 10,579
2023-2024,7,UPSHUR COUNTY,Grade 11,539
2023-2024,7,UPSHUR COUNTY,Grade 12,493
2023-2024,18,UPTON COUNTY,Early Education,4
2023-2024,18,UPTON COUNTY,Pre-kindergarten,43
2023-2024,18,UPTON COUNTY,Kindergarten,38
2023-2024,18,UPTON COUNTY,Grade 1,65
2023-2024,18,UPTON COUNTY,Grade 2,65
2023-2024,18,UPTON COUNTY,Grade 3,57
2023-2024,18,UPTON COUNTY,Grade 4,58
2023-2024,18,UPTON COUNTY,Grade 5,61
2023-2024,18,UPTON COUNTY,Grade 6,55
2023-2024,18,UPTON COUNTY,Grade 7,52
2023-2024,18,UPTON COUNTY,Grade 8,78
2023-2024,18,UPTON COUNTY,Grade 9,65
2023-2024,18,UPTON COUNTY,Grade 10,57
2023-2024,18,UPTON COUNTY,Grade 11,46
2023-2024,18,UPTON COUNTY,Grade 12,49
2023-2024,20,UVALDE COUNTY,Early Education,43
2023-2024,20,UVALDE COUNTY,Pre-kindergarten,346
2023-2024,20,UVALDE COUNTY,Kindergarten,340
2023-2024,20,UVALDE COUNTY,Grade 1,347
2023-2024,20,UVALDE COUNTY,Grade 2,352
2023-2024,20,UVALDE COUNTY,Grade 3,361
2023-2024,20,UVALDE COUNTY,Grade 4,330
2023-2024,20,UVALDE COUNTY,Grade 5,345
2023-2024,20,UVALDE COUNTY,Grade 6,312
2023-2024,20,UVALDE COUNTY,Grade 7,387
2023-2024,20,UVALDE COUNTY,Grade 8,370
2023-2024,20,UVALDE COUNTY,Grade 9,502
2023-2024,20,UVALDE COUNTY,Grade 10,396
2023-2024,20,UVALDE COUNTY,Grade 11,356
2023-2024,20,UVALDE COUNTY,Grade 12,340
2023-2024,15,VAL VERDE COUNTY,Early Education,44
2023-2024,15,VAL VERDE COUNTY,Pre-kindergarten,447
2023-2024,15,VAL VERDE COUNTY,Kindergarten,617
2023-2024,15,VAL VERDE COUNTY,Grade 1,716
2023-2024,15,VAL VERDE COUNTY,Grade 2,812
2023-2024,15,VAL VERDE COUNTY,Grade 3,768
2023-2024,15,VAL VERDE COUNTY,Grade 4,721
2023-2024,15,VAL VERDE COUNTY,Grade 5,712
2023-2024,15,VAL VERDE COUNTY,Grade 6,707
2023-2024,15,VAL VERDE COUNTY,Grade 7,698
2023-2024,15,VAL VERDE COUNTY,Grade 8,795
2023-2024,15,VAL VERDE COUNTY,Grade 9,778
2023-2024,15,VAL VERDE COUNTY,Grade 10,865
2023-2024,15,VAL VERDE COUNTY,Grade 11,746
2023-2024,15,VAL VERDE COUNTY,Grade 12,681
2023-2024,7,VAN ZANDT COUNTY,Early Education,11
2023-2024,10,VAN ZANDT COUNTY,Early Education,17
2023-2024,7,VAN ZANDT COUNTY,Pre-kindergarten,192
2023-2024,10,VAN ZANDT COUNTY,Pre-kindergarten,234
2023-2024,7,VAN ZANDT COUNTY,Kindergarten,354
2023-2024,10,VAN ZANDT COUNTY,Kindergarten,395
2023-2024,7,VAN ZANDT COUNTY,Grade 1,389
2023-2024,10,VAN ZANDT COUNTY,Grade 1,345
2023-2024,7,VAN ZANDT COUNTY,Grade 2,416
2023-2024,10,VAN ZANDT COUNTY,Grade 2,390
2023-2024,7,VAN ZANDT COUNTY,Grade 3,365
2023-2024,10,VAN ZANDT COUNTY,Grade 3,392
2023-2024,7,VAN ZANDT COUNTY,Grade 4,401
2023-2024,10,VAN ZANDT COUNTY,Grade 4,367
2023-2024,7,VAN ZANDT COUNTY,Grade 5,406
2023-2024,10,VAN ZANDT COUNTY,Grade 5,398
2023-2024,7,VAN ZANDT COUNTY,Grade 6,412
2023-2024,10,VAN ZANDT COUNTY,Grade 6,388
2023-2024,7,VAN ZANDT COUNTY,Grade 7,421
2023-2024,10,VAN ZANDT COUNTY,Grade 7,398
2023-2024,7,VAN ZANDT COUNTY,Grade 8,444
2023-2024,10,VAN ZANDT COUNTY,Grade 8,363
2023-2024,7,VAN ZANDT COUNTY,Grade 9,450
2023-2024,10,VAN ZANDT COUNTY,Grade 9,442
2023-2024,7,VAN ZANDT COUNTY,Grade 10,450
2023-2024,10,VAN ZANDT COUNTY,Grade 10,399
2023-2024,7,VAN ZANDT COUNTY,Grade 11,441
2023-2024,10,VAN ZANDT COUNTY,Grade 11,354
2023-2024,7,VAN ZANDT COUNTY,Grade 12,385
2023-2024,10,VAN ZANDT COUNTY,Grade 12,348
2023-2024,3,VICTORIA COUNTY,Early Education,92
2023-2024,3,VICTORIA COUNTY,Pre-kindergarten,834
2023-2024,3,VICTORIA COUNTY,Kindergarten,926
2023-2024,3,VICTORIA COUNTY,Grade 1,998
2023-2024,3,VICTORIA COUNTY,Grade 2,1072
2023-2024,3,VICTORIA COUNTY,Grade 3,1048
2023-2024,3,VICTORIA COUNTY,Grade 4,983
2023-2024,3,VICTORIA COUNTY,Grade 5,1013
2023-2024,3,VICTORIA COUNTY,Grade 6,967
2023-2024,3,VICTORIA COUNTY,Grade 7,978
2023-2024,3,VICTORIA COUNTY,Grade 8,988
2023-2024,3,VICTORIA COUNTY,Grade 9,1178
2023-2024,3,VICTORIA COUNTY,Grade 10,1112
2023-2024,3,VICTORIA COUNTY,Grade 11,984
2023-2024,3,VICTORIA COUNTY,Grade 12,897
2023-2024,6,WALKER COUNTY,Early Education,37
2023-2024,6,WALKER COUNTY,Pre-kindergarten,296
2023-2024,6,WALKER COUNTY,Kindergarten,553
2023-2024,6,WALKER COUNTY,Grade 1,544
2023-2024,6,WALKER COUNTY,Grade 2,597
2023-2024,6,WALKER COUNTY,Grade 3,762
2023-2024,6,WALKER COUNTY,Grade 4,818
2023-2024,6,WALKER COUNTY,Grade 5,1201
2023-2024,6,WALKER COUNTY,Grade 6,1111
2023-2024,6,WALKER COUNTY,Grade 7,1173
2023-2024,6,WALKER COUNTY,Grade 8,1400
2023-2024,6,WALKER COUNTY,Grade 9,1246
2023-2024,6,WALKER COUNTY,Grade 10,1177
2023-2024,6,WALKER COUNTY,Grade 11,1081
2023-2024,6,WALKER COUNTY,Grade 12,892
2023-2024,4,WALLER COUNTY,Early Education,74
2023-2024,4,WALLER COUNTY,Pre-kindergarten,670
2023-2024,4,WALLER COUNTY,Kindergarten,910
2023-2024,4,WALLER COUNTY,Grade 1,921
2023-2024,4,WALLER COUNTY,Grade 2,937
2023-2024,4,WALLER COUNTY,Grade 3,971
2023-2024,4,WALLER COUNTY,Grade 4,978
2023-2024,4,WALLER COUNTY,Grade 5,960
2023-2024,4,WALLER COUNTY,Grade 6,1004
2023-2024,4,WALLER COUNTY,Grade 7,967
2023-2024,4,WALLER COUNTY,Grade 8,1016
2023-2024,4,WALLER COUNTY,Grade 9,1268
2023-2024,4,WALLER COUNTY,Grade 10,1130
2023-2024,4,WALLER COUNTY,Grade 11,1046
2023-2024,4,WALLER COUNTY,Grade 12,742
2023-2024,18,WARD COUNTY,Early Education,19
2023-2024,18,WARD COUNTY,Pre-kindergarten,78
2023-2024,18,WARD COUNTY,Kindergarten,177
2023-2024,18,WARD COUNTY,Grade 1,179
2023-2024,18,WARD COUNTY,Grade 2,182
2023-2024,18,WARD COUNTY,Grade 3,165
2023-2024,18,WARD COUNTY,Grade 4,182
2023-2024,18,WARD COUNTY,Grade 5,173
2023-2024,18,WARD COUNTY,Grade 6,162
2023-2024,18,WARD COUNTY,Grade 7,180
2023-2024,18,WARD COUNTY,Grade 8,170
2023-2024,18,WARD COUNTY,Grade 9,209
2023-2024,18,WARD COUNTY,Grade 10,182
2023-2024,18,WARD COUNTY,Grade 11,154
2023-2024,18,WARD COUNTY,Grade 12,126
2023-2024,6,WASHINGTON COUNTY,Early Education,29
2023-2024,6,WASHINGTON COUNTY,Pre-kindergarten,240
2023-2024,6,WASHINGTON COUNTY,Kindergarten,340
2023-2024,6,WASHINGTON COUNTY,Grade 1,358
2023-2024,6,WASHINGTON COUNTY,Grade 2,359
2023-2024,6,WASHINGTON COUNTY,Grade 3,411
2023-2024,6,WASHINGTON COUNTY,Grade 4,394
2023-2024,6,WASHINGTON COUNTY,Grade 5,395
2023-2024,6,WASHINGTON COUNTY,Grade 6,401
2023-2024,6,WASHINGTON COUNTY,Grade 7,410
2023-2024,6,WASHINGTON COUNTY,Grade 8,408
2023-2024,6,WASHINGTON COUNTY,Grade 9,469
2023-2024,6,WASHINGTON COUNTY,Grade 10,466
2023-2024,6,WASHINGTON COUNTY,Grade 11,435
2023-2024,6,WASHINGTON COUNTY,Grade 12,338
2023-2024,1,WEBB COUNTY,Early Education,270
2023-2024,1,WEBB COUNTY,Pre-kindergarten,3213
2023-2024,1,WEBB COUNTY,Kindergarten,3805
2023-2024,1,WEBB COUNTY,Grade 1,4375
2023-2024,1,WEBB COUNTY,Grade 2,4460
2023-2024,1,WEBB COUNTY,Grade 3,4222
2023-2024,1,WEBB COUNTY,Grade 4,4309
2023-2024,1,WEBB COUNTY,Grade 5,4457
2023-2024,1,WEBB COUNTY,Grade 6,4406
2023-2024,1,WEBB COUNTY,Grade 7,4538
2023-2024,1,WEBB COUNTY,Grade 8,4515
2023-2024,1,WEBB COUNTY,Grade 9,5171
2023-2024,1,WEBB COUNTY,Grade 10,5052
2023-2024,1,WEBB COUNTY,Grade 11,4701
2023-2024,1,WEBB COUNTY,Grade 12,4815
2023-2024,3,WHARTON COUNTY,Early Education,54
2023-2024,3,WHARTON COUNTY,Pre-kindergarten,429
2023-2024,3,WHARTON COUNTY,Kindergarten,529
2023-2024,3,WHARTON COUNTY,Grade 1,565
2023-2024,3,WHARTON COUNTY,Grade 2,569
2023-2024,3,WHARTON COUNTY,Grade 3,542
2023-2024,3,WHARTON COUNTY,Grade 4,543
2023-2024,3,WHARTON COUNTY,Grade 5,550
2023-2024,3,WHARTON COUNTY,Grade 6,532
2023-2024,3,WHARTON COUNTY,Grade 7,554
2023-2024,3,WHARTON COUNTY,Grade 8,594
2023-2024,3,WHARTON COUNTY,Grade 9,608
2023-2024,3,WHARTON COUNTY,Grade 10,598
2023-2024,3,WHARTON COUNTY,Grade 11,591
2023-2024,3,WHARTON COUNTY,Grade 12,559
2023-2024,16,WHEELER COUNTY,Early Education,2
2023-2024,16,WHEELER COUNTY,Pre-kindergarten,68
2023-2024,16,WHEELER COUNTY,Kindergarten,54
2023-2024,16,WHEELER COUNTY,Grade 1,67
2023-2024,16,WHEELER COUNTY,Grade 2,80
2023-2024,16,WHEELER COUNTY,Grade 3,70
2023-2024,16,WHEELER COUNTY,Grade 4,80
2023-2024,16,WHEELER COUNTY,Grade 5,72
2023-2024,16,WHEELER COUNTY,Grade 6,82
2023-2024,16,WHEELER COUNTY,Grade 7,80
2023-2024,16,WHEELER COUNTY,Grade 8,75
2023-2024,16,WHEELER COUNTY,Grade 9,76
2023-2024,16,WHEELER COUNTY,Grade 10,75
2023-2024,16,WHEELER COUNTY,Grade 11,73
2023-2024,16,WHEELER COUNTY,Grade 12,74
2023-2024,9,WICHITA COUNTY,Early Education,128
2023-2024,9,WICHITA COUNTY,Pre-kindergarten,1129
2023-2024,9,WICHITA COUNTY,Kindergarten,1391
2023-2024,9,WICHITA COUNTY,Grade 1,1452
2023-2024,9,WICHITA COUNTY,Grade 2,1438
2023-2024,9,WICHITA COUNTY,Grade 3,1480
2023-2024,9,WICHITA COUNTY,Grade 4,1469
2023-2024,9,WICHITA COUNTY,Grade 5,1447
2023-2024,9,WICHITA COUNTY,Grade 6,1436
2023-2024,9,WICHITA COUNTY,Grade 7,1382
2023-2024,9,WICHITA COUNTY,Grade 8,1375
2023-2024,9,WICHITA COUNTY,Grade 9,1516
2023-2024,9,WICHITA COUNTY,Grade 10,1400
2023-2024,9,WICHITA COUNTY,Grade 11,1334
2023-2024,9,WICHITA COUNTY,Grade 12,1310
2023-2024,9,WILBARGER COUNTY,Early Education,14
2023-2024,9,WILBARGER COUNTY,Pre-kindergarten,68
2023-2024,9,WILBARGER COUNTY,Kindergarten,143
2023-2024,9,WILBARGER COUNTY,Grade 1,142
2023-2024,9,WILBARGER COUNTY,Grade 2,161
2023-2024,9,WILBARGER COUNTY,Grade 3,168
2023-2024,9,WILBARGER COUNTY,Grade 4,158
2023-2024,9,WILBARGER COUNTY,Grade 5,176
2023-2024,9,WILBARGER COUNTY,Grade 6,178
2023-2024,9,WILBARGER COUNTY,Grade 7,168
2023-2024,9,WILBARGER COUNTY,Grade 8,147
2023-2024,9,WILBARGER COUNTY,Grade 9,188
2023-2024,9,WILBARGER COUNTY,Grade 10,164
2023-2024,9,WILBARGER COUNTY,Grade 11,137
2023-2024,9,WILBARGER COUNTY,Grade 12,143
2023-2024,1,WILLACY COUNTY,Pre-kindergarten,370
2023-2024,1,WILLACY COUNTY,Kindergarten,251
2023-2024,1,WILLACY COUNTY,Grade 1,286
2023-2024,1,WILLACY COUNTY,Grade 2,290
2023-2024,1,WILLACY COUNTY,Grade 3,278
2023-2024,1,WILLACY COUNTY,Grade 4,247
2023-2024,1,WILLACY COUNTY,Grade 5,272
2023-2024,1,WILLACY COUNTY,Grade 6,246
2023-2024,1,WILLACY COUNTY,Grade 7,294
2023-2024,1,WILLACY COUNTY,Grade 8,280
2023-2024,1,WILLACY COUNTY,Grade 9,296
2023-2024,1,WILLACY COUNTY,Grade 10,326
2023-2024,1,WILLACY COUNTY,Grade 11,276
2023-2024,1,WILLACY COUNTY,Grade 12,271
2023-2024,13,WILLIAMSON COUNTY,Early Education,774
2023-2024,13,WILLIAMSON COUNTY,Pre-kindergarten,3876
2023-2024,13,WILLIAMSON COUNTY,Kindergarten,8593
2023-2024,13,WILLIAMSON COUNTY,Grade 1,9034
2023-2024,13,WILLIAMSON COUNTY,Grade 2,9609
2023-2024,13,WILLIAMSON COUNTY,Grade 3,9597
2023-2024,13,WILLIAMSON COUNTY,Grade 4,9994
2023-2024,13,WILLIAMSON COUNTY,Grade 5,9879
2023-2024,13,WILLIAMSON COUNTY,Grade 6,9804
2023-2024,13,WILLIAMSON COUNTY,Grade 7,10072
2023-2024,13,WILLIAMSON COUNTY,Grade 8,10172
2023-2024,13,WILLIAMSON COUNTY,Grade 9,10775
2023-2024,13,WILLIAMSON COUNTY,Grade 10,10825
2023-2024,13,WILLIAMSON COUNTY,Grade 11,10185
2023-2024,13,WILLIAMSON COUNTY,Grade 12,9700
2023-2024,20,WILSON COUNTY,Early Education,49
2023-2024,20,WILSON COUNTY,Pre-kindergarten,282
2023-2024,20,WILSON COUNTY,Kindergarten,590
2023-2024,20,WILSON COUNTY,Grade 1,626
2023-2024,20,WILSON COUNTY,Grade 2,749
2023-2024,20,WILSON COUNTY,Grade 3,703
2023-2024,20,WILSON COUNTY,Grade 4,714
2023-2024,20,WILSON COUNTY,Grade 5,659
2023-2024,20,WILSON COUNTY,Grade 6,736
2023-2024,20,WILSON COUNTY,Grade 7,688
2023-2024,20,WILSON COUNTY,Grade 8,722
2023-2024,20,WILSON COUNTY,Grade 9,777
2023-2024,20,WILSON COUNTY,Grade 10,710
2023-2024,20,WILSON COUNTY,Grade 11,734
2023-2024,20,WILSON COUNTY,Grade 12,619
2023-2024,18,WINKLER COUNTY,Early Education,11
2023-2024,18,WINKLER COUNTY,Pre-kindergarten,83
2023-2024,18,WINKLER COUNTY,Kindergarten,123
2023-2024,18,WINKLER COUNTY,Grade 1,136
2023-2024,18,WINKLER COUNTY,Grade 2,111
2023-2024,18,WINKLER COUNTY,Grade 3,137
2023-2024,18,WINKLER COUNTY,Grade 4,122
2023-2024,18,WINKLER COUNTY,Grade 5,131
2023-2024,18,WINKLER COUNTY,Grade 6,131
2023-2024,18,WINKLER COUNTY,Grade 7,136
2023-2024,18,WINKLER COUNTY,Grade 8,136
2023-2024,18,WINKLER COUNTY,Grade 9,143
2023-2024,18,WINKLER COUNTY,Grade 10,143
2023-2024,18,WINKLER COUNTY,Grade 11,135
2023-2024,18,WINKLER COUNTY,Grade 12,109
2023-2024,11,WISE COUNTY,Early Education,47
2023-2024,11,WISE COUNTY,Pre-kindergarten,343
2023-2024,11,WISE COUNTY,Kindergarten,730
2023-2024,11,WISE COUNTY,Grade 1,691
2023-2024,11,WISE COUNTY,Grade 2,813
2023-2024,11,WISE COUNTY,Grade 3,826
2023-2024,11,WISE COUNTY,Grade 4,768
2023-2024,11,WISE COUNTY,Grade 5,800
2023-2024,11,WISE COUNTY,Grade 6,737
2023-2024,11,WISE COUNTY,Grade 7,803
2023-2024,11,WISE COUNTY,Grade 8,765
2023-2024,11,WISE COUNTY,Grade 9,807
2023-2024,11,WISE COUNTY,Grade 10,842
2023-2024,11,WISE COUNTY,Grade 11,749
2023-2024,11,WISE COUNTY,Grade 12,696
2023-2024,7,WOOD COUNTY,Early Education,15
2023-2024,7,WOOD COUNTY,Pre-kindergarten,290
2023-2024,7,WOOD COUNTY,Kindergarten,437
2023-2024,7,WOOD COUNTY,Grade 1,466
2023-2024,7,WOOD COUNTY,Grade 2,468
2023-2024,7,WOOD COUNTY,Grade 3,435
2023-2024,7,WOOD COUNTY,Grade 4,451
2023-2024,7,WOOD COUNTY,Grade 5,464
2023-2024,7,WOOD COUNTY,Grade 6,459
2023-2024,7,WOOD COUNTY,Grade 7,439
2023-2024,7,WOOD COUNTY,Grade 8,487
2023-2024,7,WOOD COUNTY,Grade 9,517
2023-2024,7,WOOD COUNTY,Grade 10,492
2023-2024,7,WOOD COUNTY,Grade 11,491
2023-2024,7,WOOD COUNTY,Grade 12,418
2023-2024,17,YOAKUM COUNTY,Early Education,7
2023-2024,17,YOAKUM COUNTY,Pre-kindergarten,83
2023-2024,17,YOAKUM COUNTY,Kindergarten,120
2023-2024,17,YOAKUM COUNTY,Grade 1,110
2023-2024,17,YOAKUM COUNTY,Grade 2,115
2023-2024,17,YOAKUM COUNTY,Grade 3,136
2023-2024,17,YOAKUM COUNTY,Grade 4,132
2023-2024,17,YOAKUM COUNTY,Grade 5,150
2023-2024,17,YOAKUM COUNTY,Grade 6,131
2023-2024,17,YOAKUM COUNTY,Grade 7,141
2023-2024,17,YOAKUM COUNTY,Grade 8,155
2023-2024,17,YOAKUM COUNTY,Grade 9,173
2023-2024,17,YOAKUM COUNTY,Grade 10,171
2023-2024,17,YOAKUM COUNTY,Grade 11,167
2023-2024,17,YOAKUM COUNTY,Grade 12,135
2023-2024,9,YOUNG COUNTY,Early Education,14
2023-2024,9,YOUNG COUNTY,Pre-kindergarten,157
2023-2024,9,YOUNG COUNTY,Kindergarten,193
2023-2024,9,YOUNG COUNTY,Grade 1,224
2023-2024,9,YOUNG COUNTY,Grade 2,214
2023-2024,9,YOUNG COUNTY,Grade 3,228
2023-2024,9,YOUNG COUNTY,Grade 4,215
2023-2024,9,YOUNG COUNTY,Grade 5,205
2023-2024,9,YOUNG COUNTY,Grade 6,238
2023-2024,9,YOUNG COUNTY,Grade 7,224
2023-2024,9,YOUNG COUNTY,Grade 8,243
2023-2024,9,YOUNG COUNTY,Grade 9,291
2023-2024,9,YOUNG COUNTY,Grade 10,251
2023-2024,9,YOUNG COUNTY,Grade 11,229
2023-2024,9,YOUNG COUNTY,Grade 12,210
2023-2024,1,ZAPATA COUNTY,Early Education,14
2023-2024,1,ZAPATA COUNTY,Pre-kindergarten,175
2023-2024,1,ZAPATA COUNTY,Kindergarten,218
2023-2024,1,ZAPATA COUNTY,Grade 1,212
2023-2024,1,ZAPATA COUNTY,Grade 2,213
2023-2024,1,ZAPATA COUNTY,Grade 3,232
2023-2024,1,ZAPATA COUNTY,Grade 4,248
2023-2024,1,ZAPATA COUNTY,Grade 5,229
2023-2024,1,ZAPATA COUNTY,Grade 6,240
2023-2024,1,ZAPATA COUNTY,Grade 7,258
2023-2024,1,ZAPATA COUNTY,Grade 8,252
2023-2024,1,ZAPATA COUNTY,Grade 9,280
2023-2024,1,ZAPATA COUNTY,Grade 10,283
2023-2024,1,ZAPATA COUNTY,Grade 11,252
2023-2024,1,ZAPATA COUNTY,Grade 12,253
2023-2024,20,ZAVALA COUNTY,Early Education,14
2023-2024,20,ZAVALA COUNTY,Pre-kindergarten,153
2023-2024,20,ZAVALA COUNTY,Kindergarten,136
2023-2024,20,ZAVALA COUNTY,Grade 1,113
2023-2024,20,ZAVALA COUNTY,Grade 2,131
2023-2024,20,ZAVALA COUNTY,Grade 3,154
2023-2024,20,ZAVALA COUNTY,Grade 4,163
2023-2024,20,ZAVALA COUNTY,Grade 5,177
2023-2024,20,ZAVALA COUNTY,Grade 6,162
2023-2024,20,ZAVALA COUNTY,Grade 7,137
2023-2024,20,ZAVALA COUNTY,Grade 8,173
2023-2024,20,ZAVALA COUNTY,Grade 9,187
2023-2024,20,ZAVALA COUNTY,Grade 10,151
2023-2024,20,ZAVALA COUNTY,Grade 11,154
2023-2024,20,ZAVALA COUNTY,Grade 12,155
