T E X A S  E D U C A T I O N  A G E N C Y,,,,
,,,,
PEIMS Student Enrollment Data for 2024-2025,,,,
,,,,
YEAR,REGION,COUNTY NAME,GRADE,ENROLLMENT
2024-2025,7,ANDERSON COUNTY,Early Education,8
2024-2025,7,ANDERSON COUNTY,Pre-kindergarten,441
2024-2025,7,ANDERSON COUNTY,Kindergarten,538
2024-2025,7,ANDERSON COUNTY,Grade 1,558
2024-2025,7,ANDERSON COUNTY,Grade 2,549
2024-2025,7,ANDERSON COUNTY,Grade 3,553
2024-2025,7,ANDERSON COUNTY,Grade 4,529
2024-2025,7,ANDERSON COUNTY,Grade 5,568
2024-2025,7,ANDERSON COUNTY,Grade 6,588
2024-2025,7,ANDERSON COUNTY,Grade 7,560
2024-2025,7,ANDERSON COUNTY,Grade 8,577
2024-2025,7,ANDERSON COUNTY,Grade 9,601
2024-2025,7,ANDERSON COUNTY,Grade 10,619
2024-2025,7,ANDERSON COUNTY,Grade 11,597
2024-2025,7,ANDERSON COUNTY,Grade 12,522
2024-2025,18,ANDREWS COUNTY,Early Education,22
2024-2025,18,ANDREWS COUNTY,Pre-kindergarten,110
2024-2025,18,ANDREWS COUNTY,Kindergarten,287
2024-2025,18,ANDREWS COUNTY,Grade 1,302
2024-2025,18,ANDREWS COUNTY,Grade 2,322
2024-2025,18,ANDREWS COUNTY,Grade 3,327
2024-2025,18,ANDREWS COUNTY,Grade 4,341
2024-2025,18,ANDREWS COUNTY,Grade 5,297
2024-2025,18,ANDREWS COUNTY,Grade 6,334
2024-2025,18,ANDREWS COUNTY,Grade 7,323
2024-2025,18,ANDREWS COUNTY,Grade 8,313
2024-2025,18,ANDREWS COUNTY,Grade 9,323
2024-2025,18,ANDREWS COUNTY,Grade 10,319
2024-2025,18,ANDREWS COUNTY,Grade 11,298
2024-2025,18,ANDREWS COUNTY,Grade 12,291
2024-2025,7,ANGELINA COUNTY,Early Education,74
2024-2025,7,ANGELINA COUNTY,Pre-kindergarten,716
2024-2025,7,ANGELINA COUNTY,Kindergarten,1051
2024-2025,7,ANGELINA COUNTY,Grade 1,1120
2024-2025,7,ANGELINA COUNTY,Grade 2,1098
2024-2025,7,ANGELINA COUNTY,Grade 3,1165
2024-2025,7,ANGELINA COUNTY,Grade 4,1122
2024-2025,7,ANGELINA COUNTY,Grade 5,1167
2024-2025,7,ANGELINA COUNTY,Grade 6,1140
2024-2025,7,ANGELINA COUNTY,Grade 7,1217
2024-2025,7,ANGELINA COUNTY,Grade 8,1129
2024-2025,7,ANGELINA COUNTY,Grade 9,1189
2024-2025,7,ANGELINA COUNTY,Grade 10,1185
2024-2025,7,ANGELINA COUNTY,Grade 11,1171
2024-2025,7,ANGELINA COUNTY,Grade 12,1105
2024-2025,2,ARANSAS COUNTY,Early Education,4
2024-2025,2,ARANSAS COUNTY,Pre-kindergarten,143
2024-2025,2,ARANSAS COUNTY,Kindergarten,163
2024-2025,2,ARANSAS COUNTY,Grade 1,197
2024-2025,2,ARANSAS COUNTY,Grade 2,204
2024-2025,2,ARANSAS COUNTY,Grade 3,205
2024-2025,2,ARANSAS COUNTY,Grade 4,190
2024-2025,2,ARANSAS COUNTY,Grade 5,224
2024-2025,2,ARANSAS COUNTY,Grade 6,211
2024-2025,2,ARANSAS COUNTY,Grade 7,220
2024-2025,2,ARANSAS COUNTY,Grade 8,234
2024-2025,2,ARANSAS COUNTY,Grade 9,261
2024-2025,2,ARANSAS COUNTY,Grade 10,218
2024-2025,2,ARANSAS COUNTY,Grade 11,231
2024-2025,2,ARANSAS COUNTY,Grade 12,208
2024-2025,9,ARCHER COUNTY,Early Education,5
2024-2025,9,ARCHER COUNTY,Pre-kindergarten,75
2024-2025,9,ARCHER COUNTY,Kindergarten,137
2024-2025,9,ARCHER COUNTY,Grade 1,129
2024-2025,9,ARCHER COUNTY,Grade 2,148
2024-2025,9,ARCHER COUNTY,Grade 3,161
2024-2025,9,ARCHER COUNTY,Grade 4,176
2024-2025,9,ARCHER COUNTY,Grade 5,159
2024-2025,9,ARCHER COUNTY,Grade 6,155
2024-2025,9,ARCHER COUNTY,Grade 7,163
2024-2025,9,ARCHER COUNTY,Grade 8,155
2024-2025,9,ARCHER COUNTY,Grade 9,152
2024-2025,9,ARCHER COUNTY,Grade 10,169
2024-2025,9,ARCHER COUNTY,Grade 11,169
2024-2025,9,ARCHER COUNTY,Grade 12,157
2024-2025,16,ARMSTRONG COUNTY,Early Education,2
2024-2025,16,ARMSTRONG COUNTY,Pre-kindergarten,9
2024-2025,16,ARMSTRONG COUNTY,Kindergarten,13
2024-2025,16,ARMSTRONG COUNTY,Grade 1,23
2024-2025,16,ARMSTRONG COUNTY,Grade 2,21
2024-2025,16,ARMSTRONG COUNTY,Grade 3,21
2024-2025,16,ARMSTRONG COUNTY,Grade 4,19
2024-2025,16,ARMSTRONG COUNTY,Grade 5,33
2024-2025,16,ARMSTRONG COUNTY,Grade 6,32
2024-2025,16,ARMSTRONG COUNTY,Grade 7,21
2024-2025,16,ARMSTRONG COUNTY,Grade 8,21
2024-2025,16,ARMSTRONG COUNTY,Grade 9,25
2024-2025,16,ARMSTRONG COUNTY,Grade 10,22
2024-2025,16,ARMSTRONG COUNTY,Grade 11,19
2024-2025,16,ARMSTRONG COUNTY,Grade 12,16
2024-2025,20,ATASCOSA COUNTY,Early Education,46
2024-2025,20,ATASCOSA COUNTY,Pre-kindergarten,482
2024-2025,20,ATASCOSA COUNTY,Kindergarten,623
2024-2025,20,ATASCOSA COUNTY,Grade 1,623
2024-2025,20,ATASCOSA COUNTY,Grade 2,671
2024-2025,20,ATASCOSA COUNTY,Grade 3,644
2024-2025,20,ATASCOSA COUNTY,Grade 4,653
2024-2025,20,ATASCOSA COUNTY,Grade 5,649
2024-2025,20,ATASCOSA COUNTY,Grade 6,658
2024-2025,20,ATASCOSA COUNTY,Grade 7,672
2024-2025,20,ATASCOSA COUNTY,Grade 8,691
2024-2025,20,ATASCOSA COUNTY,Grade 9,728
2024-2025,20,ATASCOSA COUNTY,Grade 10,680
2024-2025,20,ATASCOSA COUNTY,Grade 11,634
2024-2025,20,ATASCOSA COUNTY,Grade 12,592
2024-2025,6,AUSTIN COUNTY,Early Education,40
2024-2025,6,AUSTIN COUNTY,Pre-kindergarten,212
2024-2025,6,AUSTIN COUNTY,Kindergarten,368
2024-2025,6,AUSTIN COUNTY,Grade 1,411
2024-2025,6,AUSTIN COUNTY,Grade 2,382
2024-2025,6,AUSTIN COUNTY,Grade 3,481
2024-2025,6,AUSTIN COUNTY,Grade 4,446
2024-2025,6,AUSTIN COUNTY,Grade 5,421
2024-2025,6,AUSTIN COUNTY,Grade 6,448
2024-2025,6,AUSTIN COUNTY,Grade 7,492
2024-2025,6,AUSTIN COUNTY,Grade 8,484
2024-2025,6,AUSTIN COUNTY,Grade 9,550
2024-2025,6,AUSTIN COUNTY,Grade 10,533
2024-2025,6,AUSTIN COUNTY,Grade 11,546
2024-2025,6,AUSTIN COUNTY,Grade 12,476
2024-2025,17,BAILEY COUNTY,Early Education,9
2024-2025,17,BAILEY COUNTY,Pre-kindergarten,73
2024-2025,17,BAILEY COUNTY,Kindergarten,107
2024-2025,17,BAILEY COUNTY,Grade 1,102
2024-2025,17,BAILEY COUNTY,Grade 2,109
2024-2025,17,BAILEY COUNTY,Grade 3,98
2024-2025,17,BAILEY COUNTY,Grade 4,104
2024-2025,17,BAILEY COUNTY,Grade 5,102
2024-2025,17,BAILEY COUNTY,Grade 6,92
2024-2025,17,BAILEY COUNTY,Grade 7,95
2024-2025,17,BAILEY COUNTY,Grade 8,98
2024-2025,17,BAILEY COUNTY,Grade 9,92
2024-2025,17,BAILEY COUNTY,Grade 10,100
2024-2025,17,BAILEY COUNTY,Grade 11,85
2024-2025,17,BAILEY COUNTY,Grade 12,64
2024-2025,20,BANDERA COUNTY,Early Education,11
2024-2025,20,BANDERA COUNTY,Pre-kindergarten,88
2024-2025,20,BANDERA COUNTY,Kindergarten,143
2024-2025,20,BANDERA COUNTY,Grade 1,167
2024-2025,20,BANDERA COUNTY,Grade 2,187
2024-2025,20,BANDERA COUNTY,Grade 3,168
2024-2025,20,BANDERA COUNTY,Grade 4,183
2024-2025,20,BANDERA COUNTY,Grade 5,182
2024-2025,20,BANDERA COUNTY,Grade 6,205
2024-2025,20,BANDERA COUNTY,Grade 7,189
2024-2025,20,BANDERA COUNTY,Grade 8,205
2024-2025,20,BANDERA COUNTY,Grade 9,197
2024-2025,20,BANDERA COUNTY,Grade 10,205
2024-2025,20,BANDERA COUNTY,Grade 11,187
2024-2025,20,BANDERA COUNTY,Grade 12,144
2024-2025,13,BASTROP COUNTY,Early Education,101
2024-2025,13,BASTROP COUNTY,Pre-kindergarten,938
2024-2025,13,BASTROP COUNTY,Kindergarten,1405
2024-2025,13,BASTROP COUNTY,Grade 1,1483
2024-2025,13,BASTROP COUNTY,Grade 2,1492
2024-2025,13,BASTROP COUNTY,Grade 3,1617
2024-2025,13,BASTROP COUNTY,Grade 4,1629
2024-2025,13,BASTROP COUNTY,Grade 5,1520
2024-2025,13,BASTROP COUNTY,Grade 6,1498
2024-2025,13,BASTROP COUNTY,Grade 7,1515
2024-2025,13,BASTROP COUNTY,Grade 8,1594
2024-2025,13,BASTROP COUNTY,Grade 9,1892
2024-2025,13,BASTROP COUNTY,Grade 10,1777
2024-2025,13,BASTROP COUNTY,Grade 11,1637
2024-2025,13,BASTROP COUNTY,Grade 12,1457
2024-2025,9,BAYLOR COUNTY,Early Education,1
2024-2025,9,BAYLOR COUNTY,Pre-kindergarten,27
2024-2025,9,BAYLOR COUNTY,Kindergarten,40
2024-2025,9,BAYLOR COUNTY,Grade 1,48
2024-2025,9,BAYLOR COUNTY,Grade 2,51
2024-2025,9,BAYLOR COUNTY,Grade 3,39
2024-2025,9,BAYLOR COUNTY,Grade 4,43
2024-2025,9,BAYLOR COUNTY,Grade 5,45
2024-2025,9,BAYLOR COUNTY,Grade 6,59
2024-2025,9,BAYLOR COUNTY,Grade 7,46
2024-2025,9,BAYLOR COUNTY,Grade 8,38
2024-2025,9,BAYLOR COUNTY,Grade 9,46
2024-2025,9,BAYLOR COUNTY,Grade 10,35
2024-2025,9,BAYLOR COUNTY,Grade 11,44
2024-2025,9,BAYLOR COUNTY,Grade 12,32
2024-2025,2,BEE COUNTY,Early Education,27
2024-2025,2,BEE COUNTY,Pre-kindergarten,646
2024-2025,2,BEE COUNTY,Kindergarten,304
2024-2025,2,BEE COUNTY,Grade 1,346
2024-2025,2,BEE COUNTY,Grade 2,329
2024-2025,2,BEE COUNTY,Grade 3,370
2024-2025,2,BEE COUNTY,Grade 4,372
2024-2025,2,BEE COUNTY,Grade 5,346
2024-2025,2,BEE COUNTY,Grade 6,375
2024-2025,2,BEE COUNTY,Grade 7,319
2024-2025,2,BEE COUNTY,Grade 8,324
2024-2025,2,BEE COUNTY,Grade 9,363
2024-2025,2,BEE COUNTY,Grade 10,356
2024-2025,2,BEE COUNTY,Grade 11,320
2024-2025,2,BEE COUNTY,Grade 12,300
2024-2025,12,BELL COUNTY,Early Education,433
2024-2025,13,BELL COUNTY,Early Education,9
2024-2025,12,BELL COUNTY,Pre-kindergarten,3614
2024-2025,13,BELL COUNTY,Pre-kindergarten,17
2024-2025,12,BELL COUNTY,Kindergarten,5237
2024-2025,13,BELL COUNTY,Kindergarten,25
2024-2025,12,BELL COUNTY,Grade 1,5515
2024-2025,13,BELL COUNTY,Grade 1,27
2024-2025,12,BELL COUNTY,Grade 2,5607
2024-2025,13,BELL COUNTY,Grade 2,18
2024-2025,12,BELL COUNTY,Grade 3,5693
2024-2025,13,BELL COUNTY,Grade 3,33
2024-2025,12,BELL COUNTY,Grade 4,5719
2024-2025,13,BELL COUNTY,Grade 4,25
2024-2025,12,BELL COUNTY,Grade 5,5724
2024-2025,13,BELL COUNTY,Grade 5,31
2024-2025,12,BELL COUNTY,Grade 6,5600
2024-2025,13,BELL COUNTY,Grade 6,26
2024-2025,12,BELL COUNTY,Grade 7,5468
2024-2025,13,BELL COUNTY,Grade 7,24
2024-2025,12,BELL COUNTY,Grade 8,5442
2024-2025,13,BELL COUNTY,Grade 8,31
2024-2025,12,BELL COUNTY,Grade 9,5865
2024-2025,13,BELL COUNTY,Grade 9,26
2024-2025,20,BELL COUNTY,Grade 9,429
2024-2025,12,BELL COUNTY,Grade 10,5537
2024-2025,13,BELL COUNTY,Grade 10,28
2024-2025,20,BELL COUNTY,Grade 10,495
2024-2025,12,BELL COUNTY,Grade 11,5115
2024-2025,13,BELL COUNTY,Grade 11,36
2024-2025,20,BELL COUNTY,Grade 11,383
2024-2025,12,BELL COUNTY,Grade 12,4795
2024-2025,13,BELL COUNTY,Grade 12,37
2024-2025,20,BELL COUNTY,Grade 12,300
2024-2025,20,BEXAR COUNTY,Early Education,1795
2024-2025,20,BEXAR COUNTY,Pre-kindergarten,17805
2024-2025,20,BEXAR COUNTY,Kindergarten,23817
2024-2025,20,BEXAR COUNTY,Grade 1,25205
2024-2025,20,BEXAR COUNTY,Grade 2,25898
2024-2025,20,BEXAR COUNTY,Grade 3,26761
2024-2025,20,BEXAR COUNTY,Grade 4,26620
2024-2025,20,BEXAR COUNTY,Grade 5,26367
2024-2025,20,BEXAR COUNTY,Grade 6,26004
2024-2025,20,BEXAR COUNTY,Grade 7,25761
2024-2025,20,BEXAR COUNTY,Grade 8,25296
2024-2025,20,BEXAR COUNTY,Grade 9,28782
2024-2025,20,BEXAR COUNTY,Grade 10,26303
2024-2025,20,BEXAR COUNTY,Grade 11,24247
2024-2025,20,BEXAR COUNTY,Grade 12,23146
2024-2025,13,BLANCO COUNTY,Early Education,10
2024-2025,13,BLANCO COUNTY,Pre-kindergarten,46
2024-2025,13,BLANCO COUNTY,Kindergarten,127
2024-2025,13,BLANCO COUNTY,Grade 1,112
2024-2025,13,BLANCO COUNTY,Grade 2,118
2024-2025,13,BLANCO COUNTY,Grade 3,133
2024-2025,13,BLANCO COUNTY,Grade 4,128
2024-2025,13,BLANCO COUNTY,Grade 5,116
2024-2025,13,BLANCO COUNTY,Grade 6,130
2024-2025,13,BLANCO COUNTY,Grade 7,131
2024-2025,13,BLANCO COUNTY,Grade 8,138
2024-2025,13,BLANCO COUNTY,Grade 9,155
2024-2025,13,BLANCO COUNTY,Grade 10,159
2024-2025,13,BLANCO COUNTY,Grade 11,143
2024-2025,13,BLANCO COUNTY,Grade 12,163
2024-2025,17,BORDEN COUNTY,Pre-kindergarten,14
2024-2025,17,BORDEN COUNTY,Kindergarten,16
2024-2025,17,BORDEN COUNTY,Grade 1,21
2024-2025,17,BORDEN COUNTY,Grade 2,19
2024-2025,17,BORDEN COUNTY,Grade 3,23
2024-2025,17,BORDEN COUNTY,Grade 4,17
2024-2025,17,BORDEN COUNTY,Grade 5,20
2024-2025,17,BORDEN COUNTY,Grade 6,18
2024-2025,17,BORDEN COUNTY,Grade 7,11
2024-2025,17,BORDEN COUNTY,Grade 8,15
2024-2025,17,BORDEN COUNTY,Grade 9,16
2024-2025,17,BORDEN COUNTY,Grade 10,28
2024-2025,17,BORDEN COUNTY,Grade 11,16
2024-2025,17,BORDEN COUNTY,Grade 12,15
2024-2025,12,BOSQUE COUNTY,Early Education,19
2024-2025,12,BOSQUE COUNTY,Pre-kindergarten,131
2024-2025,12,BOSQUE COUNTY,Kindergarten,183
2024-2025,12,BOSQUE COUNTY,Grade 1,194
2024-2025,12,BOSQUE COUNTY,Grade 2,182
2024-2025,12,BOSQUE COUNTY,Grade 3,215
2024-2025,12,BOSQUE COUNTY,Grade 4,192
2024-2025,12,BOSQUE COUNTY,Grade 5,190
2024-2025,12,BOSQUE COUNTY,Grade 6,225
2024-2025,12,BOSQUE COUNTY,Grade 7,194
2024-2025,12,BOSQUE COUNTY,Grade 8,206
2024-2025,12,BOSQUE COUNTY,Grade 9,207
2024-2025,12,BOSQUE COUNTY,Grade 10,231
2024-2025,12,BOSQUE COUNTY,Grade 11,232
2024-2025,12,BOSQUE COUNTY,Grade 12,204
2024-2025,8,BOWIE COUNTY,Early Education,47
2024-2025,8,BOWIE COUNTY,Pre-kindergarten,1022
2024-2025,8,BOWIE COUNTY,Kindergarten,1183
2024-2025,8,BOWIE COUNTY,Grade 1,1221
2024-2025,8,BOWIE COUNTY,Grade 2,1247
2024-2025,8,BOWIE COUNTY,Grade 3,1284
2024-2025,8,BOWIE COUNTY,Grade 4,1266
2024-2025,8,BOWIE COUNTY,Grade 5,1231
2024-2025,8,BOWIE COUNTY,Grade 6,1260
2024-2025,8,BOWIE COUNTY,Grade 7,1338
2024-2025,8,BOWIE COUNTY,Grade 8,1270
2024-2025,8,BOWIE COUNTY,Grade 9,1337
2024-2025,8,BOWIE COUNTY,Grade 10,1312
2024-2025,8,BOWIE COUNTY,Grade 11,1249
2024-2025,8,BOWIE COUNTY,Grade 12,1168
2024-2025,4,BRAZORIA COUNTY,Early Education,420
2024-2025,4,BRAZORIA COUNTY,Pre-kindergarten,2107
2024-2025,4,BRAZORIA COUNTY,Kindergarten,4680
2024-2025,4,BRAZORIA COUNTY,Grade 1,4909
2024-2025,4,BRAZORIA COUNTY,Grade 2,5049
2024-2025,4,BRAZORIA COUNTY,Grade 3,5360
2024-2025,4,BRAZORIA COUNTY,Grade 4,5466
2024-2025,4,BRAZORIA COUNTY,Grade 5,5549
2024-2025,4,BRAZORIA COUNTY,Grade 6,5555
2024-2025,4,BRAZORIA COUNTY,Grade 7,5674
2024-2025,4,BRAZORIA COUNTY,Grade 8,5754
2024-2025,4,BRAZORIA COUNTY,Grade 9,6502
2024-2025,4,BRAZORIA COUNTY,Grade 10,6137
2024-2025,4,BRAZORIA COUNTY,Grade 11,6013
2024-2025,4,BRAZORIA COUNTY,Grade 12,5570
2024-2025,6,BRAZOS COUNTY,Early Education,223
2024-2025,6,BRAZOS COUNTY,Pre-kindergarten,1275
2024-2025,6,BRAZOS COUNTY,Kindergarten,2119
2024-2025,6,BRAZOS COUNTY,Grade 1,2231
2024-2025,6,BRAZOS COUNTY,Grade 2,2288
2024-2025,6,BRAZOS COUNTY,Grade 3,2412
2024-2025,6,BRAZOS COUNTY,Grade 4,2330
2024-2025,6,BRAZOS COUNTY,Grade 5,2322
2024-2025,6,BRAZOS COUNTY,Grade 6,2237
2024-2025,6,BRAZOS COUNTY,Grade 7,2117
2024-2025,6,BRAZOS COUNTY,Grade 8,2199
2024-2025,6,BRAZOS COUNTY,Grade 9,2640
2024-2025,6,BRAZOS COUNTY,Grade 10,2349
2024-2025,6,BRAZOS COUNTY,Grade 11,2259
2024-2025,6,BRAZOS COUNTY,Grade 12,2111
2024-2025,18,BREWSTER COUNTY,Early Education,1
2024-2025,18,BREWSTER COUNTY,Pre-kindergarten,85
2024-2025,18,BREWSTER COUNTY,Kindergarten,73
2024-2025,18,BREWSTER COUNTY,Grade 1,72
2024-2025,18,BREWSTER COUNTY,Grade 2,72
2024-2025,18,BREWSTER COUNTY,Grade 3,76
2024-2025,18,BREWSTER COUNTY,Grade 4,66
2024-2025,18,BREWSTER COUNTY,Grade 5,82
2024-2025,18,BREWSTER COUNTY,Grade 6,61
2024-2025,18,BREWSTER COUNTY,Grade 7,91
2024-2025,18,BREWSTER COUNTY,Grade 8,71
2024-2025,18,BREWSTER COUNTY,Grade 9,77
2024-2025,18,BREWSTER COUNTY,Grade 10,90
2024-2025,18,BREWSTER COUNTY,Grade 11,90
2024-2025,18,BREWSTER COUNTY,Grade 12,86
2024-2025,16,BRISCOE COUNTY,Early Education,3
2024-2025,16,BRISCOE COUNTY,Pre-kindergarten,10
2024-2025,16,BRISCOE COUNTY,Kindergarten,14
2024-2025,16,BRISCOE COUNTY,Grade 1,15
2024-2025,16,BRISCOE COUNTY,Grade 2,15
2024-2025,16,BRISCOE COUNTY,Grade 3,16
2024-2025,16,BRISCOE COUNTY,Grade 4,17
2024-2025,16,BRISCOE COUNTY,Grade 5,10
2024-2025,16,BRISCOE COUNTY,Grade 6,13
2024-2025,16,BRISCOE COUNTY,Grade 7,17
2024-2025,16,BRISCOE COUNTY,Grade 8,17
2024-2025,16,BRISCOE COUNTY,Grade 9,11
2024-2025,16,BRISCOE COUNTY,Grade 10,20
2024-2025,16,BRISCOE COUNTY,Grade 11,15
2024-2025,16,BRISCOE COUNTY,Grade 12,11
2024-2025,1,BROOKS COUNTY,Pre-kindergarten,92
2024-2025,1,BROOKS COUNTY,Kindergarten,64
2024-2025,1,BROOKS COUNTY,Grade 1,75
2024-2025,1,BROOKS COUNTY,Grade 2,49
2024-2025,1,BROOKS COUNTY,Grade 3,100
2024-2025,1,BROOKS COUNTY,Grade 4,69
2024-2025,1,BROOKS COUNTY,Grade 5,82
2024-2025,1,BROOKS COUNTY,Grade 6,75
2024-2025,1,BROOKS COUNTY,Grade 7,114
2024-2025,1,BROOKS COUNTY,Grade 8,90
2024-2025,1,BROOKS COUNTY,Grade 9,106
2024-2025,1,BROOKS COUNTY,Grade 10,82
2024-2025,1,BROOKS COUNTY,Grade 11,91
2024-2025,1,BROOKS COUNTY,Grade 12,91
2024-2025,15,BROWN COUNTY,Early Education,32
2024-2025,15,BROWN COUNTY,Pre-kindergarten,335
2024-2025,15,BROWN COUNTY,Kindergarten,398
2024-2025,15,BROWN COUNTY,Grade 1,423
2024-2025,15,BROWN COUNTY,Grade 2,421
2024-2025,15,BROWN COUNTY,Grade 3,434
2024-2025,15,BROWN COUNTY,Grade 4,420
2024-2025,15,BROWN COUNTY,Grade 5,441
2024-2025,15,BROWN COUNTY,Grade 6,448
2024-2025,15,BROWN COUNTY,Grade 7,460
2024-2025,15,BROWN COUNTY,Grade 8,427
2024-2025,15,BROWN COUNTY,Grade 9,495
2024-2025,15,BROWN COUNTY,Grade 10,467
2024-2025,15,BROWN COUNTY,Grade 11,493
2024-2025,15,BROWN COUNTY,Grade 12,415
2024-2025,6,BURLESON COUNTY,Early Education,31
2024-2025,6,BURLESON COUNTY,Pre-kindergarten,135
2024-2025,6,BURLESON COUNTY,Kindergarten,200
2024-2025,6,BURLESON COUNTY,Grade 1,197
2024-2025,6,BURLESON COUNTY,Grade 2,223
2024-2025,6,BURLESON COUNTY,Grade 3,210
2024-2025,6,BURLESON COUNTY,Grade 4,234
2024-2025,6,BURLESON COUNTY,Grade 5,248
2024-2025,6,BURLESON COUNTY,Grade 6,245
2024-2025,6,BURLESON COUNTY,Grade 7,230
2024-2025,6,BURLESON COUNTY,Grade 8,247
2024-2025,6,BURLESON COUNTY,Grade 9,254
2024-2025,6,BURLESON COUNTY,Grade 10,218
2024-2025,6,BURLESON COUNTY,Grade 11,235
2024-2025,6,BURLESON COUNTY,Grade 12,221
2024-2025,13,BURNET COUNTY,Early Education,45
2024-2025,13,BURNET COUNTY,Pre-kindergarten,349
2024-2025,13,BURNET COUNTY,Kindergarten,456
2024-2025,13,BURNET COUNTY,Grade 1,498
2024-2025,13,BURNET COUNTY,Grade 2,479
2024-2025,13,BURNET COUNTY,Grade 3,558
2024-2025,13,BURNET COUNTY,Grade 4,560
2024-2025,13,BURNET COUNTY,Grade 5,547
2024-2025,13,BURNET COUNTY,Grade 6,529
2024-2025,13,BURNET COUNTY,Grade 7,521
2024-2025,13,BURNET COUNTY,Grade 8,513
2024-2025,13,BURNET COUNTY,Grade 9,595
2024-2025,13,BURNET COUNTY,Grade 10,545
2024-2025,13,BURNET COUNTY,Grade 11,532
2024-2025,13,BURNET COUNTY,Grade 12,483
2024-2025,13,CALDWELL COUNTY,Early Education,38
2024-2025,13,CALDWELL COUNTY,Pre-kindergarten,393
2024-2025,13,CALDWELL COUNTY,Kindergarten,547
2024-2025,13,CALDWELL COUNTY,Grade 1,595
2024-2025,13,CALDWELL COUNTY,Grade 2,579
2024-2025,13,CALDWELL COUNTY,Grade 3,621
2024-2025,13,CALDWELL COUNTY,Grade 4,645
2024-2025,13,CALDWELL COUNTY,Grade 5,629
2024-2025,13,CALDWELL COUNTY,Grade 6,610
2024-2025,13,CALDWELL COUNTY,Grade 7,625
2024-2025,13,CALDWELL COUNTY,Grade 8,635
2024-2025,13,CALDWELL COUNTY,Grade 9,651
2024-2025,13,CALDWELL COUNTY,Grade 10,725
2024-2025,13,CALDWELL COUNTY,Grade 11,594
2024-2025,13,CALDWELL COUNTY,Grade 12,576
2024-2025,3,CALHOUN COUNTY,Early Education,36
2024-2025,3,CALHOUN COUNTY,Pre-kindergarten,197
2024-2025,3,CALHOUN COUNTY,Kindergarten,238
2024-2025,3,CALHOUN COUNTY,Grade 1,249
2024-2025,3,CALHOUN COUNTY,Grade 2,243
2024-2025,3,CALHOUN COUNTY,Grade 3,281
2024-2025,3,CALHOUN COUNTY,Grade 4,238
2024-2025,3,CALHOUN COUNTY,Grade 5,255
2024-2025,3,CALHOUN COUNTY,Grade 6,253
2024-2025,3,CALHOUN COUNTY,Grade 7,254
2024-2025,3,CALHOUN COUNTY,Grade 8,260
2024-2025,3,CALHOUN COUNTY,Grade 9,276
2024-2025,3,CALHOUN COUNTY,Grade 10,249
2024-2025,3,CALHOUN COUNTY,Grade 11,243
2024-2025,3,CALHOUN COUNTY,Grade 12,242
2024-2025,14,CALLAHAN COUNTY,Early Education,5
2024-2025,14,CALLAHAN COUNTY,Pre-kindergarten,156
2024-2025,14,CALLAHAN COUNTY,Kindergarten,166
2024-2025,14,CALLAHAN COUNTY,Grade 1,191
2024-2025,14,CALLAHAN COUNTY,Grade 2,175
2024-2025,14,CALLAHAN COUNTY,Grade 3,208
2024-2025,14,CALLAHAN COUNTY,Grade 4,212
2024-2025,14,CALLAHAN COUNTY,Grade 5,194
2024-2025,14,CALLAHAN COUNTY,Grade 6,199
2024-2025,14,CALLAHAN COUNTY,Grade 7,182
2024-2025,14,CALLAHAN COUNTY,Grade 8,171
2024-2025,14,CALLAHAN COUNTY,Grade 9,210
2024-2025,14,CALLAHAN COUNTY,Grade 10,182
2024-2025,14,CALLAHAN COUNTY,Grade 11,178
2024-2025,14,CALLAHAN COUNTY,Grade 12,179
2024-2025,1,CAMERON COUNTY,Early Education,136
2024-2025,1,CAMERON COUNTY,Pre-kindergarten,6246
2024-2025,1,CAMERON COUNTY,Kindergarten,4637
2024-2025,1,CAMERON COUNTY,Grade 1,4998
2024-2025,1,CAMERON COUNTY,Grade 2,5048
2024-2025,1,CAMERON COUNTY,Grade 3,5379
2024-2025,1,CAMERON COUNTY,Grade 4,5469
2024-2025,1,CAMERON COUNTY,Grade 5,5400
2024-2025,1,CAMERON COUNTY,Grade 6,5917
2024-2025,1,CAMERON COUNTY,Grade 7,6211
2024-2025,1,CAMERON COUNTY,Grade 8,6386
2024-2025,1,CAMERON COUNTY,Grade 9,7140
2024-2025,1,CAMERON COUNTY,Grade 10,7424
2024-2025,1,CAMERON COUNTY,Grade 11,7185
2024-2025,1,CAMERON COUNTY,Grade 12,6555
2024-2025,8,CAMP COUNTY,Early Education,7
2024-2025,8,CAMP COUNTY,Pre-kindergarten,89
2024-2025,8,CAMP COUNTY,Kindergarten,146
2024-2025,8,CAMP COUNTY,Grade 1,184
2024-2025,8,CAMP COUNTY,Grade 2,164
2024-2025,8,CAMP COUNTY,Grade 3,150
2024-2025,8,CAMP COUNTY,Grade 4,166
2024-2025,8,CAMP COUNTY,Grade 5,189
2024-2025,8,CAMP COUNTY,Grade 6,180
2024-2025,8,CAMP COUNTY,Grade 7,148
2024-2025,8,CAMP COUNTY,Grade 8,151
2024-2025,8,CAMP COUNTY,Grade 9,175
2024-2025,8,CAMP COUNTY,Grade 10,162
2024-2025,8,CAMP COUNTY,Grade 11,191
2024-2025,8,CAMP COUNTY,Grade 12,143
2024-2025,16,CARSON COUNTY,Early Education,11
2024-2025,16,CARSON COUNTY,Pre-kindergarten,40
2024-2025,16,CARSON COUNTY,Kindergarten,77
2024-2025,16,CARSON COUNTY,Grade 1,56
2024-2025,16,CARSON COUNTY,Grade 2,73
2024-2025,16,CARSON COUNTY,Grade 3,90
2024-2025,16,CARSON COUNTY,Grade 4,77
2024-2025,16,CARSON COUNTY,Grade 5,90
2024-2025,16,CARSON COUNTY,Grade 6,73
2024-2025,16,CARSON COUNTY,Grade 7,74
2024-2025,16,CARSON COUNTY,Grade 8,85
2024-2025,16,CARSON COUNTY,Grade 9,78
2024-2025,16,CARSON COUNTY,Grade 10,91
2024-2025,16,CARSON COUNTY,Grade 11,83
2024-2025,16,CARSON COUNTY,Grade 12,74
2024-2025,8,CASS COUNTY,Early Education,15
2024-2025,8,CASS COUNTY,Pre-kindergarten,349
2024-2025,8,CASS COUNTY,Kindergarten,340
2024-2025,8,CASS COUNTY,Grade 1,330
2024-2025,8,CASS COUNTY,Grade 2,366
2024-2025,8,CASS COUNTY,Grade 3,412
2024-2025,8,CASS COUNTY,Grade 4,383
2024-2025,8,CASS COUNTY,Grade 5,390
2024-2025,8,CASS COUNTY,Grade 6,365
2024-2025,8,CASS COUNTY,Grade 7,410
2024-2025,8,CASS COUNTY,Grade 8,389
2024-2025,8,CASS COUNTY,Grade 9,415
2024-2025,8,CASS COUNTY,Grade 10,372
2024-2025,8,CASS COUNTY,Grade 11,363
2024-2025,8,CASS COUNTY,Grade 12,369
2024-2025,16,CASTRO COUNTY,Early Education,4
2024-2025,16,CASTRO COUNTY,Pre-kindergarten,101
2024-2025,16,CASTRO COUNTY,Kindergarten,108
2024-2025,16,CASTRO COUNTY,Grade 1,92
2024-2025,16,CASTRO COUNTY,Grade 2,95
2024-2025,16,CASTRO COUNTY,Grade 3,101
2024-2025,16,CASTRO COUNTY,Grade 4,112
2024-2025,16,CASTRO COUNTY,Grade 5,108
2024-2025,16,CASTRO COUNTY,Grade 6,120
2024-2025,16,CASTRO COUNTY,Grade 7,118
2024-2025,16,CASTRO COUNTY,Grade 8,112
2024-2025,16,CASTRO COUNTY,Grade 9,115
2024-2025,16,CASTRO COUNTY,Grade 10,124
2024-2025,16,CASTRO COUNTY,Grade 11,108
2024-2025,16,CASTRO COUNTY,Grade 12,108
2024-2025,4,CHAMBERS COUNTY,Early Education,79
2024-2025,5,CHAMBERS COUNTY,Early Education,8
2024-2025,4,CHAMBERS COUNTY,Pre-kindergarten,258
2024-2025,5,CHAMBERS COUNTY,Pre-kindergarten,117
2024-2025,4,CHAMBERS COUNTY,Kindergarten,701
2024-2025,5,CHAMBERS COUNTY,Kindergarten,116
2024-2025,4,CHAMBERS COUNTY,Grade 1,663
2024-2025,5,CHAMBERS COUNTY,Grade 1,100
2024-2025,4,CHAMBERS COUNTY,Grade 2,680
2024-2025,5,CHAMBERS COUNTY,Grade 2,90
2024-2025,4,CHAMBERS COUNTY,Grade 3,708
2024-2025,5,CHAMBERS COUNTY,Grade 3,117
2024-2025,4,CHAMBERS COUNTY,Grade 4,743
2024-2025,5,CHAMBERS COUNTY,Grade 4,93
2024-2025,4,CHAMBERS COUNTY,Grade 5,772
2024-2025,5,CHAMBERS COUNTY,Grade 5,108
2024-2025,4,CHAMBERS COUNTY,Grade 6,704
2024-2025,5,CHAMBERS COUNTY,Grade 6,102
2024-2025,4,CHAMBERS COUNTY,Grade 7,664
2024-2025,5,CHAMBERS COUNTY,Grade 7,129
2024-2025,4,CHAMBERS COUNTY,Grade 8,734
2024-2025,5,CHAMBERS COUNTY,Grade 8,135
2024-2025,4,CHAMBERS COUNTY,Grade 9,742
2024-2025,5,CHAMBERS COUNTY,Grade 9,106
2024-2025,4,CHAMBERS COUNTY,Grade 10,688
2024-2025,5,CHAMBERS COUNTY,Grade 10,124
2024-2025,4,CHAMBERS COUNTY,Grade 11,647
2024-2025,5,CHAMBERS COUNTY,Grade 11,113
2024-2025,4,CHAMBERS COUNTY,Grade 12,644
2024-2025,5,CHAMBERS COUNTY,Grade 12,104
2024-2025,7,CHEROKEE COUNTY,Early Education,28
2024-2025,7,CHEROKEE COUNTY,Pre-kindergarten,431
2024-2025,7,CHEROKEE COUNTY,Kindergarten,542
2024-2025,7,CHEROKEE COUNTY,Grade 1,588
2024-2025,7,CHEROKEE COUNTY,Grade 2,599
2024-2025,7,CHEROKEE COUNTY,Grade 3,628
2024-2025,7,CHEROKEE COUNTY,Grade 4,646
2024-2025,7,CHEROKEE COUNTY,Grade 5,565
2024-2025,7,CHEROKEE COUNTY,Grade 6,573
2024-2025,7,CHEROKEE COUNTY,Grade 7,591
2024-2025,7,CHEROKEE COUNTY,Grade 8,547
2024-2025,7,CHEROKEE COUNTY,Grade 9,618
2024-2025,7,CHEROKEE COUNTY,Grade 10,592
2024-2025,7,CHEROKEE COUNTY,Grade 11,545
2024-2025,7,CHEROKEE COUNTY,Grade 12,534
2024-2025,16,CHILDRESS COUNTY,Early Education,8
2024-2025,16,CHILDRESS COUNTY,Pre-kindergarten,54
2024-2025,16,CHILDRESS COUNTY,Kindergarten,62
2024-2025,16,CHILDRESS COUNTY,Grade 1,56
2024-2025,16,CHILDRESS COUNTY,Grade 2,71
2024-2025,16,CHILDRESS COUNTY,Grade 3,75
2024-2025,16,CHILDRESS COUNTY,Grade 4,60
2024-2025,16,CHILDRESS COUNTY,Grade 5,61
2024-2025,16,CHILDRESS COUNTY,Grade 6,63
2024-2025,16,CHILDRESS COUNTY,Grade 7,77
2024-2025,16,CHILDRESS COUNTY,Grade 8,74
2024-2025,16,CHILDRESS COUNTY,Grade 9,77
2024-2025,16,CHILDRESS COUNTY,Grade 10,91
2024-2025,16,CHILDRESS COUNTY,Grade 11,75
2024-2025,16,CHILDRESS COUNTY,Grade 12,74
2024-2025,9,CLAY COUNTY,Early Education,8
2024-2025,9,CLAY COUNTY,Pre-kindergarten,100
2024-2025,9,CLAY COUNTY,Kindergarten,110
2024-2025,9,CLAY COUNTY,Grade 1,149
2024-2025,9,CLAY COUNTY,Grade 2,127
2024-2025,9,CLAY COUNTY,Grade 3,115
2024-2025,9,CLAY COUNTY,Grade 4,116
2024-2025,9,CLAY COUNTY,Grade 5,127
2024-2025,9,CLAY COUNTY,Grade 6,132
2024-2025,9,CLAY COUNTY,Grade 7,129
2024-2025,9,CLAY COUNTY,Grade 8,134
2024-2025,9,CLAY COUNTY,Grade 9,139
2024-2025,9,CLAY COUNTY,Grade 10,141
2024-2025,9,CLAY COUNTY,Grade 11,139
2024-2025,9,CLAY COUNTY,Grade 12,101
2024-2025,17,COCHRAN COUNTY,Early Education,1
2024-2025,17,COCHRAN COUNTY,Pre-kindergarten,52
2024-2025,17,COCHRAN COUNTY,Kindergarten,41
2024-2025,17,COCHRAN COUNTY,Grade 1,41
2024-2025,17,COCHRAN COUNTY,Grade 2,52
2024-2025,17,COCHRAN COUNTY,Grade 3,42
2024-2025,17,COCHRAN COUNTY,Grade 4,31
2024-2025,17,COCHRAN COUNTY,Grade 5,45
2024-2025,17,COCHRAN COUNTY,Grade 6,45
2024-2025,17,COCHRAN COUNTY,Grade 7,50
2024-2025,17,COCHRAN COUNTY,Grade 8,48
2024-2025,17,COCHRAN COUNTY,Grade 9,51
2024-2025,17,COCHRAN COUNTY,Grade 10,58
2024-2025,17,COCHRAN COUNTY,Grade 11,54
2024-2025,17,COCHRAN COUNTY,Grade 12,55
2024-2025,15,COKE COUNTY,Early Education,6
2024-2025,15,COKE COUNTY,Pre-kindergarten,31
2024-2025,15,COKE COUNTY,Kindergarten,34
2024-2025,15,COKE COUNTY,Grade 1,35
2024-2025,15,COKE COUNTY,Grade 2,29
2024-2025,15,COKE COUNTY,Grade 3,41
2024-2025,15,COKE COUNTY,Grade 4,32
2024-2025,15,COKE COUNTY,Grade 5,30
2024-2025,15,COKE COUNTY,Grade 6,40
2024-2025,15,COKE COUNTY,Grade 7,39
2024-2025,15,COKE COUNTY,Grade 8,37
2024-2025,15,COKE COUNTY,Grade 9,36
2024-2025,15,COKE COUNTY,Grade 10,36
2024-2025,15,COKE COUNTY,Grade 11,47
2024-2025,15,COKE COUNTY,Grade 12,28
2024-2025,15,COLEMAN COUNTY,Early Education,3
2024-2025,15,COLEMAN COUNTY,Pre-kindergarten,94
2024-2025,15,COLEMAN COUNTY,Kindergarten,70
2024-2025,15,COLEMAN COUNTY,Grade 1,88
2024-2025,15,COLEMAN COUNTY,Grade 2,77
2024-2025,15,COLEMAN COUNTY,Grade 3,86
2024-2025,15,COLEMAN COUNTY,Grade 4,91
2024-2025,15,COLEMAN COUNTY,Grade 5,85
2024-2025,15,COLEMAN COUNTY,Grade 6,85
2024-2025,15,COLEMAN COUNTY,Grade 7,99
2024-2025,15,COLEMAN COUNTY,Grade 8,91
2024-2025,15,COLEMAN COUNTY,Grade 9,92
2024-2025,15,COLEMAN COUNTY,Grade 10,92
2024-2025,15,COLEMAN COUNTY,Grade 11,71
2024-2025,15,COLEMAN COUNTY,Grade 12,94
2024-2025,10,COLLIN COUNTY,Early Education,1646
2024-2025,10,COLLIN COUNTY,Pre-kindergarten,5347
2024-2025,10,COLLIN COUNTY,Kindergarten,15788
2024-2025,10,COLLIN COUNTY,Grade 1,16798
2024-2025,10,COLLIN COUNTY,Grade 2,17754
2024-2025,10,COLLIN COUNTY,Grade 3,18591
2024-2025,10,COLLIN COUNTY,Grade 4,18697
2024-2025,10,COLLIN COUNTY,Grade 5,18782
2024-2025,10,COLLIN COUNTY,Grade 6,19404
2024-2025,10,COLLIN COUNTY,Grade 7,19620
2024-2025,10,COLLIN COUNTY,Grade 8,19499
2024-2025,10,COLLIN COUNTY,Grade 9,20488
2024-2025,10,COLLIN COUNTY,Grade 10,19761
2024-2025,10,COLLIN COUNTY,Grade 11,19342
2024-2025,10,COLLIN COUNTY,Grade 12,19073
2024-2025,16,COLLINGSWORTH COUNTY,Early Education,2
2024-2025,16,COLLINGSWORTH COUNTY,Pre-kindergarten,30
2024-2025,16,COLLINGSWORTH COUNTY,Kindergarten,41
2024-2025,16,COLLINGSWORTH COUNTY,Grade 1,41
2024-2025,16,COLLINGSWORTH COUNTY,Grade 2,28
2024-2025,16,COLLINGSWORTH COUNTY,Grade 3,26
2024-2025,16,COLLINGSWORTH COUNTY,Grade 4,30
2024-2025,16,COLLINGSWORTH COUNTY,Grade 5,40
2024-2025,16,COLLINGSWORTH COUNTY,Grade 6,35
2024-2025,16,COLLINGSWORTH COUNTY,Grade 7,43
2024-2025,16,COLLINGSWORTH COUNTY,Grade 8,50
2024-2025,16,COLLINGSWORTH COUNTY,Grade 9,46
2024-2025,16,COLLINGSWORTH COUNTY,Grade 10,45
2024-2025,16,COLLINGSWORTH COUNTY,Grade 11,37
2024-2025,16,COLLINGSWORTH COUNTY,Grade 12,40
2024-2025,3,COLORADO COUNTY,Early Education,19
2024-2025,4,COLORADO COUNTY,Early Education,14
2024-2025,3,COLORADO COUNTY,Pre-kindergarten,74
2024-2025,4,COLORADO COUNTY,Pre-kindergarten,71
2024-2025,3,COLORADO COUNTY,Kindergarten,123
2024-2025,4,COLORADO COUNTY,Kindergarten,128
2024-2025,3,COLORADO COUNTY,Grade 1,130
2024-2025,4,COLORADO COUNTY,Grade 1,117
2024-2025,3,COLORADO COUNTY,Grade 2,144
2024-2025,4,COLORADO COUNTY,Grade 2,117
2024-2025,3,COLORADO COUNTY,Grade 3,131
2024-2025,4,COLORADO COUNTY,Grade 3,105
2024-2025,3,COLORADO COUNTY,Grade 4,146
2024-2025,4,COLORADO COUNTY,Grade 4,129
2024-2025,3,COLORADO COUNTY,Grade 5,154
2024-2025,4,COLORADO COUNTY,Grade 5,117
2024-2025,3,COLORADO COUNTY,Grade 6,157
2024-2025,4,COLORADO COUNTY,Grade 6,115
2024-2025,3,COLORADO COUNTY,Grade 7,146
2024-2025,4,COLORADO COUNTY,Grade 7,88
2024-2025,3,COLORADO COUNTY,Grade 8,138
2024-2025,4,COLORADO COUNTY,Grade 8,120
2024-2025,3,COLORADO COUNTY,Grade 9,161
2024-2025,4,COLORADO COUNTY,Grade 9,140
2024-2025,3,COLORADO COUNTY,Grade 10,173
2024-2025,4,COLORADO COUNTY,Grade 10,146
2024-2025,3,COLORADO COUNTY,Grade 11,179
2024-2025,4,COLORADO COUNTY,Grade 11,132
2024-2025,3,COLORADO COUNTY,Grade 12,163
2024-2025,4,COLORADO COUNTY,Grade 12,120
2024-2025,20,COMAL COUNTY,Early Education,262
2024-2025,20,COMAL COUNTY,Pre-kindergarten,694
2024-2025,20,COMAL COUNTY,Kindergarten,2506
2024-2025,20,COMAL COUNTY,Grade 1,2580
2024-2025,20,COMAL COUNTY,Grade 2,2828
2024-2025,20,COMAL COUNTY,Grade 3,3060
2024-2025,20,COMAL COUNTY,Grade 4,3105
2024-2025,20,COMAL COUNTY,Grade 5,2961
2024-2025,20,COMAL COUNTY,Grade 6,3095
2024-2025,20,COMAL COUNTY,Grade 7,3110
2024-2025,20,COMAL COUNTY,Grade 8,3235
2024-2025,20,COMAL COUNTY,Grade 9,3342
2024-2025,20,COMAL COUNTY,Grade 10,3201
2024-2025,20,COMAL COUNTY,Grade 11,3231
2024-2025,20,COMAL COUNTY,Grade 12,2837
2024-2025,14,COMANCHE COUNTY,Early Education,52
2024-2025,14,COMANCHE COUNTY,Pre-kindergarten,147
2024-2025,14,COMANCHE COUNTY,Kindergarten,163
2024-2025,14,COMANCHE COUNTY,Grade 1,132
2024-2025,14,COMANCHE COUNTY,Grade 2,169
2024-2025,14,COMANCHE COUNTY,Grade 3,179
2024-2025,14,COMANCHE COUNTY,Grade 4,154
2024-2025,14,COMANCHE COUNTY,Grade 5,167
2024-2025,14,COMANCHE COUNTY,Grade 6,164
2024-2025,14,COMANCHE COUNTY,Grade 7,154
2024-2025,14,COMANCHE COUNTY,Grade 8,167
2024-2025,14,COMANCHE COUNTY,Grade 9,158
2024-2025,14,COMANCHE COUNTY,Grade 10,156
2024-2025,14,COMANCHE COUNTY,Grade 11,158
2024-2025,14,COMANCHE COUNTY,Grade 12,154
2024-2025,15,CONCHO COUNTY,Early Education,2
2024-2025,15,CONCHO COUNTY,Pre-kindergarten,29
2024-2025,15,CONCHO COUNTY,Kindergarten,32
2024-2025,15,CONCHO COUNTY,Grade 1,26
2024-2025,15,CONCHO COUNTY,Grade 2,36
2024-2025,15,CONCHO COUNTY,Grade 3,31
2024-2025,15,CONCHO COUNTY,Grade 4,32
2024-2025,15,CONCHO COUNTY,Grade 5,30
2024-2025,15,CONCHO COUNTY,Grade 6,27
2024-2025,15,CONCHO COUNTY,Grade 7,39
2024-2025,15,CONCHO COUNTY,Grade 8,48
2024-2025,15,CONCHO COUNTY,Grade 9,60
2024-2025,15,CONCHO COUNTY,Grade 10,54
2024-2025,15,CONCHO COUNTY,Grade 11,37
2024-2025,15,CONCHO COUNTY,Grade 12,38
2024-2025,11,COOKE COUNTY,Early Education,44
2024-2025,11,COOKE COUNTY,Pre-kindergarten,296
2024-2025,11,COOKE COUNTY,Kindergarten,455
2024-2025,11,COOKE COUNTY,Grade 1,490
2024-2025,11,COOKE COUNTY,Grade 2,505
2024-2025,11,COOKE COUNTY,Grade 3,539
2024-2025,11,COOKE COUNTY,Grade 4,499
2024-2025,11,COOKE COUNTY,Grade 5,486
2024-2025,11,COOKE COUNTY,Grade 6,562
2024-2025,11,COOKE COUNTY,Grade 7,501
2024-2025,11,COOKE COUNTY,Grade 8,498
2024-2025,11,COOKE COUNTY,Grade 9,529
2024-2025,11,COOKE COUNTY,Grade 10,515
2024-2025,11,COOKE COUNTY,Grade 11,487
2024-2025,11,COOKE COUNTY,Grade 12,418
2024-2025,12,CORYELL COUNTY,Early Education,62
2024-2025,12,CORYELL COUNTY,Pre-kindergarten,408
2024-2025,12,CORYELL COUNTY,Kindergarten,786
2024-2025,12,CORYELL COUNTY,Grade 1,761
2024-2025,12,CORYELL COUNTY,Grade 2,814
2024-2025,12,CORYELL COUNTY,Grade 3,828
2024-2025,12,CORYELL COUNTY,Grade 4,837
2024-2025,12,CORYELL COUNTY,Grade 5,842
2024-2025,12,CORYELL COUNTY,Grade 6,829
2024-2025,12,CORYELL COUNTY,Grade 7,808
2024-2025,12,CORYELL COUNTY,Grade 8,841
2024-2025,12,CORYELL COUNTY,Grade 9,855
2024-2025,12,CORYELL COUNTY,Grade 10,836
2024-2025,12,CORYELL COUNTY,Grade 11,838
2024-2025,12,CORYELL COUNTY,Grade 12,856
2024-2025,17,COTTLE COUNTY,Pre-kindergarten,5
2024-2025,17,COTTLE COUNTY,Kindergarten,7
2024-2025,17,COTTLE COUNTY,Grade 1,8
2024-2025,17,COTTLE COUNTY,Grade 2,5
2024-2025,17,COTTLE COUNTY,Grade 3,9
2024-2025,17,COTTLE COUNTY,Grade 4,16
2024-2025,17,COTTLE COUNTY,Grade 5,11
2024-2025,17,COTTLE COUNTY,Grade 6,15
2024-2025,17,COTTLE COUNTY,Grade 7,9
2024-2025,17,COTTLE COUNTY,Grade 8,16
2024-2025,17,COTTLE COUNTY,Grade 9,15
2024-2025,17,COTTLE COUNTY,Grade 10,17
2024-2025,17,COTTLE COUNTY,Grade 11,10
2024-2025,17,COTTLE COUNTY,Grade 12,13
2024-2025,15,CRANE COUNTY,Pre-kindergarten,70
2024-2025,15,CRANE COUNTY,Kindergarten,86
2024-2025,15,CRANE COUNTY,Grade 1,74
2024-2025,15,CRANE COUNTY,Grade 2,99
2024-2025,15,CRANE COUNTY,Grade 3,106
2024-2025,15,CRANE COUNTY,Grade 4,86
2024-2025,15,CRANE COUNTY,Grade 5,104
2024-2025,15,CRANE COUNTY,Grade 6,95
2024-2025,15,CRANE COUNTY,Grade 7,87
2024-2025,15,CRANE COUNTY,Grade 8,79
2024-2025,15,CRANE COUNTY,Grade 9,91
2024-2025,15,CRANE COUNTY,Grade 10,99
2024-2025,15,CRANE COUNTY,Grade 11,93
2024-2025,15,CRANE COUNTY,Grade 12,64
2024-2025,15,CROCKETT COUNTY,Early Education,4
2024-2025,15,CROCKETT COUNTY,Pre-kindergarten,28
2024-2025,15,CROCKETT COUNTY,Kindergarten,36
2024-2025,15,CROCKETT COUNTY,Grade 1,35
2024-2025,15,CROCKETT COUNTY,Grade 2,31
2024-2025,15,CROCKETT COUNTY,Grade 3,32
2024-2025,15,CROCKETT COUNTY,Grade 4,53
2024-2025,15,CROCKETT COUNTY,Grade 5,45
2024-2025,15,CROCKETT COUNTY,Grade 6,48
2024-2025,15,CROCKETT COUNTY,Grade 7,44
2024-2025,15,CROCKETT COUNTY,Grade 8,51
2024-2025,15,CROCKETT COUNTY,Grade 9,52
2024-2025,15,CROCKETT COUNTY,Grade 10,53
2024-2025,15,CROCKETT COUNTY,Grade 11,63
2024-2025,15,CROCKETT COUNTY,Grade 12,46
2024-2025,17,CROSBY COUNTY,Early Education,5
2024-2025,17,CROSBY COUNTY,Pre-kindergarten,52
2024-2025,17,CROSBY COUNTY,Kindergarten,47
2024-2025,17,CROSBY COUNTY,Grade 1,55
2024-2025,17,CROSBY COUNTY,Grade 2,62
2024-2025,17,CROSBY COUNTY,Grade 3,61
2024-2025,17,CROSBY COUNTY,Grade 4,75
2024-2025,17,CROSBY COUNTY,Grade 5,49
2024-2025,17,CROSBY COUNTY,Grade 6,58
2024-2025,17,CROSBY COUNTY,Grade 7,66
2024-2025,17,CROSBY COUNTY,Grade 8,77
2024-2025,17,CROSBY COUNTY,Grade 9,65
2024-2025,17,CROSBY COUNTY,Grade 10,65
2024-2025,17,CROSBY COUNTY,Grade 11,76
2024-2025,17,CROSBY COUNTY,Grade 12,80
2024-2025,18,CULBERSON COUNTY,Pre-kindergarten,24
2024-2025,18,CULBERSON COUNTY,Kindergarten,26
2024-2025,18,CULBERSON COUNTY,Grade 1,32
2024-2025,18,CULBERSON COUNTY,Grade 2,31
2024-2025,18,CULBERSON COUNTY,Grade 3,21
2024-2025,18,CULBERSON COUNTY,Grade 4,33
2024-2025,18,CULBERSON COUNTY,Grade 5,22
2024-2025,18,CULBERSON COUNTY,Grade 6,24
2024-2025,18,CULBERSON COUNTY,Grade 7,21
2024-2025,18,CULBERSON COUNTY,Grade 8,31
2024-2025,18,CULBERSON COUNTY,Grade 9,25
2024-2025,18,CULBERSON COUNTY,Grade 10,45
2024-2025,18,CULBERSON COUNTY,Grade 11,25
2024-2025,18,CULBERSON COUNTY,Grade 12,21
2024-2025,16,DALLAM COUNTY,Early Education,9
2024-2025,16,DALLAM COUNTY,Pre-kindergarten,118
2024-2025,16,DALLAM COUNTY,Kindergarten,142
2024-2025,16,DALLAM COUNTY,Grade 1,152
2024-2025,16,DALLAM COUNTY,Grade 2,168
2024-2025,16,DALLAM COUNTY,Grade 3,150
2024-2025,16,DALLAM COUNTY,Grade 4,166
2024-2025,16,DALLAM COUNTY,Grade 5,162
2024-2025,16,DALLAM COUNTY,Grade 6,160
2024-2025,16,DALLAM COUNTY,Grade 7,157
2024-2025,16,DALLAM COUNTY,Grade 8,150
2024-2025,16,DALLAM COUNTY,Grade 9,136
2024-2025,16,DALLAM COUNTY,Grade 10,141
2024-2025,16,DALLAM COUNTY,Grade 11,138
2024-2025,16,DALLAM COUNTY,Grade 12,122
2024-2025,10,DALLAS COUNTY,Early Education,1944
2024-2025,10,DALLAS COUNTY,Pre-kindergarten,28091
2024-2025,10,DALLAS COUNTY,Kindergarten,32787
2024-2025,10,DALLAS COUNTY,Grade 1,33931
2024-2025,10,DALLAS COUNTY,Grade 2,35148
2024-2025,10,DALLAS COUNTY,Grade 3,36043
2024-2025,10,DALLAS COUNTY,Grade 4,35459
2024-2025,10,DALLAS COUNTY,Grade 5,34961
2024-2025,10,DALLAS COUNTY,Grade 6,34465
2024-2025,10,DALLAS COUNTY,Grade 7,34578
2024-2025,10,DALLAS COUNTY,Grade 8,34331
2024-2025,10,DALLAS COUNTY,Grade 9,39596
2024-2025,10,DALLAS COUNTY,Grade 10,37684
2024-2025,10,DALLAS COUNTY,Grade 11,33904
2024-2025,10,DALLAS COUNTY,Grade 12,32139
2024-2025,17,DAWSON COUNTY,Early Education,15
2024-2025,17,DAWSON COUNTY,Pre-kindergarten,128
2024-2025,17,DAWSON COUNTY,Kindergarten,136
2024-2025,17,DAWSON COUNTY,Grade 1,145
2024-2025,17,DAWSON COUNTY,Grade 2,133
2024-2025,17,DAWSON COUNTY,Grade 3,151
2024-2025,17,DAWSON COUNTY,Grade 4,149
2024-2025,17,DAWSON COUNTY,Grade 5,137
2024-2025,17,DAWSON COUNTY,Grade 6,177
2024-2025,17,DAWSON COUNTY,Grade 7,168
2024-2025,17,DAWSON COUNTY,Grade 8,148
2024-2025,17,DAWSON COUNTY,Grade 9,163
2024-2025,17,DAWSON COUNTY,Grade 10,151
2024-2025,17,DAWSON COUNTY,Grade 11,134
2024-2025,17,DAWSON COUNTY,Grade 12,182
2024-2025,16,DEAF SMITH COUNTY,Early Education,29
2024-2025,16,DEAF SMITH COUNTY,Pre-kindergarten,271
2024-2025,16,DEAF SMITH COUNTY,Kindergarten,286
2024-2025,16,DEAF SMITH COUNTY,Grade 1,303
2024-2025,16,DEAF SMITH COUNTY,Grade 2,288
2024-2025,16,DEAF SMITH COUNTY,Grade 3,312
2024-2025,16,DEAF SMITH COUNTY,Grade 4,296
2024-2025,16,DEAF SMITH COUNTY,Grade 5,272
2024-2025,16,DEAF SMITH COUNTY,Grade 6,292
2024-2025,16,DEAF SMITH COUNTY,Grade 7,257
2024-2025,16,DEAF SMITH COUNTY,Grade 8,322
2024-2025,16,DEAF SMITH COUNTY,Grade 9,319
2024-2025,16,DEAF SMITH COUNTY,Grade 10,299
2024-2025,16,DEAF SMITH COUNTY,Grade 11,310
2024-2025,16,DEAF SMITH COUNTY,Grade 12,254
2024-2025,8,DELTA COUNTY,Early Education,2
2024-2025,8,DELTA COUNTY,Pre-kindergarten,79
2024-2025,8,DELTA COUNTY,Kindergarten,80
2024-2025,8,DELTA COUNTY,Grade 1,85
2024-2025,8,DELTA COUNTY,Grade 2,82
2024-2025,8,DELTA COUNTY,Grade 3,83
2024-2025,8,DELTA COUNTY,Grade 4,80
2024-2025,8,DELTA COUNTY,Grade 5,80
2024-2025,8,DELTA COUNTY,Grade 6,78
2024-2025,8,DELTA COUNTY,Grade 7,71
2024-2025,8,DELTA COUNTY,Grade 8,64
2024-2025,8,DELTA COUNTY,Grade 9,72
2024-2025,8,DELTA COUNTY,Grade 10,70
2024-2025,8,DELTA COUNTY,Grade 11,60
2024-2025,8,DELTA COUNTY,Grade 12,58
2024-2025,11,DENTON COUNTY,Early Education,760
2024-2025,11,DENTON COUNTY,Pre-kindergarten,4839
2024-2025,10,DENTON COUNTY,Kindergarten,100
2024-2025,11,DENTON COUNTY,Kindergarten,9861
2024-2025,10,DENTON COUNTY,Grade 1,100
2024-2025,11,DENTON COUNTY,Grade 1,10321
2024-2025,10,DENTON COUNTY,Grade 2,100
2024-2025,11,DENTON COUNTY,Grade 2,10466
2024-2025,10,DENTON COUNTY,Grade 3,100
2024-2025,11,DENTON COUNTY,Grade 3,10887
2024-2025,10,DENTON COUNTY,Grade 4,100
2024-2025,11,DENTON COUNTY,Grade 4,10561
2024-2025,10,DENTON COUNTY,Grade 5,118
2024-2025,11,DENTON COUNTY,Grade 5,11015
2024-2025,10,DENTON COUNTY,Grade 6,142
2024-2025,11,DENTON COUNTY,Grade 6,10851
2024-2025,10,DENTON COUNTY,Grade 7,135
2024-2025,11,DENTON COUNTY,Grade 7,10832
2024-2025,10,DENTON COUNTY,Grade 8,138
2024-2025,11,DENTON COUNTY,Grade 8,10876
2024-2025,10,DENTON COUNTY,Grade 9,101
2024-2025,11,DENTON COUNTY,Grade 9,11563
2024-2025,10,DENTON COUNTY,Grade 10,90
2024-2025,11,DENTON COUNTY,Grade 10,11551
2024-2025,10,DENTON COUNTY,Grade 11,92
2024-2025,11,DENTON COUNTY,Grade 11,11142
2024-2025,10,DENTON COUNTY,Grade 12,75
2024-2025,11,DENTON COUNTY,Grade 12,10821
2024-2025,3,DEWITT COUNTY,Early Education,25
2024-2025,3,DEWITT COUNTY,Pre-kindergarten,249
2024-2025,3,DEWITT COUNTY,Kindergarten,279
2024-2025,3,DEWITT COUNTY,Grade 1,314
2024-2025,3,DEWITT COUNTY,Grade 2,275
2024-2025,3,DEWITT COUNTY,Grade 3,288
2024-2025,3,DEWITT COUNTY,Grade 4,290
2024-2025,3,DEWITT COUNTY,Grade 5,313
2024-2025,3,DEWITT COUNTY,Grade 6,310
2024-2025,3,DEWITT COUNTY,Grade 7,330
2024-2025,3,DEWITT COUNTY,Grade 8,293
2024-2025,3,DEWITT COUNTY,Grade 9,365
2024-2025,3,DEWITT COUNTY,Grade 10,343
2024-2025,3,DEWITT COUNTY,Grade 11,312
2024-2025,3,DEWITT COUNTY,Grade 12,311
2024-2025,17,DICKENS COUNTY,Pre-kindergarten,17
2024-2025,17,DICKENS COUNTY,Kindergarten,18
2024-2025,17,DICKENS COUNTY,Grade 1,22
2024-2025,17,DICKENS COUNTY,Grade 2,25
2024-2025,17,DICKENS COUNTY,Grade 3,23
2024-2025,17,DICKENS COUNTY,Grade 4,16
2024-2025,17,DICKENS COUNTY,Grade 5,23
2024-2025,17,DICKENS COUNTY,Grade 6,16
2024-2025,17,DICKENS COUNTY,Grade 7,17
2024-2025,17,DICKENS COUNTY,Grade 8,14
2024-2025,17,DICKENS COUNTY,Grade 9,24
2024-2025,17,DICKENS COUNTY,Grade 10,26
2024-2025,17,DICKENS COUNTY,Grade 11,25
2024-2025,17,DICKENS COUNTY,Grade 12,14
2024-2025,20,DIMMIT COUNTY,Early Education,6
2024-2025,20,DIMMIT COUNTY,Pre-kindergarten,75
2024-2025,20,DIMMIT COUNTY,Kindergarten,125
2024-2025,20,DIMMIT COUNTY,Grade 1,110
2024-2025,20,DIMMIT COUNTY,Grade 2,120
2024-2025,20,DIMMIT COUNTY,Grade 3,137
2024-2025,20,DIMMIT COUNTY,Grade 4,128
2024-2025,20,DIMMIT COUNTY,Grade 5,155
2024-2025,20,DIMMIT COUNTY,Grade 6,154
2024-2025,20,DIMMIT COUNTY,Grade 7,145
2024-2025,20,DIMMIT COUNTY,Grade 8,132
2024-2025,20,DIMMIT COUNTY,Grade 9,138
2024-2025,20,DIMMIT COUNTY,Grade 10,150
2024-2025,20,DIMMIT COUNTY,Grade 11,144
2024-2025,20,DIMMIT COUNTY,Grade 12,133
2024-2025,16,DONLEY COUNTY,Early Education,2
2024-2025,16,DONLEY COUNTY,Pre-kindergarten,34
2024-2025,16,DONLEY COUNTY,Kindergarten,37
2024-2025,16,DONLEY COUNTY,Grade 1,42
2024-2025,16,DONLEY COUNTY,Grade 2,33
2024-2025,16,DONLEY COUNTY,Grade 3,33
2024-2025,16,DONLEY COUNTY,Grade 4,37
2024-2025,16,DONLEY COUNTY,Grade 5,31
2024-2025,16,DONLEY COUNTY,Grade 6,37
2024-2025,16,DONLEY COUNTY,Grade 7,32
2024-2025,16,DONLEY COUNTY,Grade 8,25
2024-2025,16,DONLEY COUNTY,Grade 9,41
2024-2025,16,DONLEY COUNTY,Grade 10,40
2024-2025,16,DONLEY COUNTY,Grade 11,35
2024-2025,16,DONLEY COUNTY,Grade 12,37
2024-2025,2,DUVAL COUNTY,Early Education,3
2024-2025,2,DUVAL COUNTY,Pre-kindergarten,162
2024-2025,2,DUVAL COUNTY,Kindergarten,153
2024-2025,2,DUVAL COUNTY,Grade 1,138
2024-2025,2,DUVAL COUNTY,Grade 2,163
2024-2025,2,DUVAL COUNTY,Grade 3,166
2024-2025,2,DUVAL COUNTY,Grade 4,178
2024-2025,2,DUVAL COUNTY,Grade 5,180
2024-2025,2,DUVAL COUNTY,Grade 6,131
2024-2025,2,DUVAL COUNTY,Grade 7,178
2024-2025,2,DUVAL COUNTY,Grade 8,188
2024-2025,2,DUVAL COUNTY,Grade 9,182
2024-2025,2,DUVAL COUNTY,Grade 10,206
2024-2025,2,DUVAL COUNTY,Grade 11,157
2024-2025,2,DUVAL COUNTY,Grade 12,161
2024-2025,14,EASTLAND COUNTY,Early Education,14
2024-2025,14,EASTLAND COUNTY,Pre-kindergarten,137
2024-2025,14,EASTLAND COUNTY,Kindergarten,186
2024-2025,14,EASTLAND COUNTY,Grade 1,178
2024-2025,14,EASTLAND COUNTY,Grade 2,199
2024-2025,14,EASTLAND COUNTY,Grade 3,176
2024-2025,14,EASTLAND COUNTY,Grade 4,194
2024-2025,14,EASTLAND COUNTY,Grade 5,183
2024-2025,14,EASTLAND COUNTY,Grade 6,179
2024-2025,14,EASTLAND COUNTY,Grade 7,156
2024-2025,14,EASTLAND COUNTY,Grade 8,183
2024-2025,14,EASTLAND COUNTY,Grade 9,209
2024-2025,14,EASTLAND COUNTY,Grade 10,181
2024-2025,14,EASTLAND COUNTY,Grade 11,176
2024-2025,14,EASTLAND COUNTY,Grade 12,164
2024-2025,18,ECTOR COUNTY,Early Education,92
2024-2025,18,ECTOR COUNTY,Pre-kindergarten,1715
2024-2025,18,ECTOR COUNTY,Kindergarten,2663
2024-2025,18,ECTOR COUNTY,Grade 1,2709
2024-2025,18,ECTOR COUNTY,Grade 2,2610
2024-2025,18,ECTOR COUNTY,Grade 3,2685
2024-2025,18,ECTOR COUNTY,Grade 4,2740
2024-2025,18,ECTOR COUNTY,Grade 5,2731
2024-2025,18,ECTOR COUNTY,Grade 6,2549
2024-2025,18,ECTOR COUNTY,Grade 7,2529
2024-2025,18,ECTOR COUNTY,Grade 8,2336
2024-2025,18,ECTOR COUNTY,Grade 9,2814
2024-2025,18,ECTOR COUNTY,Grade 10,2655
2024-2025,18,ECTOR COUNTY,Grade 11,2266
2024-2025,18,ECTOR COUNTY,Grade 12,2127
2024-2025,15,EDWARDS COUNTY,Early Education,4
2024-2025,15,EDWARDS COUNTY,Pre-kindergarten,16
2024-2025,15,EDWARDS COUNTY,Kindergarten,30
2024-2025,15,EDWARDS COUNTY,Grade 1,36
2024-2025,15,EDWARDS COUNTY,Grade 2,30
2024-2025,15,EDWARDS COUNTY,Grade 3,29
2024-2025,15,EDWARDS COUNTY,Grade 4,27
2024-2025,15,EDWARDS COUNTY,Grade 5,33
2024-2025,15,EDWARDS COUNTY,Grade 6,35
2024-2025,15,EDWARDS COUNTY,Grade 7,39
2024-2025,15,EDWARDS COUNTY,Grade 8,32
2024-2025,15,EDWARDS COUNTY,Grade 9,28
2024-2025,15,EDWARDS COUNTY,Grade 10,34
2024-2025,15,EDWARDS COUNTY,Grade 11,33
2024-2025,15,EDWARDS COUNTY,Grade 12,34
2024-2025,19,EL PASO COUNTY,Early Education,662
2024-2025,19,EL PASO COUNTY,Pre-kindergarten,8374
2024-2025,19,EL PASO COUNTY,Kindergarten,9558
2024-2025,19,EL PASO COUNTY,Grade 1,9876
2024-2025,19,EL PASO COUNTY,Grade 2,10336
2024-2025,19,EL PASO COUNTY,Grade 3,10852
2024-2025,19,EL PASO COUNTY,Grade 4,11054
2024-2025,19,EL PASO COUNTY,Grade 5,10980
2024-2025,19,EL PASO COUNTY,Grade 6,11171
2024-2025,19,EL PASO COUNTY,Grade 7,11806
2024-2025,19,EL PASO COUNTY,Grade 8,11801
2024-2025,19,EL PASO COUNTY,Grade 9,14511
2024-2025,19,EL PASO COUNTY,Grade 10,13776
2024-2025,19,EL PASO COUNTY,Grade 11,13110
2024-2025,19,EL PASO COUNTY,Grade 12,12446
2024-2025,10,ELLIS COUNTY,Early Education,373
2024-2025,10,ELLIS COUNTY,Pre-kindergarten,1549
2024-2025,10,ELLIS COUNTY,Kindergarten,2884
2024-2025,10,ELLIS COUNTY,Grade 1,2991
2024-2025,10,ELLIS COUNTY,Grade 2,3289
2024-2025,10,ELLIS COUNTY,Grade 3,3268
2024-2025,10,ELLIS COUNTY,Grade 4,3341
2024-2025,10,ELLIS COUNTY,Grade 5,3354
2024-2025,10,ELLIS COUNTY,Grade 6,3441
2024-2025,10,ELLIS COUNTY,Grade 7,3482
2024-2025,10,ELLIS COUNTY,Grade 8,3497
2024-2025,10,ELLIS COUNTY,Grade 9,3917
2024-2025,10,ELLIS COUNTY,Grade 10,3689
2024-2025,10,ELLIS COUNTY,Grade 11,3465
2024-2025,10,ELLIS COUNTY,Grade 12,3163
2024-2025,11,ERATH COUNTY,Early Education,42
2024-2025,11,ERATH COUNTY,Pre-kindergarten,245
2024-2025,11,ERATH COUNTY,Kindergarten,453
2024-2025,11,ERATH COUNTY,Grade 1,442
2024-2025,11,ERATH COUNTY,Grade 2,438
2024-2025,11,ERATH COUNTY,Grade 3,410
2024-2025,11,ERATH COUNTY,Grade 4,428
2024-2025,11,ERATH COUNTY,Grade 5,463
2024-2025,11,ERATH COUNTY,Grade 6,428
2024-2025,11,ERATH COUNTY,Grade 7,433
2024-2025,11,ERATH COUNTY,Grade 8,459
2024-2025,11,ERATH COUNTY,Grade 9,2208
2024-2025,11,ERATH COUNTY,Grade 10,2503
2024-2025,11,ERATH COUNTY,Grade 11,2432
2024-2025,11,ERATH COUNTY,Grade 12,2529
2024-2025,12,FALLS COUNTY,Early Education,4
2024-2025,12,FALLS COUNTY,Pre-kindergarten,158
2024-2025,12,FALLS COUNTY,Kindergarten,179
2024-2025,12,FALLS COUNTY,Grade 1,170
2024-2025,12,FALLS COUNTY,Grade 2,179
2024-2025,12,FALLS COUNTY,Grade 3,178
2024-2025,12,FALLS COUNTY,Grade 4,169
2024-2025,12,FALLS COUNTY,Grade 5,176
2024-2025,12,FALLS COUNTY,Grade 6,178
2024-2025,12,FALLS COUNTY,Grade 7,182
2024-2025,12,FALLS COUNTY,Grade 8,160
2024-2025,12,FALLS COUNTY,Grade 9,178
2024-2025,12,FALLS COUNTY,Grade 10,151
2024-2025,12,FALLS COUNTY,Grade 11,144
2024-2025,12,FALLS COUNTY,Grade 12,152
2024-2025,10,FANNIN COUNTY,Early Education,14
2024-2025,8,FANNIN COUNTY,Pre-kindergarten,27
2024-2025,10,FANNIN COUNTY,Pre-kindergarten,318
2024-2025,8,FANNIN COUNTY,Kindergarten,44
2024-2025,10,FANNIN COUNTY,Kindergarten,292
2024-2025,8,FANNIN COUNTY,Grade 1,36
2024-2025,10,FANNIN COUNTY,Grade 1,338
2024-2025,8,FANNIN COUNTY,Grade 2,46
2024-2025,10,FANNIN COUNTY,Grade 2,357
2024-2025,8,FANNIN COUNTY,Grade 3,42
2024-2025,10,FANNIN COUNTY,Grade 3,358
2024-2025,8,FANNIN COUNTY,Grade 4,38
2024-2025,10,FANNIN COUNTY,Grade 4,343
2024-2025,8,FANNIN COUNTY,Grade 5,55
2024-2025,10,FANNIN COUNTY,Grade 5,349
2024-2025,8,FANNIN COUNTY,Grade 6,39
2024-2025,10,FANNIN COUNTY,Grade 6,353
2024-2025,8,FANNIN COUNTY,Grade 7,43
2024-2025,10,FANNIN COUNTY,Grade 7,340
2024-2025,8,FANNIN COUNTY,Grade 8,60
2024-2025,10,FANNIN COUNTY,Grade 8,368
2024-2025,8,FANNIN COUNTY,Grade 9,50
2024-2025,10,FANNIN COUNTY,Grade 9,392
2024-2025,8,FANNIN COUNTY,Grade 10,48
2024-2025,10,FANNIN COUNTY,Grade 10,359
2024-2025,8,FANNIN COUNTY,Grade 11,67
2024-2025,10,FANNIN COUNTY,Grade 11,358
2024-2025,8,FANNIN COUNTY,Grade 12,56
2024-2025,10,FANNIN COUNTY,Grade 12,333
2024-2025,13,FAYETTE COUNTY,Early Education,21
2024-2025,13,FAYETTE COUNTY,Pre-kindergarten,152
2024-2025,13,FAYETTE COUNTY,Kindergarten,210
2024-2025,13,FAYETTE COUNTY,Grade 1,253
2024-2025,13,FAYETTE COUNTY,Grade 2,246
2024-2025,13,FAYETTE COUNTY,Grade 3,273
2024-2025,13,FAYETTE COUNTY,Grade 4,281
2024-2025,13,FAYETTE COUNTY,Grade 5,257
2024-2025,13,FAYETTE COUNTY,Grade 6,250
2024-2025,13,FAYETTE COUNTY,Grade 7,274
2024-2025,13,FAYETTE COUNTY,Grade 8,303
2024-2025,13,FAYETTE COUNTY,Grade 9,321
2024-2025,13,FAYETTE COUNTY,Grade 10,333
2024-2025,13,FAYETTE COUNTY,Grade 11,293
2024-2025,13,FAYETTE COUNTY,Grade 12,288
2024-2025,14,FISHER COUNTY,Early Education,3
2024-2025,14,FISHER COUNTY,Pre-kindergarten,31
2024-2025,14,FISHER COUNTY,Kindergarten,42
2024-2025,14,FISHER COUNTY,Grade 1,45
2024-2025,14,FISHER COUNTY,Grade 2,41
2024-2025,14,FISHER COUNTY,Grade 3,41
2024-2025,14,FISHER COUNTY,Grade 4,45
2024-2025,14,FISHER COUNTY,Grade 5,46
2024-2025,14,FISHER COUNTY,Grade 6,46
2024-2025,14,FISHER COUNTY,Grade 7,44
2024-2025,14,FISHER COUNTY,Grade 8,39
2024-2025,14,FISHER COUNTY,Grade 9,46
2024-2025,14,FISHER COUNTY,Grade 10,42
2024-2025,14,FISHER COUNTY,Grade 11,36
2024-2025,14,FISHER COUNTY,Grade 12,23
2024-2025,17,FLOYD COUNTY,Early Education,5
2024-2025,17,FLOYD COUNTY,Pre-kindergarten,62
2024-2025,17,FLOYD COUNTY,Kindergarten,65
2024-2025,17,FLOYD COUNTY,Grade 1,77
2024-2025,17,FLOYD COUNTY,Grade 2,69
2024-2025,17,FLOYD COUNTY,Grade 3,61
2024-2025,17,FLOYD COUNTY,Grade 4,65
2024-2025,17,FLOYD COUNTY,Grade 5,61
2024-2025,17,FLOYD COUNTY,Grade 6,76
2024-2025,17,FLOYD COUNTY,Grade 7,82
2024-2025,17,FLOYD COUNTY,Grade 8,75
2024-2025,17,FLOYD COUNTY,Grade 9,78
2024-2025,17,FLOYD COUNTY,Grade 10,93
2024-2025,17,FLOYD COUNTY,Grade 11,93
2024-2025,17,FLOYD COUNTY,Grade 12,100
2024-2025,9,FOARD COUNTY,Pre-kindergarten,21
2024-2025,9,FOARD COUNTY,Kindergarten,19
2024-2025,9,FOARD COUNTY,Grade 1,7
2024-2025,9,FOARD COUNTY,Grade 2,11
2024-2025,9,FOARD COUNTY,Grade 3,12
2024-2025,9,FOARD COUNTY,Grade 4,9
2024-2025,9,FOARD COUNTY,Grade 5,15
2024-2025,9,FOARD COUNTY,Grade 6,11
2024-2025,9,FOARD COUNTY,Grade 7,19
2024-2025,9,FOARD COUNTY,Grade 8,16
2024-2025,9,FOARD COUNTY,Grade 9,17
2024-2025,9,FOARD COUNTY,Grade 10,13
2024-2025,9,FOARD COUNTY,Grade 11,10
2024-2025,9,FOARD COUNTY,Grade 12,9
2024-2025,4,FORT BEND COUNTY,Early Education,773
2024-2025,4,FORT BEND COUNTY,Pre-kindergarten,4106
2024-2025,4,FORT BEND COUNTY,Kindergarten,8258
2024-2025,4,FORT BEND COUNTY,Grade 1,8664
2024-2025,4,FORT BEND COUNTY,Grade 2,9197
2024-2025,4,FORT BEND COUNTY,Grade 3,9664
2024-2025,4,FORT BEND COUNTY,Grade 4,9759
2024-2025,4,FORT BEND COUNTY,Grade 5,9952
2024-2025,4,FORT BEND COUNTY,Grade 6,9892
2024-2025,4,FORT BEND COUNTY,Grade 7,10152
2024-2025,4,FORT BEND COUNTY,Grade 8,10200
2024-2025,4,FORT BEND COUNTY,Grade 9,11403
2024-2025,4,FORT BEND COUNTY,Grade 10,11136
2024-2025,4,FORT BEND COUNTY,Grade 11,10533
2024-2025,4,FORT BEND COUNTY,Grade 12,9902
2024-2025,8,FRANKLIN COUNTY,Early Education,9
2024-2025,8,FRANKLIN COUNTY,Pre-kindergarten,59
2024-2025,8,FRANKLIN COUNTY,Kindergarten,118
2024-2025,8,FRANKLIN COUNTY,Grade 1,120
2024-2025,8,FRANKLIN COUNTY,Grade 2,89
2024-2025,8,FRANKLIN COUNTY,Grade 3,129
2024-2025,8,FRANKLIN COUNTY,Grade 4,117
2024-2025,8,FRANKLIN COUNTY,Grade 5,107
2024-2025,8,FRANKLIN COUNTY,Grade 6,98
2024-2025,8,FRANKLIN COUNTY,Grade 7,137
2024-2025,8,FRANKLIN COUNTY,Grade 8,114
2024-2025,8,FRANKLIN COUNTY,Grade 9,132
2024-2025,8,FRANKLIN COUNTY,Grade 10,125
2024-2025,8,FRANKLIN COUNTY,Grade 11,121
2024-2025,8,FRANKLIN COUNTY,Grade 12,133
2024-2025,12,FREESTONE COUNTY,Early Education,14
2024-2025,12,FREESTONE COUNTY,Pre-kindergarten,140
2024-2025,12,FREESTONE COUNTY,Kindergarten,222
2024-2025,12,FREESTONE COUNTY,Grade 1,233
2024-2025,12,FREESTONE COUNTY,Grade 2,260
2024-2025,12,FREESTONE COUNTY,Grade 3,255
2024-2025,12,FREESTONE COUNTY,Grade 4,252
2024-2025,12,FREESTONE COUNTY,Grade 5,252
2024-2025,12,FREESTONE COUNTY,Grade 6,284
2024-2025,12,FREESTONE COUNTY,Grade 7,277
2024-2025,12,FREESTONE COUNTY,Grade 8,266
2024-2025,12,FREESTONE COUNTY,Grade 9,266
2024-2025,12,FREESTONE COUNTY,Grade 10,272
2024-2025,12,FREESTONE COUNTY,Grade 11,262
2024-2025,12,FREESTONE COUNTY,Grade 12,265
2024-2025,20,FRIO COUNTY,Early Education,3
2024-2025,20,FRIO COUNTY,Pre-kindergarten,162
2024-2025,20,FRIO COUNTY,Kindergarten,181
2024-2025,20,FRIO COUNTY,Grade 1,195
2024-2025,20,FRIO COUNTY,Grade 2,196
2024-2025,20,FRIO COUNTY,Grade 3,212
2024-2025,20,FRIO COUNTY,Grade 4,202
2024-2025,20,FRIO COUNTY,Grade 5,196
2024-2025,20,FRIO COUNTY,Grade 6,219
2024-2025,20,FRIO COUNTY,Grade 7,201
2024-2025,20,FRIO COUNTY,Grade 8,195
2024-2025,20,FRIO COUNTY,Grade 9,217
2024-2025,20,FRIO COUNTY,Grade 10,220
2024-2025,20,FRIO COUNTY,Grade 11,234
2024-2025,20,FRIO COUNTY,Grade 12,161
2024-2025,17,GAINES COUNTY,Early Education,12
2024-2025,17,GAINES COUNTY,Pre-kindergarten,171
2024-2025,17,GAINES COUNTY,Kindergarten,277
2024-2025,17,GAINES COUNTY,Grade 1,255
2024-2025,17,GAINES COUNTY,Grade 2,268
2024-2025,17,GAINES COUNTY,Grade 3,310
2024-2025,17,GAINES COUNTY,Grade 4,287
2024-2025,17,GAINES COUNTY,Grade 5,275
2024-2025,17,GAINES COUNTY,Grade 6,279
2024-2025,17,GAINES COUNTY,Grade 7,276
2024-2025,17,GAINES COUNTY,Grade 8,276
2024-2025,17,GAINES COUNTY,Grade 9,309
2024-2025,17,GAINES COUNTY,Grade 10,286
2024-2025,17,GAINES COUNTY,Grade 11,257
2024-2025,17,GAINES COUNTY,Grade 12,226
2024-2025,4,GALVESTON COUNTY,Early Education,566
2024-2025,4,GALVESTON COUNTY,Pre-kindergarten,2814
2024-2025,5,GALVESTON COUNTY,Pre-kindergarten,7
2024-2025,4,GALVESTON COUNTY,Kindergarten,5013
2024-2025,5,GALVESTON COUNTY,Kindergarten,4
2024-2025,4,GALVESTON COUNTY,Grade 1,5191
2024-2025,5,GALVESTON COUNTY,Grade 1,3
2024-2025,4,GALVESTON COUNTY,Grade 2,5455
2024-2025,5,GALVESTON COUNTY,Grade 2,6
2024-2025,4,GALVESTON COUNTY,Grade 3,5890
2024-2025,5,GALVESTON COUNTY,Grade 3,10
2024-2025,4,GALVESTON COUNTY,Grade 4,5906
2024-2025,5,GALVESTON COUNTY,Grade 4,7
2024-2025,4,GALVESTON COUNTY,Grade 5,5972
2024-2025,5,GALVESTON COUNTY,Grade 5,9
2024-2025,4,GALVESTON COUNTY,Grade 6,6003
2024-2025,5,GALVESTON COUNTY,Grade 6,12
2024-2025,4,GALVESTON COUNTY,Grade 7,6044
2024-2025,5,GALVESTON COUNTY,Grade 7,9
2024-2025,4,GALVESTON COUNTY,Grade 8,6184
2024-2025,5,GALVESTON COUNTY,Grade 8,12
2024-2025,4,GALVESTON COUNTY,Grade 9,6983
2024-2025,5,GALVESTON COUNTY,Grade 9,15
2024-2025,4,GALVESTON COUNTY,Grade 10,6630
2024-2025,5,GALVESTON COUNTY,Grade 10,14
2024-2025,4,GALVESTON COUNTY,Grade 11,6245
2024-2025,5,GALVESTON COUNTY,Grade 11,9
2024-2025,4,GALVESTON COUNTY,Grade 12,5800
2024-2025,5,GALVESTON COUNTY,Grade 12,15
2024-2025,17,GARZA COUNTY,Pre-kindergarten,43
2024-2025,17,GARZA COUNTY,Kindergarten,45
2024-2025,17,GARZA COUNTY,Grade 1,47
2024-2025,17,GARZA COUNTY,Grade 2,63
2024-2025,17,GARZA COUNTY,Grade 3,64
2024-2025,17,GARZA COUNTY,Grade 4,55
2024-2025,17,GARZA COUNTY,Grade 5,67
2024-2025,17,GARZA COUNTY,Grade 6,51
2024-2025,17,GARZA COUNTY,Grade 7,65
2024-2025,17,GARZA COUNTY,Grade 8,63
2024-2025,17,GARZA COUNTY,Grade 9,53
2024-2025,17,GARZA COUNTY,Grade 10,74
2024-2025,17,GARZA COUNTY,Grade 11,64
2024-2025,17,GARZA COUNTY,Grade 12,64
2024-2025,13,GILLESPIE COUNTY,Early Education,9
2024-2025,15,GILLESPIE COUNTY,Early Education,1
2024-2025,13,GILLESPIE COUNTY,Pre-kindergarten,145
2024-2025,15,GILLESPIE COUNTY,Pre-kindergarten,26
2024-2025,13,GILLESPIE COUNTY,Kindergarten,205
2024-2025,15,GILLESPIE COUNTY,Kindergarten,38
2024-2025,13,GILLESPIE COUNTY,Grade 1,166
2024-2025,15,GILLESPIE COUNTY,Grade 1,36
2024-2025,13,GILLESPIE COUNTY,Grade 2,222
2024-2025,15,GILLESPIE COUNTY,Grade 2,41
2024-2025,13,GILLESPIE COUNTY,Grade 3,197
2024-2025,15,GILLESPIE COUNTY,Grade 3,41
2024-2025,13,GILLESPIE COUNTY,Grade 4,222
2024-2025,15,GILLESPIE COUNTY,Grade 4,40
2024-2025,13,GILLESPIE COUNTY,Grade 5,210
2024-2025,15,GILLESPIE COUNTY,Grade 5,62
2024-2025,13,GILLESPIE COUNTY,Grade 6,182
2024-2025,15,GILLESPIE COUNTY,Grade 6,38
2024-2025,13,GILLESPIE COUNTY,Grade 7,216
2024-2025,15,GILLESPIE COUNTY,Grade 7,54
2024-2025,13,GILLESPIE COUNTY,Grade 8,226
2024-2025,15,GILLESPIE COUNTY,Grade 8,43
2024-2025,13,GILLESPIE COUNTY,Grade 9,267
2024-2025,15,GILLESPIE COUNTY,Grade 9,48
2024-2025,13,GILLESPIE COUNTY,Grade 10,289
2024-2025,15,GILLESPIE COUNTY,Grade 10,41
2024-2025,13,GILLESPIE COUNTY,Grade 11,253
2024-2025,15,GILLESPIE COUNTY,Grade 11,38
2024-2025,13,GILLESPIE COUNTY,Grade 12,241
2024-2025,15,GILLESPIE COUNTY,Grade 12,44
2024-2025,18,GLASSCOCK COUNTY,Pre-kindergarten,18
2024-2025,18,GLASSCOCK COUNTY,Kindergarten,17
2024-2025,18,GLASSCOCK COUNTY,Grade 1,18
2024-2025,18,GLASSCOCK COUNTY,Grade 2,24
2024-2025,18,GLASSCOCK COUNTY,Grade 3,18
2024-2025,18,GLASSCOCK COUNTY,Grade 4,19
2024-2025,18,GLASSCOCK COUNTY,Grade 5,22
2024-2025,18,GLASSCOCK COUNTY,Grade 6,15
2024-2025,18,GLASSCOCK COUNTY,Grade 7,26
2024-2025,18,GLASSCOCK COUNTY,Grade 8,16
2024-2025,18,GLASSCOCK COUNTY,Grade 9,23
2024-2025,18,GLASSCOCK COUNTY,Grade 10,24
2024-2025,18,GLASSCOCK COUNTY,Grade 11,30
2024-2025,18,GLASSCOCK COUNTY,Grade 12,23
2024-2025,3,GOLIAD COUNTY,Early Education,11
2024-2025,3,GOLIAD COUNTY,Pre-kindergarten,39
2024-2025,3,GOLIAD COUNTY,Kindergarten,61
2024-2025,3,GOLIAD COUNTY,Grade 1,69
2024-2025,3,GOLIAD COUNTY,Grade 2,88
2024-2025,3,GOLIAD COUNTY,Grade 3,90
2024-2025,3,GOLIAD COUNTY,Grade 4,107
2024-2025,3,GOLIAD COUNTY,Grade 5,85
2024-2025,3,GOLIAD COUNTY,Grade 6,96
2024-2025,3,GOLIAD COUNTY,Grade 7,96
2024-2025,3,GOLIAD COUNTY,Grade 8,87
2024-2025,3,GOLIAD COUNTY,Grade 9,89
2024-2025,3,GOLIAD COUNTY,Grade 10,101
2024-2025,3,GOLIAD COUNTY,Grade 11,124
2024-2025,3,GOLIAD COUNTY,Grade 12,101
2024-2025,13,GONZALES COUNTY,Early Education,25
2024-2025,13,GONZALES COUNTY,Pre-kindergarten,256
2024-2025,13,GONZALES COUNTY,Kindergarten,244
2024-2025,13,GONZALES COUNTY,Grade 1,264
2024-2025,13,GONZALES COUNTY,Grade 2,257
2024-2025,13,GONZALES COUNTY,Grade 3,295
2024-2025,13,GONZALES COUNTY,Grade 4,299
2024-2025,13,GONZALES COUNTY,Grade 5,257
2024-2025,13,GONZALES COUNTY,Grade 6,282
2024-2025,13,GONZALES COUNTY,Grade 7,286
2024-2025,13,GONZALES COUNTY,Grade 8,288
2024-2025,13,GONZALES COUNTY,Grade 9,285
2024-2025,13,GONZALES COUNTY,Grade 10,312
2024-2025,13,GONZALES COUNTY,Grade 11,277
2024-2025,13,GONZALES COUNTY,Grade 12,248
2024-2025,16,GRAY COUNTY,Early Education,17
2024-2025,16,GRAY COUNTY,Pre-kindergarten,196
2024-2025,16,GRAY COUNTY,Kindergarten,225
2024-2025,16,GRAY COUNTY,Grade 1,206
2024-2025,16,GRAY COUNTY,Grade 2,236
2024-2025,16,GRAY COUNTY,Grade 3,234
2024-2025,16,GRAY COUNTY,Grade 4,270
2024-2025,16,GRAY COUNTY,Grade 5,284
2024-2025,16,GRAY COUNTY,Grade 6,252
2024-2025,16,GRAY COUNTY,Grade 7,258
2024-2025,16,GRAY COUNTY,Grade 8,247
2024-2025,16,GRAY COUNTY,Grade 9,272
2024-2025,16,GRAY COUNTY,Grade 10,292
2024-2025,16,GRAY COUNTY,Grade 11,289
2024-2025,16,GRAY COUNTY,Grade 12,267
2024-2025,10,GRAYSON COUNTY,Early Education,117
2024-2025,10,GRAYSON COUNTY,Pre-kindergarten,924
2024-2025,10,GRAYSON COUNTY,Kindergarten,1712
2024-2025,10,GRAYSON COUNTY,Grade 1,1930
2024-2025,10,GRAYSON COUNTY,Grade 2,1821
2024-2025,10,GRAYSON COUNTY,Grade 3,1980
2024-2025,10,GRAYSON COUNTY,Grade 4,1964
2024-2025,10,GRAYSON COUNTY,Grade 5,1983
2024-2025,10,GRAYSON COUNTY,Grade 6,1868
2024-2025,10,GRAYSON COUNTY,Grade 7,1951
2024-2025,10,GRAYSON COUNTY,Grade 8,1954
2024-2025,10,GRAYSON COUNTY,Grade 9,2078
2024-2025,10,GRAYSON COUNTY,Grade 10,1994
2024-2025,10,GRAYSON COUNTY,Grade 11,1819
2024-2025,10,GRAYSON COUNTY,Grade 12,1715
2024-2025,7,GREGG COUNTY,Early Education,65
2024-2025,7,GREGG COUNTY,Pre-kindergarten,980
2024-2025,7,GREGG COUNTY,Kindergarten,1575
2024-2025,7,GREGG COUNTY,Grade 1,1545
2024-2025,7,GREGG COUNTY,Grade 2,1548
2024-2025,7,GREGG COUNTY,Grade 3,1660
2024-2025,7,GREGG COUNTY,Grade 4,1668
2024-2025,7,GREGG COUNTY,Grade 5,1694
2024-2025,7,GREGG COUNTY,Grade 6,1673
2024-2025,7,GREGG COUNTY,Grade 7,1762
2024-2025,7,GREGG COUNTY,Grade 8,1789
2024-2025,7,GREGG COUNTY,Grade 9,1882
2024-2025,7,GREGG COUNTY,Grade 10,1738
2024-2025,7,GREGG COUNTY,Grade 11,1747
2024-2025,7,GREGG COUNTY,Grade 12,1587
2024-2025,6,GRIMES COUNTY,Early Education,43
2024-2025,6,GRIMES COUNTY,Pre-kindergarten,237
2024-2025,6,GRIMES COUNTY,Kindergarten,313
2024-2025,6,GRIMES COUNTY,Grade 1,356
2024-2025,6,GRIMES COUNTY,Grade 2,324
2024-2025,6,GRIMES COUNTY,Grade 3,365
2024-2025,6,GRIMES COUNTY,Grade 4,372
2024-2025,6,GRIMES COUNTY,Grade 5,390
2024-2025,6,GRIMES COUNTY,Grade 6,373
2024-2025,6,GRIMES COUNTY,Grade 7,356
2024-2025,6,GRIMES COUNTY,Grade 8,380
2024-2025,6,GRIMES COUNTY,Grade 9,386
2024-2025,6,GRIMES COUNTY,Grade 10,397
2024-2025,6,GRIMES COUNTY,Grade 11,371
2024-2025,6,GRIMES COUNTY,Grade 12,308
2024-2025,20,GUADALUPE COUNTY,Early Education,124
2024-2025,20,GUADALUPE COUNTY,Pre-kindergarten,882
2024-2025,20,GUADALUPE COUNTY,Kindergarten,1537
2024-2025,20,GUADALUPE COUNTY,Grade 1,1693
2024-2025,20,GUADALUPE COUNTY,Grade 2,1737
2024-2025,20,GUADALUPE COUNTY,Grade 3,1868
2024-2025,20,GUADALUPE COUNTY,Grade 4,1885
2024-2025,20,GUADALUPE COUNTY,Grade 5,2033
2024-2025,20,GUADALUPE COUNTY,Grade 6,1997
2024-2025,20,GUADALUPE COUNTY,Grade 7,1997
2024-2025,20,GUADALUPE COUNTY,Grade 8,2048
2024-2025,20,GUADALUPE COUNTY,Grade 9,2461
2024-2025,20,GUADALUPE COUNTY,Grade 10,2304
2024-2025,20,GUADALUPE COUNTY,Grade 11,2148
2024-2025,20,GUADALUPE COUNTY,Grade 12,1934
2024-2025,17,HALE COUNTY,Early Education,54
2024-2025,17,HALE COUNTY,Pre-kindergarten,237
2024-2025,17,HALE COUNTY,Kindergarten,378
2024-2025,17,HALE COUNTY,Grade 1,348
2024-2025,17,HALE COUNTY,Grade 2,395
2024-2025,17,HALE COUNTY,Grade 3,355
2024-2025,17,HALE COUNTY,Grade 4,383
2024-2025,17,HALE COUNTY,Grade 5,409
2024-2025,17,HALE COUNTY,Grade 6,397
2024-2025,17,HALE COUNTY,Grade 7,441
2024-2025,17,HALE COUNTY,Grade 8,443
2024-2025,17,HALE COUNTY,Grade 9,521
2024-2025,17,HALE COUNTY,Grade 10,493
2024-2025,17,HALE COUNTY,Grade 11,419
2024-2025,17,HALE COUNTY,Grade 12,516
2024-2025,16,HALL COUNTY,Early Education,13
2024-2025,16,HALL COUNTY,Pre-kindergarten,32
2024-2025,16,HALL COUNTY,Kindergarten,27
2024-2025,16,HALL COUNTY,Grade 1,29
2024-2025,16,HALL COUNTY,Grade 2,26
2024-2025,16,HALL COUNTY,Grade 3,28
2024-2025,16,HALL COUNTY,Grade 4,34
2024-2025,16,HALL COUNTY,Grade 5,46
2024-2025,16,HALL COUNTY,Grade 6,34
2024-2025,16,HALL COUNTY,Grade 7,42
2024-2025,16,HALL COUNTY,Grade 8,41
2024-2025,16,HALL COUNTY,Grade 9,35
2024-2025,16,HALL COUNTY,Grade 10,43
2024-2025,16,HALL COUNTY,Grade 11,42
2024-2025,16,HALL COUNTY,Grade 12,53
2024-2025,12,HAMILTON COUNTY,Early Education,3
2024-2025,12,HAMILTON COUNTY,Pre-kindergarten,65
2024-2025,12,HAMILTON COUNTY,Kindergarten,94
2024-2025,12,HAMILTON COUNTY,Grade 1,96
2024-2025,12,HAMILTON COUNTY,Grade 2,98
2024-2025,12,HAMILTON COUNTY,Grade 3,95
2024-2025,12,HAMILTON COUNTY,Grade 4,131
2024-2025,12,HAMILTON COUNTY,Grade 5,103
2024-2025,12,HAMILTON COUNTY,Grade 6,108
2024-2025,12,HAMILTON COUNTY,Grade 7,115
2024-2025,12,HAMILTON COUNTY,Grade 8,108
2024-2025,12,HAMILTON COUNTY,Grade 9,115
2024-2025,12,HAMILTON COUNTY,Grade 10,128
2024-2025,12,HAMILTON COUNTY,Grade 11,110
2024-2025,12,HAMILTON COUNTY,Grade 12,81
2024-2025,16,HANSFORD COUNTY,Early Education,6
2024-2025,16,HANSFORD COUNTY,Pre-kindergarten,88
2024-2025,16,HANSFORD COUNTY,Kindergarten,82
2024-2025,16,HANSFORD COUNTY,Grade 1,80
2024-2025,16,HANSFORD COUNTY,Grade 2,86
2024-2025,16,HANSFORD COUNTY,Grade 3,75
2024-2025,16,HANSFORD COUNTY,Grade 4,95
2024-2025,16,HANSFORD COUNTY,Grade 5,88
2024-2025,16,HANSFORD COUNTY,Grade 6,81
2024-2025,16,HANSFORD COUNTY,Grade 7,95
2024-2025,16,HANSFORD COUNTY,Grade 8,93
2024-2025,16,HANSFORD COUNTY,Grade 9,94
2024-2025,16,HANSFORD COUNTY,Grade 10,88
2024-2025,16,HANSFORD COUNTY,Grade 11,91
2024-2025,16,HANSFORD COUNTY,Grade 12,87
2024-2025,9,HARDEMAN COUNTY,Early Education,3
2024-2025,9,HARDEMAN COUNTY,Pre-kindergarten,41
2024-2025,9,HARDEMAN COUNTY,Kindergarten,33
2024-2025,9,HARDEMAN COUNTY,Grade 1,48
2024-2025,9,HARDEMAN COUNTY,Grade 2,41
2024-2025,9,HARDEMAN COUNTY,Grade 3,46
2024-2025,9,HARDEMAN COUNTY,Grade 4,47
2024-2025,9,HARDEMAN COUNTY,Grade 5,34
2024-2025,9,HARDEMAN COUNTY,Grade 6,48
2024-2025,9,HARDEMAN COUNTY,Grade 7,43
2024-2025,9,HARDEMAN COUNTY,Grade 8,45
2024-2025,9,HARDEMAN COUNTY,Grade 9,54
2024-2025,9,HARDEMAN COUNTY,Grade 10,47
2024-2025,9,HARDEMAN COUNTY,Grade 11,49
2024-2025,9,HARDEMAN COUNTY,Grade 12,44
2024-2025,5,HARDIN COUNTY,Early Education,69
2024-2025,5,HARDIN COUNTY,Pre-kindergarten,298
2024-2025,5,HARDIN COUNTY,Kindergarten,796
2024-2025,5,HARDIN COUNTY,Grade 1,778
2024-2025,5,HARDIN COUNTY,Grade 2,793
2024-2025,5,HARDIN COUNTY,Grade 3,845
2024-2025,5,HARDIN COUNTY,Grade 4,881
2024-2025,5,HARDIN COUNTY,Grade 5,852
2024-2025,5,HARDIN COUNTY,Grade 6,878
2024-2025,5,HARDIN COUNTY,Grade 7,815
2024-2025,5,HARDIN COUNTY,Grade 8,827
2024-2025,5,HARDIN COUNTY,Grade 9,891
2024-2025,5,HARDIN COUNTY,Grade 10,863
2024-2025,5,HARDIN COUNTY,Grade 11,785
2024-2025,5,HARDIN COUNTY,Grade 12,773
2024-2025,4,HARRIS COUNTY,Early Education,3893
2024-2025,4,HARRIS COUNTY,Pre-kindergarten,38957
2024-2025,4,HARRIS COUNTY,Kindergarten,55982
2024-2025,4,HARRIS COUNTY,Grade 1,59749
2024-2025,4,HARRIS COUNTY,Grade 2,61789
2024-2025,4,HARRIS COUNTY,Grade 3,64790
2024-2025,4,HARRIS COUNTY,Grade 4,64402
2024-2025,4,HARRIS COUNTY,Grade 5,63608
2024-2025,4,HARRIS COUNTY,Grade 6,63779
2024-2025,4,HARRIS COUNTY,Grade 7,64149
2024-2025,4,HARRIS COUNTY,Grade 8,65786
2024-2025,4,HARRIS COUNTY,Grade 9,74378
2024-2025,4,HARRIS COUNTY,Grade 10,69868
2024-2025,4,HARRIS COUNTY,Grade 11,64835
2024-2025,4,HARRIS COUNTY,Grade 12,63037
2024-2025,7,HARRISON COUNTY,Early Education,33
2024-2025,7,HARRISON COUNTY,Pre-kindergarten,468
2024-2025,7,HARRISON COUNTY,Kindergarten,837
2024-2025,7,HARRISON COUNTY,Grade 1,849
2024-2025,7,HARRISON COUNTY,Grade 2,870
2024-2025,7,HARRISON COUNTY,Grade 3,1099
2024-2025,7,HARRISON COUNTY,Grade 4,1172
2024-2025,7,HARRISON COUNTY,Grade 5,1367
2024-2025,7,HARRISON COUNTY,Grade 6,1811
2024-2025,7,HARRISON COUNTY,Grade 7,2442
2024-2025,7,HARRISON COUNTY,Grade 8,3009
2024-2025,7,HARRISON COUNTY,Grade 9,5022
2024-2025,7,HARRISON COUNTY,Grade 10,4962
2024-2025,7,HARRISON COUNTY,Grade 11,4454
2024-2025,7,HARRISON COUNTY,Grade 12,3569
2024-2025,16,HARTLEY COUNTY,Pre-kindergarten,24
2024-2025,16,HARTLEY COUNTY,Kindergarten,29
2024-2025,16,HARTLEY COUNTY,Grade 1,32
2024-2025,16,HARTLEY COUNTY,Grade 2,24
2024-2025,16,HARTLEY COUNTY,Grade 3,26
2024-2025,16,HARTLEY COUNTY,Grade 4,29
2024-2025,16,HARTLEY COUNTY,Grade 5,23
2024-2025,16,HARTLEY COUNTY,Grade 6,32
2024-2025,16,HARTLEY COUNTY,Grade 7,21
2024-2025,16,HARTLEY COUNTY,Grade 8,23
2024-2025,16,HARTLEY COUNTY,Grade 9,22
2024-2025,16,HARTLEY COUNTY,Grade 10,28
2024-2025,16,HARTLEY COUNTY,Grade 11,28
2024-2025,16,HARTLEY COUNTY,Grade 12,16
2024-2025,14,HASKELL COUNTY,Early Education,2
2024-2025,14,HASKELL COUNTY,Pre-kindergarten,63
2024-2025,14,HASKELL COUNTY,Kindergarten,64
2024-2025,14,HASKELL COUNTY,Grade 1,55
2024-2025,14,HASKELL COUNTY,Grade 2,52
2024-2025,14,HASKELL COUNTY,Grade 3,52
2024-2025,14,HASKELL COUNTY,Grade 4,59
2024-2025,14,HASKELL COUNTY,Grade 5,50
2024-2025,14,HASKELL COUNTY,Grade 6,52
2024-2025,14,HASKELL COUNTY,Grade 7,61
2024-2025,14,HASKELL COUNTY,Grade 8,52
2024-2025,14,HASKELL COUNTY,Grade 9,58
2024-2025,14,HASKELL COUNTY,Grade 10,63
2024-2025,14,HASKELL COUNTY,Grade 11,68
2024-2025,14,HASKELL COUNTY,Grade 12,42
2024-2025,13,HAYS COUNTY,Early Education,255
2024-2025,13,HAYS COUNTY,Pre-kindergarten,1686
2024-2025,13,HAYS COUNTY,Kindergarten,2942
2024-2025,13,HAYS COUNTY,Grade 1,3197
2024-2025,13,HAYS COUNTY,Grade 2,3203
2024-2025,13,HAYS COUNTY,Grade 3,3322
2024-2025,13,HAYS COUNTY,Grade 4,3352
2024-2025,13,HAYS COUNTY,Grade 5,3278
2024-2025,13,HAYS COUNTY,Grade 6,3339
2024-2025,13,HAYS COUNTY,Grade 7,3312
2024-2025,13,HAYS COUNTY,Grade 8,3407
2024-2025,13,HAYS COUNTY,Grade 9,3712
2024-2025,13,HAYS COUNTY,Grade 10,3584
2024-2025,13,HAYS COUNTY,Grade 11,3279
2024-2025,13,HAYS COUNTY,Grade 12,3051
2024-2025,16,HEMPHILL COUNTY,Early Education,2
2024-2025,16,HEMPHILL COUNTY,Pre-kindergarten,29
2024-2025,16,HEMPHILL COUNTY,Kindergarten,48
2024-2025,16,HEMPHILL COUNTY,Grade 1,49
2024-2025,16,HEMPHILL COUNTY,Grade 2,37
2024-2025,16,HEMPHILL COUNTY,Grade 3,54
2024-2025,16,HEMPHILL COUNTY,Grade 4,55
2024-2025,16,HEMPHILL COUNTY,Grade 5,44
2024-2025,16,HEMPHILL COUNTY,Grade 6,44
2024-2025,16,HEMPHILL COUNTY,Grade 7,59
2024-2025,16,HEMPHILL COUNTY,Grade 8,54
2024-2025,16,HEMPHILL COUNTY,Grade 9,70
2024-2025,16,HEMPHILL COUNTY,Grade 10,60
2024-2025,16,HEMPHILL COUNTY,Grade 11,76
2024-2025,16,HEMPHILL COUNTY,Grade 12,77
2024-2025,7,HENDERSON COUNTY,Early Education,30
2024-2025,10,HENDERSON COUNTY,Early Education,1
2024-2025,7,HENDERSON COUNTY,Pre-kindergarten,294
2024-2025,10,HENDERSON COUNTY,Pre-kindergarten,217
2024-2025,7,HENDERSON COUNTY,Kindergarten,508
2024-2025,10,HENDERSON COUNTY,Kindergarten,205
2024-2025,7,HENDERSON COUNTY,Grade 1,508
2024-2025,10,HENDERSON COUNTY,Grade 1,219
2024-2025,7,HENDERSON COUNTY,Grade 2,522
2024-2025,10,HENDERSON COUNTY,Grade 2,236
2024-2025,7,HENDERSON COUNTY,Grade 3,548
2024-2025,10,HENDERSON COUNTY,Grade 3,190
2024-2025,7,HENDERSON COUNTY,Grade 4,536
2024-2025,10,HENDERSON COUNTY,Grade 4,198
2024-2025,7,HENDERSON COUNTY,Grade 5,526
2024-2025,10,HENDERSON COUNTY,Grade 5,224
2024-2025,7,HENDERSON COUNTY,Grade 6,531
2024-2025,10,HENDERSON COUNTY,Grade 6,207
2024-2025,7,HENDERSON COUNTY,Grade 7,545
2024-2025,10,HENDERSON COUNTY,Grade 7,226
2024-2025,7,HENDERSON COUNTY,Grade 8,555
2024-2025,10,HENDERSON COUNTY,Grade 8,227
2024-2025,7,HENDERSON COUNTY,Grade 9,533
2024-2025,10,HENDERSON COUNTY,Grade 9,242
2024-2025,7,HENDERSON COUNTY,Grade 10,551
2024-2025,10,HENDERSON COUNTY,Grade 10,235
2024-2025,7,HENDERSON COUNTY,Grade 11,511
2024-2025,10,HENDERSON COUNTY,Grade 11,182
2024-2025,7,HENDERSON COUNTY,Grade 12,463
2024-2025,10,HENDERSON COUNTY,Grade 12,220
2024-2025,1,HIDALGO COUNTY,Early Education,195
2024-2025,1,HIDALGO COUNTY,Pre-kindergarten,16780
2024-2025,1,HIDALGO COUNTY,Kindergarten,16551
2024-2025,1,HIDALGO COUNTY,Grade 1,17832
2024-2025,1,HIDALGO COUNTY,Grade 2,19032
2024-2025,1,HIDALGO COUNTY,Grade 3,19711
2024-2025,1,HIDALGO COUNTY,Grade 4,20146
2024-2025,1,HIDALGO COUNTY,Grade 5,19996
2024-2025,1,HIDALGO COUNTY,Grade 6,19853
2024-2025,1,HIDALGO COUNTY,Grade 7,20131
2024-2025,1,HIDALGO COUNTY,Grade 8,20047
2024-2025,1,HIDALGO COUNTY,Grade 9,21078
2024-2025,1,HIDALGO COUNTY,Grade 10,19470
2024-2025,1,HIDALGO COUNTY,Grade 11,17614
2024-2025,1,HIDALGO COUNTY,Grade 12,16188
2024-2025,12,HILL COUNTY,Early Education,28
2024-2025,12,HILL COUNTY,Pre-kindergarten,354
2024-2025,12,HILL COUNTY,Kindergarten,439
2024-2025,12,HILL COUNTY,Grade 1,413
2024-2025,12,HILL COUNTY,Grade 2,463
2024-2025,12,HILL COUNTY,Grade 3,431
2024-2025,12,HILL COUNTY,Grade 4,455
2024-2025,12,HILL COUNTY,Grade 5,489
2024-2025,12,HILL COUNTY,Grade 6,466
2024-2025,12,HILL COUNTY,Grade 7,470
2024-2025,12,HILL COUNTY,Grade 8,496
2024-2025,12,HILL COUNTY,Grade 9,500
2024-2025,12,HILL COUNTY,Grade 10,492
2024-2025,12,HILL COUNTY,Grade 11,464
2024-2025,12,HILL COUNTY,Grade 12,470
2024-2025,17,HOCKLEY COUNTY,Early Education,37
2024-2025,17,HOCKLEY COUNTY,Pre-kindergarten,280
2024-2025,17,HOCKLEY COUNTY,Kindergarten,323
2024-2025,17,HOCKLEY COUNTY,Grade 1,306
2024-2025,17,HOCKLEY COUNTY,Grade 2,310
2024-2025,17,HOCKLEY COUNTY,Grade 3,322
2024-2025,17,HOCKLEY COUNTY,Grade 4,304
2024-2025,17,HOCKLEY COUNTY,Grade 5,330
2024-2025,17,HOCKLEY COUNTY,Grade 6,314
2024-2025,17,HOCKLEY COUNTY,Grade 7,335
2024-2025,17,HOCKLEY COUNTY,Grade 8,349
2024-2025,17,HOCKLEY COUNTY,Grade 9,340
2024-2025,17,HOCKLEY COUNTY,Grade 10,350
2024-2025,17,HOCKLEY COUNTY,Grade 11,366
2024-2025,17,HOCKLEY COUNTY,Grade 12,318
2024-2025,11,HOOD COUNTY,Early Education,60
2024-2025,11,HOOD COUNTY,Pre-kindergarten,364
2024-2025,11,HOOD COUNTY,Kindergarten,609
2024-2025,11,HOOD COUNTY,Grade 1,594
2024-2025,11,HOOD COUNTY,Grade 2,695
2024-2025,11,HOOD COUNTY,Grade 3,763
2024-2025,11,HOOD COUNTY,Grade 4,722
2024-2025,11,HOOD COUNTY,Grade 5,715
2024-2025,11,HOOD COUNTY,Grade 6,764
2024-2025,11,HOOD COUNTY,Grade 7,634
2024-2025,11,HOOD COUNTY,Grade 8,738
2024-2025,11,HOOD COUNTY,Grade 9,742
2024-2025,11,HOOD COUNTY,Grade 10,736
2024-2025,11,HOOD COUNTY,Grade 11,670
2024-2025,11,HOOD COUNTY,Grade 12,565
2024-2025,8,HOPKINS COUNTY,Early Education,79
2024-2025,8,HOPKINS COUNTY,Pre-kindergarten,327
2024-2025,8,HOPKINS COUNTY,Kindergarten,461
2024-2025,8,HOPKINS COUNTY,Grade 1,435
2024-2025,8,HOPKINS COUNTY,Grade 2,478
2024-2025,8,HOPKINS COUNTY,Grade 3,467
2024-2025,8,HOPKINS COUNTY,Grade 4,482
2024-2025,8,HOPKINS COUNTY,Grade 5,474
2024-2025,8,HOPKINS COUNTY,Grade 6,478
2024-2025,8,HOPKINS COUNTY,Grade 7,514
2024-2025,8,HOPKINS COUNTY,Grade 8,510
2024-2025,8,HOPKINS COUNTY,Grade 9,520
2024-2025,8,HOPKINS COUNTY,Grade 10,519
2024-2025,8,HOPKINS COUNTY,Grade 11,513
2024-2025,8,HOPKINS COUNTY,Grade 12,456
2024-2025,6,HOUSTON COUNTY,Early Education,28
2024-2025,6,HOUSTON COUNTY,Pre-kindergarten,180
2024-2025,6,HOUSTON COUNTY,Kindergarten,195
2024-2025,6,HOUSTON COUNTY,Grade 1,200
2024-2025,6,HOUSTON COUNTY,Grade 2,229
2024-2025,6,HOUSTON COUNTY,Grade 3,236
2024-2025,6,HOUSTON COUNTY,Grade 4,208
2024-2025,6,HOUSTON COUNTY,Grade 5,213
2024-2025,6,HOUSTON COUNTY,Grade 6,205
2024-2025,6,HOUSTON COUNTY,Grade 7,205
2024-2025,6,HOUSTON COUNTY,Grade 8,231
2024-2025,6,HOUSTON COUNTY,Grade 9,243
2024-2025,6,HOUSTON COUNTY,Grade 10,247
2024-2025,6,HOUSTON COUNTY,Grade 11,228
2024-2025,6,HOUSTON COUNTY,Grade 12,190
2024-2025,18,HOWARD COUNTY,Early Education,37
2024-2025,18,HOWARD COUNTY,Pre-kindergarten,118
2024-2025,18,HOWARD COUNTY,Kindergarten,387
2024-2025,18,HOWARD COUNTY,Grade 1,391
2024-2025,18,HOWARD COUNTY,Grade 2,395
2024-2025,18,HOWARD COUNTY,Grade 3,418
2024-2025,18,HOWARD COUNTY,Grade 4,359
2024-2025,18,HOWARD COUNTY,Grade 5,427
2024-2025,18,HOWARD COUNTY,Grade 6,370
2024-2025,18,HOWARD COUNTY,Grade 7,375
2024-2025,18,HOWARD COUNTY,Grade 8,378
2024-2025,18,HOWARD COUNTY,Grade 9,386
2024-2025,18,HOWARD COUNTY,Grade 10,397
2024-2025,18,HOWARD COUNTY,Grade 11,351
2024-2025,18,HOWARD COUNTY,Grade 12,366
2024-2025,19,HUDSPETH COUNTY,Early Education,2
2024-2025,19,HUDSPETH COUNTY,Pre-kindergarten,30
2024-2025,19,HUDSPETH COUNTY,Kindergarten,49
2024-2025,19,HUDSPETH COUNTY,Grade 1,33
2024-2025,19,HUDSPETH COUNTY,Grade 2,37
2024-2025,19,HUDSPETH COUNTY,Grade 3,46
2024-2025,19,HUDSPETH COUNTY,Grade 4,43
2024-2025,19,HUDSPETH COUNTY,Grade 5,39
2024-2025,19,HUDSPETH COUNTY,Grade 6,42
2024-2025,19,HUDSPETH COUNTY,Grade 7,36
2024-2025,19,HUDSPETH COUNTY,Grade 8,44
2024-2025,19,HUDSPETH COUNTY,Grade 9,48
2024-2025,19,HUDSPETH COUNTY,Grade 10,49
2024-2025,19,HUDSPETH COUNTY,Grade 11,33
2024-2025,19,HUDSPETH COUNTY,Grade 12,35
2024-2025,10,HUNT COUNTY,Early Education,47
2024-2025,10,HUNT COUNTY,Pre-kindergarten,871
2024-2025,10,HUNT COUNTY,Kindergarten,1210
2024-2025,10,HUNT COUNTY,Grade 1,1221
2024-2025,10,HUNT COUNTY,Grade 2,1334
2024-2025,10,HUNT COUNTY,Grade 3,1257
2024-2025,10,HUNT COUNTY,Grade 4,1276
2024-2025,10,HUNT COUNTY,Grade 5,1259
2024-2025,10,HUNT COUNTY,Grade 6,1222
2024-2025,10,HUNT COUNTY,Grade 7,1204
2024-2025,10,HUNT COUNTY,Grade 8,1262
2024-2025,10,HUNT COUNTY,Grade 9,1275
2024-2025,10,HUNT COUNTY,Grade 10,1339
2024-2025,10,HUNT COUNTY,Grade 11,1189
2024-2025,10,HUNT COUNTY,Grade 12,1096
2024-2025,16,HUTCHINSON COUNTY,Early Education,18
2024-2025,16,HUTCHINSON COUNTY,Pre-kindergarten,218
2024-2025,16,HUTCHINSON COUNTY,Kindergarten,229
2024-2025,16,HUTCHINSON COUNTY,Grade 1,241
2024-2025,16,HUTCHINSON COUNTY,Grade 2,238
2024-2025,16,HUTCHINSON COUNTY,Grade 3,268
2024-2025,16,HUTCHINSON COUNTY,Grade 4,260
2024-2025,16,HUTCHINSON COUNTY,Grade 5,273
2024-2025,16,HUTCHINSON COUNTY,Grade 6,260
2024-2025,16,HUTCHINSON COUNTY,Grade 7,295
2024-2025,16,HUTCHINSON COUNTY,Grade 8,238
2024-2025,16,HUTCHINSON COUNTY,Grade 9,261
2024-2025,16,HUTCHINSON COUNTY,Grade 10,291
2024-2025,16,HUTCHINSON COUNTY,Grade 11,258
2024-2025,16,HUTCHINSON COUNTY,Grade 12,287
2024-2025,15,IRION COUNTY,Early Education,1
2024-2025,15,IRION COUNTY,Pre-kindergarten,35
2024-2025,15,IRION COUNTY,Kindergarten,23
2024-2025,15,IRION COUNTY,Grade 1,27
2024-2025,15,IRION COUNTY,Grade 2,24
2024-2025,15,IRION COUNTY,Grade 3,22
2024-2025,15,IRION COUNTY,Grade 4,21
2024-2025,15,IRION COUNTY,Grade 5,27
2024-2025,15,IRION COUNTY,Grade 6,20
2024-2025,15,IRION COUNTY,Grade 7,24
2024-2025,15,IRION COUNTY,Grade 8,24
2024-2025,15,IRION COUNTY,Grade 9,24
2024-2025,15,IRION COUNTY,Grade 10,19
2024-2025,15,IRION COUNTY,Grade 11,22
2024-2025,15,IRION COUNTY,Grade 12,21
2024-2025,9,JACK COUNTY,Early Education,6
2024-2025,9,JACK COUNTY,Pre-kindergarten,57
2024-2025,9,JACK COUNTY,Kindergarten,83
2024-2025,9,JACK COUNTY,Grade 1,117
2024-2025,9,JACK COUNTY,Grade 2,106
2024-2025,9,JACK COUNTY,Grade 3,107
2024-2025,9,JACK COUNTY,Grade 4,120
2024-2025,9,JACK COUNTY,Grade 5,112
2024-2025,9,JACK COUNTY,Grade 6,125
2024-2025,9,JACK COUNTY,Grade 7,142
2024-2025,9,JACK COUNTY,Grade 8,139
2024-2025,9,JACK COUNTY,Grade 9,112
2024-2025,9,JACK COUNTY,Grade 10,130
2024-2025,9,JACK COUNTY,Grade 11,117
2024-2025,9,JACK COUNTY,Grade 12,140
2024-2025,3,JACKSON COUNTY,Early Education,16
2024-2025,3,JACKSON COUNTY,Pre-kindergarten,143
2024-2025,3,JACKSON COUNTY,Kindergarten,256
2024-2025,3,JACKSON COUNTY,Grade 1,236
2024-2025,3,JACKSON COUNTY,Grade 2,251
2024-2025,3,JACKSON COUNTY,Grade 3,237
2024-2025,3,JACKSON COUNTY,Grade 4,241
2024-2025,3,JACKSON COUNTY,Grade 5,248
2024-2025,3,JACKSON COUNTY,Grade 6,255
2024-2025,3,JACKSON COUNTY,Grade 7,243
2024-2025,3,JACKSON COUNTY,Grade 8,236
2024-2025,3,JACKSON COUNTY,Grade 9,291
2024-2025,3,JACKSON COUNTY,Grade 10,245
2024-2025,3,JACKSON COUNTY,Grade 11,258
2024-2025,3,JACKSON COUNTY,Grade 12,243
2024-2025,5,JASPER COUNTY,Early Education,20
2024-2025,5,JASPER COUNTY,Pre-kindergarten,244
2024-2025,5,JASPER COUNTY,Kindergarten,404
2024-2025,5,JASPER COUNTY,Grade 1,426
2024-2025,5,JASPER COUNTY,Grade 2,409
2024-2025,5,JASPER COUNTY,Grade 3,483
2024-2025,5,JASPER COUNTY,Grade 4,432
2024-2025,5,JASPER COUNTY,Grade 5,360
2024-2025,5,JASPER COUNTY,Grade 6,449
2024-2025,5,JASPER COUNTY,Grade 7,443
2024-2025,5,JASPER COUNTY,Grade 8,406
2024-2025,5,JASPER COUNTY,Grade 9,495
2024-2025,5,JASPER COUNTY,Grade 10,428
2024-2025,5,JASPER COUNTY,Grade 11,415
2024-2025,5,JASPER COUNTY,Grade 12,378
2024-2025,18,JEFF DAVIS COUNTY,Early Education,1
2024-2025,18,JEFF DAVIS COUNTY,Pre-kindergarten,320
2024-2025,18,JEFF DAVIS COUNTY,Kindergarten,108
2024-2025,18,JEFF DAVIS COUNTY,Grade 1,80
2024-2025,18,JEFF DAVIS COUNTY,Grade 2,60
2024-2025,18,JEFF DAVIS COUNTY,Grade 3,16
2024-2025,18,JEFF DAVIS COUNTY,Grade 4,9
2024-2025,18,JEFF DAVIS COUNTY,Grade 5,12
2024-2025,18,JEFF DAVIS COUNTY,Grade 6,10
2024-2025,18,JEFF DAVIS COUNTY,Grade 7,16
2024-2025,18,JEFF DAVIS COUNTY,Grade 8,19
2024-2025,18,JEFF DAVIS COUNTY,Grade 9,16
2024-2025,18,JEFF DAVIS COUNTY,Grade 10,18
2024-2025,18,JEFF DAVIS COUNTY,Grade 11,13
2024-2025,18,JEFF DAVIS COUNTY,Grade 12,16
2024-2025,5,JEFFERSON COUNTY,Early Education,436
2024-2025,5,JEFFERSON COUNTY,Pre-kindergarten,2407
2024-2025,5,JEFFERSON COUNTY,Kindergarten,2829
2024-2025,5,JEFFERSON COUNTY,Grade 1,3101
2024-2025,5,JEFFERSON COUNTY,Grade 2,2961
2024-2025,5,JEFFERSON COUNTY,Grade 3,3132
2024-2025,5,JEFFERSON COUNTY,Grade 4,3072
2024-2025,5,JEFFERSON COUNTY,Grade 5,2919
2024-2025,5,JEFFERSON COUNTY,Grade 6,2906
2024-2025,5,JEFFERSON COUNTY,Grade 7,2766
2024-2025,5,JEFFERSON COUNTY,Grade 8,2850
2024-2025,5,JEFFERSON COUNTY,Grade 9,3263
2024-2025,5,JEFFERSON COUNTY,Grade 10,2942
2024-2025,5,JEFFERSON COUNTY,Grade 11,2755
2024-2025,5,JEFFERSON COUNTY,Grade 12,2644
2024-2025,1,JIM HOGG COUNTY,Early Education,5
2024-2025,1,JIM HOGG COUNTY,Pre-kindergarten,30
2024-2025,1,JIM HOGG COUNTY,Kindergarten,53
2024-2025,1,JIM HOGG COUNTY,Grade 1,69
2024-2025,1,JIM HOGG COUNTY,Grade 2,67
2024-2025,1,JIM HOGG COUNTY,Grade 3,75
2024-2025,1,JIM HOGG COUNTY,Grade 4,65
2024-2025,1,JIM HOGG COUNTY,Grade 5,84
2024-2025,1,JIM HOGG COUNTY,Grade 6,71
2024-2025,1,JIM HOGG COUNTY,Grade 7,77
2024-2025,1,JIM HOGG COUNTY,Grade 8,73
2024-2025,1,JIM HOGG COUNTY,Grade 9,62
2024-2025,1,JIM HOGG COUNTY,Grade 10,87
2024-2025,1,JIM HOGG COUNTY,Grade 11,71
2024-2025,1,JIM HOGG COUNTY,Grade 12,78
2024-2025,2,JIM WELLS COUNTY,Early Education,34
2024-2025,2,JIM WELLS COUNTY,Pre-kindergarten,393
2024-2025,2,JIM WELLS COUNTY,Kindergarten,471
2024-2025,2,JIM WELLS COUNTY,Grade 1,525
2024-2025,2,JIM WELLS COUNTY,Grade 2,487
2024-2025,2,JIM WELLS COUNTY,Grade 3,547
2024-2025,2,JIM WELLS COUNTY,Grade 4,565
2024-2025,2,JIM WELLS COUNTY,Grade 5,572
2024-2025,2,JIM WELLS COUNTY,Grade 6,535
2024-2025,2,JIM WELLS COUNTY,Grade 7,512
2024-2025,2,JIM WELLS COUNTY,Grade 8,523
2024-2025,2,JIM WELLS COUNTY,Grade 9,656
2024-2025,2,JIM WELLS COUNTY,Grade 10,545
2024-2025,2,JIM WELLS COUNTY,Grade 11,472
2024-2025,2,JIM WELLS COUNTY,Grade 12,465
2024-2025,11,JOHNSON COUNTY,Early Education,178
2024-2025,11,JOHNSON COUNTY,Pre-kindergarten,1246
2024-2025,11,JOHNSON COUNTY,Kindergarten,2591
2024-2025,11,JOHNSON COUNTY,Grade 1,2704
2024-2025,11,JOHNSON COUNTY,Grade 2,2765
2024-2025,11,JOHNSON COUNTY,Grade 3,2822
2024-2025,11,JOHNSON COUNTY,Grade 4,2838
2024-2025,11,JOHNSON COUNTY,Grade 5,2834
2024-2025,11,JOHNSON COUNTY,Grade 6,2851
2024-2025,11,JOHNSON COUNTY,Grade 7,2900
2024-2025,11,JOHNSON COUNTY,Grade 8,2965
2024-2025,11,JOHNSON COUNTY,Grade 9,3236
2024-2025,11,JOHNSON COUNTY,Grade 10,3098
2024-2025,11,JOHNSON COUNTY,Grade 11,2786
2024-2025,11,JOHNSON COUNTY,Grade 12,2638
2024-2025,14,JONES COUNTY,Early Education,20
2024-2025,14,JONES COUNTY,Pre-kindergarten,169
2024-2025,14,JONES COUNTY,Kindergarten,177
2024-2025,14,JONES COUNTY,Grade 1,176
2024-2025,14,JONES COUNTY,Grade 2,178
2024-2025,14,JONES COUNTY,Grade 3,192
2024-2025,14,JONES COUNTY,Grade 4,172
2024-2025,14,JONES COUNTY,Grade 5,173
2024-2025,14,JONES COUNTY,Grade 6,217
2024-2025,14,JONES COUNTY,Grade 7,179
2024-2025,14,JONES COUNTY,Grade 8,163
2024-2025,14,JONES COUNTY,Grade 9,210
2024-2025,14,JONES COUNTY,Grade 10,191
2024-2025,14,JONES COUNTY,Grade 11,163
2024-2025,14,JONES COUNTY,Grade 12,192
2024-2025,3,KARNES COUNTY,Early Education,3
2024-2025,20,KARNES COUNTY,Early Education,9
2024-2025,3,KARNES COUNTY,Pre-kindergarten,70
2024-2025,20,KARNES COUNTY,Pre-kindergarten,82
2024-2025,3,KARNES COUNTY,Kindergarten,57
2024-2025,20,KARNES COUNTY,Kindergarten,103
2024-2025,3,KARNES COUNTY,Grade 1,65
2024-2025,20,KARNES COUNTY,Grade 1,99
2024-2025,3,KARNES COUNTY,Grade 2,73
2024-2025,20,KARNES COUNTY,Grade 2,105
2024-2025,3,KARNES COUNTY,Grade 3,65
2024-2025,20,KARNES COUNTY,Grade 3,116
2024-2025,3,KARNES COUNTY,Grade 4,71
2024-2025,20,KARNES COUNTY,Grade 4,101
2024-2025,3,KARNES COUNTY,Grade 5,74
2024-2025,20,KARNES COUNTY,Grade 5,114
2024-2025,3,KARNES COUNTY,Grade 6,56
2024-2025,20,KARNES COUNTY,Grade 6,94
2024-2025,3,KARNES COUNTY,Grade 7,59
2024-2025,20,KARNES COUNTY,Grade 7,116
2024-2025,3,KARNES COUNTY,Grade 8,62
2024-2025,20,KARNES COUNTY,Grade 8,120
2024-2025,3,KARNES COUNTY,Grade 9,61
2024-2025,20,KARNES COUNTY,Grade 9,88
2024-2025,3,KARNES COUNTY,Grade 10,67
2024-2025,20,KARNES COUNTY,Grade 10,99
2024-2025,3,KARNES COUNTY,Grade 11,74
2024-2025,20,KARNES COUNTY,Grade 11,114
2024-2025,3,KARNES COUNTY,Grade 12,63
2024-2025,20,KARNES COUNTY,Grade 12,103
2024-2025,10,KAUFMAN COUNTY,Early Education,247
2024-2025,10,KAUFMAN COUNTY,Pre-kindergarten,1735
2024-2025,10,KAUFMAN COUNTY,Kindergarten,2878
2024-2025,10,KAUFMAN COUNTY,Grade 1,3001
2024-2025,10,KAUFMAN COUNTY,Grade 2,3014
2024-2025,10,KAUFMAN COUNTY,Grade 3,3144
2024-2025,10,KAUFMAN COUNTY,Grade 4,3161
2024-2025,10,KAUFMAN COUNTY,Grade 5,3170
2024-2025,10,KAUFMAN COUNTY,Grade 6,3185
2024-2025,10,KAUFMAN COUNTY,Grade 7,3142
2024-2025,10,KAUFMAN COUNTY,Grade 8,3150
2024-2025,10,KAUFMAN COUNTY,Grade 9,3387
2024-2025,10,KAUFMAN COUNTY,Grade 10,3321
2024-2025,10,KAUFMAN COUNTY,Grade 11,2990
2024-2025,10,KAUFMAN COUNTY,Grade 12,2738
2024-2025,20,KENDALL COUNTY,Early Education,76
2024-2025,20,KENDALL COUNTY,Pre-kindergarten,256
2024-2025,20,KENDALL COUNTY,Kindergarten,750
2024-2025,20,KENDALL COUNTY,Grade 1,784
2024-2025,20,KENDALL COUNTY,Grade 2,894
2024-2025,20,KENDALL COUNTY,Grade 3,924
2024-2025,20,KENDALL COUNTY,Grade 4,863
2024-2025,20,KENDALL COUNTY,Grade 5,939
2024-2025,20,KENDALL COUNTY,Grade 6,868
2024-2025,20,KENDALL COUNTY,Grade 7,1007
2024-2025,20,KENDALL COUNTY,Grade 8,907
2024-2025,20,KENDALL COUNTY,Grade 9,1012
2024-2025,20,KENDALL COUNTY,Grade 10,1057
2024-2025,20,KENDALL COUNTY,Grade 11,988
2024-2025,20,KENDALL COUNTY,Grade 12,893
2024-2025,2,KENEDY COUNTY,Pre-kindergarten,41
2024-2025,2,KENEDY COUNTY,Kindergarten,13
2024-2025,2,KENEDY COUNTY,Grade 1,14
2024-2025,2,KENEDY COUNTY,Grade 2,14
2024-2025,2,KENEDY COUNTY,Grade 3,12
2024-2025,2,KENEDY COUNTY,Grade 4,9
2024-2025,2,KENEDY COUNTY,Grade 5,12
2024-2025,2,KENEDY COUNTY,Grade 6,11
2024-2025,17,KENT COUNTY,Pre-kindergarten,3
2024-2025,17,KENT COUNTY,Kindergarten,6
2024-2025,17,KENT COUNTY,Grade 1,10
2024-2025,17,KENT COUNTY,Grade 2,10
2024-2025,17,KENT COUNTY,Grade 3,13
2024-2025,17,KENT COUNTY,Grade 4,13
2024-2025,17,KENT COUNTY,Grade 5,18
2024-2025,17,KENT COUNTY,Grade 6,14
2024-2025,17,KENT COUNTY,Grade 7,11
2024-2025,17,KENT COUNTY,Grade 8,19
2024-2025,17,KENT COUNTY,Grade 9,12
2024-2025,17,KENT COUNTY,Grade 10,13
2024-2025,17,KENT COUNTY,Grade 11,15
2024-2025,17,KENT COUNTY,Grade 12,12
2024-2025,20,KERR COUNTY,Early Education,32
2024-2025,15,KERR COUNTY,Pre-kindergarten,5
2024-2025,20,KERR COUNTY,Pre-kindergarten,282
2024-2025,15,KERR COUNTY,Kindergarten,5
2024-2025,20,KERR COUNTY,Kindergarten,439
2024-2025,15,KERR COUNTY,Grade 1,6
2024-2025,20,KERR COUNTY,Grade 1,519
2024-2025,15,KERR COUNTY,Grade 2,4
2024-2025,20,KERR COUNTY,Grade 2,495
2024-2025,15,KERR COUNTY,Grade 3,5
2024-2025,20,KERR COUNTY,Grade 3,484
2024-2025,15,KERR COUNTY,Grade 4,3
2024-2025,20,KERR COUNTY,Grade 4,514
2024-2025,15,KERR COUNTY,Grade 5,4
2024-2025,20,KERR COUNTY,Grade 5,477
2024-2025,15,KERR COUNTY,Grade 6,3
2024-2025,20,KERR COUNTY,Grade 6,485
2024-2025,20,KERR COUNTY,Grade 7,467
2024-2025,20,KERR COUNTY,Grade 8,479
2024-2025,20,KERR COUNTY,Grade 9,576
2024-2025,20,KERR COUNTY,Grade 10,477
2024-2025,20,KERR COUNTY,Grade 11,475
2024-2025,20,KERR COUNTY,Grade 12,480
2024-2025,15,KIMBLE COUNTY,Early Education,1
2024-2025,15,KIMBLE COUNTY,Pre-kindergarten,38
2024-2025,15,KIMBLE COUNTY,Kindergarten,43
2024-2025,15,KIMBLE COUNTY,Grade 1,36
2024-2025,15,KIMBLE COUNTY,Grade 2,42
2024-2025,15,KIMBLE COUNTY,Grade 3,40
2024-2025,15,KIMBLE COUNTY,Grade 4,47
2024-2025,15,KIMBLE COUNTY,Grade 5,47
2024-2025,15,KIMBLE COUNTY,Grade 6,41
2024-2025,15,KIMBLE COUNTY,Grade 7,42
2024-2025,15,KIMBLE COUNTY,Grade 8,35
2024-2025,15,KIMBLE COUNTY,Grade 9,34
2024-2025,15,KIMBLE COUNTY,Grade 10,48
2024-2025,15,KIMBLE COUNTY,Grade 11,50
2024-2025,15,KIMBLE COUNTY,Grade 12,45
2024-2025,17,KING COUNTY,Pre-kindergarten,1
2024-2025,17,KING COUNTY,Kindergarten,5
2024-2025,17,KING COUNTY,Grade 1,5
2024-2025,17,KING COUNTY,Grade 2,9
2024-2025,17,KING COUNTY,Grade 3,9
2024-2025,17,KING COUNTY,Grade 4,10
2024-2025,17,KING COUNTY,Grade 5,4
2024-2025,17,KING COUNTY,Grade 6,4
2024-2025,17,KING COUNTY,Grade 7,12
2024-2025,17,KING COUNTY,Grade 8,12
2024-2025,17,KING COUNTY,Grade 9,2
2024-2025,17,KING COUNTY,Grade 10,9
2024-2025,17,KING COUNTY,Grade 11,9
2024-2025,17,KING COUNTY,Grade 12,2
2024-2025,20,KINNEY COUNTY,Early Education,2
2024-2025,20,KINNEY COUNTY,Pre-kindergarten,20
2024-2025,20,KINNEY COUNTY,Kindergarten,32
2024-2025,20,KINNEY COUNTY,Grade 1,43
2024-2025,20,KINNEY COUNTY,Grade 2,29
2024-2025,20,KINNEY COUNTY,Grade 3,40
2024-2025,20,KINNEY COUNTY,Grade 4,40
2024-2025,20,KINNEY COUNTY,Grade 5,38
2024-2025,20,KINNEY COUNTY,Grade 6,38
2024-2025,20,KINNEY COUNTY,Grade 7,41
2024-2025,20,KINNEY COUNTY,Grade 8,33
2024-2025,20,KINNEY COUNTY,Grade 9,41
2024-2025,20,KINNEY COUNTY,Grade 10,43
2024-2025,20,KINNEY COUNTY,Grade 11,43
2024-2025,20,KINNEY COUNTY,Grade 12,38
2024-2025,2,KLEBERG COUNTY,Early Education,19
2024-2025,2,KLEBERG COUNTY,Pre-kindergarten,193
2024-2025,2,KLEBERG COUNTY,Kindergarten,292
2024-2025,2,KLEBERG COUNTY,Grade 1,299
2024-2025,2,KLEBERG COUNTY,Grade 2,296
2024-2025,2,KLEBERG COUNTY,Grade 3,298
2024-2025,2,KLEBERG COUNTY,Grade 4,310
2024-2025,2,KLEBERG COUNTY,Grade 5,326
2024-2025,2,KLEBERG COUNTY,Grade 6,305
2024-2025,2,KLEBERG COUNTY,Grade 7,319
2024-2025,2,KLEBERG COUNTY,Grade 8,295
2024-2025,2,KLEBERG COUNTY,Grade 9,414
2024-2025,2,KLEBERG COUNTY,Grade 10,365
2024-2025,2,KLEBERG COUNTY,Grade 11,377
2024-2025,2,KLEBERG COUNTY,Grade 12,336
2024-2025,9,KNOX COUNTY,Early Education,11
2024-2025,9,KNOX COUNTY,Pre-kindergarten,63
2024-2025,9,KNOX COUNTY,Kindergarten,49
2024-2025,9,KNOX COUNTY,Grade 1,39
2024-2025,9,KNOX COUNTY,Grade 2,39
2024-2025,9,KNOX COUNTY,Grade 3,51
2024-2025,9,KNOX COUNTY,Grade 4,52
2024-2025,9,KNOX COUNTY,Grade 5,41
2024-2025,9,KNOX COUNTY,Grade 6,40
2024-2025,9,KNOX COUNTY,Grade 7,50
2024-2025,9,KNOX COUNTY,Grade 8,48
2024-2025,9,KNOX COUNTY,Grade 9,64
2024-2025,9,KNOX COUNTY,Grade 10,56
2024-2025,9,KNOX COUNTY,Grade 11,55
2024-2025,9,KNOX COUNTY,Grade 12,52
2024-2025,20,LA SALLE COUNTY,Early Education,9
2024-2025,20,LA SALLE COUNTY,Pre-kindergarten,64
2024-2025,20,LA SALLE COUNTY,Kindergarten,69
2024-2025,20,LA SALLE COUNTY,Grade 1,82
2024-2025,20,LA SALLE COUNTY,Grade 2,60
2024-2025,20,LA SALLE COUNTY,Grade 3,87
2024-2025,20,LA SALLE COUNTY,Grade 4,84
2024-2025,20,LA SALLE COUNTY,Grade 5,87
2024-2025,20,LA SALLE COUNTY,Grade 6,87
2024-2025,20,LA SALLE COUNTY,Grade 7,89
2024-2025,20,LA SALLE COUNTY,Grade 8,83
2024-2025,20,LA SALLE COUNTY,Grade 9,103
2024-2025,20,LA SALLE COUNTY,Grade 10,89
2024-2025,20,LA SALLE COUNTY,Grade 11,82
2024-2025,20,LA SALLE COUNTY,Grade 12,82
2024-2025,8,LAMAR COUNTY,Early Education,30
2024-2025,8,LAMAR COUNTY,Pre-kindergarten,503
2024-2025,8,LAMAR COUNTY,Kindergarten,592
2024-2025,8,LAMAR COUNTY,Grade 1,602
2024-2025,8,LAMAR COUNTY,Grade 2,672
2024-2025,8,LAMAR COUNTY,Grade 3,611
2024-2025,8,LAMAR COUNTY,Grade 4,657
2024-2025,8,LAMAR COUNTY,Grade 5,683
2024-2025,8,LAMAR COUNTY,Grade 6,606
2024-2025,8,LAMAR COUNTY,Grade 7,646
2024-2025,8,LAMAR COUNTY,Grade 8,614
2024-2025,8,LAMAR COUNTY,Grade 9,653
2024-2025,8,LAMAR COUNTY,Grade 10,567
2024-2025,8,LAMAR COUNTY,Grade 11,570
2024-2025,8,LAMAR COUNTY,Grade 12,510
2024-2025,17,LAMB COUNTY,Early Education,9
2024-2025,17,LAMB COUNTY,Pre-kindergarten,175
2024-2025,17,LAMB COUNTY,Kindergarten,161
2024-2025,17,LAMB COUNTY,Grade 1,155
2024-2025,17,LAMB COUNTY,Grade 2,182
2024-2025,17,LAMB COUNTY,Grade 3,192
2024-2025,17,LAMB COUNTY,Grade 4,180
2024-2025,17,LAMB COUNTY,Grade 5,157
2024-2025,17,LAMB COUNTY,Grade 6,190
2024-2025,17,LAMB COUNTY,Grade 7,213
2024-2025,17,LAMB COUNTY,Grade 8,184
2024-2025,17,LAMB COUNTY,Grade 9,218
2024-2025,17,LAMB COUNTY,Grade 10,209
2024-2025,17,LAMB COUNTY,Grade 11,211
2024-2025,17,LAMB COUNTY,Grade 12,194
2024-2025,12,LAMPASAS COUNTY,Early Education,18
2024-2025,12,LAMPASAS COUNTY,Pre-kindergarten,143
2024-2025,12,LAMPASAS COUNTY,Kindergarten,254
2024-2025,12,LAMPASAS COUNTY,Grade 1,276
2024-2025,12,LAMPASAS COUNTY,Grade 2,288
2024-2025,12,LAMPASAS COUNTY,Grade 3,297
2024-2025,12,LAMPASAS COUNTY,Grade 4,288
2024-2025,12,LAMPASAS COUNTY,Grade 5,282
2024-2025,12,LAMPASAS COUNTY,Grade 6,278
2024-2025,12,LAMPASAS COUNTY,Grade 7,296
2024-2025,12,LAMPASAS COUNTY,Grade 8,303
2024-2025,12,LAMPASAS COUNTY,Grade 9,301
2024-2025,12,LAMPASAS COUNTY,Grade 10,311
2024-2025,12,LAMPASAS COUNTY,Grade 11,336
2024-2025,12,LAMPASAS COUNTY,Grade 12,285
2024-2025,3,LAVACA COUNTY,Early Education,10
2024-2025,3,LAVACA COUNTY,Pre-kindergarten,132
2024-2025,3,LAVACA COUNTY,Kindergarten,198
2024-2025,3,LAVACA COUNTY,Grade 1,173
2024-2025,3,LAVACA COUNTY,Grade 2,189
2024-2025,3,LAVACA COUNTY,Grade 3,190
2024-2025,3,LAVACA COUNTY,Grade 4,201
2024-2025,3,LAVACA COUNTY,Grade 5,190
2024-2025,3,LAVACA COUNTY,Grade 6,192
2024-2025,3,LAVACA COUNTY,Grade 7,185
2024-2025,3,LAVACA COUNTY,Grade 8,163
2024-2025,3,LAVACA COUNTY,Grade 9,184
2024-2025,3,LAVACA COUNTY,Grade 10,172
2024-2025,3,LAVACA COUNTY,Grade 11,193
2024-2025,3,LAVACA COUNTY,Grade 12,175
2024-2025,13,LEE COUNTY,Early Education,24
2024-2025,13,LEE COUNTY,Pre-kindergarten,114
2024-2025,13,LEE COUNTY,Kindergarten,180
2024-2025,13,LEE COUNTY,Grade 1,205
2024-2025,13,LEE COUNTY,Grade 2,204
2024-2025,13,LEE COUNTY,Grade 3,249
2024-2025,13,LEE COUNTY,Grade 4,229
2024-2025,13,LEE COUNTY,Grade 5,223
2024-2025,13,LEE COUNTY,Grade 6,247
2024-2025,13,LEE COUNTY,Grade 7,206
2024-2025,13,LEE COUNTY,Grade 8,193
2024-2025,13,LEE COUNTY,Grade 9,272
2024-2025,13,LEE COUNTY,Grade 10,267
2024-2025,13,LEE COUNTY,Grade 11,240
2024-2025,13,LEE COUNTY,Grade 12,255
2024-2025,6,LEON COUNTY,Early Education,3
2024-2025,6,LEON COUNTY,Pre-kindergarten,205
2024-2025,6,LEON COUNTY,Kindergarten,208
2024-2025,6,LEON COUNTY,Grade 1,233
2024-2025,6,LEON COUNTY,Grade 2,220
2024-2025,6,LEON COUNTY,Grade 3,247
2024-2025,6,LEON COUNTY,Grade 4,236
2024-2025,6,LEON COUNTY,Grade 5,225
2024-2025,6,LEON COUNTY,Grade 6,241
2024-2025,6,LEON COUNTY,Grade 7,271
2024-2025,6,LEON COUNTY,Grade 8,231
2024-2025,6,LEON COUNTY,Grade 9,279
2024-2025,6,LEON COUNTY,Grade 10,232
2024-2025,6,LEON COUNTY,Grade 11,251
2024-2025,6,LEON COUNTY,Grade 12,204
2024-2025,4,LIBERTY COUNTY,Early Education,97
2024-2025,5,LIBERTY COUNTY,Early Education,19
2024-2025,4,LIBERTY COUNTY,Pre-kindergarten,948
2024-2025,5,LIBERTY COUNTY,Pre-kindergarten,205
2024-2025,4,LIBERTY COUNTY,Kindergarten,1423
2024-2025,5,LIBERTY COUNTY,Kindergarten,250
2024-2025,4,LIBERTY COUNTY,Grade 1,1354
2024-2025,5,LIBERTY COUNTY,Grade 1,292
2024-2025,4,LIBERTY COUNTY,Grade 2,1431
2024-2025,5,LIBERTY COUNTY,Grade 2,287
2024-2025,4,LIBERTY COUNTY,Grade 3,1494
2024-2025,5,LIBERTY COUNTY,Grade 3,282
2024-2025,4,LIBERTY COUNTY,Grade 4,1527
2024-2025,5,LIBERTY COUNTY,Grade 4,280
2024-2025,4,LIBERTY COUNTY,Grade 5,1586
2024-2025,5,LIBERTY COUNTY,Grade 5,312
2024-2025,4,LIBERTY COUNTY,Grade 6,1441
2024-2025,5,LIBERTY COUNTY,Grade 6,322
2024-2025,4,LIBERTY COUNTY,Grade 7,1422
2024-2025,5,LIBERTY COUNTY,Grade 7,288
2024-2025,4,LIBERTY COUNTY,Grade 8,1480
2024-2025,5,LIBERTY COUNTY,Grade 8,318
2024-2025,4,LIBERTY COUNTY,Grade 9,1623
2024-2025,5,LIBERTY COUNTY,Grade 9,354
2024-2025,4,LIBERTY COUNTY,Grade 10,1670
2024-2025,5,LIBERTY COUNTY,Grade 10,342
2024-2025,4,LIBERTY COUNTY,Grade 11,1578
2024-2025,5,LIBERTY COUNTY,Grade 11,298
2024-2025,4,LIBERTY COUNTY,Grade 12,1212
2024-2025,5,LIBERTY COUNTY,Grade 12,275
2024-2025,12,LIMESTONE COUNTY,Early Education,30
2024-2025,12,LIMESTONE COUNTY,Pre-kindergarten,149
2024-2025,12,LIMESTONE COUNTY,Kindergarten,250
2024-2025,12,LIMESTONE COUNTY,Grade 1,245
2024-2025,12,LIMESTONE COUNTY,Grade 2,271
2024-2025,12,LIMESTONE COUNTY,Grade 3,278
2024-2025,12,LIMESTONE COUNTY,Grade 4,246
2024-2025,12,LIMESTONE COUNTY,Grade 5,276
2024-2025,12,LIMESTONE COUNTY,Grade 6,260
2024-2025,12,LIMESTONE COUNTY,Grade 7,256
2024-2025,12,LIMESTONE COUNTY,Grade 8,246
2024-2025,12,LIMESTONE COUNTY,Grade 9,298
2024-2025,12,LIMESTONE COUNTY,Grade 10,297
2024-2025,12,LIMESTONE COUNTY,Grade 11,286
2024-2025,12,LIMESTONE COUNTY,Grade 12,240
2024-2025,16,LIPSCOMB COUNTY,Pre-kindergarten,30
2024-2025,16,LIPSCOMB COUNTY,Kindergarten,43
2024-2025,16,LIPSCOMB COUNTY,Grade 1,43
2024-2025,16,LIPSCOMB COUNTY,Grade 2,35
2024-2025,16,LIPSCOMB COUNTY,Grade 3,48
2024-2025,16,LIPSCOMB COUNTY,Grade 4,45
2024-2025,16,LIPSCOMB COUNTY,Grade 5,53
2024-2025,16,LIPSCOMB COUNTY,Grade 6,45
2024-2025,16,LIPSCOMB COUNTY,Grade 7,33
2024-2025,16,LIPSCOMB COUNTY,Grade 8,44
2024-2025,16,LIPSCOMB COUNTY,Grade 9,55
2024-2025,16,LIPSCOMB COUNTY,Grade 10,49
2024-2025,16,LIPSCOMB COUNTY,Grade 11,38
2024-2025,16,LIPSCOMB COUNTY,Grade 12,50
2024-2025,2,LIVE OAK COUNTY,Early Education,2
2024-2025,2,LIVE OAK COUNTY,Pre-kindergarten,83
2024-2025,2,LIVE OAK COUNTY,Kindergarten,135
2024-2025,2,LIVE OAK COUNTY,Grade 1,126
2024-2025,2,LIVE OAK COUNTY,Grade 2,120
2024-2025,2,LIVE OAK COUNTY,Grade 3,138
2024-2025,2,LIVE OAK COUNTY,Grade 4,118
2024-2025,2,LIVE OAK COUNTY,Grade 5,105
2024-2025,2,LIVE OAK COUNTY,Grade 6,116
2024-2025,2,LIVE OAK COUNTY,Grade 7,114
2024-2025,2,LIVE OAK COUNTY,Grade 8,120
2024-2025,2,LIVE OAK COUNTY,Grade 9,124
2024-2025,2,LIVE OAK COUNTY,Grade 10,114
2024-2025,2,LIVE OAK COUNTY,Grade 11,106
2024-2025,2,LIVE OAK COUNTY,Grade 12,108
2024-2025,13,LLANO COUNTY,Early Education,7
2024-2025,13,LLANO COUNTY,Pre-kindergarten,123
2024-2025,13,LLANO COUNTY,Kindergarten,130
2024-2025,13,LLANO COUNTY,Grade 1,131
2024-2025,13,LLANO COUNTY,Grade 2,159
2024-2025,13,LLANO COUNTY,Grade 3,160
2024-2025,13,LLANO COUNTY,Grade 4,180
2024-2025,13,LLANO COUNTY,Grade 5,155
2024-2025,13,LLANO COUNTY,Grade 6,150
2024-2025,13,LLANO COUNTY,Grade 7,128
2024-2025,13,LLANO COUNTY,Grade 8,145
2024-2025,13,LLANO COUNTY,Grade 9,147
2024-2025,13,LLANO COUNTY,Grade 10,128
2024-2025,13,LLANO COUNTY,Grade 11,122
2024-2025,13,LLANO COUNTY,Grade 12,103
2024-2025,17,LUBBOCK COUNTY,Early Education,324
2024-2025,17,LUBBOCK COUNTY,Pre-kindergarten,2212
2024-2025,17,LUBBOCK COUNTY,Kindergarten,3552
2024-2025,17,LUBBOCK COUNTY,Grade 1,3655
2024-2025,17,LUBBOCK COUNTY,Grade 2,3701
2024-2025,17,LUBBOCK COUNTY,Grade 3,3878
2024-2025,17,LUBBOCK COUNTY,Grade 4,3768
2024-2025,17,LUBBOCK COUNTY,Grade 5,3742
2024-2025,17,LUBBOCK COUNTY,Grade 6,3625
2024-2025,17,LUBBOCK COUNTY,Grade 7,3631
2024-2025,17,LUBBOCK COUNTY,Grade 8,3676
2024-2025,17,LUBBOCK COUNTY,Grade 9,4101
2024-2025,17,LUBBOCK COUNTY,Grade 10,3903
2024-2025,17,LUBBOCK COUNTY,Grade 11,3709
2024-2025,17,LUBBOCK COUNTY,Grade 12,3678
2024-2025,17,LYNN COUNTY,Early Education,8
2024-2025,17,LYNN COUNTY,Pre-kindergarten,101
2024-2025,17,LYNN COUNTY,Kindergarten,91
2024-2025,17,LYNN COUNTY,Grade 1,112
2024-2025,17,LYNN COUNTY,Grade 2,117
2024-2025,17,LYNN COUNTY,Grade 3,136
2024-2025,17,LYNN COUNTY,Grade 4,133
2024-2025,17,LYNN COUNTY,Grade 5,141
2024-2025,17,LYNN COUNTY,Grade 6,114
2024-2025,17,LYNN COUNTY,Grade 7,133
2024-2025,17,LYNN COUNTY,Grade 8,110
2024-2025,17,LYNN COUNTY,Grade 9,126
2024-2025,17,LYNN COUNTY,Grade 10,123
2024-2025,17,LYNN COUNTY,Grade 11,119
2024-2025,17,LYNN COUNTY,Grade 12,142
2024-2025,6,MADISON COUNTY,Early Education,15
2024-2025,6,MADISON COUNTY,Pre-kindergarten,179
2024-2025,6,MADISON COUNTY,Kindergarten,176
2024-2025,6,MADISON COUNTY,Grade 1,208
2024-2025,6,MADISON COUNTY,Grade 2,189
2024-2025,6,MADISON COUNTY,Grade 3,200
2024-2025,6,MADISON COUNTY,Grade 4,219
2024-2025,6,MADISON COUNTY,Grade 5,181
2024-2025,6,MADISON COUNTY,Grade 6,205
2024-2025,6,MADISON COUNTY,Grade 7,188
2024-2025,6,MADISON COUNTY,Grade 8,201
2024-2025,6,MADISON COUNTY,Grade 9,204
2024-2025,6,MADISON COUNTY,Grade 10,202
2024-2025,6,MADISON COUNTY,Grade 11,178
2024-2025,6,MADISON COUNTY,Grade 12,165
2024-2025,8,MARION COUNTY,Pre-kindergarten,78
2024-2025,8,MARION COUNTY,Kindergarten,71
2024-2025,8,MARION COUNTY,Grade 1,66
2024-2025,8,MARION COUNTY,Grade 2,78
2024-2025,8,MARION COUNTY,Grade 3,69
2024-2025,8,MARION COUNTY,Grade 4,73
2024-2025,8,MARION COUNTY,Grade 5,67
2024-2025,8,MARION COUNTY,Grade 6,75
2024-2025,8,MARION COUNTY,Grade 7,85
2024-2025,8,MARION COUNTY,Grade 8,80
2024-2025,8,MARION COUNTY,Grade 9,96
2024-2025,8,MARION COUNTY,Grade 10,106
2024-2025,8,MARION COUNTY,Grade 11,92
2024-2025,8,MARION COUNTY,Grade 12,89
2024-2025,18,MARTIN COUNTY,Early Education,7
2024-2025,18,MARTIN COUNTY,Pre-kindergarten,42
2024-2025,18,MARTIN COUNTY,Kindergarten,71
2024-2025,18,MARTIN COUNTY,Grade 1,95
2024-2025,18,MARTIN COUNTY,Grade 2,83
2024-2025,18,MARTIN COUNTY,Grade 3,107
2024-2025,18,MARTIN COUNTY,Grade 4,94
2024-2025,18,MARTIN COUNTY,Grade 5,97
2024-2025,18,MARTIN COUNTY,Grade 6,107
2024-2025,18,MARTIN COUNTY,Grade 7,104
2024-2025,18,MARTIN COUNTY,Grade 8,97
2024-2025,18,MARTIN COUNTY,Grade 9,98
2024-2025,18,MARTIN COUNTY,Grade 10,115
2024-2025,18,MARTIN COUNTY,Grade 11,88
2024-2025,18,MARTIN COUNTY,Grade 12,98
2024-2025,15,MASON COUNTY,Early Education,3
2024-2025,15,MASON COUNTY,Pre-kindergarten,27
2024-2025,15,MASON COUNTY,Kindergarten,52
2024-2025,15,MASON COUNTY,Grade 1,59
2024-2025,15,MASON COUNTY,Grade 2,46
2024-2025,15,MASON COUNTY,Grade 3,49
2024-2025,15,MASON COUNTY,Grade 4,62
2024-2025,15,MASON COUNTY,Grade 5,53
2024-2025,15,MASON COUNTY,Grade 6,49
2024-2025,15,MASON COUNTY,Grade 7,59
2024-2025,15,MASON COUNTY,Grade 8,49
2024-2025,15,MASON COUNTY,Grade 9,43
2024-2025,15,MASON COUNTY,Grade 10,57
2024-2025,15,MASON COUNTY,Grade 11,44
2024-2025,15,MASON COUNTY,Grade 12,48
2024-2025,3,MATAGORDA COUNTY,Early Education,64
2024-2025,3,MATAGORDA COUNTY,Pre-kindergarten,320
2024-2025,3,MATAGORDA COUNTY,Kindergarten,472
2024-2025,3,MATAGORDA COUNTY,Grade 1,493
2024-2025,3,MATAGORDA COUNTY,Grade 2,499
2024-2025,3,MATAGORDA COUNTY,Grade 3,489
2024-2025,3,MATAGORDA COUNTY,Grade 4,473
2024-2025,3,MATAGORDA COUNTY,Grade 5,519
2024-2025,3,MATAGORDA COUNTY,Grade 6,495
2024-2025,3,MATAGORDA COUNTY,Grade 7,533
2024-2025,3,MATAGORDA COUNTY,Grade 8,501
2024-2025,3,MATAGORDA COUNTY,Grade 9,545
2024-2025,3,MATAGORDA COUNTY,Grade 10,552
2024-2025,3,MATAGORDA COUNTY,Grade 11,519
2024-2025,3,MATAGORDA COUNTY,Grade 12,477
2024-2025,20,MAVERICK COUNTY,Early Education,99
2024-2025,20,MAVERICK COUNTY,Pre-kindergarten,572
2024-2025,20,MAVERICK COUNTY,Kindergarten,957
2024-2025,20,MAVERICK COUNTY,Grade 1,953
2024-2025,20,MAVERICK COUNTY,Grade 2,1021
2024-2025,20,MAVERICK COUNTY,Grade 3,1082
2024-2025,20,MAVERICK COUNTY,Grade 4,937
2024-2025,20,MAVERICK COUNTY,Grade 5,955
2024-2025,20,MAVERICK COUNTY,Grade 6,1032
2024-2025,20,MAVERICK COUNTY,Grade 7,1028
2024-2025,20,MAVERICK COUNTY,Grade 8,950
2024-2025,20,MAVERICK COUNTY,Grade 9,1123
2024-2025,20,MAVERICK COUNTY,Grade 10,1082
2024-2025,20,MAVERICK COUNTY,Grade 11,1053
2024-2025,20,MAVERICK COUNTY,Grade 12,976
2024-2025,15,MCCULLOCH COUNTY,Early Education,8
2024-2025,15,MCCULLOCH COUNTY,Pre-kindergarten,81
2024-2025,15,MCCULLOCH COUNTY,Kindergarten,85
2024-2025,15,MCCULLOCH COUNTY,Grade 1,86
2024-2025,15,MCCULLOCH COUNTY,Grade 2,84
2024-2025,15,MCCULLOCH COUNTY,Grade 3,79
2024-2025,15,MCCULLOCH COUNTY,Grade 4,83
2024-2025,15,MCCULLOCH COUNTY,Grade 5,71
2024-2025,15,MCCULLOCH COUNTY,Grade 6,86
2024-2025,15,MCCULLOCH COUNTY,Grade 7,104
2024-2025,15,MCCULLOCH COUNTY,Grade 8,85
2024-2025,15,MCCULLOCH COUNTY,Grade 9,93
2024-2025,15,MCCULLOCH COUNTY,Grade 10,88
2024-2025,15,MCCULLOCH COUNTY,Grade 11,95
2024-2025,15,MCCULLOCH COUNTY,Grade 12,90
2024-2025,12,MCLENNAN COUNTY,Early Education,121
2024-2025,12,MCLENNAN COUNTY,Pre-kindergarten,2345
2024-2025,12,MCLENNAN COUNTY,Kindergarten,3742
2024-2025,12,MCLENNAN COUNTY,Grade 1,3994
2024-2025,12,MCLENNAN COUNTY,Grade 2,3948
2024-2025,12,MCLENNAN COUNTY,Grade 3,4039
2024-2025,12,MCLENNAN COUNTY,Grade 4,4201
2024-2025,12,MCLENNAN COUNTY,Grade 5,4160
2024-2025,12,MCLENNAN COUNTY,Grade 6,4270
2024-2025,12,MCLENNAN COUNTY,Grade 7,4159
2024-2025,12,MCLENNAN COUNTY,Grade 8,4137
2024-2025,12,MCLENNAN COUNTY,Grade 9,4350
2024-2025,12,MCLENNAN COUNTY,Grade 10,4062
2024-2025,12,MCLENNAN COUNTY,Grade 11,3707
2024-2025,12,MCLENNAN COUNTY,Grade 12,3435
2024-2025,2,MCMULLEN COUNTY,Pre-kindergarten,14
2024-2025,2,MCMULLEN COUNTY,Kindergarten,16
2024-2025,2,MCMULLEN COUNTY,Grade 1,18
2024-2025,2,MCMULLEN COUNTY,Grade 2,19
2024-2025,2,MCMULLEN COUNTY,Grade 3,21
2024-2025,2,MCMULLEN COUNTY,Grade 4,20
2024-2025,2,MCMULLEN COUNTY,Grade 5,16
2024-2025,2,MCMULLEN COUNTY,Grade 6,23
2024-2025,2,MCMULLEN COUNTY,Grade 7,23
2024-2025,2,MCMULLEN COUNTY,Grade 8,21
2024-2025,2,MCMULLEN COUNTY,Grade 9,25
2024-2025,2,MCMULLEN COUNTY,Grade 10,23
2024-2025,2,MCMULLEN COUNTY,Grade 11,23
2024-2025,2,MCMULLEN COUNTY,Grade 12,18
2024-2025,20,MEDINA COUNTY,Early Education,128
2024-2025,20,MEDINA COUNTY,Pre-kindergarten,620
2024-2025,20,MEDINA COUNTY,Kindergarten,980
2024-2025,20,MEDINA COUNTY,Grade 1,1135
2024-2025,20,MEDINA COUNTY,Grade 2,1080
2024-2025,20,MEDINA COUNTY,Grade 3,1154
2024-2025,20,MEDINA COUNTY,Grade 4,1140
2024-2025,20,MEDINA COUNTY,Grade 5,1179
2024-2025,20,MEDINA COUNTY,Grade 6,1095
2024-2025,20,MEDINA COUNTY,Grade 7,1108
2024-2025,20,MEDINA COUNTY,Grade 8,1154
2024-2025,20,MEDINA COUNTY,Grade 9,1154
2024-2025,20,MEDINA COUNTY,Grade 10,1112
2024-2025,20,MEDINA COUNTY,Grade 11,1016
2024-2025,20,MEDINA COUNTY,Grade 12,887
2024-2025,15,MENARD COUNTY,Early Education,1
2024-2025,15,MENARD COUNTY,Pre-kindergarten,17
2024-2025,15,MENARD COUNTY,Kindergarten,25
2024-2025,15,MENARD COUNTY,Grade 1,20
2024-2025,15,MENARD COUNTY,Grade 2,15
2024-2025,15,MENARD COUNTY,Grade 3,19
2024-2025,15,MENARD COUNTY,Grade 4,17
2024-2025,15,MENARD COUNTY,Grade 5,15
2024-2025,15,MENARD COUNTY,Grade 6,17
2024-2025,15,MENARD COUNTY,Grade 7,23
2024-2025,15,MENARD COUNTY,Grade 8,13
2024-2025,15,MENARD COUNTY,Grade 9,19
2024-2025,15,MENARD COUNTY,Grade 10,23
2024-2025,15,MENARD COUNTY,Grade 11,26
2024-2025,15,MENARD COUNTY,Grade 12,14
2024-2025,18,MIDLAND COUNTY,Early Education,167
2024-2025,18,MIDLAND COUNTY,Pre-kindergarten,1360
2024-2025,18,MIDLAND COUNTY,Kindergarten,2396
2024-2025,18,MIDLAND COUNTY,Grade 1,2538
2024-2025,18,MIDLAND COUNTY,Grade 2,2637
2024-2025,18,MIDLAND COUNTY,Grade 3,2688
2024-2025,18,MIDLAND COUNTY,Grade 4,2589
2024-2025,18,MIDLAND COUNTY,Grade 5,2613
2024-2025,18,MIDLAND COUNTY,Grade 6,2582
2024-2025,18,MIDLAND COUNTY,Grade 7,2467
2024-2025,18,MIDLAND COUNTY,Grade 8,2414
2024-2025,18,MIDLAND COUNTY,Grade 9,2681
2024-2025,18,MIDLAND COUNTY,Grade 10,2388
2024-2025,18,MIDLAND COUNTY,Grade 11,2086
2024-2025,18,MIDLAND COUNTY,Grade 12,1839
2024-2025,6,MILAM COUNTY,Early Education,7
2024-2025,13,MILAM COUNTY,Early Education,4
2024-2025,6,MILAM COUNTY,Pre-kindergarten,241
2024-2025,12,MILAM COUNTY,Pre-kindergarten,9
2024-2025,13,MILAM COUNTY,Pre-kindergarten,18
2024-2025,6,MILAM COUNTY,Kindergarten,222
2024-2025,12,MILAM COUNTY,Kindergarten,8
2024-2025,13,MILAM COUNTY,Kindergarten,39
2024-2025,6,MILAM COUNTY,Grade 1,234
2024-2025,12,MILAM COUNTY,Grade 1,9
2024-2025,13,MILAM COUNTY,Grade 1,36
2024-2025,6,MILAM COUNTY,Grade 2,218
2024-2025,12,MILAM COUNTY,Grade 2,6
2024-2025,13,MILAM COUNTY,Grade 2,38
2024-2025,6,MILAM COUNTY,Grade 3,262
2024-2025,12,MILAM COUNTY,Grade 3,9
2024-2025,13,MILAM COUNTY,Grade 3,37
2024-2025,6,MILAM COUNTY,Grade 4,279
2024-2025,12,MILAM COUNTY,Grade 4,11
2024-2025,13,MILAM COUNTY,Grade 4,51
2024-2025,6,MILAM COUNTY,Grade 5,235
2024-2025,12,MILAM COUNTY,Grade 5,5
2024-2025,13,MILAM COUNTY,Grade 5,48
2024-2025,6,MILAM COUNTY,Grade 6,229
2024-2025,12,MILAM COUNTY,Grade 6,8
2024-2025,13,MILAM COUNTY,Grade 6,59
2024-2025,6,MILAM COUNTY,Grade 7,273
2024-2025,12,MILAM COUNTY,Grade 7,9
2024-2025,13,MILAM COUNTY,Grade 7,51
2024-2025,6,MILAM COUNTY,Grade 8,232
2024-2025,12,MILAM COUNTY,Grade 8,4
2024-2025,13,MILAM COUNTY,Grade 8,47
2024-2025,6,MILAM COUNTY,Grade 9,292
2024-2025,12,MILAM COUNTY,Grade 9,12
2024-2025,13,MILAM COUNTY,Grade 9,59
2024-2025,6,MILAM COUNTY,Grade 10,273
2024-2025,12,MILAM COUNTY,Grade 10,4
2024-2025,13,MILAM COUNTY,Grade 10,70
2024-2025,6,MILAM COUNTY,Grade 11,256
2024-2025,12,MILAM COUNTY,Grade 11,10
2024-2025,13,MILAM COUNTY,Grade 11,38
2024-2025,6,MILAM COUNTY,Grade 12,274
2024-2025,12,MILAM COUNTY,Grade 12,8
2024-2025,13,MILAM COUNTY,Grade 12,42
2024-2025,12,MILLS COUNTY,Early Education,3
2024-2025,12,MILLS COUNTY,Pre-kindergarten,35
2024-2025,12,MILLS COUNTY,Kindergarten,54
2024-2025,12,MILLS COUNTY,Grade 1,45
2024-2025,12,MILLS COUNTY,Grade 2,50
2024-2025,12,MILLS COUNTY,Grade 3,53
2024-2025,12,MILLS COUNTY,Grade 4,46
2024-2025,12,MILLS COUNTY,Grade 5,57
2024-2025,12,MILLS COUNTY,Grade 6,52
2024-2025,12,MILLS COUNTY,Grade 7,57
2024-2025,12,MILLS COUNTY,Grade 8,56
2024-2025,12,MILLS COUNTY,Grade 9,65
2024-2025,12,MILLS COUNTY,Grade 10,64
2024-2025,12,MILLS COUNTY,Grade 11,54
2024-2025,12,MILLS COUNTY,Grade 12,76
2024-2025,14,MITCHELL COUNTY,Early Education,29
2024-2025,14,MITCHELL COUNTY,Pre-kindergarten,88
2024-2025,14,MITCHELL COUNTY,Kindergarten,77
2024-2025,14,MITCHELL COUNTY,Grade 1,91
2024-2025,14,MITCHELL COUNTY,Grade 2,97
2024-2025,14,MITCHELL COUNTY,Grade 3,104
2024-2025,14,MITCHELL COUNTY,Grade 4,87
2024-2025,14,MITCHELL COUNTY,Grade 5,93
2024-2025,14,MITCHELL COUNTY,Grade 6,85
2024-2025,14,MITCHELL COUNTY,Grade 7,90
2024-2025,14,MITCHELL COUNTY,Grade 8,76
2024-2025,14,MITCHELL COUNTY,Grade 9,97
2024-2025,14,MITCHELL COUNTY,Grade 10,93
2024-2025,14,MITCHELL COUNTY,Grade 11,107
2024-2025,14,MITCHELL COUNTY,Grade 12,74
2024-2025,9,MONTAGUE COUNTY,Early Education,21
2024-2025,9,MONTAGUE COUNTY,Pre-kindergarten,203
2024-2025,9,MONTAGUE COUNTY,Kindergarten,195
2024-2025,9,MONTAGUE COUNTY,Grade 1,204
2024-2025,9,MONTAGUE COUNTY,Grade 2,201
2024-2025,9,MONTAGUE COUNTY,Grade 3,246
2024-2025,9,MONTAGUE COUNTY,Grade 4,257
2024-2025,9,MONTAGUE COUNTY,Grade 5,224
2024-2025,9,MONTAGUE COUNTY,Grade 6,257
2024-2025,9,MONTAGUE COUNTY,Grade 7,225
2024-2025,9,MONTAGUE COUNTY,Grade 8,231
2024-2025,9,MONTAGUE COUNTY,Grade 9,252
2024-2025,9,MONTAGUE COUNTY,Grade 10,242
2024-2025,9,MONTAGUE COUNTY,Grade 11,236
2024-2025,9,MONTAGUE COUNTY,Grade 12,246
2024-2025,6,MONTGOMERY COUNTY,Early Education,855
2024-2025,6,MONTGOMERY COUNTY,Pre-kindergarten,3752
2024-2025,6,MONTGOMERY COUNTY,Kindergarten,8539
2024-2025,6,MONTGOMERY COUNTY,Grade 1,9041
2024-2025,6,MONTGOMERY COUNTY,Grade 2,9378
2024-2025,6,MONTGOMERY COUNTY,Grade 3,9913
2024-2025,6,MONTGOMERY COUNTY,Grade 4,9842
2024-2025,6,MONTGOMERY COUNTY,Grade 5,9932
2024-2025,6,MONTGOMERY COUNTY,Grade 6,9930
2024-2025,6,MONTGOMERY COUNTY,Grade 7,10006
2024-2025,6,MONTGOMERY COUNTY,Grade 8,9964
2024-2025,6,MONTGOMERY COUNTY,Grade 9,10828
2024-2025,6,MONTGOMERY COUNTY,Grade 10,10931
2024-2025,6,MONTGOMERY COUNTY,Grade 11,9916
2024-2025,6,MONTGOMERY COUNTY,Grade 12,9462
2024-2025,16,MOORE COUNTY,Early Education,15
2024-2025,16,MOORE COUNTY,Pre-kindergarten,222
2024-2025,16,MOORE COUNTY,Kindergarten,378
2024-2025,16,MOORE COUNTY,Grade 1,393
2024-2025,16,MOORE COUNTY,Grade 2,349
2024-2025,16,MOORE COUNTY,Grade 3,401
2024-2025,16,MOORE COUNTY,Grade 4,379
2024-2025,16,MOORE COUNTY,Grade 5,373
2024-2025,16,MOORE COUNTY,Grade 6,336
2024-2025,16,MOORE COUNTY,Grade 7,334
2024-2025,16,MOORE COUNTY,Grade 8,362
2024-2025,16,MOORE COUNTY,Grade 9,373
2024-2025,16,MOORE COUNTY,Grade 10,393
2024-2025,16,MOORE COUNTY,Grade 11,314
2024-2025,16,MOORE COUNTY,Grade 12,352
2024-2025,8,MORRIS COUNTY,Early Education,17
2024-2025,8,MORRIS COUNTY,Pre-kindergarten,103
2024-2025,8,MORRIS COUNTY,Kindergarten,124
2024-2025,8,MORRIS COUNTY,Grade 1,139
2024-2025,8,MORRIS COUNTY,Grade 2,112
2024-2025,8,MORRIS COUNTY,Grade 3,147
2024-2025,8,MORRIS COUNTY,Grade 4,134
2024-2025,8,MORRIS COUNTY,Grade 5,115
2024-2025,8,MORRIS COUNTY,Grade 6,118
2024-2025,8,MORRIS COUNTY,Grade 7,134
2024-2025,8,MORRIS COUNTY,Grade 8,131
2024-2025,8,MORRIS COUNTY,Grade 9,150
2024-2025,8,MORRIS COUNTY,Grade 10,161
2024-2025,8,MORRIS COUNTY,Grade 11,162
2024-2025,8,MORRIS COUNTY,Grade 12,132
2024-2025,17,MOTLEY COUNTY,Early Education,1
2024-2025,17,MOTLEY COUNTY,Pre-kindergarten,16
2024-2025,17,MOTLEY COUNTY,Kindergarten,11
2024-2025,17,MOTLEY COUNTY,Grade 1,17
2024-2025,17,MOTLEY COUNTY,Grade 2,7
2024-2025,17,MOTLEY COUNTY,Grade 3,16
2024-2025,17,MOTLEY COUNTY,Grade 4,12
2024-2025,17,MOTLEY COUNTY,Grade 5,11
2024-2025,17,MOTLEY COUNTY,Grade 6,11
2024-2025,17,MOTLEY COUNTY,Grade 7,10
2024-2025,17,MOTLEY COUNTY,Grade 8,13
2024-2025,17,MOTLEY COUNTY,Grade 9,13
2024-2025,17,MOTLEY COUNTY,Grade 10,12
2024-2025,17,MOTLEY COUNTY,Grade 11,13
2024-2025,17,MOTLEY COUNTY,Grade 12,16
2024-2025,7,NACOGDOCHES COUNTY,Early Education,12
2024-2025,7,NACOGDOCHES COUNTY,Pre-kindergarten,571
2024-2025,7,NACOGDOCHES COUNTY,Kindergarten,725
2024-2025,7,NACOGDOCHES COUNTY,Grade 1,669
2024-2025,7,NACOGDOCHES COUNTY,Grade 2,730
2024-2025,7,NACOGDOCHES COUNTY,Grade 3,766
2024-2025,7,NACOGDOCHES COUNTY,Grade 4,733
2024-2025,7,NACOGDOCHES COUNTY,Grade 5,771
2024-2025,7,NACOGDOCHES COUNTY,Grade 6,750
2024-2025,7,NACOGDOCHES COUNTY,Grade 7,759
2024-2025,7,NACOGDOCHES COUNTY,Grade 8,801
2024-2025,7,NACOGDOCHES COUNTY,Grade 9,869
2024-2025,7,NACOGDOCHES COUNTY,Grade 10,751
2024-2025,7,NACOGDOCHES COUNTY,Grade 11,767
2024-2025,7,NACOGDOCHES COUNTY,Grade 12,722
2024-2025,12,NAVARRO COUNTY,Early Education,42
2024-2025,12,NAVARRO COUNTY,Pre-kindergarten,401
2024-2025,12,NAVARRO COUNTY,Kindergarten,697
2024-2025,12,NAVARRO COUNTY,Grade 1,737
2024-2025,12,NAVARRO COUNTY,Grade 2,752
2024-2025,12,NAVARRO COUNTY,Grade 3,805
2024-2025,12,NAVARRO COUNTY,Grade 4,792
2024-2025,12,NAVARRO COUNTY,Grade 5,827
2024-2025,12,NAVARRO COUNTY,Grade 6,757
2024-2025,12,NAVARRO COUNTY,Grade 7,746
2024-2025,12,NAVARRO COUNTY,Grade 8,807
2024-2025,12,NAVARRO COUNTY,Grade 9,839
2024-2025,12,NAVARRO COUNTY,Grade 10,857
2024-2025,12,NAVARRO COUNTY,Grade 11,814
2024-2025,12,NAVARRO COUNTY,Grade 12,750
2024-2025,5,NEWTON COUNTY,Early Education,6
2024-2025,5,NEWTON COUNTY,Pre-kindergarten,101
2024-2025,5,NEWTON COUNTY,Kindergarten,113
2024-2025,5,NEWTON COUNTY,Grade 1,110
2024-2025,5,NEWTON COUNTY,Grade 2,106
2024-2025,5,NEWTON COUNTY,Grade 3,127
2024-2025,5,NEWTON COUNTY,Grade 4,142
2024-2025,5,NEWTON COUNTY,Grade 5,117
2024-2025,5,NEWTON COUNTY,Grade 6,122
2024-2025,5,NEWTON COUNTY,Grade 7,145
2024-2025,5,NEWTON COUNTY,Grade 8,141
2024-2025,5,NEWTON COUNTY,Grade 9,135
2024-2025,5,NEWTON COUNTY,Grade 10,155
2024-2025,5,NEWTON COUNTY,Grade 11,126
2024-2025,5,NEWTON COUNTY,Grade 12,104
2024-2025,14,NOLAN COUNTY,Early Education,77
2024-2025,14,NOLAN COUNTY,Pre-kindergarten,186
2024-2025,14,NOLAN COUNTY,Kindergarten,1571
2024-2025,14,NOLAN COUNTY,Grade 1,1833
2024-2025,14,NOLAN COUNTY,Grade 2,2041
2024-2025,14,NOLAN COUNTY,Grade 3,1709
2024-2025,14,NOLAN COUNTY,Grade 4,1560
2024-2025,14,NOLAN COUNTY,Grade 5,1335
2024-2025,14,NOLAN COUNTY,Grade 6,1185
2024-2025,14,NOLAN COUNTY,Grade 7,1085
2024-2025,14,NOLAN COUNTY,Grade 8,987
2024-2025,14,NOLAN COUNTY,Grade 9,243
2024-2025,14,NOLAN COUNTY,Grade 10,214
2024-2025,14,NOLAN COUNTY,Grade 11,194
2024-2025,14,NOLAN COUNTY,Grade 12,235
2024-2025,2,NUECES COUNTY,Early Education,193
2024-2025,2,NUECES COUNTY,Pre-kindergarten,3104
2024-2025,2,NUECES COUNTY,Kindergarten,3568
2024-2025,2,NUECES COUNTY,Grade 1,3807
2024-2025,2,NUECES COUNTY,Grade 2,3830
2024-2025,2,NUECES COUNTY,Grade 3,4059
2024-2025,2,NUECES COUNTY,Grade 4,4187
2024-2025,2,NUECES COUNTY,Grade 5,4224
2024-2025,2,NUECES COUNTY,Grade 6,4089
2024-2025,2,NUECES COUNTY,Grade 7,4027
2024-2025,2,NUECES COUNTY,Grade 8,4172
2024-2025,2,NUECES COUNTY,Grade 9,4604
2024-2025,2,NUECES COUNTY,Grade 10,4498
2024-2025,2,NUECES COUNTY,Grade 11,4159
2024-2025,2,NUECES COUNTY,Grade 12,4015
2024-2025,16,OCHILTREE COUNTY,Early Education,12
2024-2025,16,OCHILTREE COUNTY,Pre-kindergarten,59
2024-2025,16,OCHILTREE COUNTY,Kindergarten,96
2024-2025,16,OCHILTREE COUNTY,Grade 1,112
2024-2025,16,OCHILTREE COUNTY,Grade 2,122
2024-2025,16,OCHILTREE COUNTY,Grade 3,151
2024-2025,16,OCHILTREE COUNTY,Grade 4,152
2024-2025,16,OCHILTREE COUNTY,Grade 5,141
2024-2025,16,OCHILTREE COUNTY,Grade 6,119
2024-2025,16,OCHILTREE COUNTY,Grade 7,135
2024-2025,16,OCHILTREE COUNTY,Grade 8,141
2024-2025,16,OCHILTREE COUNTY,Grade 9,132
2024-2025,16,OCHILTREE COUNTY,Grade 10,147
2024-2025,16,OCHILTREE COUNTY,Grade 11,150
2024-2025,16,OCHILTREE COUNTY,Grade 12,133
2024-2025,16,OLDHAM COUNTY,Early Education,1
2024-2025,16,OLDHAM COUNTY,Pre-kindergarten,33
2024-2025,16,OLDHAM COUNTY,Kindergarten,39
2024-2025,16,OLDHAM COUNTY,Grade 1,56
2024-2025,16,OLDHAM COUNTY,Grade 2,44
2024-2025,16,OLDHAM COUNTY,Grade 3,46
2024-2025,16,OLDHAM COUNTY,Grade 4,54
2024-2025,16,OLDHAM COUNTY,Grade 5,56
2024-2025,16,OLDHAM COUNTY,Grade 6,77
2024-2025,16,OLDHAM COUNTY,Grade 7,56
2024-2025,16,OLDHAM COUNTY,Grade 8,76
2024-2025,16,OLDHAM COUNTY,Grade 9,73
2024-2025,16,OLDHAM COUNTY,Grade 10,81
2024-2025,16,OLDHAM COUNTY,Grade 11,71
2024-2025,16,OLDHAM COUNTY,Grade 12,81
2024-2025,5,ORANGE COUNTY,Early Education,86
2024-2025,5,ORANGE COUNTY,Pre-kindergarten,617
2024-2025,5,ORANGE COUNTY,Kindergarten,1067
2024-2025,5,ORANGE COUNTY,Grade 1,1062
2024-2025,5,ORANGE COUNTY,Grade 2,1104
2024-2025,5,ORANGE COUNTY,Grade 3,1153
2024-2025,5,ORANGE COUNTY,Grade 4,1173
2024-2025,5,ORANGE COUNTY,Grade 5,1127
2024-2025,5,ORANGE COUNTY,Grade 6,1138
2024-2025,5,ORANGE COUNTY,Grade 7,1104
2024-2025,5,ORANGE COUNTY,Grade 8,1095
2024-2025,5,ORANGE COUNTY,Grade 9,1153
2024-2025,5,ORANGE COUNTY,Grade 10,1117
2024-2025,5,ORANGE COUNTY,Grade 11,1039
2024-2025,5,ORANGE COUNTY,Grade 12,980
2024-2025,11,PALO PINTO COUNTY,Early Education,19
2024-2025,11,PALO PINTO COUNTY,Pre-kindergarten,271
2024-2025,11,PALO PINTO COUNTY,Kindergarten,314
2024-2025,11,PALO PINTO COUNTY,Grade 1,350
2024-2025,11,PALO PINTO COUNTY,Grade 2,357
2024-2025,11,PALO PINTO COUNTY,Grade 3,324
2024-2025,11,PALO PINTO COUNTY,Grade 4,361
2024-2025,11,PALO PINTO COUNTY,Grade 5,346
2024-2025,11,PALO PINTO COUNTY,Grade 6,351
2024-2025,11,PALO PINTO COUNTY,Grade 7,362
2024-2025,11,PALO PINTO COUNTY,Grade 8,326
2024-2025,11,PALO PINTO COUNTY,Grade 9,353
2024-2025,11,PALO PINTO COUNTY,Grade 10,358
2024-2025,11,PALO PINTO COUNTY,Grade 11,309
2024-2025,11,PALO PINTO COUNTY,Grade 12,316
2024-2025,7,PANOLA COUNTY,Early Education,16
2024-2025,7,PANOLA COUNTY,Pre-kindergarten,180
2024-2025,7,PANOLA COUNTY,Kindergarten,286
2024-2025,7,PANOLA COUNTY,Grade 1,256
2024-2025,7,PANOLA COUNTY,Grade 2,283
2024-2025,7,PANOLA COUNTY,Grade 3,265
2024-2025,7,PANOLA COUNTY,Grade 4,288
2024-2025,7,PANOLA COUNTY,Grade 5,262
2024-2025,7,PANOLA COUNTY,Grade 6,274
2024-2025,7,PANOLA COUNTY,Grade 7,302
2024-2025,7,PANOLA COUNTY,Grade 8,289
2024-2025,7,PANOLA COUNTY,Grade 9,320
2024-2025,7,PANOLA COUNTY,Grade 10,345
2024-2025,7,PANOLA COUNTY,Grade 11,316
2024-2025,7,PANOLA COUNTY,Grade 12,299
2024-2025,11,PARKER COUNTY,Early Education,166
2024-2025,11,PARKER COUNTY,Pre-kindergarten,603
2024-2025,11,PARKER COUNTY,Kindergarten,1886
2024-2025,11,PARKER COUNTY,Grade 1,1954
2024-2025,11,PARKER COUNTY,Grade 2,2032
2024-2025,11,PARKER COUNTY,Grade 3,2127
2024-2025,11,PARKER COUNTY,Grade 4,2055
2024-2025,11,PARKER COUNTY,Grade 5,2110
2024-2025,11,PARKER COUNTY,Grade 6,2029
2024-2025,11,PARKER COUNTY,Grade 7,2094
2024-2025,11,PARKER COUNTY,Grade 8,1969
2024-2025,11,PARKER COUNTY,Grade 9,2163
2024-2025,11,PARKER COUNTY,Grade 10,2015
2024-2025,11,PARKER COUNTY,Grade 11,1964
2024-2025,11,PARKER COUNTY,Grade 12,1786
2024-2025,16,PARMER COUNTY,Early Education,4
2024-2025,16,PARMER COUNTY,Pre-kindergarten,122
2024-2025,16,PARMER COUNTY,Kindergarten,145
2024-2025,16,PARMER COUNTY,Grade 1,144
2024-2025,16,PARMER COUNTY,Grade 2,162
2024-2025,16,PARMER COUNTY,Grade 3,166
2024-2025,16,PARMER COUNTY,Grade 4,141
2024-2025,16,PARMER COUNTY,Grade 5,157
2024-2025,16,PARMER COUNTY,Grade 6,159
2024-2025,16,PARMER COUNTY,Grade 7,157
2024-2025,16,PARMER COUNTY,Grade 8,161
2024-2025,16,PARMER COUNTY,Grade 9,169
2024-2025,16,PARMER COUNTY,Grade 10,181
2024-2025,16,PARMER COUNTY,Grade 11,144
2024-2025,16,PARMER COUNTY,Grade 12,152
2024-2025,18,PECOS COUNTY,Early Education,34
2024-2025,18,PECOS COUNTY,Pre-kindergarten,62
2024-2025,18,PECOS COUNTY,Kindergarten,612
2024-2025,18,PECOS COUNTY,Grade 1,629
2024-2025,18,PECOS COUNTY,Grade 2,641
2024-2025,18,PECOS COUNTY,Grade 3,631
2024-2025,18,PECOS COUNTY,Grade 4,668
2024-2025,18,PECOS COUNTY,Grade 5,684
2024-2025,18,PECOS COUNTY,Grade 6,901
2024-2025,18,PECOS COUNTY,Grade 7,1221
2024-2025,18,PECOS COUNTY,Grade 8,1391
2024-2025,18,PECOS COUNTY,Grade 9,2280
2024-2025,18,PECOS COUNTY,Grade 10,1950
2024-2025,18,PECOS COUNTY,Grade 11,1422
2024-2025,18,PECOS COUNTY,Grade 12,907
2024-2025,6,POLK COUNTY,Early Education,30
2024-2025,6,POLK COUNTY,Pre-kindergarten,295
2024-2025,6,POLK COUNTY,Kindergarten,491
2024-2025,6,POLK COUNTY,Grade 1,503
2024-2025,6,POLK COUNTY,Grade 2,536
2024-2025,6,POLK COUNTY,Grade 3,563
2024-2025,6,POLK COUNTY,Grade 4,546
2024-2025,6,POLK COUNTY,Grade 5,523
2024-2025,6,POLK COUNTY,Grade 6,551
2024-2025,6,POLK COUNTY,Grade 7,513
2024-2025,6,POLK COUNTY,Grade 8,514
2024-2025,6,POLK COUNTY,Grade 9,609
2024-2025,6,POLK COUNTY,Grade 10,505
2024-2025,6,POLK COUNTY,Grade 11,423
2024-2025,6,POLK COUNTY,Grade 12,443
2024-2025,16,POTTER COUNTY,Early Education,147
2024-2025,16,POTTER COUNTY,Pre-kindergarten,1704
2024-2025,16,POTTER COUNTY,Kindergarten,2196
2024-2025,16,POTTER COUNTY,Grade 1,2283
2024-2025,16,POTTER COUNTY,Grade 2,2265
2024-2025,16,POTTER COUNTY,Grade 3,2329
2024-2025,16,POTTER COUNTY,Grade 4,2472
2024-2025,16,POTTER COUNTY,Grade 5,2453
2024-2025,16,POTTER COUNTY,Grade 6,2448
2024-2025,16,POTTER COUNTY,Grade 7,2385
2024-2025,16,POTTER COUNTY,Grade 8,2430
2024-2025,16,POTTER COUNTY,Grade 9,2612
2024-2025,16,POTTER COUNTY,Grade 10,2429
2024-2025,16,POTTER COUNTY,Grade 11,2295
2024-2025,16,POTTER COUNTY,Grade 12,2277
2024-2025,18,PRESIDIO COUNTY,Early Education,2
2024-2025,18,PRESIDIO COUNTY,Pre-kindergarten,39
2024-2025,18,PRESIDIO COUNTY,Kindergarten,76
2024-2025,18,PRESIDIO COUNTY,Grade 1,65
2024-2025,18,PRESIDIO COUNTY,Grade 2,75
2024-2025,18,PRESIDIO COUNTY,Grade 3,81
2024-2025,18,PRESIDIO COUNTY,Grade 4,101
2024-2025,18,PRESIDIO COUNTY,Grade 5,88
2024-2025,18,PRESIDIO COUNTY,Grade 6,95
2024-2025,18,PRESIDIO COUNTY,Grade 7,97
2024-2025,18,PRESIDIO COUNTY,Grade 8,83
2024-2025,18,PRESIDIO COUNTY,Grade 9,141
2024-2025,18,PRESIDIO COUNTY,Grade 10,104
2024-2025,18,PRESIDIO COUNTY,Grade 11,121
2024-2025,18,PRESIDIO COUNTY,Grade 12,111
2024-2025,7,RAINS COUNTY,Early Education,4
2024-2025,7,RAINS COUNTY,Pre-kindergarten,75
2024-2025,7,RAINS COUNTY,Kindergarten,127
2024-2025,7,RAINS COUNTY,Grade 1,106
2024-2025,7,RAINS COUNTY,Grade 2,126
2024-2025,7,RAINS COUNTY,Grade 3,104
2024-2025,7,RAINS COUNTY,Grade 4,122
2024-2025,7,RAINS COUNTY,Grade 5,134
2024-2025,7,RAINS COUNTY,Grade 6,122
2024-2025,7,RAINS COUNTY,Grade 7,140
2024-2025,7,RAINS COUNTY,Grade 8,121
2024-2025,7,RAINS COUNTY,Grade 9,155
2024-2025,7,RAINS COUNTY,Grade 10,137
2024-2025,7,RAINS COUNTY,Grade 11,141
2024-2025,7,RAINS COUNTY,Grade 12,98
2024-2025,16,RANDALL COUNTY,Early Education,101
2024-2025,16,RANDALL COUNTY,Pre-kindergarten,214
2024-2025,16,RANDALL COUNTY,Kindergarten,801
2024-2025,16,RANDALL COUNTY,Grade 1,770
2024-2025,16,RANDALL COUNTY,Grade 2,880
2024-2025,16,RANDALL COUNTY,Grade 3,870
2024-2025,16,RANDALL COUNTY,Grade 4,882
2024-2025,16,RANDALL COUNTY,Grade 5,881
2024-2025,16,RANDALL COUNTY,Grade 6,868
2024-2025,16,RANDALL COUNTY,Grade 7,889
2024-2025,16,RANDALL COUNTY,Grade 8,884
2024-2025,16,RANDALL COUNTY,Grade 9,921
2024-2025,16,RANDALL COUNTY,Grade 10,915
2024-2025,16,RANDALL COUNTY,Grade 11,858
2024-2025,16,RANDALL COUNTY,Grade 12,831
2024-2025,18,REAGAN COUNTY,Early Education,4
2024-2025,18,REAGAN COUNTY,Pre-kindergarten,48
2024-2025,18,REAGAN COUNTY,Kindergarten,70
2024-2025,18,REAGAN COUNTY,Grade 1,72
2024-2025,18,REAGAN COUNTY,Grade 2,62
2024-2025,18,REAGAN COUNTY,Grade 3,58
2024-2025,18,REAGAN COUNTY,Grade 4,62
2024-2025,18,REAGAN COUNTY,Grade 5,72
2024-2025,18,REAGAN COUNTY,Grade 6,70
2024-2025,18,REAGAN COUNTY,Grade 7,56
2024-2025,18,REAGAN COUNTY,Grade 8,52
2024-2025,18,REAGAN COUNTY,Grade 9,57
2024-2025,18,REAGAN COUNTY,Grade 10,55
2024-2025,18,REAGAN COUNTY,Grade 11,61
2024-2025,18,REAGAN COUNTY,Grade 12,56
2024-2025,20,REAL COUNTY,Early Education,1
2024-2025,20,REAL COUNTY,Pre-kindergarten,30
2024-2025,20,REAL COUNTY,Kindergarten,24
2024-2025,20,REAL COUNTY,Grade 1,28
2024-2025,20,REAL COUNTY,Grade 2,31
2024-2025,20,REAL COUNTY,Grade 3,28
2024-2025,20,REAL COUNTY,Grade 4,38
2024-2025,20,REAL COUNTY,Grade 5,34
2024-2025,20,REAL COUNTY,Grade 6,30
2024-2025,20,REAL COUNTY,Grade 7,48
2024-2025,20,REAL COUNTY,Grade 8,42
2024-2025,20,REAL COUNTY,Grade 9,47
2024-2025,20,REAL COUNTY,Grade 10,56
2024-2025,20,REAL COUNTY,Grade 11,47
2024-2025,20,REAL COUNTY,Grade 12,34
2024-2025,8,RED RIVER COUNTY,Early Education,7
2024-2025,8,RED RIVER COUNTY,Pre-kindergarten,145
2024-2025,8,RED RIVER COUNTY,Kindergarten,119
2024-2025,8,RED RIVER COUNTY,Grade 1,131
2024-2025,8,RED RIVER COUNTY,Grade 2,129
2024-2025,8,RED RIVER COUNTY,Grade 3,142
2024-2025,8,RED RIVER COUNTY,Grade 4,139
2024-2025,8,RED RIVER COUNTY,Grade 5,143
2024-2025,8,RED RIVER COUNTY,Grade 6,134
2024-2025,8,RED RIVER COUNTY,Grade 7,141
2024-2025,8,RED RIVER COUNTY,Grade 8,158
2024-2025,8,RED RIVER COUNTY,Grade 9,141
2024-2025,8,RED RIVER COUNTY,Grade 10,152
2024-2025,8,RED RIVER COUNTY,Grade 11,158
2024-2025,8,RED RIVER COUNTY,Grade 12,137
2024-2025,18,REEVES COUNTY,Early Education,21
2024-2025,18,REEVES COUNTY,Pre-kindergarten,168
2024-2025,18,REEVES COUNTY,Kindergarten,213
2024-2025,18,REEVES COUNTY,Grade 1,210
2024-2025,18,REEVES COUNTY,Grade 2,214
2024-2025,18,REEVES COUNTY,Grade 3,246
2024-2025,18,REEVES COUNTY,Grade 4,209
2024-2025,18,REEVES COUNTY,Grade 5,223
2024-2025,18,REEVES COUNTY,Grade 6,239
2024-2025,18,REEVES COUNTY,Grade 7,199
2024-2025,18,REEVES COUNTY,Grade 8,216
2024-2025,18,REEVES COUNTY,Grade 9,258
2024-2025,18,REEVES COUNTY,Grade 10,251
2024-2025,18,REEVES COUNTY,Grade 11,221
2024-2025,18,REEVES COUNTY,Grade 12,177
2024-2025,3,REFUGIO COUNTY,Early Education,3
2024-2025,3,REFUGIO COUNTY,Pre-kindergarten,53
2024-2025,3,REFUGIO COUNTY,Kindergarten,62
2024-2025,3,REFUGIO COUNTY,Grade 1,76
2024-2025,3,REFUGIO COUNTY,Grade 2,87
2024-2025,3,REFUGIO COUNTY,Grade 3,78
2024-2025,3,REFUGIO COUNTY,Grade 4,92
2024-2025,3,REFUGIO COUNTY,Grade 5,83
2024-2025,3,REFUGIO COUNTY,Grade 6,87
2024-2025,3,REFUGIO COUNTY,Grade 7,93
2024-2025,3,REFUGIO COUNTY,Grade 8,87
2024-2025,3,REFUGIO COUNTY,Grade 9,86
2024-2025,3,REFUGIO COUNTY,Grade 10,88
2024-2025,3,REFUGIO COUNTY,Grade 11,120
2024-2025,3,REFUGIO COUNTY,Grade 12,102
2024-2025,16,ROBERTS COUNTY,Early Education,1
2024-2025,16,ROBERTS COUNTY,Pre-kindergarten,7
2024-2025,16,ROBERTS COUNTY,Kindergarten,13
2024-2025,16,ROBERTS COUNTY,Grade 1,9
2024-2025,16,ROBERTS COUNTY,Grade 2,17
2024-2025,16,ROBERTS COUNTY,Grade 3,15
2024-2025,16,ROBERTS COUNTY,Grade 4,9
2024-2025,16,ROBERTS COUNTY,Grade 5,15
2024-2025,16,ROBERTS COUNTY,Grade 6,11
2024-2025,16,ROBERTS COUNTY,Grade 7,13
2024-2025,16,ROBERTS COUNTY,Grade 8,12
2024-2025,16,ROBERTS COUNTY,Grade 9,12
2024-2025,16,ROBERTS COUNTY,Grade 10,10
2024-2025,16,ROBERTS COUNTY,Grade 11,14
2024-2025,16,ROBERTS COUNTY,Grade 12,19
2024-2025,6,ROBERTSON COUNTY,Early Education,8
2024-2025,6,ROBERTSON COUNTY,Pre-kindergarten,239
2024-2025,6,ROBERTSON COUNTY,Kindergarten,219
2024-2025,6,ROBERTSON COUNTY,Grade 1,209
2024-2025,6,ROBERTSON COUNTY,Grade 2,252
2024-2025,6,ROBERTSON COUNTY,Grade 3,269
2024-2025,6,ROBERTSON COUNTY,Grade 4,224
2024-2025,6,ROBERTSON COUNTY,Grade 5,231
2024-2025,6,ROBERTSON COUNTY,Grade 6,237
2024-2025,6,ROBERTSON COUNTY,Grade 7,267
2024-2025,6,ROBERTSON COUNTY,Grade 8,243
2024-2025,6,ROBERTSON COUNTY,Grade 9,273
2024-2025,6,ROBERTSON COUNTY,Grade 10,253
2024-2025,6,ROBERTSON COUNTY,Grade 11,254
2024-2025,6,ROBERTSON COUNTY,Grade 12,230
2024-2025,10,ROCKWALL COUNTY,Early Education,212
2024-2025,10,ROCKWALL COUNTY,Pre-kindergarten,874
2024-2025,10,ROCKWALL COUNTY,Kindergarten,1953
2024-2025,10,ROCKWALL COUNTY,Grade 1,2014
2024-2025,10,ROCKWALL COUNTY,Grade 2,2092
2024-2025,10,ROCKWALL COUNTY,Grade 3,2212
2024-2025,10,ROCKWALL COUNTY,Grade 4,2170
2024-2025,10,ROCKWALL COUNTY,Grade 5,2165
2024-2025,10,ROCKWALL COUNTY,Grade 6,2186
2024-2025,10,ROCKWALL COUNTY,Grade 7,2223
2024-2025,10,ROCKWALL COUNTY,Grade 8,2252
2024-2025,10,ROCKWALL COUNTY,Grade 9,2430
2024-2025,10,ROCKWALL COUNTY,Grade 10,2242
2024-2025,10,ROCKWALL COUNTY,Grade 11,2135
2024-2025,10,ROCKWALL COUNTY,Grade 12,2109
2024-2025,15,RUNNELS COUNTY,Early Education,5
2024-2025,15,RUNNELS COUNTY,Pre-kindergarten,115
2024-2025,15,RUNNELS COUNTY,Kindergarten,156
2024-2025,15,RUNNELS COUNTY,Grade 1,144
2024-2025,15,RUNNELS COUNTY,Grade 2,130
2024-2025,15,RUNNELS COUNTY,Grade 3,172
2024-2025,15,RUNNELS COUNTY,Grade 4,118
2024-2025,15,RUNNELS COUNTY,Grade 5,144
2024-2025,15,RUNNELS COUNTY,Grade 6,118
2024-2025,15,RUNNELS COUNTY,Grade 7,144
2024-2025,15,RUNNELS COUNTY,Grade 8,146
2024-2025,15,RUNNELS COUNTY,Grade 9,139
2024-2025,15,RUNNELS COUNTY,Grade 10,134
2024-2025,15,RUNNELS COUNTY,Grade 11,154
2024-2025,15,RUNNELS COUNTY,Grade 12,141
2024-2025,7,RUSK COUNTY,Early Education,21
2024-2025,7,RUSK COUNTY,Pre-kindergarten,401
2024-2025,7,RUSK COUNTY,Kindergarten,540
2024-2025,7,RUSK COUNTY,Grade 1,514
2024-2025,7,RUSK COUNTY,Grade 2,529
2024-2025,7,RUSK COUNTY,Grade 3,538
2024-2025,7,RUSK COUNTY,Grade 4,550
2024-2025,7,RUSK COUNTY,Grade 5,528
2024-2025,7,RUSK COUNTY,Grade 6,537
2024-2025,7,RUSK COUNTY,Grade 7,577
2024-2025,7,RUSK COUNTY,Grade 8,577
2024-2025,7,RUSK COUNTY,Grade 9,617
2024-2025,7,RUSK COUNTY,Grade 10,602
2024-2025,7,RUSK COUNTY,Grade 11,582
2024-2025,7,RUSK COUNTY,Grade 12,604
2024-2025,7,SABINE COUNTY,Pre-kindergarten,89
2024-2025,7,SABINE COUNTY,Kindergarten,102
2024-2025,7,SABINE COUNTY,Grade 1,108
2024-2025,7,SABINE COUNTY,Grade 2,100
2024-2025,7,SABINE COUNTY,Grade 3,110
2024-2025,7,SABINE COUNTY,Grade 4,114
2024-2025,7,SABINE COUNTY,Grade 5,106
2024-2025,7,SABINE COUNTY,Grade 6,96
2024-2025,7,SABINE COUNTY,Grade 7,108
2024-2025,7,SABINE COUNTY,Grade 8,102
2024-2025,7,SABINE COUNTY,Grade 9,112
2024-2025,7,SABINE COUNTY,Grade 10,98
2024-2025,7,SABINE COUNTY,Grade 11,85
2024-2025,7,SABINE COUNTY,Grade 12,96
2024-2025,7,SAN AUGUSTINE COUNTY,Early Education,1
2024-2025,7,SAN AUGUSTINE COUNTY,Pre-kindergarten,85
2024-2025,7,SAN AUGUSTINE COUNTY,Kindergarten,69
2024-2025,7,SAN AUGUSTINE COUNTY,Grade 1,62
2024-2025,7,SAN AUGUSTINE COUNTY,Grade 2,72
2024-2025,7,SAN AUGUSTINE COUNTY,Grade 3,67
2024-2025,7,SAN AUGUSTINE COUNTY,Grade 4,71
2024-2025,7,SAN AUGUSTINE COUNTY,Grade 5,51
2024-2025,7,SAN AUGUSTINE COUNTY,Grade 6,61
2024-2025,7,SAN AUGUSTINE COUNTY,Grade 7,70
2024-2025,7,SAN AUGUSTINE COUNTY,Grade 8,65
2024-2025,7,SAN AUGUSTINE COUNTY,Grade 9,75
2024-2025,7,SAN AUGUSTINE COUNTY,Grade 10,79
2024-2025,7,SAN AUGUSTINE COUNTY,Grade 11,69
2024-2025,7,SAN AUGUSTINE COUNTY,Grade 12,77
2024-2025,6,SAN JACINTO COUNTY,Early Education,9
2024-2025,6,SAN JACINTO COUNTY,Pre-kindergarten,192
2024-2025,6,SAN JACINTO COUNTY,Kindergarten,228
2024-2025,6,SAN JACINTO COUNTY,Grade 1,238
2024-2025,6,SAN JACINTO COUNTY,Grade 2,261
2024-2025,6,SAN JACINTO COUNTY,Grade 3,236
2024-2025,6,SAN JACINTO COUNTY,Grade 4,262
2024-2025,6,SAN JACINTO COUNTY,Grade 5,248
2024-2025,6,SAN JACINTO COUNTY,Grade 6,257
2024-2025,6,SAN JACINTO COUNTY,Grade 7,259
2024-2025,6,SAN JACINTO COUNTY,Grade 8,255
2024-2025,6,SAN JACINTO COUNTY,Grade 9,276
2024-2025,6,SAN JACINTO COUNTY,Grade 10,307
2024-2025,6,SAN JACINTO COUNTY,Grade 11,286
2024-2025,6,SAN JACINTO COUNTY,Grade 12,239
2024-2025,2,SAN PATRICIO COUNTY,Early Education,68
2024-2025,2,SAN PATRICIO COUNTY,Pre-kindergarten,557
2024-2025,2,SAN PATRICIO COUNTY,Kindergarten,934
2024-2025,2,SAN PATRICIO COUNTY,Grade 1,991
2024-2025,2,SAN PATRICIO COUNTY,Grade 2,982
2024-2025,2,SAN PATRICIO COUNTY,Grade 3,1058
2024-2025,2,SAN PATRICIO COUNTY,Grade 4,996
2024-2025,2,SAN PATRICIO COUNTY,Grade 5,1069
2024-2025,2,SAN PATRICIO COUNTY,Grade 6,1067
2024-2025,2,SAN PATRICIO COUNTY,Grade 7,1051
2024-2025,2,SAN PATRICIO COUNTY,Grade 8,1016
2024-2025,2,SAN PATRICIO COUNTY,Grade 9,1033
2024-2025,2,SAN PATRICIO COUNTY,Grade 10,1058
2024-2025,2,SAN PATRICIO COUNTY,Grade 11,1049
2024-2025,2,SAN PATRICIO COUNTY,Grade 12,919
2024-2025,15,SAN SABA COUNTY,Early Education,3
2024-2025,15,SAN SABA COUNTY,Pre-kindergarten,51
2024-2025,15,SAN SABA COUNTY,Kindergarten,65
2024-2025,15,SAN SABA COUNTY,Grade 1,78
2024-2025,15,SAN SABA COUNTY,Grade 2,59
2024-2025,15,SAN SABA COUNTY,Grade 3,64
2024-2025,15,SAN SABA COUNTY,Grade 4,67
2024-2025,15,SAN SABA COUNTY,Grade 5,72
2024-2025,15,SAN SABA COUNTY,Grade 6,69
2024-2025,15,SAN SABA COUNTY,Grade 7,75
2024-2025,15,SAN SABA COUNTY,Grade 8,66
2024-2025,15,SAN SABA COUNTY,Grade 9,67
2024-2025,15,SAN SABA COUNTY,Grade 10,90
2024-2025,15,SAN SABA COUNTY,Grade 11,78
2024-2025,15,SAN SABA COUNTY,Grade 12,77
2024-2025,15,SCHLEICHER COUNTY,Early Education,2
2024-2025,15,SCHLEICHER COUNTY,Pre-kindergarten,17
2024-2025,15,SCHLEICHER COUNTY,Kindergarten,20
2024-2025,15,SCHLEICHER COUNTY,Grade 1,20
2024-2025,15,SCHLEICHER COUNTY,Grade 2,32
2024-2025,15,SCHLEICHER COUNTY,Grade 3,30
2024-2025,15,SCHLEICHER COUNTY,Grade 4,23
2024-2025,15,SCHLEICHER COUNTY,Grade 5,35
2024-2025,15,SCHLEICHER COUNTY,Grade 6,31
2024-2025,15,SCHLEICHER COUNTY,Grade 7,31
2024-2025,15,SCHLEICHER COUNTY,Grade 8,27
2024-2025,15,SCHLEICHER COUNTY,Grade 9,34
2024-2025,15,SCHLEICHER COUNTY,Grade 10,39
2024-2025,15,SCHLEICHER COUNTY,Grade 11,38
2024-2025,15,SCHLEICHER COUNTY,Grade 12,36
2024-2025,14,SCURRY COUNTY,Early Education,20
2024-2025,14,SCURRY COUNTY,Pre-kindergarten,135
2024-2025,14,SCURRY COUNTY,Kindergarten,181
2024-2025,14,SCURRY COUNTY,Grade 1,175
2024-2025,14,SCURRY COUNTY,Grade 2,216
2024-2025,14,SCURRY COUNTY,Grade 3,217
2024-2025,14,SCURRY COUNTY,Grade 4,205
2024-2025,14,SCURRY COUNTY,Grade 5,207
2024-2025,14,SCURRY COUNTY,Grade 6,194
2024-2025,14,SCURRY COUNTY,Grade 7,211
2024-2025,14,SCURRY COUNTY,Grade 8,223
2024-2025,14,SCURRY COUNTY,Grade 9,270
2024-2025,14,SCURRY COUNTY,Grade 10,228
2024-2025,14,SCURRY COUNTY,Grade 11,195
2024-2025,14,SCURRY COUNTY,Grade 12,182
2024-2025,14,SHACKELFORD COUNTY,Early Education,1
2024-2025,14,SHACKELFORD COUNTY,Pre-kindergarten,29
2024-2025,14,SHACKELFORD COUNTY,Kindergarten,41
2024-2025,14,SHACKELFORD COUNTY,Grade 1,47
2024-2025,14,SHACKELFORD COUNTY,Grade 2,43
2024-2025,14,SHACKELFORD COUNTY,Grade 3,37
2024-2025,14,SHACKELFORD COUNTY,Grade 4,33
2024-2025,14,SHACKELFORD COUNTY,Grade 5,37
2024-2025,14,SHACKELFORD COUNTY,Grade 6,44
2024-2025,14,SHACKELFORD COUNTY,Grade 7,50
2024-2025,14,SHACKELFORD COUNTY,Grade 8,44
2024-2025,14,SHACKELFORD COUNTY,Grade 9,40
2024-2025,14,SHACKELFORD COUNTY,Grade 10,46
2024-2025,14,SHACKELFORD COUNTY,Grade 11,43
2024-2025,14,SHACKELFORD COUNTY,Grade 12,54
2024-2025,7,SHELBY COUNTY,Early Education,15
2024-2025,7,SHELBY COUNTY,Pre-kindergarten,344
2024-2025,7,SHELBY COUNTY,Kindergarten,337
2024-2025,7,SHELBY COUNTY,Grade 1,359
2024-2025,7,SHELBY COUNTY,Grade 2,369
2024-2025,7,SHELBY COUNTY,Grade 3,383
2024-2025,7,SHELBY COUNTY,Grade 4,366
2024-2025,7,SHELBY COUNTY,Grade 5,366
2024-2025,7,SHELBY COUNTY,Grade 6,399
2024-2025,7,SHELBY COUNTY,Grade 7,337
2024-2025,7,SHELBY COUNTY,Grade 8,361
2024-2025,7,SHELBY COUNTY,Grade 9,373
2024-2025,7,SHELBY COUNTY,Grade 10,406
2024-2025,7,SHELBY COUNTY,Grade 11,374
2024-2025,7,SHELBY COUNTY,Grade 12,385
2024-2025,16,SHERMAN COUNTY,Early Education,3
2024-2025,16,SHERMAN COUNTY,Pre-kindergarten,51
2024-2025,16,SHERMAN COUNTY,Kindergarten,53
2024-2025,16,SHERMAN COUNTY,Grade 1,51
2024-2025,16,SHERMAN COUNTY,Grade 2,75
2024-2025,16,SHERMAN COUNTY,Grade 3,43
2024-2025,16,SHERMAN COUNTY,Grade 4,56
2024-2025,16,SHERMAN COUNTY,Grade 5,40
2024-2025,16,SHERMAN COUNTY,Grade 6,31
2024-2025,16,SHERMAN COUNTY,Grade 7,39
2024-2025,16,SHERMAN COUNTY,Grade 8,42
2024-2025,16,SHERMAN COUNTY,Grade 9,48
2024-2025,16,SHERMAN COUNTY,Grade 10,44
2024-2025,16,SHERMAN COUNTY,Grade 11,43
2024-2025,16,SHERMAN COUNTY,Grade 12,50
2024-2025,7,SMITH COUNTY,Early Education,175
2024-2025,7,SMITH COUNTY,Pre-kindergarten,1481
2024-2025,7,SMITH COUNTY,Kindergarten,2748
2024-2025,7,SMITH COUNTY,Grade 1,2912
2024-2025,7,SMITH COUNTY,Grade 2,3001
2024-2025,7,SMITH COUNTY,Grade 3,3140
2024-2025,7,SMITH COUNTY,Grade 4,3042
2024-2025,7,SMITH COUNTY,Grade 5,3163
2024-2025,7,SMITH COUNTY,Grade 6,3065
2024-2025,7,SMITH COUNTY,Grade 7,2999
2024-2025,7,SMITH COUNTY,Grade 8,2944
2024-2025,7,SMITH COUNTY,Grade 9,3225
2024-2025,7,SMITH COUNTY,Grade 10,3077
2024-2025,7,SMITH COUNTY,Grade 11,2794
2024-2025,7,SMITH COUNTY,Grade 12,2676
2024-2025,11,SOMERVELL COUNTY,Early Education,13
2024-2025,11,SOMERVELL COUNTY,Pre-kindergarten,47
2024-2025,11,SOMERVELL COUNTY,Kindergarten,143
2024-2025,11,SOMERVELL COUNTY,Grade 1,151
2024-2025,11,SOMERVELL COUNTY,Grade 2,145
2024-2025,11,SOMERVELL COUNTY,Grade 3,175
2024-2025,11,SOMERVELL COUNTY,Grade 4,158
2024-2025,11,SOMERVELL COUNTY,Grade 5,147
2024-2025,11,SOMERVELL COUNTY,Grade 6,185
2024-2025,11,SOMERVELL COUNTY,Grade 7,162
2024-2025,11,SOMERVELL COUNTY,Grade 8,150
2024-2025,11,SOMERVELL COUNTY,Grade 9,171
2024-2025,11,SOMERVELL COUNTY,Grade 10,176
2024-2025,11,SOMERVELL COUNTY,Grade 11,189
2024-2025,11,SOMERVELL COUNTY,Grade 12,168
2024-2025,1,STARR COUNTY,Early Education,20
2024-2025,1,STARR COUNTY,Pre-kindergarten,1311
2024-2025,1,STARR COUNTY,Kindergarten,944
2024-2025,1,STARR COUNTY,Grade 1,978
2024-2025,1,STARR COUNTY,Grade 2,1059
2024-2025,1,STARR COUNTY,Grade 3,985
2024-2025,1,STARR COUNTY,Grade 4,1072
2024-2025,1,STARR COUNTY,Grade 5,1110
2024-2025,1,STARR COUNTY,Grade 6,1118
2024-2025,1,STARR COUNTY,Grade 7,1086
2024-2025,1,STARR COUNTY,Grade 8,1179
2024-2025,1,STARR COUNTY,Grade 9,1314
2024-2025,1,STARR COUNTY,Grade 10,1185
2024-2025,1,STARR COUNTY,Grade 11,1077
2024-2025,1,STARR COUNTY,Grade 12,1050
2024-2025,14,STEPHENS COUNTY,Early Education,5
2024-2025,14,STEPHENS COUNTY,Pre-kindergarten,76
2024-2025,14,STEPHENS COUNTY,Kindergarten,101
2024-2025,14,STEPHENS COUNTY,Grade 1,103
2024-2025,14,STEPHENS COUNTY,Grade 2,92
2024-2025,14,STEPHENS COUNTY,Grade 3,130
2024-2025,14,STEPHENS COUNTY,Grade 4,111
2024-2025,14,STEPHENS COUNTY,Grade 5,99
2024-2025,14,STEPHENS COUNTY,Grade 6,91
2024-2025,14,STEPHENS COUNTY,Grade 7,89
2024-2025,14,STEPHENS COUNTY,Grade 8,98
2024-2025,14,STEPHENS COUNTY,Grade 9,89
2024-2025,14,STEPHENS COUNTY,Grade 10,98
2024-2025,14,STEPHENS COUNTY,Grade 11,98
2024-2025,14,STEPHENS COUNTY,Grade 12,94
2024-2025,15,STERLING COUNTY,Early Education,4
2024-2025,15,STERLING COUNTY,Pre-kindergarten,20
2024-2025,15,STERLING COUNTY,Kindergarten,17
2024-2025,15,STERLING COUNTY,Grade 1,16
2024-2025,15,STERLING COUNTY,Grade 2,27
2024-2025,15,STERLING COUNTY,Grade 3,29
2024-2025,15,STERLING COUNTY,Grade 4,23
2024-2025,15,STERLING COUNTY,Grade 5,30
2024-2025,15,STERLING COUNTY,Grade 6,25
2024-2025,15,STERLING COUNTY,Grade 7,17
2024-2025,15,STERLING COUNTY,Grade 8,19
2024-2025,15,STERLING COUNTY,Grade 9,32
2024-2025,15,STERLING COUNTY,Grade 10,42
2024-2025,15,STERLING COUNTY,Grade 11,19
2024-2025,15,STERLING COUNTY,Grade 12,35
2024-2025,14,STONEWALL COUNTY,Pre-kindergarten,6
2024-2025,14,STONEWALL COUNTY,Kindergarten,10
2024-2025,14,STONEWALL COUNTY,Grade 1,13
2024-2025,14,STONEWALL COUNTY,Grade 2,13
2024-2025,14,STONEWALL COUNTY,Grade 3,14
2024-2025,14,STONEWALL COUNTY,Grade 4,14
2024-2025,14,STONEWALL COUNTY,Grade 5,16
2024-2025,14,STONEWALL COUNTY,Grade 6,14
2024-2025,14,STONEWALL COUNTY,Grade 7,12
2024-2025,14,STONEWALL COUNTY,Grade 8,10
2024-2025,14,STONEWALL COUNTY,Grade 9,18
2024-2025,14,STONEWALL COUNTY,Grade 10,11
2024-2025,14,STONEWALL COUNTY,Grade 11,17
2024-2025,14,STONEWALL COUNTY,Grade 12,13
2024-2025,15,SUTTON COUNTY,Early Education,2
2024-2025,15,SUTTON COUNTY,Pre-kindergarten,23
2024-2025,15,SUTTON COUNTY,Kindergarten,36
2024-2025,15,SUTTON COUNTY,Grade 1,49
2024-2025,15,SUTTON COUNTY,Grade 2,46
2024-2025,15,SUTTON COUNTY,Grade 3,44
2024-2025,15,SUTTON COUNTY,Grade 4,57
2024-2025,15,SUTTON COUNTY,Grade 5,52
2024-2025,15,SUTTON COUNTY,Grade 6,56
2024-2025,15,SUTTON COUNTY,Grade 7,39
2024-2025,15,SUTTON COUNTY,Grade 8,50
2024-2025,15,SUTTON COUNTY,Grade 9,44
2024-2025,15,SUTTON COUNTY,Grade 10,60
2024-2025,15,SUTTON COUNTY,Grade 11,50
2024-2025,15,SUTTON COUNTY,Grade 12,35
2024-2025,16,SWISHER COUNTY,Pre-kindergarten,81
2024-2025,16,SWISHER COUNTY,Kindergarten,80
2024-2025,16,SWISHER COUNTY,Grade 1,88
2024-2025,16,SWISHER COUNTY,Grade 2,68
2024-2025,16,SWISHER COUNTY,Grade 3,104
2024-2025,16,SWISHER COUNTY,Grade 4,75
2024-2025,16,SWISHER COUNTY,Grade 5,102
2024-2025,16,SWISHER COUNTY,Grade 6,98
2024-2025,16,SWISHER COUNTY,Grade 7,102
2024-2025,16,SWISHER COUNTY,Grade 8,80
2024-2025,16,SWISHER COUNTY,Grade 9,118
2024-2025,16,SWISHER COUNTY,Grade 10,113
2024-2025,16,SWISHER COUNTY,Grade 11,100
2024-2025,16,SWISHER COUNTY,Grade 12,107
2024-2025,11,TARRANT COUNTY,Early Education,1789
2024-2025,11,TARRANT COUNTY,Pre-kindergarten,15781
2024-2025,11,TARRANT COUNTY,Kindergarten,21286
2024-2025,11,TARRANT COUNTY,Grade 1,22398
2024-2025,11,TARRANT COUNTY,Grade 2,22806
2024-2025,11,TARRANT COUNTY,Grade 3,24121
2024-2025,11,TARRANT COUNTY,Grade 4,23881
2024-2025,11,TARRANT COUNTY,Grade 5,24327
2024-2025,11,TARRANT COUNTY,Grade 6,23955
2024-2025,11,TARRANT COUNTY,Grade 7,24081
2024-2025,11,TARRANT COUNTY,Grade 8,24623
2024-2025,11,TARRANT COUNTY,Grade 9,29166
2024-2025,11,TARRANT COUNTY,Grade 10,27583
2024-2025,11,TARRANT COUNTY,Grade 11,25906
2024-2025,11,TARRANT COUNTY,Grade 12,24771
2024-2025,14,TAYLOR COUNTY,Early Education,262
2024-2025,14,TAYLOR COUNTY,Pre-kindergarten,1713
2024-2025,14,TAYLOR COUNTY,Kindergarten,3102
2024-2025,14,TAYLOR COUNTY,Grade 1,3189
2024-2025,14,TAYLOR COUNTY,Grade 2,3182
2024-2025,14,TAYLOR COUNTY,Grade 3,3190
2024-2025,14,TAYLOR COUNTY,Grade 4,3234
2024-2025,14,TAYLOR COUNTY,Grade 5,3038
2024-2025,14,TAYLOR COUNTY,Grade 6,3131
2024-2025,14,TAYLOR COUNTY,Grade 7,3026
2024-2025,14,TAYLOR COUNTY,Grade 8,3116
2024-2025,14,TAYLOR COUNTY,Grade 9,2817
2024-2025,14,TAYLOR COUNTY,Grade 10,2475
2024-2025,14,TAYLOR COUNTY,Grade 11,2151
2024-2025,14,TAYLOR COUNTY,Grade 12,1991
2024-2025,18,TERRELL COUNTY,Kindergarten,4
2024-2025,18,TERRELL COUNTY,Grade 1,8
2024-2025,18,TERRELL COUNTY,Grade 2,10
2024-2025,18,TERRELL COUNTY,Grade 3,5
2024-2025,18,TERRELL COUNTY,Grade 4,7
2024-2025,18,TERRELL COUNTY,Grade 5,9
2024-2025,18,TERRELL COUNTY,Grade 6,12
2024-2025,18,TERRELL COUNTY,Grade 7,11
2024-2025,18,TERRELL COUNTY,Grade 8,7
2024-2025,18,TERRELL COUNTY,Grade 9,13
2024-2025,18,TERRELL COUNTY,Grade 10,11
2024-2025,18,TERRELL COUNTY,Grade 11,8
2024-2025,18,TERRELL COUNTY,Grade 12,9
2024-2025,17,TERRY COUNTY,Early Education,2
2024-2025,17,TERRY COUNTY,Pre-kindergarten,141
2024-2025,17,TERRY COUNTY,Kindergarten,129
2024-2025,17,TERRY COUNTY,Grade 1,145
2024-2025,17,TERRY COUNTY,Grade 2,149
2024-2025,17,TERRY COUNTY,Grade 3,145
2024-2025,17,TERRY COUNTY,Grade 4,153
2024-2025,17,TERRY COUNTY,Grade 5,159
2024-2025,17,TERRY COUNTY,Grade 6,143
2024-2025,17,TERRY COUNTY,Grade 7,162
2024-2025,17,TERRY COUNTY,Grade 8,133
2024-2025,17,TERRY COUNTY,Grade 9,171
2024-2025,17,TERRY COUNTY,Grade 10,157
2024-2025,17,TERRY COUNTY,Grade 11,145
2024-2025,17,TERRY COUNTY,Grade 12,152
2024-2025,9,THROCKMORTON COUNTY,Pre-kindergarten,20
2024-2025,9,THROCKMORTON COUNTY,Kindergarten,28
2024-2025,9,THROCKMORTON COUNTY,Grade 1,16
2024-2025,9,THROCKMORTON COUNTY,Grade 2,23
2024-2025,9,THROCKMORTON COUNTY,Grade 3,25
2024-2025,9,THROCKMORTON COUNTY,Grade 4,20
2024-2025,9,THROCKMORTON COUNTY,Grade 5,23
2024-2025,9,THROCKMORTON COUNTY,Grade 6,23
2024-2025,9,THROCKMORTON COUNTY,Grade 7,16
2024-2025,9,THROCKMORTON COUNTY,Grade 8,19
2024-2025,9,THROCKMORTON COUNTY,Grade 9,20
2024-2025,9,THROCKMORTON COUNTY,Grade 10,20
2024-2025,9,THROCKMORTON COUNTY,Grade 11,30
2024-2025,9,THROCKMORTON COUNTY,Grade 12,39
2024-2025,8,TITUS COUNTY,Early Education,98
2024-2025,8,TITUS COUNTY,Pre-kindergarten,397
2024-2025,8,TITUS COUNTY,Kindergarten,465
2024-2025,8,TITUS COUNTY,Grade 1,488
2024-2025,8,TITUS COUNTY,Grade 2,506
2024-2025,8,TITUS COUNTY,Grade 3,488
2024-2025,8,TITUS COUNTY,Grade 4,486
2024-2025,8,TITUS COUNTY,Grade 5,518
2024-2025,8,TITUS COUNTY,Grade 6,485
2024-2025,8,TITUS COUNTY,Grade 7,479
2024-2025,8,TITUS COUNTY,Grade 8,478
2024-2025,8,TITUS COUNTY,Grade 9,525
2024-2025,8,TITUS COUNTY,Grade 10,541
2024-2025,8,TITUS COUNTY,Grade 11,543
2024-2025,8,TITUS COUNTY,Grade 12,475
2024-2025,15,TOM GREEN COUNTY,Early Education,136
2024-2025,15,TOM GREEN COUNTY,Pre-kindergarten,362
2024-2025,15,TOM GREEN COUNTY,Kindergarten,1425
2024-2025,15,TOM GREEN COUNTY,Grade 1,1428
2024-2025,15,TOM GREEN COUNTY,Grade 2,1640
2024-2025,15,TOM GREEN COUNTY,Grade 3,1674
2024-2025,15,TOM GREEN COUNTY,Grade 4,1599
2024-2025,15,TOM GREEN COUNTY,Grade 5,1581
2024-2025,15,TOM GREEN COUNTY,Grade 6,1645
2024-2025,15,TOM GREEN COUNTY,Grade 7,1610
2024-2025,15,TOM GREEN COUNTY,Grade 8,1558
2024-2025,15,TOM GREEN COUNTY,Grade 9,1875
2024-2025,15,TOM GREEN COUNTY,Grade 10,1572
2024-2025,15,TOM GREEN COUNTY,Grade 11,1496
2024-2025,15,TOM GREEN COUNTY,Grade 12,1304
2024-2025,13,TRAVIS COUNTY,Early Education,592
2024-2025,4,TRAVIS COUNTY,Pre-kindergarten,2919
2024-2025,13,TRAVIS COUNTY,Pre-kindergarten,7758
2024-2025,4,TRAVIS COUNTY,Kindergarten,2481
2024-2025,13,TRAVIS COUNTY,Kindergarten,11049
2024-2025,4,TRAVIS COUNTY,Grade 1,2350
2024-2025,13,TRAVIS COUNTY,Grade 1,11525
2024-2025,4,TRAVIS COUNTY,Grade 2,2361
2024-2025,13,TRAVIS COUNTY,Grade 2,11657
2024-2025,4,TRAVIS COUNTY,Grade 3,2349
2024-2025,13,TRAVIS COUNTY,Grade 3,12073
2024-2025,4,TRAVIS COUNTY,Grade 4,2300
2024-2025,13,TRAVIS COUNTY,Grade 4,12084
2024-2025,4,TRAVIS COUNTY,Grade 5,2333
2024-2025,13,TRAVIS COUNTY,Grade 5,11737
2024-2025,4,TRAVIS COUNTY,Grade 6,2581
2024-2025,13,TRAVIS COUNTY,Grade 6,11255
2024-2025,4,TRAVIS COUNTY,Grade 7,2578
2024-2025,13,TRAVIS COUNTY,Grade 7,11139
2024-2025,4,TRAVIS COUNTY,Grade 8,2622
2024-2025,13,TRAVIS COUNTY,Grade 8,11151
2024-2025,4,TRAVIS COUNTY,Grade 9,2361
2024-2025,13,TRAVIS COUNTY,Grade 9,12775
2024-2025,4,TRAVIS COUNTY,Grade 10,2238
2024-2025,13,TRAVIS COUNTY,Grade 10,12662
2024-2025,4,TRAVIS COUNTY,Grade 11,1753
2024-2025,13,TRAVIS COUNTY,Grade 11,12249
2024-2025,4,TRAVIS COUNTY,Grade 12,1545
2024-2025,13,TRAVIS COUNTY,Grade 12,11449
2024-2025,6,TRINITY COUNTY,Early Education,1
2024-2025,6,TRINITY COUNTY,Pre-kindergarten,100
2024-2025,6,TRINITY COUNTY,Kindergarten,143
2024-2025,6,TRINITY COUNTY,Grade 1,156
2024-2025,6,TRINITY COUNTY,Grade 2,165
2024-2025,6,TRINITY COUNTY,Grade 3,154
2024-2025,6,TRINITY COUNTY,Grade 4,184
2024-2025,6,TRINITY COUNTY,Grade 5,150
2024-2025,6,TRINITY COUNTY,Grade 6,145
2024-2025,6,TRINITY COUNTY,Grade 7,144
2024-2025,6,TRINITY COUNTY,Grade 8,202
2024-2025,6,TRINITY COUNTY,Grade 9,211
2024-2025,6,TRINITY COUNTY,Grade 10,176
2024-2025,6,TRINITY COUNTY,Grade 11,152
2024-2025,6,TRINITY COUNTY,Grade 12,174
2024-2025,5,TYLER COUNTY,Early Education,20
2024-2025,5,TYLER COUNTY,Pre-kindergarten,147
2024-2025,5,TYLER COUNTY,Kindergarten,215
2024-2025,5,TYLER COUNTY,Grade 1,237
2024-2025,5,TYLER COUNTY,Grade 2,224
2024-2025,5,TYLER COUNTY,Grade 3,261
2024-2025,5,TYLER COUNTY,Grade 4,229
2024-2025,5,TYLER COUNTY,Grade 5,225
2024-2025,5,TYLER COUNTY,Grade 6,304
2024-2025,5,TYLER COUNTY,Grade 7,254
2024-2025,5,TYLER COUNTY,Grade 8,263
2024-2025,5,TYLER COUNTY,Grade 9,271
2024-2025,5,TYLER COUNTY,Grade 10,253
2024-2025,5,TYLER COUNTY,Grade 11,239
2024-2025,5,TYLER COUNTY,Grade 12,240
2024-2025,7,UPSHUR COUNTY,Early Education,32
2024-2025,7,UPSHUR COUNTY,Pre-kindergarten,336
2024-2025,7,UPSHUR COUNTY,Kindergarten,437
2024-2025,7,UPSHUR COUNTY,Grade 1,520
2024-2025,7,UPSHUR COUNTY,Grade 2,541
2024-2025,7,UPSHUR COUNTY,Grade 3,528
2024-2025,7,UPSHUR COUNTY,Grade 4,533
2024-2025,7,UPSHUR COUNTY,Grade 5,581
2024-2025,7,UPSHUR COUNTY,Grade 6,553
2024-2025,7,UPSHUR COUNTY,Grade 7,573
2024-2025,7,UPSHUR COUNTY,Grade 8,555
2024-2025,7,UPSHUR COUNTY,Grade 9,631
2024-2025,7,UPSHUR COUNTY,Grade 10,549
2024-2025,7,UPSHUR COUNTY,Grade 11,549
2024-2025,7,UPSHUR COUNTY,Grade 12,498
2024-2025,18,UPTON COUNTY,Early Education,4
2024-2025,18,UPTON COUNTY,Pre-kindergarten,36
2024-2025,18,UPTON COUNTY,Kindergarten,54
2024-2025,18,UPTON COUNTY,Grade 1,38
2024-2025,18,UPTON COUNTY,Grade 2,69
2024-2025,18,UPTON COUNTY,Grade 3,62
2024-2025,18,UPTON COUNTY,Grade 4,57
2024-2025,18,UPTON COUNTY,Grade 5,56
2024-2025,18,UPTON COUNTY,Grade 6,59
2024-2025,18,UPTON COUNTY,Grade 7,59
2024-2025,18,UPTON COUNTY,Grade 8,55
2024-2025,18,UPTON COUNTY,Grade 9,86
2024-2025,18,UPTON COUNTY,Grade 10,60
2024-2025,18,UPTON COUNTY,Grade 11,47
2024-2025,18,UPTON COUNTY,Grade 12,43
2024-2025,20,UVALDE COUNTY,Early Education,53
2024-2025,20,UVALDE COUNTY,Pre-kindergarten,372
2024-2025,20,UVALDE COUNTY,Kindergarten,363
2024-2025,20,UVALDE COUNTY,Grade 1,325
2024-2025,20,UVALDE COUNTY,Grade 2,359
2024-2025,20,UVALDE COUNTY,Grade 3,339
2024-2025,20,UVALDE COUNTY,Grade 4,362
2024-2025,20,UVALDE COUNTY,Grade 5,331
2024-2025,20,UVALDE COUNTY,Grade 6,352
2024-2025,20,UVALDE COUNTY,Grade 7,317
2024-2025,20,UVALDE COUNTY,Grade 8,383
2024-2025,20,UVALDE COUNTY,Grade 9,417
2024-2025,20,UVALDE COUNTY,Grade 10,421
2024-2025,20,UVALDE COUNTY,Grade 11,350
2024-2025,20,UVALDE COUNTY,Grade 12,341
2024-2025,15,VAL VERDE COUNTY,Early Education,29
2024-2025,15,VAL VERDE COUNTY,Pre-kindergarten,449
2024-2025,15,VAL VERDE COUNTY,Kindergarten,623
2024-2025,15,VAL VERDE COUNTY,Grade 1,674
2024-2025,15,VAL VERDE COUNTY,Grade 2,707
2024-2025,15,VAL VERDE COUNTY,Grade 3,790
2024-2025,15,VAL VERDE COUNTY,Grade 4,783
2024-2025,15,VAL VERDE COUNTY,Grade 5,721
2024-2025,15,VAL VERDE COUNTY,Grade 6,683
2024-2025,15,VAL VERDE COUNTY,Grade 7,697
2024-2025,15,VAL VERDE COUNTY,Grade 8,742
2024-2025,15,VAL VERDE COUNTY,Grade 9,761
2024-2025,15,VAL VERDE COUNTY,Grade 10,787
2024-2025,15,VAL VERDE COUNTY,Grade 11,827
2024-2025,15,VAL VERDE COUNTY,Grade 12,670
2024-2025,7,VAN ZANDT COUNTY,Early Education,16
2024-2025,10,VAN ZANDT COUNTY,Early Education,11
2024-2025,7,VAN ZANDT COUNTY,Pre-kindergarten,223
2024-2025,10,VAN ZANDT COUNTY,Pre-kindergarten,224
2024-2025,7,VAN ZANDT COUNTY,Kindergarten,373
2024-2025,10,VAN ZANDT COUNTY,Kindergarten,368
2024-2025,7,VAN ZANDT COUNTY,Grade 1,378
2024-2025,10,VAN ZANDT COUNTY,Grade 1,416
2024-2025,7,VAN ZANDT COUNTY,Grade 2,383
2024-2025,10,VAN ZANDT COUNTY,Grade 2,345
2024-2025,7,VAN ZANDT COUNTY,Grade 3,404
2024-2025,10,VAN ZANDT COUNTY,Grade 3,396
2024-2025,7,VAN ZANDT COUNTY,Grade 4,376
2024-2025,10,VAN ZANDT COUNTY,Grade 4,397
2024-2025,7,VAN ZANDT COUNTY,Grade 5,401
2024-2025,10,VAN ZANDT COUNTY,Grade 5,374
2024-2025,7,VAN ZANDT COUNTY,Grade 6,410
2024-2025,10,VAN ZANDT COUNTY,Grade 6,402
2024-2025,7,VAN ZANDT COUNTY,Grade 7,426
2024-2025,10,VAN ZANDT COUNTY,Grade 7,401
2024-2025,7,VAN ZANDT COUNTY,Grade 8,420
2024-2025,10,VAN ZANDT COUNTY,Grade 8,406
2024-2025,7,VAN ZANDT COUNTY,Grade 9,470
2024-2025,10,VAN ZANDT COUNTY,Grade 9,378
2024-2025,7,VAN ZANDT COUNTY,Grade 10,435
2024-2025,10,VAN ZANDT COUNTY,Grade 10,406
2024-2025,7,VAN ZANDT COUNTY,Grade 11,418
2024-2025,10,VAN ZANDT COUNTY,Grade 11,353
2024-2025,7,VAN ZANDT COUNTY,Grade 12,403
2024-2025,10,VAN ZANDT COUNTY,Grade 12,325
2024-2025,3,VICTORIA COUNTY,Early Education,105
2024-2025,3,VICTORIA COUNTY,Pre-kindergarten,846
2024-2025,3,VICTORIA COUNTY,Kindergarten,926
2024-2025,3,VICTORIA COUNTY,Grade 1,954
2024-2025,3,VICTORIA COUNTY,Grade 2,992
2024-2025,3,VICTORIA COUNTY,Grade 3,1060
2024-2025,3,VICTORIA COUNTY,Grade 4,1029
2024-2025,3,VICTORIA COUNTY,Grade 5,948
2024-2025,3,VICTORIA COUNTY,Grade 6,964
2024-2025,3,VICTORIA COUNTY,Grade 7,944
2024-2025,3,VICTORIA COUNTY,Grade 8,988
2024-2025,3,VICTORIA COUNTY,Grade 9,1065
2024-2025,3,VICTORIA COUNTY,Grade 10,1067
2024-2025,3,VICTORIA COUNTY,Grade 11,1039
2024-2025,3,VICTORIA COUNTY,Grade 12,943
2024-2025,6,WALKER COUNTY,Early Education,36
2024-2025,6,WALKER COUNTY,Pre-kindergarten,297
2024-2025,6,WALKER COUNTY,Kindergarten,536
2024-2025,6,WALKER COUNTY,Grade 1,563
2024-2025,6,WALKER COUNTY,Grade 2,560
2024-2025,6,WALKER COUNTY,Grade 3,708
2024-2025,6,WALKER COUNTY,Grade 4,803
2024-2025,6,WALKER COUNTY,Grade 5,906
2024-2025,6,WALKER COUNTY,Grade 6,1195
2024-2025,6,WALKER COUNTY,Grade 7,1179
2024-2025,6,WALKER COUNTY,Grade 8,1253
2024-2025,6,WALKER COUNTY,Grade 9,1244
2024-2025,6,WALKER COUNTY,Grade 10,1145
2024-2025,6,WALKER COUNTY,Grade 11,1083
2024-2025,6,WALKER COUNTY,Grade 12,1005
2024-2025,4,WALLER COUNTY,Early Education,77
2024-2025,4,WALLER COUNTY,Pre-kindergarten,676
2024-2025,4,WALLER COUNTY,Kindergarten,973
2024-2025,4,WALLER COUNTY,Grade 1,1014
2024-2025,4,WALLER COUNTY,Grade 2,1016
2024-2025,4,WALLER COUNTY,Grade 3,991
2024-2025,4,WALLER COUNTY,Grade 4,1065
2024-2025,4,WALLER COUNTY,Grade 5,1046
2024-2025,4,WALLER COUNTY,Grade 6,1015
2024-2025,4,WALLER COUNTY,Grade 7,1059
2024-2025,4,WALLER COUNTY,Grade 8,1012
2024-2025,4,WALLER COUNTY,Grade 9,1272
2024-2025,4,WALLER COUNTY,Grade 10,1167
2024-2025,4,WALLER COUNTY,Grade 11,1065
2024-2025,4,WALLER COUNTY,Grade 12,926
2024-2025,18,WARD COUNTY,Early Education,19
2024-2025,18,WARD COUNTY,Pre-kindergarten,89
2024-2025,18,WARD COUNTY,Kindergarten,170
2024-2025,18,WARD COUNTY,Grade 1,184
2024-2025,18,WARD COUNTY,Grade 2,170
2024-2025,18,WARD COUNTY,Grade 3,173
2024-2025,18,WARD COUNTY,Grade 4,164
2024-2025,18,WARD COUNTY,Grade 5,183
2024-2025,18,WARD COUNTY,Grade 6,177
2024-2025,18,WARD COUNTY,Grade 7,162
2024-2025,18,WARD COUNTY,Grade 8,176
2024-2025,18,WARD COUNTY,Grade 9,185
2024-2025,18,WARD COUNTY,Grade 10,173
2024-2025,18,WARD COUNTY,Grade 11,164
2024-2025,18,WARD COUNTY,Grade 12,149
2024-2025,6,WASHINGTON COUNTY,Early Education,27
2024-2025,6,WASHINGTON COUNTY,Pre-kindergarten,302
2024-2025,6,WASHINGTON COUNTY,Kindergarten,291
2024-2025,6,WASHINGTON COUNTY,Grade 1,372
2024-2025,6,WASHINGTON COUNTY,Grade 2,385
2024-2025,6,WASHINGTON COUNTY,Grade 3,365
2024-2025,6,WASHINGTON COUNTY,Grade 4,414
2024-2025,6,WASHINGTON COUNTY,Grade 5,410
2024-2025,6,WASHINGTON COUNTY,Grade 6,392
2024-2025,6,WASHINGTON COUNTY,Grade 7,425
2024-2025,6,WASHINGTON COUNTY,Grade 8,416
2024-2025,6,WASHINGTON COUNTY,Grade 9,435
2024-2025,6,WASHINGTON COUNTY,Grade 10,458
2024-2025,6,WASHINGTON COUNTY,Grade 11,420
2024-2025,6,WASHINGTON COUNTY,Grade 12,383
2024-2025,1,WEBB COUNTY,Early Education,274
2024-2025,1,WEBB COUNTY,Pre-kindergarten,3231
2024-2025,1,WEBB COUNTY,Kindergarten,3641
2024-2025,1,WEBB COUNTY,Grade 1,4161
2024-2025,1,WEBB COUNTY,Grade 2,4246
2024-2025,1,WEBB COUNTY,Grade 3,4397
2024-2025,1,WEBB COUNTY,Grade 4,4263
2024-2025,1,WEBB COUNTY,Grade 5,4327
2024-2025,1,WEBB COUNTY,Grade 6,4398
2024-2025,1,WEBB COUNTY,Grade 7,4429
2024-2025,1,WEBB COUNTY,Grade 8,4582
2024-2025,1,WEBB COUNTY,Grade 9,4978
2024-2025,1,WEBB COUNTY,Grade 10,4990
2024-2025,1,WEBB COUNTY,Grade 11,4717
2024-2025,1,WEBB COUNTY,Grade 12,4941
2024-2025,3,WHARTON COUNTY,Early Education,63
2024-2025,3,WHARTON COUNTY,Pre-kindergarten,398
2024-2025,3,WHARTON COUNTY,Kindergarten,546
2024-2025,3,WHARTON COUNTY,Grade 1,538
2024-2025,3,WHARTON COUNTY,Grade 2,550
2024-2025,3,WHARTON COUNTY,Grade 3,552
2024-2025,3,WHARTON COUNTY,Grade 4,542
2024-2025,3,WHARTON COUNTY,Grade 5,544
2024-2025,3,WHARTON COUNTY,Grade 6,551
2024-2025,3,WHARTON COUNTY,Grade 7,524
2024-2025,3,WHARTON COUNTY,Grade 8,569
2024-2025,3,WHARTON COUNTY,Grade 9,634
2024-2025,3,WHARTON COUNTY,Grade 10,579
2024-2025,3,WHARTON COUNTY,Grade 11,562
2024-2025,3,WHARTON COUNTY,Grade 12,577
2024-2025,16,WHEELER COUNTY,Early Education,1
2024-2025,16,WHEELER COUNTY,Pre-kindergarten,57
2024-2025,16,WHEELER COUNTY,Kindergarten,55
2024-2025,16,WHEELER COUNTY,Grade 1,54
2024-2025,16,WHEELER COUNTY,Grade 2,61
2024-2025,16,WHEELER COUNTY,Grade 3,80
2024-2025,16,WHEELER COUNTY,Grade 4,65
2024-2025,16,WHEELER COUNTY,Grade 5,75
2024-2025,16,WHEELER COUNTY,Grade 6,70
2024-2025,16,WHEELER COUNTY,Grade 7,86
2024-2025,16,WHEELER COUNTY,Grade 8,83
2024-2025,16,WHEELER COUNTY,Grade 9,74
2024-2025,16,WHEELER COUNTY,Grade 10,79
2024-2025,16,WHEELER COUNTY,Grade 11,73
2024-2025,16,WHEELER COUNTY,Grade 12,72
2024-2025,9,WICHITA COUNTY,Early Education,113
2024-2025,9,WICHITA COUNTY,Pre-kindergarten,1040
2024-2025,9,WICHITA COUNTY,Kindergarten,1366
2024-2025,9,WICHITA COUNTY,Grade 1,1385
2024-2025,9,WICHITA COUNTY,Grade 2,1417
2024-2025,9,WICHITA COUNTY,Grade 3,1426
2024-2025,9,WICHITA COUNTY,Grade 4,1457
2024-2025,9,WICHITA COUNTY,Grade 5,1440
2024-2025,9,WICHITA COUNTY,Grade 6,1431
2024-2025,9,WICHITA COUNTY,Grade 7,1410
2024-2025,9,WICHITA COUNTY,Grade 8,1379
2024-2025,9,WICHITA COUNTY,Grade 9,1448
2024-2025,9,WICHITA COUNTY,Grade 10,1402
2024-2025,9,WICHITA COUNTY,Grade 11,1333
2024-2025,9,WICHITA COUNTY,Grade 12,1308
2024-2025,9,WILBARGER COUNTY,Early Education,10
2024-2025,9,WILBARGER COUNTY,Pre-kindergarten,55
2024-2025,9,WILBARGER COUNTY,Kindergarten,147
2024-2025,9,WILBARGER COUNTY,Grade 1,142
2024-2025,9,WILBARGER COUNTY,Grade 2,143
2024-2025,9,WILBARGER COUNTY,Grade 3,160
2024-2025,9,WILBARGER COUNTY,Grade 4,163
2024-2025,9,WILBARGER COUNTY,Grade 5,156
2024-2025,9,WILBARGER COUNTY,Grade 6,174
2024-2025,9,WILBARGER COUNTY,Grade 7,172
2024-2025,9,WILBARGER COUNTY,Grade 8,163
2024-2025,9,WILBARGER COUNTY,Grade 9,169
2024-2025,9,WILBARGER COUNTY,Grade 10,163
2024-2025,9,WILBARGER COUNTY,Grade 11,163
2024-2025,9,WILBARGER COUNTY,Grade 12,130
2024-2025,1,WILLACY COUNTY,Pre-kindergarten,347
2024-2025,1,WILLACY COUNTY,Kindergarten,227
2024-2025,1,WILLACY COUNTY,Grade 1,253
2024-2025,1,WILLACY COUNTY,Grade 2,274
2024-2025,1,WILLACY COUNTY,Grade 3,286
2024-2025,1,WILLACY COUNTY,Grade 4,262
2024-2025,1,WILLACY COUNTY,Grade 5,252
2024-2025,1,WILLACY COUNTY,Grade 6,273
2024-2025,1,WILLACY COUNTY,Grade 7,246
2024-2025,1,WILLACY COUNTY,Grade 8,296
2024-2025,1,WILLACY COUNTY,Grade 9,275
2024-2025,1,WILLACY COUNTY,Grade 10,292
2024-2025,1,WILLACY COUNTY,Grade 11,281
2024-2025,1,WILLACY COUNTY,Grade 12,325
2024-2025,13,WILLIAMSON COUNTY,Early Education,670
2024-2025,13,WILLIAMSON COUNTY,Pre-kindergarten,4276
2024-2025,13,WILLIAMSON COUNTY,Kindergarten,8642
2024-2025,13,WILLIAMSON COUNTY,Grade 1,9130
2024-2025,13,WILLIAMSON COUNTY,Grade 2,9502
2024-2025,13,WILLIAMSON COUNTY,Grade 3,10086
2024-2025,13,WILLIAMSON COUNTY,Grade 4,10025
2024-2025,13,WILLIAMSON COUNTY,Grade 5,10340
2024-2025,13,WILLIAMSON COUNTY,Grade 6,10341
2024-2025,13,WILLIAMSON COUNTY,Grade 7,10193
2024-2025,13,WILLIAMSON COUNTY,Grade 8,10415
2024-2025,13,WILLIAMSON COUNTY,Grade 9,10989
2024-2025,13,WILLIAMSON COUNTY,Grade 10,10747
2024-2025,13,WILLIAMSON COUNTY,Grade 11,10589
2024-2025,13,WILLIAMSON COUNTY,Grade 12,10095
2024-2025,20,WILSON COUNTY,Early Education,48
2024-2025,20,WILSON COUNTY,Pre-kindergarten,295
2024-2025,20,WILSON COUNTY,Kindergarten,620
2024-2025,20,WILSON COUNTY,Grade 1,623
2024-2025,20,WILSON COUNTY,Grade 2,654
2024-2025,20,WILSON COUNTY,Grade 3,775
2024-2025,20,WILSON COUNTY,Grade 4,707
2024-2025,20,WILSON COUNTY,Grade 5,746
2024-2025,20,WILSON COUNTY,Grade 6,683
2024-2025,20,WILSON COUNTY,Grade 7,723
2024-2025,20,WILSON COUNTY,Grade 8,692
2024-2025,20,WILSON COUNTY,Grade 9,760
2024-2025,20,WILSON COUNTY,Grade 10,734
2024-2025,20,WILSON COUNTY,Grade 11,681
2024-2025,20,WILSON COUNTY,Grade 12,707
2024-2025,18,WINKLER COUNTY,Early Education,14
2024-2025,18,WINKLER COUNTY,Pre-kindergarten,72
2024-2025,18,WINKLER COUNTY,Kindergarten,123
2024-2025,18,WINKLER COUNTY,Grade 1,117
2024-2025,18,WINKLER COUNTY,Grade 2,129
2024-2025,18,WINKLER COUNTY,Grade 3,120
2024-2025,18,WINKLER COUNTY,Grade 4,138
2024-2025,18,WINKLER COUNTY,Grade 5,115
2024-2025,18,WINKLER COUNTY,Grade 6,130
2024-2025,18,WINKLER COUNTY,Grade 7,132
2024-2025,18,WINKLER COUNTY,Grade 8,145
2024-2025,18,WINKLER COUNTY,Grade 9,138
2024-2025,18,WINKLER COUNTY,Grade 10,137
2024-2025,18,WINKLER COUNTY,Grade 11,138
2024-2025,18,WINKLER COUNTY,Grade 12,129
2024-2025,11,WISE COUNTY,Early Education,49
2024-2025,11,WISE COUNTY,Pre-kindergarten,331
2024-2025,11,WISE COUNTY,Kindergarten,729
2024-2025,11,WISE COUNTY,Grade 1,751
2024-2025,11,WISE COUNTY,Grade 2,705
2024-2025,11,WISE COUNTY,Grade 3,804
2024-2025,11,WISE COUNTY,Grade 4,853
2024-2025,11,WISE COUNTY,Grade 5,794
2024-2025,11,WISE COUNTY,Grade 6,801
2024-2025,11,WISE COUNTY,Grade 7,776
2024-2025,11,WISE COUNTY,Grade 8,802
2024-2025,11,WISE COUNTY,Grade 9,814
2024-2025,11,WISE COUNTY,Grade 10,812
2024-2025,11,WISE COUNTY,Grade 11,785
2024-2025,11,WISE COUNTY,Grade 12,743
2024-2025,7,WOOD COUNTY,Early Education,11
2024-2025,7,WOOD COUNTY,Pre-kindergarten,280
2024-2025,7,WOOD COUNTY,Kindergarten,430
2024-2025,7,WOOD COUNTY,Grade 1,455
2024-2025,7,WOOD COUNTY,Grade 2,461
2024-2025,7,WOOD COUNTY,Grade 3,468
2024-2025,7,WOOD COUNTY,Grade 4,450
2024-2025,7,WOOD COUNTY,Grade 5,457
2024-2025,7,WOOD COUNTY,Grade 6,488
2024-2025,7,WOOD COUNTY,Grade 7,481
2024-2025,7,WOOD COUNTY,Grade 8,452
2024-2025,7,WOOD COUNTY,Grade 9,504
2024-2025,7,WOOD COUNTY,Grade 10,505
2024-2025,7,WOOD COUNTY,Grade 11,465
2024-2025,7,WOOD COUNTY,Grade 12,442
2024-2025,17,YOAKUM COUNTY,Early Education,10
2024-2025,17,YOAKUM COUNTY,Pre-kindergarten,73
2024-2025,17,YOAKUM COUNTY,Kindergarten,130
2024-2025,17,YOAKUM COUNTY,Grade 1,127
2024-2025,17,YOAKUM COUNTY,Grade 2,108
2024-2025,17,YOAKUM COUNTY,Grade 3,124
2024-2025,17,YOAKUM COUNTY,Grade 4,138
2024-2025,17,YOAKUM COUNTY,Grade 5,134
2024-2025,17,YOAKUM COUNTY,Grade 6,141
2024-2025,17,YOAKUM COUNTY,Grade 7,130
2024-2025,17,YOAKUM COUNTY,Grade 8,141
2024-2025,17,YOAKUM COUNTY,Grade 9,162
2024-2025,17,YOAKUM COUNTY,Grade 10,154
2024-2025,17,YOAKUM COUNTY,Grade 11,170
2024-2025,17,YOAKUM COUNTY,Grade 12,155
2024-2025,9,YOUNG COUNTY,Early Education,10
2024-2025,9,YOUNG COUNTY,Pre-kindergarten,160
2024-2025,9,YOUNG COUNTY,Kindergarten,200
2024-2025,9,YOUNG COUNTY,Grade 1,204
2024-2025,9,YOUNG COUNTY,Grade 2,218
2024-2025,9,YOUNG COUNTY,Grade 3,213
2024-2025,9,YOUNG COUNTY,Grade 4,220
2024-2025,9,YOUNG COUNTY,Grade 5,230
2024-2025,9,YOUNG COUNTY,Grade 6,207
2024-2025,9,YOUNG COUNTY,Grade 7,228
2024-2025,9,YOUNG COUNTY,Grade 8,219
2024-2025,9,YOUNG COUNTY,Grade 9,244
2024-2025,9,YOUNG COUNTY,Grade 10,274
2024-2025,9,YOUNG COUNTY,Grade 11,229
2024-2025,9,YOUNG COUNTY,Grade 12,210
2024-2025,1,ZAPATA COUNTY,Early Education,19
2024-2025,1,ZAPATA COUNTY,Pre-kindergarten,172
2024-2025,1,ZAPATA COUNTY,Kindergarten,187
2024-2025,1,ZAPATA COUNTY,Grade 1,216
2024-2025,1,ZAPATA COUNTY,Grade 2,216
2024-2025,1,ZAPATA COUNTY,Grade 3,207
2024-2025,1,ZAPATA COUNTY,Grade 4,232
2024-2025,1,ZAPATA COUNTY,Grade 5,246
2024-2025,1,ZAPATA COUNTY,Grade 6,235
2024-2025,1,ZAPATA COUNTY,Grade 7,245
2024-2025,1,ZAPATA COUNTY,Grade 8,250
2024-2025,1,ZAPATA COUNTY,Grade 9,253
2024-2025,1,ZAPATA COUNTY,Grade 10,275
2024-2025,1,ZAPATA COUNTY,Grade 11,281
2024-2025,1,ZAPATA COUNTY,Grade 12,256
2024-2025,20,ZAVALA COUNTY,Early Education,14
2024-2025,20,ZAVALA COUNTY,Pre-kindergarten,152
2024-2025,20,ZAVALA COUNTY,Kindergarten,124
2024-2025,20,ZAVALA COUNTY,Grade 1,137
2024-2025,20,ZAVALA COUNTY,Grade 2,118
2024-2025,20,ZAVALA COUNTY,Grade 3,129
2024-2025,20,ZAVALA COUNTY,Grade 4,152
2024-2025,20,ZAVALA COUNTY,Grade 5,152
2024-2025,20,ZAVALA COUNTY,Grade 6,173
2024-2025,20,ZAVALA COUNTY,Grade 7,155
2024-2025,20,ZAVALA COUNTY,Grade 8,136
2024-2025,20,ZAVALA COUNTY,Grade 9,176
2024-2025,20,ZAVALA COUNTY,Grade 10,161
2024-2025,20,ZAVALA COUNTY,Grade 11,149
2024-2025,20,ZAVALA COUNTY,Grade 12,154
