T E X A S  E D U C A T I O N  A G E N C Y,,,,
,,,,
PEIMS Student Enrollment Data for 2025-2026,,,,
,,,,
YEAR,REGION,COUNTY NAME,GRADE,ENROLLMENT
2025-2026,7,ANDERSON COUNTY,Early Education,10
2025-2026,7,ANDERSON COUNTY,Pre-kindergarten,442
2025-2026,7,ANDERSON COUNTY,Kindergarten,506
2025-2026,7,ANDERSON COUNTY,Grade 1,530
2025-2026,7,ANDERSON COUNTY,Grade 2,564
2025-2026,7,ANDERSON COUNTY,Grade 3,537
2025-2026,7,ANDERSON COUNTY,Grade 4,537
2025-2026,7,ANDERSON COUNTY,Grade 5,519
2025-2026,7,ANDERSON COUNTY,Grade 6,570
2025-2026,7,ANDERSON COUNTY,Grade 7,604
2025-2026,7,ANDERSON COUNTY,Grade 8,559
2025-2026,7,ANDERSON COUNTY,Grade 9,608
2025-2026,7,ANDERSON COUNTY,Grade 10,575
2025-2026,7,ANDERSON COUNTY,Grade 11,579
2025-2026,7,ANDERSON COUNTY,Grade 12,514
2025-2026,18,ANDREWS COUNTY,Early Education,28
2025-2026,18,ANDREWS COUNTY,Pre-kindergarten,114
2025-2026,18,ANDREWS COUNTY,Kindergarten,281
2025-2026,18,ANDREWS COUNTY,Grade 1,308
2025-2026,18,ANDREWS COUNTY,Grade 2,293
2025-2026,18,ANDREWS COUNTY,Grade 3,305
2025-2026,18,ANDREWS COUNTY,Grade 4,329
2025-2026,18,ANDREWS COUNTY,Grade 5,352
2025-2026,18,ANDREWS COUNTY,Grade 6,297
2025-2026,18,ANDREWS COUNTY,Grade 7,344
2025-2026,18,ANDREWS COUNTY,Grade 8,313
2025-2026,18,ANDREWS COUNTY,Grade 9,332
2025-2026,18,ANDREWS COUNTY,Grade 10,298
2025-2026,18,ANDREWS COUNTY,Grade 11,300
2025-2026,18,ANDREWS COUNTY,Grade 12,273
2025-2026,7,ANGELINA COUNTY,Early Education,70
2025-2026,7,ANGELINA COUNTY,Pre-kindergarten,642
2025-2026,7,ANGELINA COUNTY,Kindergarten,1102
2025-2026,7,ANGELINA COUNTY,Grade 1,1070
2025-2026,7,ANGELINA COUNTY,Grade 2,1108
2025-2026,7,ANGELINA COUNTY,Grade 3,1057
2025-2026,7,ANGELINA COUNTY,Grade 4,1140
2025-2026,7,ANGELINA COUNTY,Grade 5,1125
2025-2026,7,ANGELINA COUNTY,Grade 6,1158
2025-2026,7,ANGELINA COUNTY,Grade 7,1136
2025-2026,7,ANGELINA COUNTY,Grade 8,1194
2025-2026,7,ANGELINA COUNTY,Grade 9,1234
2025-2026,7,ANGELINA COUNTY,Grade 10,1147
2025-2026,7,ANGELINA COUNTY,Grade 11,1089
2025-2026,7,ANGELINA COUNTY,Grade 12,1068
2025-2026,2,ARANSAS COUNTY,Early Education,10
2025-2026,2,ARANSAS COUNTY,Pre-kindergarten,149
2025-2026,2,ARANSAS COUNTY,Kindergarten,172
2025-2026,2,ARANSAS COUNTY,Grade 1,175
2025-2026,2,ARANSAS COUNTY,Grade 2,185
2025-2026,2,ARANSAS COUNTY,Grade 3,198
2025-2026,2,ARANSAS COUNTY,Grade 4,210
2025-2026,2,ARANSAS COUNTY,Grade 5,191
2025-2026,2,ARANSAS COUNTY,Grade 6,237
2025-2026,2,ARANSAS COUNTY,Grade 7,200
2025-2026,2,ARANSAS COUNTY,Grade 8,215
2025-2026,2,ARANSAS COUNTY,Grade 9,234
2025-2026,2,ARANSAS COUNTY,Grade 10,247
2025-2026,2,ARANSAS COUNTY,Grade 11,201
2025-2026,2,ARANSAS COUNTY,Grade 12,209
2025-2026,9,ARCHER COUNTY,Early Education,7
2025-2026,9,ARCHER COUNTY,Pre-kindergarten,65
2025-2026,9,ARCHER COUNTY,Kindergarten,135
2025-2026,9,ARCHER COUNTY,Grade 1,139
2025-2026,9,ARCHER COUNTY,Grade 2,132
2025-2026,9,ARCHER COUNTY,Grade 3,147
2025-2026,9,ARCHER COUNTY,Grade 4,168
2025-2026,9,ARCHER COUNTY,Grade 5,180
2025-2026,9,ARCHER COUNTY,Grade 6,162
2025-2026,9,ARCHER COUNTY,Grade 7,157
2025-2026,9,ARCHER COUNTY,Grade 8,170
2025-2026,9,ARCHER COUNTY,Grade 9,156
2025-2026,9,ARCHER COUNTY,Grade 10,156
2025-2026,9,ARCHER COUNTY,Grade 11,169
2025-2026,9,ARCHER COUNTY,Grade 12,168
2025-2026,16,ARMSTRONG COUNTY,Early Education,2
2025-2026,16,ARMSTRONG COUNTY,Pre-kindergarten,12
2025-2026,16,ARMSTRONG COUNTY,Kindergarten,19
2025-2026,16,ARMSTRONG COUNTY,Grade 1,12
2025-2026,16,ARMSTRONG COUNTY,Grade 2,25
2025-2026,16,ARMSTRONG COUNTY,Grade 3,23
2025-2026,16,ARMSTRONG COUNTY,Grade 4,22
2025-2026,16,ARMSTRONG COUNTY,Grade 5,19
2025-2026,16,ARMSTRONG COUNTY,Grade 6,32
2025-2026,16,ARMSTRONG COUNTY,Grade 7,31
2025-2026,16,ARMSTRONG COUNTY,Grade 8,25
2025-2026,16,ARMSTRONG COUNTY,Grade 9,23
2025-2026,16,ARMSTRONG COUNTY,Grade 10,24
2025-2026,16,ARMSTRONG COUNTY,Grade 11,23
2025-2026,16,ARMSTRONG COUNTY,Grade 12,20
2025-2026,20,ATASCOSA COUNTY,Early Education,62
2025-2026,20,ATASCOSA COUNTY,Pre-kindergarten,443
2025-2026,20,ATASCOSA COUNTY,Kindergarten,591
2025-2026,20,ATASCOSA COUNTY,Grade 1,645
2025-2026,20,ATASCOSA COUNTY,Grade 2,604
2025-2026,20,ATASCOSA COUNTY,Grade 3,681
2025-2026,20,ATASCOSA COUNTY,Grade 4,656
2025-2026,20,ATASCOSA COUNTY,Grade 5,669
2025-2026,20,ATASCOSA COUNTY,Grade 6,681
2025-2026,20,ATASCOSA COUNTY,Grade 7,669
2025-2026,20,ATASCOSA COUNTY,Grade 8,658
2025-2026,20,ATASCOSA COUNTY,Grade 9,724
2025-2026,20,ATASCOSA COUNTY,Grade 10,659
2025-2026,20,ATASCOSA COUNTY,Grade 11,638
2025-2026,20,ATASCOSA COUNTY,Grade 12,600
2025-2026,6,AUSTIN COUNTY,Early Education,43
2025-2026,6,AUSTIN COUNTY,Pre-kindergarten,202
2025-2026,6,AUSTIN COUNTY,Kindergarten,374
2025-2026,6,AUSTIN COUNTY,Grade 1,382
2025-2026,6,AUSTIN COUNTY,Grade 2,426
2025-2026,6,AUSTIN COUNTY,Grade 3,376
2025-2026,6,AUSTIN COUNTY,Grade 4,476
2025-2026,6,AUSTIN COUNTY,Grade 5,468
2025-2026,6,AUSTIN COUNTY,Grade 6,438
2025-2026,6,AUSTIN COUNTY,Grade 7,461
2025-2026,6,AUSTIN COUNTY,Grade 8,499
2025-2026,6,AUSTIN COUNTY,Grade 9,487
2025-2026,6,AUSTIN COUNTY,Grade 10,524
2025-2026,6,AUSTIN COUNTY,Grade 11,511
2025-2026,6,AUSTIN COUNTY,Grade 12,513
2025-2026,17,BAILEY COUNTY,Early Education,13
2025-2026,17,BAILEY COUNTY,Pre-kindergarten,73
2025-2026,17,BAILEY COUNTY,Kindergarten,92
2025-2026,17,BAILEY COUNTY,Grade 1,105
2025-2026,17,BAILEY COUNTY,Grade 2,97
2025-2026,17,BAILEY COUNTY,Grade 3,105
2025-2026,17,BAILEY COUNTY,Grade 4,94
2025-2026,17,BAILEY COUNTY,Grade 5,101
2025-2026,17,BAILEY COUNTY,Grade 6,99
2025-2026,17,BAILEY COUNTY,Grade 7,93
2025-2026,17,BAILEY COUNTY,Grade 8,86
2025-2026,17,BAILEY COUNTY,Grade 9,97
2025-2026,17,BAILEY COUNTY,Grade 10,82
2025-2026,17,BAILEY COUNTY,Grade 11,94
2025-2026,17,BAILEY COUNTY,Grade 12,78
2025-2026,20,BANDERA COUNTY,Early Education,16
2025-2026,20,BANDERA COUNTY,Pre-kindergarten,90
2025-2026,20,BANDERA COUNTY,Kindergarten,124
2025-2026,20,BANDERA COUNTY,Grade 1,139
2025-2026,20,BANDERA COUNTY,Grade 2,170
2025-2026,20,BANDERA COUNTY,Grade 3,185
2025-2026,20,BANDERA COUNTY,Grade 4,172
2025-2026,20,BANDERA COUNTY,Grade 5,184
2025-2026,20,BANDERA COUNTY,Grade 6,188
2025-2026,20,BANDERA COUNTY,Grade 7,218
2025-2026,20,BANDERA COUNTY,Grade 8,185
2025-2026,20,BANDERA COUNTY,Grade 9,207
2025-2026,20,BANDERA COUNTY,Grade 10,183
2025-2026,20,BANDERA COUNTY,Grade 11,187
2025-2026,20,BANDERA COUNTY,Grade 12,158
2025-2026,13,BASTROP COUNTY,Early Education,87
2025-2026,13,BASTROP COUNTY,Pre-kindergarten,974
2025-2026,13,BASTROP COUNTY,Kindergarten,1433
2025-2026,13,BASTROP COUNTY,Grade 1,1500
2025-2026,13,BASTROP COUNTY,Grade 2,1556
2025-2026,13,BASTROP COUNTY,Grade 3,1557
2025-2026,13,BASTROP COUNTY,Grade 4,1687
2025-2026,13,BASTROP COUNTY,Grade 5,1682
2025-2026,13,BASTROP COUNTY,Grade 6,1600
2025-2026,13,BASTROP COUNTY,Grade 7,1550
2025-2026,13,BASTROP COUNTY,Grade 8,1566
2025-2026,13,BASTROP COUNTY,Grade 9,1850
2025-2026,13,BASTROP COUNTY,Grade 10,1673
2025-2026,13,BASTROP COUNTY,Grade 11,1618
2025-2026,13,BASTROP COUNTY,Grade 12,1595
2025-2026,9,BAYLOR COUNTY,Early Education,2
2025-2026,9,BAYLOR COUNTY,Pre-kindergarten,34
2025-2026,9,BAYLOR COUNTY,Kindergarten,45
2025-2026,9,BAYLOR COUNTY,Grade 1,39
2025-2026,9,BAYLOR COUNTY,Grade 2,47
2025-2026,9,BAYLOR COUNTY,Grade 3,51
2025-2026,9,BAYLOR COUNTY,Grade 4,42
2025-2026,9,BAYLOR COUNTY,Grade 5,41
2025-2026,9,BAYLOR COUNTY,Grade 6,45
2025-2026,9,BAYLOR COUNTY,Grade 7,56
2025-2026,9,BAYLOR COUNTY,Grade 8,41
2025-2026,9,BAYLOR COUNTY,Grade 9,37
2025-2026,9,BAYLOR COUNTY,Grade 10,45
2025-2026,9,BAYLOR COUNTY,Grade 11,33
2025-2026,9,BAYLOR COUNTY,Grade 12,42
2025-2026,2,BEE COUNTY,Early Education,22
2025-2026,2,BEE COUNTY,Pre-kindergarten,270
2025-2026,2,BEE COUNTY,Kindergarten,300
2025-2026,2,BEE COUNTY,Grade 1,324
2025-2026,2,BEE COUNTY,Grade 2,325
2025-2026,2,BEE COUNTY,Grade 3,336
2025-2026,2,BEE COUNTY,Grade 4,361
2025-2026,2,BEE COUNTY,Grade 5,356
2025-2026,2,BEE COUNTY,Grade 6,357
2025-2026,2,BEE COUNTY,Grade 7,361
2025-2026,2,BEE COUNTY,Grade 8,317
2025-2026,2,BEE COUNTY,Grade 9,322
2025-2026,2,BEE COUNTY,Grade 10,330
2025-2026,2,BEE COUNTY,Grade 11,312
2025-2026,2,BEE COUNTY,Grade 12,330
2025-2026,12,BELL COUNTY,Early Education,398
2025-2026,13,BELL COUNTY,Early Education,6
2025-2026,12,BELL COUNTY,Pre-kindergarten,3564
2025-2026,13,BELL COUNTY,Pre-kindergarten,22
2025-2026,12,BELL COUNTY,Kindergarten,5015
2025-2026,13,BELL COUNTY,Kindergarten,20
2025-2026,12,BELL COUNTY,Grade 1,5351
2025-2026,13,BELL COUNTY,Grade 1,29
2025-2026,12,BELL COUNTY,Grade 2,5360
2025-2026,13,BELL COUNTY,Grade 2,32
2025-2026,12,BELL COUNTY,Grade 3,5516
2025-2026,13,BELL COUNTY,Grade 3,19
2025-2026,12,BELL COUNTY,Grade 4,5561
2025-2026,13,BELL COUNTY,Grade 4,38
2025-2026,12,BELL COUNTY,Grade 5,5628
2025-2026,13,BELL COUNTY,Grade 5,22
2025-2026,12,BELL COUNTY,Grade 6,5599
2025-2026,13,BELL COUNTY,Grade 6,35
2025-2026,12,BELL COUNTY,Grade 7,5473
2025-2026,13,BELL COUNTY,Grade 7,29
2025-2026,12,BELL COUNTY,Grade 8,5413
2025-2026,13,BELL COUNTY,Grade 8,27
2025-2026,12,BELL COUNTY,Grade 9,5840
2025-2026,13,BELL COUNTY,Grade 9,34
2025-2026,20,BELL COUNTY,Grade 9,413
2025-2026,12,BELL COUNTY,Grade 10,5247
2025-2026,13,BELL COUNTY,Grade 10,28
2025-2026,20,BELL COUNTY,Grade 10,459
2025-2026,12,BELL COUNTY,Grade 11,5004
2025-2026,13,BELL COUNTY,Grade 11,28
2025-2026,20,BELL COUNTY,Grade 11,405
2025-2026,12,BELL COUNTY,Grade 12,4887
2025-2026,13,BELL COUNTY,Grade 12,36
2025-2026,20,BELL COUNTY,Grade 12,251
2025-2026,20,BEXAR COUNTY,Early Education,1843
2025-2026,20,BEXAR COUNTY,Pre-kindergarten,16957
2025-2026,20,BEXAR COUNTY,Kindergarten,23327
2025-2026,20,BEXAR COUNTY,Grade 1,24732
2025-2026,20,BEXAR COUNTY,Grade 2,25356
2025-2026,20,BEXAR COUNTY,Grade 3,25925
2025-2026,20,BEXAR COUNTY,Grade 4,26959
2025-2026,20,BEXAR COUNTY,Grade 5,26813
2025-2026,20,BEXAR COUNTY,Grade 6,26231
2025-2026,20,BEXAR COUNTY,Grade 7,25724
2025-2026,20,BEXAR COUNTY,Grade 8,25241
2025-2026,20,BEXAR COUNTY,Grade 9,27597
2025-2026,20,BEXAR COUNTY,Grade 10,25681
2025-2026,20,BEXAR COUNTY,Grade 11,23918
2025-2026,20,BEXAR COUNTY,Grade 12,23006
2025-2026,13,BLANCO COUNTY,Early Education,7
2025-2026,13,BLANCO COUNTY,Pre-kindergarten,54
2025-2026,13,BLANCO COUNTY,Kindergarten,127
2025-2026,13,BLANCO COUNTY,Grade 1,130
2025-2026,13,BLANCO COUNTY,Grade 2,124
2025-2026,13,BLANCO COUNTY,Grade 3,119
2025-2026,13,BLANCO COUNTY,Grade 4,137
2025-2026,13,BLANCO COUNTY,Grade 5,131
2025-2026,13,BLANCO COUNTY,Grade 6,126
2025-2026,13,BLANCO COUNTY,Grade 7,134
2025-2026,13,BLANCO COUNTY,Grade 8,124
2025-2026,13,BLANCO COUNTY,Grade 9,138
2025-2026,13,BLANCO COUNTY,Grade 10,153
2025-2026,13,BLANCO COUNTY,Grade 11,158
2025-2026,13,BLANCO COUNTY,Grade 12,126
2025-2026,17,BORDEN COUNTY,Pre-kindergarten,9
2025-2026,17,BORDEN COUNTY,Kindergarten,18
2025-2026,17,BORDEN COUNTY,Grade 1,18
2025-2026,17,BORDEN COUNTY,Grade 2,19
2025-2026,17,BORDEN COUNTY,Grade 3,18
2025-2026,17,BORDEN COUNTY,Grade 4,23
2025-2026,17,BORDEN COUNTY,Grade 5,17
2025-2026,17,BORDEN COUNTY,Grade 6,20
2025-2026,17,BORDEN COUNTY,Grade 7,17
2025-2026,17,BORDEN COUNTY,Grade 8,10
2025-2026,17,BORDEN COUNTY,Grade 9,13
2025-2026,17,BORDEN COUNTY,Grade 10,14
2025-2026,17,BORDEN COUNTY,Grade 11,27
2025-2026,17,BORDEN COUNTY,Grade 12,15
2025-2026,12,BOSQUE COUNTY,Early Education,15
2025-2026,12,BOSQUE COUNTY,Pre-kindergarten,135
2025-2026,12,BOSQUE COUNTY,Kindergarten,188
2025-2026,12,BOSQUE COUNTY,Grade 1,178
2025-2026,12,BOSQUE COUNTY,Grade 2,186
2025-2026,12,BOSQUE COUNTY,Grade 3,170
2025-2026,12,BOSQUE COUNTY,Grade 4,205
2025-2026,12,BOSQUE COUNTY,Grade 5,183
2025-2026,12,BOSQUE COUNTY,Grade 6,177
2025-2026,12,BOSQUE COUNTY,Grade 7,211
2025-2026,12,BOSQUE COUNTY,Grade 8,196
2025-2026,12,BOSQUE COUNTY,Grade 9,197
2025-2026,12,BOSQUE COUNTY,Grade 10,200
2025-2026,12,BOSQUE COUNTY,Grade 11,208
2025-2026,12,BOSQUE COUNTY,Grade 12,217
2025-2026,8,BOWIE COUNTY,Early Education,54
2025-2026,8,BOWIE COUNTY,Pre-kindergarten,1095
2025-2026,8,BOWIE COUNTY,Kindergarten,1106
2025-2026,8,BOWIE COUNTY,Grade 1,1169
2025-2026,8,BOWIE COUNTY,Grade 2,1172
2025-2026,8,BOWIE COUNTY,Grade 3,1241
2025-2026,8,BOWIE COUNTY,Grade 4,1252
2025-2026,8,BOWIE COUNTY,Grade 5,1308
2025-2026,8,BOWIE COUNTY,Grade 6,1259
2025-2026,8,BOWIE COUNTY,Grade 7,1288
2025-2026,8,BOWIE COUNTY,Grade 8,1349
2025-2026,8,BOWIE COUNTY,Grade 9,1355
2025-2026,8,BOWIE COUNTY,Grade 10,1336
2025-2026,8,BOWIE COUNTY,Grade 11,1309
2025-2026,8,BOWIE COUNTY,Grade 12,1237
2025-2026,4,BRAZORIA COUNTY,Early Education,415
2025-2026,4,BRAZORIA COUNTY,Pre-kindergarten,2129
2025-2026,4,BRAZORIA COUNTY,Kindergarten,4571
2025-2026,4,BRAZORIA COUNTY,Grade 1,4943
2025-2026,4,BRAZORIA COUNTY,Grade 2,4957
2025-2026,4,BRAZORIA COUNTY,Grade 3,5122
2025-2026,4,BRAZORIA COUNTY,Grade 4,5410
2025-2026,4,BRAZORIA COUNTY,Grade 5,5563
2025-2026,4,BRAZORIA COUNTY,Grade 6,5661
2025-2026,4,BRAZORIA COUNTY,Grade 7,5667
2025-2026,4,BRAZORIA COUNTY,Grade 8,5714
2025-2026,4,BRAZORIA COUNTY,Grade 9,6266
2025-2026,4,BRAZORIA COUNTY,Grade 10,6112
2025-2026,4,BRAZORIA COUNTY,Grade 11,5940
2025-2026,4,BRAZORIA COUNTY,Grade 12,5755
2025-2026,6,BRAZOS COUNTY,Early Education,205
2025-2026,6,BRAZOS COUNTY,Pre-kindergarten,1183
2025-2026,6,BRAZOS COUNTY,Kindergarten,2116
2025-2026,6,BRAZOS COUNTY,Grade 1,2136
2025-2026,6,BRAZOS COUNTY,Grade 2,2187
2025-2026,6,BRAZOS COUNTY,Grade 3,2277
2025-2026,6,BRAZOS COUNTY,Grade 4,2386
2025-2026,6,BRAZOS COUNTY,Grade 5,2253
2025-2026,6,BRAZOS COUNTY,Grade 6,2250
2025-2026,6,BRAZOS COUNTY,Grade 7,2184
2025-2026,6,BRAZOS COUNTY,Grade 8,2125
2025-2026,6,BRAZOS COUNTY,Grade 9,2522
2025-2026,6,BRAZOS COUNTY,Grade 10,2291
2025-2026,6,BRAZOS COUNTY,Grade 11,2180
2025-2026,6,BRAZOS COUNTY,Grade 12,2094
2025-2026,18,BREWSTER COUNTY,Early Education,1
2025-2026,18,BREWSTER COUNTY,Pre-kindergarten,164
2025-2026,18,BREWSTER COUNTY,Kindergarten,66
2025-2026,18,BREWSTER COUNTY,Grade 1,82
2025-2026,18,BREWSTER COUNTY,Grade 2,78
2025-2026,18,BREWSTER COUNTY,Grade 3,69
2025-2026,18,BREWSTER COUNTY,Grade 4,85
2025-2026,18,BREWSTER COUNTY,Grade 5,71
2025-2026,18,BREWSTER COUNTY,Grade 6,84
2025-2026,18,BREWSTER COUNTY,Grade 7,63
2025-2026,18,BREWSTER COUNTY,Grade 8,90
2025-2026,18,BREWSTER COUNTY,Grade 9,70
2025-2026,18,BREWSTER COUNTY,Grade 10,75
2025-2026,18,BREWSTER COUNTY,Grade 11,84
2025-2026,18,BREWSTER COUNTY,Grade 12,78
2025-2026,16,BRISCOE COUNTY,Early Education,1
2025-2026,16,BRISCOE COUNTY,Pre-kindergarten,8
2025-2026,16,BRISCOE COUNTY,Kindergarten,10
2025-2026,16,BRISCOE COUNTY,Grade 1,16
2025-2026,16,BRISCOE COUNTY,Grade 2,16
2025-2026,16,BRISCOE COUNTY,Grade 3,13
2025-2026,16,BRISCOE COUNTY,Grade 4,16
2025-2026,16,BRISCOE COUNTY,Grade 5,17
2025-2026,16,BRISCOE COUNTY,Grade 6,10
2025-2026,16,BRISCOE COUNTY,Grade 7,13
2025-2026,16,BRISCOE COUNTY,Grade 8,15
2025-2026,16,BRISCOE COUNTY,Grade 9,16
2025-2026,16,BRISCOE COUNTY,Grade 10,11
2025-2026,16,BRISCOE COUNTY,Grade 11,17
2025-2026,16,BRISCOE COUNTY,Grade 12,16
2025-2026,2,BROOKS COUNTY,Pre-kindergarten,60
2025-2026,2,BROOKS COUNTY,Kindergarten,62
2025-2026,2,BROOKS COUNTY,Grade 1,68
2025-2026,2,BROOKS COUNTY,Grade 2,72
2025-2026,2,BROOKS COUNTY,Grade 3,54
2025-2026,2,BROOKS COUNTY,Grade 4,95
2025-2026,2,BROOKS COUNTY,Grade 5,69
2025-2026,2,BROOKS COUNTY,Grade 6,79
2025-2026,2,BROOKS COUNTY,Grade 7,71
2025-2026,2,BROOKS COUNTY,Grade 8,101
2025-2026,2,BROOKS COUNTY,Grade 9,88
2025-2026,2,BROOKS COUNTY,Grade 10,90
2025-2026,2,BROOKS COUNTY,Grade 11,74
2025-2026,2,BROOKS COUNTY,Grade 12,91
2025-2026,15,BROWN COUNTY,Early Education,34
2025-2026,15,BROWN COUNTY,Pre-kindergarten,598
2025-2026,15,BROWN COUNTY,Kindergarten,430
2025-2026,15,BROWN COUNTY,Grade 1,422
2025-2026,15,BROWN COUNTY,Grade 2,406
2025-2026,15,BROWN COUNTY,Grade 3,428
2025-2026,15,BROWN COUNTY,Grade 4,444
2025-2026,15,BROWN COUNTY,Grade 5,424
2025-2026,15,BROWN COUNTY,Grade 6,441
2025-2026,15,BROWN COUNTY,Grade 7,451
2025-2026,15,BROWN COUNTY,Grade 8,474
2025-2026,15,BROWN COUNTY,Grade 9,443
2025-2026,15,BROWN COUNTY,Grade 10,459
2025-2026,15,BROWN COUNTY,Grade 11,401
2025-2026,15,BROWN COUNTY,Grade 12,434
2025-2026,6,BURLESON COUNTY,Early Education,36
2025-2026,6,BURLESON COUNTY,Pre-kindergarten,136
2025-2026,6,BURLESON COUNTY,Kindergarten,196
2025-2026,6,BURLESON COUNTY,Grade 1,196
2025-2026,6,BURLESON COUNTY,Grade 2,191
2025-2026,6,BURLESON COUNTY,Grade 3,219
2025-2026,6,BURLESON COUNTY,Grade 4,215
2025-2026,6,BURLESON COUNTY,Grade 5,226
2025-2026,6,BURLESON COUNTY,Grade 6,247
2025-2026,6,BURLESON COUNTY,Grade 7,230
2025-2026,6,BURLESON COUNTY,Grade 8,215
2025-2026,6,BURLESON COUNTY,Grade 9,247
2025-2026,6,BURLESON COUNTY,Grade 10,221
2025-2026,6,BURLESON COUNTY,Grade 11,198
2025-2026,6,BURLESON COUNTY,Grade 12,211
2025-2026,13,BURNET COUNTY,Early Education,45
2025-2026,13,BURNET COUNTY,Pre-kindergarten,357
2025-2026,13,BURNET COUNTY,Kindergarten,470
2025-2026,13,BURNET COUNTY,Grade 1,463
2025-2026,13,BURNET COUNTY,Grade 2,523
2025-2026,13,BURNET COUNTY,Grade 3,491
2025-2026,13,BURNET COUNTY,Grade 4,569
2025-2026,13,BURNET COUNTY,Grade 5,574
2025-2026,13,BURNET COUNTY,Grade 6,568
2025-2026,13,BURNET COUNTY,Grade 7,548
2025-2026,13,BURNET COUNTY,Grade 8,535
2025-2026,13,BURNET COUNTY,Grade 9,595
2025-2026,13,BURNET COUNTY,Grade 10,560
2025-2026,13,BURNET COUNTY,Grade 11,519
2025-2026,13,BURNET COUNTY,Grade 12,484
2025-2026,13,CALDWELL COUNTY,Early Education,37
2025-2026,13,CALDWELL COUNTY,Pre-kindergarten,389
2025-2026,13,CALDWELL COUNTY,Kindergarten,582
2025-2026,13,CALDWELL COUNTY,Grade 1,583
2025-2026,13,CALDWELL COUNTY,Grade 2,601
2025-2026,13,CALDWELL COUNTY,Grade 3,592
2025-2026,13,CALDWELL COUNTY,Grade 4,672
2025-2026,13,CALDWELL COUNTY,Grade 5,664
2025-2026,13,CALDWELL COUNTY,Grade 6,637
2025-2026,13,CALDWELL COUNTY,Grade 7,600
2025-2026,13,CALDWELL COUNTY,Grade 8,629
2025-2026,13,CALDWELL COUNTY,Grade 9,675
2025-2026,13,CALDWELL COUNTY,Grade 10,648
2025-2026,13,CALDWELL COUNTY,Grade 11,618
2025-2026,13,CALDWELL COUNTY,Grade 12,575
2025-2026,3,CALHOUN COUNTY,Early Education,18
2025-2026,3,CALHOUN COUNTY,Pre-kindergarten,167
2025-2026,3,CALHOUN COUNTY,Kindergarten,256
2025-2026,3,CALHOUN COUNTY,Grade 1,243
2025-2026,3,CALHOUN COUNTY,Grade 2,229
2025-2026,3,CALHOUN COUNTY,Grade 3,241
2025-2026,3,CALHOUN COUNTY,Grade 4,266
2025-2026,3,CALHOUN COUNTY,Grade 5,242
2025-2026,3,CALHOUN COUNTY,Grade 6,251
2025-2026,3,CALHOUN COUNTY,Grade 7,245
2025-2026,3,CALHOUN COUNTY,Grade 8,249
2025-2026,3,CALHOUN COUNTY,Grade 9,269
2025-2026,3,CALHOUN COUNTY,Grade 10,263
2025-2026,3,CALHOUN COUNTY,Grade 11,229
2025-2026,3,CALHOUN COUNTY,Grade 12,220
2025-2026,14,CALLAHAN COUNTY,Early Education,5
2025-2026,14,CALLAHAN COUNTY,Pre-kindergarten,155
2025-2026,14,CALLAHAN COUNTY,Kindergarten,170
2025-2026,14,CALLAHAN COUNTY,Grade 1,174
2025-2026,14,CALLAHAN COUNTY,Grade 2,192
2025-2026,14,CALLAHAN COUNTY,Grade 3,182
2025-2026,14,CALLAHAN COUNTY,Grade 4,216
2025-2026,14,CALLAHAN COUNTY,Grade 5,205
2025-2026,14,CALLAHAN COUNTY,Grade 6,196
2025-2026,14,CALLAHAN COUNTY,Grade 7,197
2025-2026,14,CALLAHAN COUNTY,Grade 8,188
2025-2026,14,CALLAHAN COUNTY,Grade 9,181
2025-2026,14,CALLAHAN COUNTY,Grade 10,201
2025-2026,14,CALLAHAN COUNTY,Grade 11,188
2025-2026,14,CALLAHAN COUNTY,Grade 12,165
2025-2026,1,CAMERON COUNTY,Early Education,176
2025-2026,1,CAMERON COUNTY,Pre-kindergarten,5876
2025-2026,1,CAMERON COUNTY,Kindergarten,4657
2025-2026,1,CAMERON COUNTY,Grade 1,4775
2025-2026,1,CAMERON COUNTY,Grade 2,4904
2025-2026,1,CAMERON COUNTY,Grade 3,4926
2025-2026,1,CAMERON COUNTY,Grade 4,5268
2025-2026,1,CAMERON COUNTY,Grade 5,5394
2025-2026,1,CAMERON COUNTY,Grade 6,5724
2025-2026,1,CAMERON COUNTY,Grade 7,5932
2025-2026,1,CAMERON COUNTY,Grade 8,6174
2025-2026,1,CAMERON COUNTY,Grade 9,7139
2025-2026,1,CAMERON COUNTY,Grade 10,6612
2025-2026,1,CAMERON COUNTY,Grade 11,7023
2025-2026,1,CAMERON COUNTY,Grade 12,6724
2025-2026,8,CAMP COUNTY,Early Education,8
2025-2026,8,CAMP COUNTY,Pre-kindergarten,95
2025-2026,8,CAMP COUNTY,Kindergarten,154
2025-2026,8,CAMP COUNTY,Grade 1,175
2025-2026,8,CAMP COUNTY,Grade 2,160
2025-2026,8,CAMP COUNTY,Grade 3,158
2025-2026,8,CAMP COUNTY,Grade 4,150
2025-2026,8,CAMP COUNTY,Grade 5,165
2025-2026,8,CAMP COUNTY,Grade 6,183
2025-2026,8,CAMP COUNTY,Grade 7,177
2025-2026,8,CAMP COUNTY,Grade 8,140
2025-2026,8,CAMP COUNTY,Grade 9,165
2025-2026,8,CAMP COUNTY,Grade 10,166
2025-2026,8,CAMP COUNTY,Grade 11,156
2025-2026,8,CAMP COUNTY,Grade 12,178
2025-2026,16,CARSON COUNTY,Early Education,5
2025-2026,16,CARSON COUNTY,Pre-kindergarten,51
2025-2026,16,CARSON COUNTY,Kindergarten,64
2025-2026,16,CARSON COUNTY,Grade 1,64
2025-2026,16,CARSON COUNTY,Grade 2,49
2025-2026,16,CARSON COUNTY,Grade 3,64
2025-2026,16,CARSON COUNTY,Grade 4,93
2025-2026,16,CARSON COUNTY,Grade 5,70
2025-2026,16,CARSON COUNTY,Grade 6,87
2025-2026,16,CARSON COUNTY,Grade 7,69
2025-2026,16,CARSON COUNTY,Grade 8,67
2025-2026,16,CARSON COUNTY,Grade 9,74
2025-2026,16,CARSON COUNTY,Grade 10,70
2025-2026,16,CARSON COUNTY,Grade 11,80
2025-2026,16,CARSON COUNTY,Grade 12,84
2025-2026,8,CASS COUNTY,Early Education,14
2025-2026,8,CASS COUNTY,Pre-kindergarten,360
2025-2026,8,CASS COUNTY,Kindergarten,353
2025-2026,8,CASS COUNTY,Grade 1,336
2025-2026,8,CASS COUNTY,Grade 2,313
2025-2026,8,CASS COUNTY,Grade 3,348
2025-2026,8,CASS COUNTY,Grade 4,410
2025-2026,8,CASS COUNTY,Grade 5,397
2025-2026,8,CASS COUNTY,Grade 6,384
2025-2026,8,CASS COUNTY,Grade 7,372
2025-2026,8,CASS COUNTY,Grade 8,397
2025-2026,8,CASS COUNTY,Grade 9,385
2025-2026,8,CASS COUNTY,Grade 10,388
2025-2026,8,CASS COUNTY,Grade 11,349
2025-2026,8,CASS COUNTY,Grade 12,342
2025-2026,16,CASTRO COUNTY,Early Education,3
2025-2026,16,CASTRO COUNTY,Pre-kindergarten,95
2025-2026,16,CASTRO COUNTY,Kindergarten,118
2025-2026,16,CASTRO COUNTY,Grade 1,100
2025-2026,16,CASTRO COUNTY,Grade 2,95
2025-2026,16,CASTRO COUNTY,Grade 3,90
2025-2026,16,CASTRO COUNTY,Grade 4,106
2025-2026,16,CASTRO COUNTY,Grade 5,115
2025-2026,16,CASTRO COUNTY,Grade 6,110
2025-2026,16,CASTRO COUNTY,Grade 7,120
2025-2026,16,CASTRO COUNTY,Grade 8,115
2025-2026,16,CASTRO COUNTY,Grade 9,121
2025-2026,16,CASTRO COUNTY,Grade 10,107
2025-2026,16,CASTRO COUNTY,Grade 11,124
2025-2026,16,CASTRO COUNTY,Grade 12,103
2025-2026,4,CHAMBERS COUNTY,Early Education,55
2025-2026,5,CHAMBERS COUNTY,Early Education,19
2025-2026,4,CHAMBERS COUNTY,Pre-kindergarten,231
2025-2026,5,CHAMBERS COUNTY,Pre-kindergarten,152
2025-2026,4,CHAMBERS COUNTY,Kindergarten,540
2025-2026,5,CHAMBERS COUNTY,Kindergarten,239
2025-2026,4,CHAMBERS COUNTY,Grade 1,621
2025-2026,5,CHAMBERS COUNTY,Grade 1,238
2025-2026,4,CHAMBERS COUNTY,Grade 2,594
2025-2026,5,CHAMBERS COUNTY,Grade 2,200
2025-2026,4,CHAMBERS COUNTY,Grade 3,597
2025-2026,5,CHAMBERS COUNTY,Grade 3,211
2025-2026,4,CHAMBERS COUNTY,Grade 4,619
2025-2026,5,CHAMBERS COUNTY,Grade 4,237
2025-2026,4,CHAMBERS COUNTY,Grade 5,652
2025-2026,5,CHAMBERS COUNTY,Grade 5,203
2025-2026,4,CHAMBERS COUNTY,Grade 6,694
2025-2026,5,CHAMBERS COUNTY,Grade 6,220
2025-2026,4,CHAMBERS COUNTY,Grade 7,621
2025-2026,5,CHAMBERS COUNTY,Grade 7,215
2025-2026,4,CHAMBERS COUNTY,Grade 8,546
2025-2026,5,CHAMBERS COUNTY,Grade 8,250
2025-2026,4,CHAMBERS COUNTY,Grade 9,647
2025-2026,5,CHAMBERS COUNTY,Grade 9,254
2025-2026,4,CHAMBERS COUNTY,Grade 10,633
2025-2026,5,CHAMBERS COUNTY,Grade 10,219
2025-2026,4,CHAMBERS COUNTY,Grade 11,545
2025-2026,5,CHAMBERS COUNTY,Grade 11,227
2025-2026,4,CHAMBERS COUNTY,Grade 12,493
2025-2026,5,CHAMBERS COUNTY,Grade 12,223
2025-2026,7,CHEROKEE COUNTY,Early Education,40
2025-2026,7,CHEROKEE COUNTY,Pre-kindergarten,404
2025-2026,7,CHEROKEE COUNTY,Kindergarten,540
2025-2026,7,CHEROKEE COUNTY,Grade 1,542
2025-2026,7,CHEROKEE COUNTY,Grade 2,577
2025-2026,7,CHEROKEE COUNTY,Grade 3,604
2025-2026,7,CHEROKEE COUNTY,Grade 4,604
2025-2026,7,CHEROKEE COUNTY,Grade 5,633
2025-2026,7,CHEROKEE COUNTY,Grade 6,540
2025-2026,7,CHEROKEE COUNTY,Grade 7,563
2025-2026,7,CHEROKEE COUNTY,Grade 8,574
2025-2026,7,CHEROKEE COUNTY,Grade 9,580
2025-2026,7,CHEROKEE COUNTY,Grade 10,552
2025-2026,7,CHEROKEE COUNTY,Grade 11,539
2025-2026,7,CHEROKEE COUNTY,Grade 12,543
2025-2026,16,CHILDRESS COUNTY,Early Education,4
2025-2026,16,CHILDRESS COUNTY,Pre-kindergarten,57
2025-2026,16,CHILDRESS COUNTY,Kindergarten,51
2025-2026,16,CHILDRESS COUNTY,Grade 1,60
2025-2026,16,CHILDRESS COUNTY,Grade 2,55
2025-2026,16,CHILDRESS COUNTY,Grade 3,70
2025-2026,16,CHILDRESS COUNTY,Grade 4,72
2025-2026,16,CHILDRESS COUNTY,Grade 5,51
2025-2026,16,CHILDRESS COUNTY,Grade 6,55
2025-2026,16,CHILDRESS COUNTY,Grade 7,56
2025-2026,16,CHILDRESS COUNTY,Grade 8,77
2025-2026,16,CHILDRESS COUNTY,Grade 9,73
2025-2026,16,CHILDRESS COUNTY,Grade 10,71
2025-2026,16,CHILDRESS COUNTY,Grade 11,85
2025-2026,16,CHILDRESS COUNTY,Grade 12,66
2025-2026,9,CLAY COUNTY,Early Education,4
2025-2026,9,CLAY COUNTY,Pre-kindergarten,98
2025-2026,9,CLAY COUNTY,Kindergarten,125
2025-2026,9,CLAY COUNTY,Grade 1,116
2025-2026,9,CLAY COUNTY,Grade 2,140
2025-2026,9,CLAY COUNTY,Grade 3,122
2025-2026,9,CLAY COUNTY,Grade 4,117
2025-2026,9,CLAY COUNTY,Grade 5,113
2025-2026,9,CLAY COUNTY,Grade 6,122
2025-2026,9,CLAY COUNTY,Grade 7,124
2025-2026,9,CLAY COUNTY,Grade 8,126
2025-2026,9,CLAY COUNTY,Grade 9,131
2025-2026,9,CLAY COUNTY,Grade 10,131
2025-2026,9,CLAY COUNTY,Grade 11,127
2025-2026,9,CLAY COUNTY,Grade 12,128
2025-2026,17,COCHRAN COUNTY,Early Education,1
2025-2026,17,COCHRAN COUNTY,Pre-kindergarten,56
2025-2026,17,COCHRAN COUNTY,Kindergarten,44
2025-2026,17,COCHRAN COUNTY,Grade 1,43
2025-2026,17,COCHRAN COUNTY,Grade 2,48
2025-2026,17,COCHRAN COUNTY,Grade 3,48
2025-2026,17,COCHRAN COUNTY,Grade 4,39
2025-2026,17,COCHRAN COUNTY,Grade 5,34
2025-2026,17,COCHRAN COUNTY,Grade 6,41
2025-2026,17,COCHRAN COUNTY,Grade 7,43
2025-2026,17,COCHRAN COUNTY,Grade 8,49
2025-2026,17,COCHRAN COUNTY,Grade 9,43
2025-2026,17,COCHRAN COUNTY,Grade 10,48
2025-2026,17,COCHRAN COUNTY,Grade 11,55
2025-2026,17,COCHRAN COUNTY,Grade 12,53
2025-2026,15,COKE COUNTY,Early Education,4
2025-2026,15,COKE COUNTY,Pre-kindergarten,21
2025-2026,15,COKE COUNTY,Kindergarten,38
2025-2026,15,COKE COUNTY,Grade 1,32
2025-2026,15,COKE COUNTY,Grade 2,36
2025-2026,15,COKE COUNTY,Grade 3,30
2025-2026,15,COKE COUNTY,Grade 4,36
2025-2026,15,COKE COUNTY,Grade 5,29
2025-2026,15,COKE COUNTY,Grade 6,29
2025-2026,15,COKE COUNTY,Grade 7,37
2025-2026,15,COKE COUNTY,Grade 8,38
2025-2026,15,COKE COUNTY,Grade 9,35
2025-2026,15,COKE COUNTY,Grade 10,33
2025-2026,15,COKE COUNTY,Grade 11,38
2025-2026,15,COKE COUNTY,Grade 12,44
2025-2026,15,COLEMAN COUNTY,Pre-kindergarten,88
2025-2026,15,COLEMAN COUNTY,Kindergarten,87
2025-2026,15,COLEMAN COUNTY,Grade 1,61
2025-2026,15,COLEMAN COUNTY,Grade 2,76
2025-2026,15,COLEMAN COUNTY,Grade 3,70
2025-2026,15,COLEMAN COUNTY,Grade 4,78
2025-2026,15,COLEMAN COUNTY,Grade 5,90
2025-2026,15,COLEMAN COUNTY,Grade 6,75
2025-2026,15,COLEMAN COUNTY,Grade 7,83
2025-2026,15,COLEMAN COUNTY,Grade 8,99
2025-2026,15,COLEMAN COUNTY,Grade 9,95
2025-2026,15,COLEMAN COUNTY,Grade 10,73
2025-2026,15,COLEMAN COUNTY,Grade 11,82
2025-2026,15,COLEMAN COUNTY,Grade 12,68
2025-2026,10,COLLIN COUNTY,Early Education,1442
2025-2026,10,COLLIN COUNTY,Pre-kindergarten,5719
2025-2026,10,COLLIN COUNTY,Kindergarten,15419
2025-2026,10,COLLIN COUNTY,Grade 1,16579
2025-2026,10,COLLIN COUNTY,Grade 2,17431
2025-2026,10,COLLIN COUNTY,Grade 3,18111
2025-2026,10,COLLIN COUNTY,Grade 4,19112
2025-2026,10,COLLIN COUNTY,Grade 5,19101
2025-2026,10,COLLIN COUNTY,Grade 6,19333
2025-2026,10,COLLIN COUNTY,Grade 7,19751
2025-2026,10,COLLIN COUNTY,Grade 8,20013
2025-2026,10,COLLIN COUNTY,Grade 9,20624
2025-2026,10,COLLIN COUNTY,Grade 10,20116
2025-2026,10,COLLIN COUNTY,Grade 11,19394
2025-2026,10,COLLIN COUNTY,Grade 12,19558
2025-2026,16,COLLINGSWORTH COUNTY,Early Education,2
2025-2026,16,COLLINGSWORTH COUNTY,Pre-kindergarten,31
2025-2026,16,COLLINGSWORTH COUNTY,Kindergarten,35
2025-2026,16,COLLINGSWORTH COUNTY,Grade 1,46
2025-2026,16,COLLINGSWORTH COUNTY,Grade 2,36
2025-2026,16,COLLINGSWORTH COUNTY,Grade 3,28
2025-2026,16,COLLINGSWORTH COUNTY,Grade 4,24
2025-2026,16,COLLINGSWORTH COUNTY,Grade 5,27
2025-2026,16,COLLINGSWORTH COUNTY,Grade 6,45
2025-2026,16,COLLINGSWORTH COUNTY,Grade 7,34
2025-2026,16,COLLINGSWORTH COUNTY,Grade 8,40
2025-2026,16,COLLINGSWORTH COUNTY,Grade 9,48
2025-2026,16,COLLINGSWORTH COUNTY,Grade 10,44
2025-2026,16,COLLINGSWORTH COUNTY,Grade 11,40
2025-2026,16,COLLINGSWORTH COUNTY,Grade 12,36
2025-2026,3,COLORADO COUNTY,Early Education,11
2025-2026,4,COLORADO COUNTY,Early Education,17
2025-2026,3,COLORADO COUNTY,Pre-kindergarten,122
2025-2026,4,COLORADO COUNTY,Pre-kindergarten,63
2025-2026,3,COLORADO COUNTY,Kindergarten,105
2025-2026,4,COLORADO COUNTY,Kindergarten,99
2025-2026,3,COLORADO COUNTY,Grade 1,124
2025-2026,4,COLORADO COUNTY,Grade 1,132
2025-2026,3,COLORADO COUNTY,Grade 2,132
2025-2026,4,COLORADO COUNTY,Grade 2,118
2025-2026,3,COLORADO COUNTY,Grade 3,144
2025-2026,4,COLORADO COUNTY,Grade 3,116
2025-2026,3,COLORADO COUNTY,Grade 4,129
2025-2026,4,COLORADO COUNTY,Grade 4,109
2025-2026,3,COLORADO COUNTY,Grade 5,143
2025-2026,4,COLORADO COUNTY,Grade 5,128
2025-2026,3,COLORADO COUNTY,Grade 6,150
2025-2026,4,COLORADO COUNTY,Grade 6,121
2025-2026,3,COLORADO COUNTY,Grade 7,164
2025-2026,4,COLORADO COUNTY,Grade 7,111
2025-2026,3,COLORADO COUNTY,Grade 8,151
2025-2026,4,COLORADO COUNTY,Grade 8,92
2025-2026,3,COLORADO COUNTY,Grade 9,174
2025-2026,4,COLORADO COUNTY,Grade 9,124
2025-2026,3,COLORADO COUNTY,Grade 10,165
2025-2026,4,COLORADO COUNTY,Grade 10,132
2025-2026,3,COLORADO COUNTY,Grade 11,163
2025-2026,4,COLORADO COUNTY,Grade 11,130
2025-2026,3,COLORADO COUNTY,Grade 12,163
2025-2026,4,COLORADO COUNTY,Grade 12,129
2025-2026,20,COMAL COUNTY,Early Education,298
2025-2026,20,COMAL COUNTY,Pre-kindergarten,1008
2025-2026,20,COMAL COUNTY,Kindergarten,2514
2025-2026,20,COMAL COUNTY,Grade 1,2647
2025-2026,20,COMAL COUNTY,Grade 2,2643
2025-2026,20,COMAL COUNTY,Grade 3,2925
2025-2026,20,COMAL COUNTY,Grade 4,3138
2025-2026,20,COMAL COUNTY,Grade 5,3197
2025-2026,20,COMAL COUNTY,Grade 6,3090
2025-2026,20,COMAL COUNTY,Grade 7,3186
2025-2026,20,COMAL COUNTY,Grade 8,3158
2025-2026,20,COMAL COUNTY,Grade 9,3427
2025-2026,20,COMAL COUNTY,Grade 10,3324
2025-2026,20,COMAL COUNTY,Grade 11,3070
2025-2026,20,COMAL COUNTY,Grade 12,3097
2025-2026,14,COMANCHE COUNTY,Early Education,21
2025-2026,14,COMANCHE COUNTY,Pre-kindergarten,148
2025-2026,14,COMANCHE COUNTY,Kindergarten,166
2025-2026,14,COMANCHE COUNTY,Grade 1,170
2025-2026,14,COMANCHE COUNTY,Grade 2,132
2025-2026,14,COMANCHE COUNTY,Grade 3,173
2025-2026,14,COMANCHE COUNTY,Grade 4,172
2025-2026,14,COMANCHE COUNTY,Grade 5,156
2025-2026,14,COMANCHE COUNTY,Grade 6,160
2025-2026,14,COMANCHE COUNTY,Grade 7,166
2025-2026,14,COMANCHE COUNTY,Grade 8,168
2025-2026,14,COMANCHE COUNTY,Grade 9,167
2025-2026,14,COMANCHE COUNTY,Grade 10,144
2025-2026,14,COMANCHE COUNTY,Grade 11,146
2025-2026,14,COMANCHE COUNTY,Grade 12,157
2025-2026,15,CONCHO COUNTY,Early Education,1
2025-2026,15,CONCHO COUNTY,Pre-kindergarten,25
2025-2026,15,CONCHO COUNTY,Kindergarten,39
2025-2026,15,CONCHO COUNTY,Grade 1,29
2025-2026,15,CONCHO COUNTY,Grade 2,29
2025-2026,15,CONCHO COUNTY,Grade 3,39
2025-2026,15,CONCHO COUNTY,Grade 4,32
2025-2026,15,CONCHO COUNTY,Grade 5,32
2025-2026,15,CONCHO COUNTY,Grade 6,39
2025-2026,15,CONCHO COUNTY,Grade 7,32
2025-2026,15,CONCHO COUNTY,Grade 8,48
2025-2026,15,CONCHO COUNTY,Grade 9,62
2025-2026,15,CONCHO COUNTY,Grade 10,55
2025-2026,15,CONCHO COUNTY,Grade 11,49
2025-2026,15,CONCHO COUNTY,Grade 12,36
2025-2026,11,COOKE COUNTY,Early Education,33
2025-2026,11,COOKE COUNTY,Pre-kindergarten,303
2025-2026,11,COOKE COUNTY,Kindergarten,431
2025-2026,11,COOKE COUNTY,Grade 1,455
2025-2026,11,COOKE COUNTY,Grade 2,493
2025-2026,11,COOKE COUNTY,Grade 3,516
2025-2026,11,COOKE COUNTY,Grade 4,545
2025-2026,11,COOKE COUNTY,Grade 5,508
2025-2026,11,COOKE COUNTY,Grade 6,498
2025-2026,11,COOKE COUNTY,Grade 7,560
2025-2026,11,COOKE COUNTY,Grade 8,496
2025-2026,11,COOKE COUNTY,Grade 9,518
2025-2026,11,COOKE COUNTY,Grade 10,492
2025-2026,11,COOKE COUNTY,Grade 11,480
2025-2026,11,COOKE COUNTY,Grade 12,470
2025-2026,12,CORYELL COUNTY,Early Education,51
2025-2026,12,CORYELL COUNTY,Pre-kindergarten,381
2025-2026,12,CORYELL COUNTY,Kindergarten,724
2025-2026,12,CORYELL COUNTY,Grade 1,787
2025-2026,12,CORYELL COUNTY,Grade 2,769
2025-2026,12,CORYELL COUNTY,Grade 3,797
2025-2026,12,CORYELL COUNTY,Grade 4,839
2025-2026,12,CORYELL COUNTY,Grade 5,847
2025-2026,12,CORYELL COUNTY,Grade 6,839
2025-2026,12,CORYELL COUNTY,Grade 7,843
2025-2026,12,CORYELL COUNTY,Grade 8,812
2025-2026,12,CORYELL COUNTY,Grade 9,825
2025-2026,12,CORYELL COUNTY,Grade 10,829
2025-2026,12,CORYELL COUNTY,Grade 11,816
2025-2026,12,CORYELL COUNTY,Grade 12,787
2025-2026,17,COTTLE COUNTY,Pre-kindergarten,4
2025-2026,17,COTTLE COUNTY,Kindergarten,10
2025-2026,17,COTTLE COUNTY,Grade 1,4
2025-2026,17,COTTLE COUNTY,Grade 2,6
2025-2026,17,COTTLE COUNTY,Grade 3,8
2025-2026,17,COTTLE COUNTY,Grade 4,6
2025-2026,17,COTTLE COUNTY,Grade 5,13
2025-2026,17,COTTLE COUNTY,Grade 6,9
2025-2026,17,COTTLE COUNTY,Grade 7,15
2025-2026,17,COTTLE COUNTY,Grade 8,10
2025-2026,17,COTTLE COUNTY,Grade 9,17
2025-2026,17,COTTLE COUNTY,Grade 10,12
2025-2026,17,COTTLE COUNTY,Grade 11,15
2025-2026,17,COTTLE COUNTY,Grade 12,10
2025-2026,15,CRANE COUNTY,Pre-kindergarten,65
2025-2026,15,CRANE COUNTY,Kindergarten,81
2025-2026,15,CRANE COUNTY,Grade 1,92
2025-2026,15,CRANE COUNTY,Grade 2,75
2025-2026,15,CRANE COUNTY,Grade 3,102
2025-2026,15,CRANE COUNTY,Grade 4,105
2025-2026,15,CRANE COUNTY,Grade 5,87
2025-2026,15,CRANE COUNTY,Grade 6,105
2025-2026,15,CRANE COUNTY,Grade 7,90
2025-2026,15,CRANE COUNTY,Grade 8,84
2025-2026,15,CRANE COUNTY,Grade 9,82
2025-2026,15,CRANE COUNTY,Grade 10,93
2025-2026,15,CRANE COUNTY,Grade 11,91
2025-2026,15,CRANE COUNTY,Grade 12,76
2025-2026,15,CROCKETT COUNTY,Pre-kindergarten,30
2025-2026,15,CROCKETT COUNTY,Kindergarten,32
2025-2026,15,CROCKETT COUNTY,Grade 1,44
2025-2026,15,CROCKETT COUNTY,Grade 2,36
2025-2026,15,CROCKETT COUNTY,Grade 3,31
2025-2026,15,CROCKETT COUNTY,Grade 4,32
2025-2026,15,CROCKETT COUNTY,Grade 5,51
2025-2026,15,CROCKETT COUNTY,Grade 6,49
2025-2026,15,CROCKETT COUNTY,Grade 7,53
2025-2026,15,CROCKETT COUNTY,Grade 8,46
2025-2026,15,CROCKETT COUNTY,Grade 9,48
2025-2026,15,CROCKETT COUNTY,Grade 10,47
2025-2026,15,CROCKETT COUNTY,Grade 11,51
2025-2026,15,CROCKETT COUNTY,Grade 12,65
2025-2026,17,CROSBY COUNTY,Early Education,6
2025-2026,17,CROSBY COUNTY,Pre-kindergarten,51
2025-2026,17,CROSBY COUNTY,Kindergarten,48
2025-2026,17,CROSBY COUNTY,Grade 1,43
2025-2026,17,CROSBY COUNTY,Grade 2,45
2025-2026,17,CROSBY COUNTY,Grade 3,55
2025-2026,17,CROSBY COUNTY,Grade 4,58
2025-2026,17,CROSBY COUNTY,Grade 5,81
2025-2026,17,CROSBY COUNTY,Grade 6,48
2025-2026,17,CROSBY COUNTY,Grade 7,44
2025-2026,17,CROSBY COUNTY,Grade 8,68
2025-2026,17,CROSBY COUNTY,Grade 9,60
2025-2026,17,CROSBY COUNTY,Grade 10,59
2025-2026,17,CROSBY COUNTY,Grade 11,64
2025-2026,17,CROSBY COUNTY,Grade 12,61
2025-2026,18,CULBERSON COUNTY,Early Education,1
2025-2026,18,CULBERSON COUNTY,Pre-kindergarten,26
2025-2026,18,CULBERSON COUNTY,Kindergarten,30
2025-2026,18,CULBERSON COUNTY,Grade 1,32
2025-2026,18,CULBERSON COUNTY,Grade 2,29
2025-2026,18,CULBERSON COUNTY,Grade 3,29
2025-2026,18,CULBERSON COUNTY,Grade 4,23
2025-2026,18,CULBERSON COUNTY,Grade 5,25
2025-2026,18,CULBERSON COUNTY,Grade 6,22
2025-2026,18,CULBERSON COUNTY,Grade 7,23
2025-2026,18,CULBERSON COUNTY,Grade 8,25
2025-2026,18,CULBERSON COUNTY,Grade 9,29
2025-2026,18,CULBERSON COUNTY,Grade 10,23
2025-2026,18,CULBERSON COUNTY,Grade 11,36
2025-2026,18,CULBERSON COUNTY,Grade 12,25
2025-2026,16,DALLAM COUNTY,Early Education,9
2025-2026,16,DALLAM COUNTY,Pre-kindergarten,114
2025-2026,16,DALLAM COUNTY,Kindergarten,156
2025-2026,16,DALLAM COUNTY,Grade 1,151
2025-2026,16,DALLAM COUNTY,Grade 2,142
2025-2026,16,DALLAM COUNTY,Grade 3,166
2025-2026,16,DALLAM COUNTY,Grade 4,144
2025-2026,16,DALLAM COUNTY,Grade 5,166
2025-2026,16,DALLAM COUNTY,Grade 6,162
2025-2026,16,DALLAM COUNTY,Grade 7,154
2025-2026,16,DALLAM COUNTY,Grade 8,150
2025-2026,16,DALLAM COUNTY,Grade 9,138
2025-2026,16,DALLAM COUNTY,Grade 10,130
2025-2026,16,DALLAM COUNTY,Grade 11,127
2025-2026,16,DALLAM COUNTY,Grade 12,133
2025-2026,10,DALLAS COUNTY,Early Education,1927
2025-2026,10,DALLAS COUNTY,Pre-kindergarten,27476
2025-2026,10,DALLAS COUNTY,Kindergarten,31349
2025-2026,10,DALLAS COUNTY,Grade 1,32977
2025-2026,10,DALLAS COUNTY,Grade 2,33442
2025-2026,10,DALLAS COUNTY,Grade 3,34134
2025-2026,10,DALLAS COUNTY,Grade 4,35112
2025-2026,10,DALLAS COUNTY,Grade 5,34545
2025-2026,10,DALLAS COUNTY,Grade 6,33815
2025-2026,10,DALLAS COUNTY,Grade 7,33662
2025-2026,10,DALLAS COUNTY,Grade 8,33817
2025-2026,10,DALLAS COUNTY,Grade 9,37058
2025-2026,10,DALLAS COUNTY,Grade 10,35262
2025-2026,10,DALLAS COUNTY,Grade 11,33031
2025-2026,10,DALLAS COUNTY,Grade 12,31841
2025-2026,17,DAWSON COUNTY,Early Education,15
2025-2026,17,DAWSON COUNTY,Pre-kindergarten,101
2025-2026,17,DAWSON COUNTY,Kindergarten,157
2025-2026,17,DAWSON COUNTY,Grade 1,138
2025-2026,17,DAWSON COUNTY,Grade 2,147
2025-2026,17,DAWSON COUNTY,Grade 3,132
2025-2026,17,DAWSON COUNTY,Grade 4,150
2025-2026,17,DAWSON COUNTY,Grade 5,148
2025-2026,17,DAWSON COUNTY,Grade 6,136
2025-2026,17,DAWSON COUNTY,Grade 7,176
2025-2026,17,DAWSON COUNTY,Grade 8,167
2025-2026,17,DAWSON COUNTY,Grade 9,133
2025-2026,17,DAWSON COUNTY,Grade 10,155
2025-2026,17,DAWSON COUNTY,Grade 11,139
2025-2026,17,DAWSON COUNTY,Grade 12,130
2025-2026,16,DEAF SMITH COUNTY,Early Education,38
2025-2026,16,DEAF SMITH COUNTY,Pre-kindergarten,252
2025-2026,16,DEAF SMITH COUNTY,Kindergarten,276
2025-2026,16,DEAF SMITH COUNTY,Grade 1,282
2025-2026,16,DEAF SMITH COUNTY,Grade 2,292
2025-2026,16,DEAF SMITH COUNTY,Grade 3,277
2025-2026,16,DEAF SMITH COUNTY,Grade 4,300
2025-2026,16,DEAF SMITH COUNTY,Grade 5,308
2025-2026,16,DEAF SMITH COUNTY,Grade 6,279
2025-2026,16,DEAF SMITH COUNTY,Grade 7,283
2025-2026,16,DEAF SMITH COUNTY,Grade 8,266
2025-2026,16,DEAF SMITH COUNTY,Grade 9,332
2025-2026,16,DEAF SMITH COUNTY,Grade 10,278
2025-2026,16,DEAF SMITH COUNTY,Grade 11,254
2025-2026,16,DEAF SMITH COUNTY,Grade 12,273
2025-2026,8,DELTA COUNTY,Early Education,4
2025-2026,8,DELTA COUNTY,Pre-kindergarten,81
2025-2026,8,DELTA COUNTY,Kindergarten,73
2025-2026,8,DELTA COUNTY,Grade 1,73
2025-2026,8,DELTA COUNTY,Grade 2,86
2025-2026,8,DELTA COUNTY,Grade 3,82
2025-2026,8,DELTA COUNTY,Grade 4,80
2025-2026,8,DELTA COUNTY,Grade 5,75
2025-2026,8,DELTA COUNTY,Grade 6,70
2025-2026,8,DELTA COUNTY,Grade 7,80
2025-2026,8,DELTA COUNTY,Grade 8,67
2025-2026,8,DELTA COUNTY,Grade 9,63
2025-2026,8,DELTA COUNTY,Grade 10,72
2025-2026,8,DELTA COUNTY,Grade 11,74
2025-2026,8,DELTA COUNTY,Grade 12,52
2025-2026,11,DENTON COUNTY,Early Education,718
2025-2026,11,DENTON COUNTY,Pre-kindergarten,5002
2025-2026,10,DENTON COUNTY,Kindergarten,191
2025-2026,11,DENTON COUNTY,Kindergarten,9679
2025-2026,10,DENTON COUNTY,Grade 1,172
2025-2026,11,DENTON COUNTY,Grade 1,10033
2025-2026,10,DENTON COUNTY,Grade 2,176
2025-2026,11,DENTON COUNTY,Grade 2,10418
2025-2026,10,DENTON COUNTY,Grade 3,187
2025-2026,11,DENTON COUNTY,Grade 3,10621
2025-2026,10,DENTON COUNTY,Grade 4,192
2025-2026,11,DENTON COUNTY,Grade 4,10986
2025-2026,10,DENTON COUNTY,Grade 5,150
2025-2026,11,DENTON COUNTY,Grade 5,10733
2025-2026,10,DENTON COUNTY,Grade 6,143
2025-2026,11,DENTON COUNTY,Grade 6,11196
2025-2026,10,DENTON COUNTY,Grade 7,161
2025-2026,11,DENTON COUNTY,Grade 7,11023
2025-2026,10,DENTON COUNTY,Grade 8,144
2025-2026,11,DENTON COUNTY,Grade 8,10908
2025-2026,10,DENTON COUNTY,Grade 9,116
2025-2026,11,DENTON COUNTY,Grade 9,11628
2025-2026,10,DENTON COUNTY,Grade 10,93
2025-2026,11,DENTON COUNTY,Grade 10,11511
2025-2026,10,DENTON COUNTY,Grade 11,82
2025-2026,11,DENTON COUNTY,Grade 11,11215
2025-2026,10,DENTON COUNTY,Grade 12,87
2025-2026,11,DENTON COUNTY,Grade 12,11357
2025-2026,3,DEWITT COUNTY,Early Education,25
2025-2026,3,DEWITT COUNTY,Pre-kindergarten,209
2025-2026,3,DEWITT COUNTY,Kindergarten,282
2025-2026,3,DEWITT COUNTY,Grade 1,272
2025-2026,3,DEWITT COUNTY,Grade 2,306
2025-2026,3,DEWITT COUNTY,Grade 3,273
2025-2026,3,DEWITT COUNTY,Grade 4,286
2025-2026,3,DEWITT COUNTY,Grade 5,291
2025-2026,3,DEWITT COUNTY,Grade 6,309
2025-2026,3,DEWITT COUNTY,Grade 7,329
2025-2026,3,DEWITT COUNTY,Grade 8,313
2025-2026,3,DEWITT COUNTY,Grade 9,322
2025-2026,3,DEWITT COUNTY,Grade 10,330
2025-2026,3,DEWITT COUNTY,Grade 11,314
2025-2026,3,DEWITT COUNTY,Grade 12,304
2025-2026,17,DICKENS COUNTY,Pre-kindergarten,20
2025-2026,17,DICKENS COUNTY,Kindergarten,11
2025-2026,17,DICKENS COUNTY,Grade 1,18
2025-2026,17,DICKENS COUNTY,Grade 2,15
2025-2026,17,DICKENS COUNTY,Grade 3,17
2025-2026,17,DICKENS COUNTY,Grade 4,19
2025-2026,17,DICKENS COUNTY,Grade 5,12
2025-2026,17,DICKENS COUNTY,Grade 6,19
2025-2026,17,DICKENS COUNTY,Grade 7,17
2025-2026,17,DICKENS COUNTY,Grade 8,17
2025-2026,17,DICKENS COUNTY,Grade 9,11
2025-2026,17,DICKENS COUNTY,Grade 10,19
2025-2026,17,DICKENS COUNTY,Grade 11,18
2025-2026,17,DICKENS COUNTY,Grade 12,19
2025-2026,20,DIMMIT COUNTY,Early Education,20
2025-2026,20,DIMMIT COUNTY,Pre-kindergarten,79
2025-2026,20,DIMMIT COUNTY,Kindergarten,115
2025-2026,20,DIMMIT COUNTY,Grade 1,125
2025-2026,20,DIMMIT COUNTY,Grade 2,109
2025-2026,20,DIMMIT COUNTY,Grade 3,123
2025-2026,20,DIMMIT COUNTY,Grade 4,134
2025-2026,20,DIMMIT COUNTY,Grade 5,124
2025-2026,20,DIMMIT COUNTY,Grade 6,162
2025-2026,20,DIMMIT COUNTY,Grade 7,151
2025-2026,20,DIMMIT COUNTY,Grade 8,140
2025-2026,20,DIMMIT COUNTY,Grade 9,145
2025-2026,20,DIMMIT COUNTY,Grade 10,117
2025-2026,20,DIMMIT COUNTY,Grade 11,135
2025-2026,20,DIMMIT COUNTY,Grade 12,138
2025-2026,16,DONLEY COUNTY,Early Education,1
2025-2026,16,DONLEY COUNTY,Pre-kindergarten,41
2025-2026,16,DONLEY COUNTY,Kindergarten,36
2025-2026,16,DONLEY COUNTY,Grade 1,30
2025-2026,16,DONLEY COUNTY,Grade 2,42
2025-2026,16,DONLEY COUNTY,Grade 3,36
2025-2026,16,DONLEY COUNTY,Grade 4,37
2025-2026,16,DONLEY COUNTY,Grade 5,31
2025-2026,16,DONLEY COUNTY,Grade 6,36
2025-2026,16,DONLEY COUNTY,Grade 7,30
2025-2026,16,DONLEY COUNTY,Grade 8,31
2025-2026,16,DONLEY COUNTY,Grade 9,29
2025-2026,16,DONLEY COUNTY,Grade 10,38
2025-2026,16,DONLEY COUNTY,Grade 11,32
2025-2026,16,DONLEY COUNTY,Grade 12,38
2025-2026,2,DUVAL COUNTY,Early Education,12
2025-2026,2,DUVAL COUNTY,Pre-kindergarten,365
2025-2026,2,DUVAL COUNTY,Kindergarten,113
2025-2026,2,DUVAL COUNTY,Grade 1,156
2025-2026,2,DUVAL COUNTY,Grade 2,137
2025-2026,2,DUVAL COUNTY,Grade 3,162
2025-2026,2,DUVAL COUNTY,Grade 4,162
2025-2026,2,DUVAL COUNTY,Grade 5,176
2025-2026,2,DUVAL COUNTY,Grade 6,180
2025-2026,2,DUVAL COUNTY,Grade 7,138
2025-2026,2,DUVAL COUNTY,Grade 8,179
2025-2026,2,DUVAL COUNTY,Grade 9,180
2025-2026,2,DUVAL COUNTY,Grade 10,171
2025-2026,2,DUVAL COUNTY,Grade 11,183
2025-2026,2,DUVAL COUNTY,Grade 12,149
2025-2026,14,EASTLAND COUNTY,Early Education,18
2025-2026,14,EASTLAND COUNTY,Pre-kindergarten,124
2025-2026,14,EASTLAND COUNTY,Kindergarten,185
2025-2026,14,EASTLAND COUNTY,Grade 1,192
2025-2026,14,EASTLAND COUNTY,Grade 2,167
2025-2026,14,EASTLAND COUNTY,Grade 3,192
2025-2026,14,EASTLAND COUNTY,Grade 4,174
2025-2026,14,EASTLAND COUNTY,Grade 5,184
2025-2026,14,EASTLAND COUNTY,Grade 6,185
2025-2026,14,EASTLAND COUNTY,Grade 7,180
2025-2026,14,EASTLAND COUNTY,Grade 8,158
2025-2026,14,EASTLAND COUNTY,Grade 9,167
2025-2026,14,EASTLAND COUNTY,Grade 10,193
2025-2026,14,EASTLAND COUNTY,Grade 11,163
2025-2026,14,EASTLAND COUNTY,Grade 12,161
2025-2026,18,ECTOR COUNTY,Early Education,128
2025-2026,18,ECTOR COUNTY,Pre-kindergarten,1635
2025-2026,18,ECTOR COUNTY,Kindergarten,2292
2025-2026,18,ECTOR COUNTY,Grade 1,2520
2025-2026,18,ECTOR COUNTY,Grade 2,2530
2025-2026,18,ECTOR COUNTY,Grade 3,2481
2025-2026,18,ECTOR COUNTY,Grade 4,2594
2025-2026,18,ECTOR COUNTY,Grade 5,2672
2025-2026,18,ECTOR COUNTY,Grade 6,2413
2025-2026,18,ECTOR COUNTY,Grade 7,2457
2025-2026,18,ECTOR COUNTY,Grade 8,2456
2025-2026,18,ECTOR COUNTY,Grade 9,2576
2025-2026,18,ECTOR COUNTY,Grade 10,2421
2025-2026,18,ECTOR COUNTY,Grade 11,2369
2025-2026,18,ECTOR COUNTY,Grade 12,2111
2025-2026,15,EDWARDS COUNTY,Early Education,4
2025-2026,15,EDWARDS COUNTY,Pre-kindergarten,16
2025-2026,15,EDWARDS COUNTY,Kindergarten,16
2025-2026,15,EDWARDS COUNTY,Grade 1,29
2025-2026,15,EDWARDS COUNTY,Grade 2,32
2025-2026,15,EDWARDS COUNTY,Grade 3,30
2025-2026,15,EDWARDS COUNTY,Grade 4,29
2025-2026,15,EDWARDS COUNTY,Grade 5,27
2025-2026,15,EDWARDS COUNTY,Grade 6,31
2025-2026,15,EDWARDS COUNTY,Grade 7,31
2025-2026,15,EDWARDS COUNTY,Grade 8,40
2025-2026,15,EDWARDS COUNTY,Grade 9,33
2025-2026,15,EDWARDS COUNTY,Grade 10,29
2025-2026,15,EDWARDS COUNTY,Grade 11,29
2025-2026,15,EDWARDS COUNTY,Grade 12,27
2025-2026,19,EL PASO COUNTY,Early Education,562
2025-2026,19,EL PASO COUNTY,Pre-kindergarten,8141
2025-2026,19,EL PASO COUNTY,Kindergarten,9275
2025-2026,19,EL PASO COUNTY,Grade 1,9827
2025-2026,19,EL PASO COUNTY,Grade 2,9911
2025-2026,19,EL PASO COUNTY,Grade 3,10323
2025-2026,19,EL PASO COUNTY,Grade 4,10890
2025-2026,19,EL PASO COUNTY,Grade 5,11119
2025-2026,19,EL PASO COUNTY,Grade 6,11090
2025-2026,19,EL PASO COUNTY,Grade 7,11452
2025-2026,19,EL PASO COUNTY,Grade 8,11867
2025-2026,19,EL PASO COUNTY,Grade 9,14038
2025-2026,19,EL PASO COUNTY,Grade 10,13143
2025-2026,19,EL PASO COUNTY,Grade 11,12573
2025-2026,19,EL PASO COUNTY,Grade 12,12517
2025-2026,10,ELLIS COUNTY,Early Education,377
2025-2026,10,ELLIS COUNTY,Pre-kindergarten,1575
2025-2026,10,ELLIS COUNTY,Kindergarten,2905
2025-2026,10,ELLIS COUNTY,Grade 1,3043
2025-2026,10,ELLIS COUNTY,Grade 2,3070
2025-2026,10,ELLIS COUNTY,Grade 3,3373
2025-2026,10,ELLIS COUNTY,Grade 4,3309
2025-2026,10,ELLIS COUNTY,Grade 5,3410
2025-2026,10,ELLIS COUNTY,Grade 6,3481
2025-2026,10,ELLIS COUNTY,Grade 7,3498
2025-2026,10,ELLIS COUNTY,Grade 8,3503
2025-2026,10,ELLIS COUNTY,Grade 9,3701
2025-2026,10,ELLIS COUNTY,Grade 10,3676
2025-2026,10,ELLIS COUNTY,Grade 11,3426
2025-2026,10,ELLIS COUNTY,Grade 12,3336
2025-2026,11,ERATH COUNTY,Early Education,35
2025-2026,11,ERATH COUNTY,Pre-kindergarten,270
2025-2026,11,ERATH COUNTY,Kindergarten,399
2025-2026,11,ERATH COUNTY,Grade 1,469
2025-2026,11,ERATH COUNTY,Grade 2,428
2025-2026,11,ERATH COUNTY,Grade 3,424
2025-2026,11,ERATH COUNTY,Grade 4,401
2025-2026,11,ERATH COUNTY,Grade 5,422
2025-2026,11,ERATH COUNTY,Grade 6,556
2025-2026,11,ERATH COUNTY,Grade 7,549
2025-2026,11,ERATH COUNTY,Grade 8,606
2025-2026,11,ERATH COUNTY,Grade 9,2404
2025-2026,11,ERATH COUNTY,Grade 10,2531
2025-2026,11,ERATH COUNTY,Grade 11,2737
2025-2026,11,ERATH COUNTY,Grade 12,2531
2025-2026,12,FALLS COUNTY,Early Education,8
2025-2026,12,FALLS COUNTY,Pre-kindergarten,128
2025-2026,12,FALLS COUNTY,Kindergarten,172
2025-2026,12,FALLS COUNTY,Grade 1,179
2025-2026,12,FALLS COUNTY,Grade 2,165
2025-2026,12,FALLS COUNTY,Grade 3,166
2025-2026,12,FALLS COUNTY,Grade 4,183
2025-2026,12,FALLS COUNTY,Grade 5,162
2025-2026,12,FALLS COUNTY,Grade 6,180
2025-2026,12,FALLS COUNTY,Grade 7,173
2025-2026,12,FALLS COUNTY,Grade 8,174
2025-2026,12,FALLS COUNTY,Grade 9,158
2025-2026,12,FALLS COUNTY,Grade 10,153
2025-2026,12,FALLS COUNTY,Grade 11,149
2025-2026,12,FALLS COUNTY,Grade 12,139
2025-2026,8,FANNIN COUNTY,Early Education,1
2025-2026,10,FANNIN COUNTY,Early Education,23
2025-2026,8,FANNIN COUNTY,Pre-kindergarten,25
2025-2026,10,FANNIN COUNTY,Pre-kindergarten,289
2025-2026,8,FANNIN COUNTY,Kindergarten,43
2025-2026,10,FANNIN COUNTY,Kindergarten,327
2025-2026,8,FANNIN COUNTY,Grade 1,49
2025-2026,10,FANNIN COUNTY,Grade 1,310
2025-2026,8,FANNIN COUNTY,Grade 2,39
2025-2026,10,FANNIN COUNTY,Grade 2,343
2025-2026,8,FANNIN COUNTY,Grade 3,53
2025-2026,10,FANNIN COUNTY,Grade 3,357
2025-2026,8,FANNIN COUNTY,Grade 4,42
2025-2026,10,FANNIN COUNTY,Grade 4,367
2025-2026,8,FANNIN COUNTY,Grade 5,42
2025-2026,10,FANNIN COUNTY,Grade 5,359
2025-2026,8,FANNIN COUNTY,Grade 6,63
2025-2026,10,FANNIN COUNTY,Grade 6,350
2025-2026,8,FANNIN COUNTY,Grade 7,45
2025-2026,10,FANNIN COUNTY,Grade 7,353
2025-2026,8,FANNIN COUNTY,Grade 8,45
2025-2026,10,FANNIN COUNTY,Grade 8,340
2025-2026,8,FANNIN COUNTY,Grade 9,60
2025-2026,10,FANNIN COUNTY,Grade 9,385
2025-2026,8,FANNIN COUNTY,Grade 10,49
2025-2026,10,FANNIN COUNTY,Grade 10,369
2025-2026,8,FANNIN COUNTY,Grade 11,51
2025-2026,10,FANNIN COUNTY,Grade 11,340
2025-2026,8,FANNIN COUNTY,Grade 12,68
2025-2026,10,FANNIN COUNTY,Grade 12,345
2025-2026,13,FAYETTE COUNTY,Early Education,21
2025-2026,13,FAYETTE COUNTY,Pre-kindergarten,130
2025-2026,13,FAYETTE COUNTY,Kindergarten,220
2025-2026,13,FAYETTE COUNTY,Grade 1,226
2025-2026,13,FAYETTE COUNTY,Grade 2,260
2025-2026,13,FAYETTE COUNTY,Grade 3,248
2025-2026,13,FAYETTE COUNTY,Grade 4,279
2025-2026,13,FAYETTE COUNTY,Grade 5,286
2025-2026,13,FAYETTE COUNTY,Grade 6,264
2025-2026,13,FAYETTE COUNTY,Grade 7,273
2025-2026,13,FAYETTE COUNTY,Grade 8,273
2025-2026,13,FAYETTE COUNTY,Grade 9,319
2025-2026,13,FAYETTE COUNTY,Grade 10,311
2025-2026,13,FAYETTE COUNTY,Grade 11,322
2025-2026,13,FAYETTE COUNTY,Grade 12,284
2025-2026,14,FISHER COUNTY,Early Education,4
2025-2026,14,FISHER COUNTY,Pre-kindergarten,25
2025-2026,14,FISHER COUNTY,Kindergarten,43
2025-2026,14,FISHER COUNTY,Grade 1,46
2025-2026,14,FISHER COUNTY,Grade 2,34
2025-2026,14,FISHER COUNTY,Grade 3,42
2025-2026,14,FISHER COUNTY,Grade 4,37
2025-2026,14,FISHER COUNTY,Grade 5,48
2025-2026,14,FISHER COUNTY,Grade 6,49
2025-2026,14,FISHER COUNTY,Grade 7,50
2025-2026,14,FISHER COUNTY,Grade 8,43
2025-2026,14,FISHER COUNTY,Grade 9,43
2025-2026,14,FISHER COUNTY,Grade 10,44
2025-2026,14,FISHER COUNTY,Grade 11,36
2025-2026,14,FISHER COUNTY,Grade 12,37
2025-2026,17,FLOYD COUNTY,Early Education,4
2025-2026,17,FLOYD COUNTY,Pre-kindergarten,59
2025-2026,17,FLOYD COUNTY,Kindergarten,75
2025-2026,17,FLOYD COUNTY,Grade 1,62
2025-2026,17,FLOYD COUNTY,Grade 2,76
2025-2026,17,FLOYD COUNTY,Grade 3,65
2025-2026,17,FLOYD COUNTY,Grade 4,60
2025-2026,17,FLOYD COUNTY,Grade 5,64
2025-2026,17,FLOYD COUNTY,Grade 6,62
2025-2026,17,FLOYD COUNTY,Grade 7,77
2025-2026,17,FLOYD COUNTY,Grade 8,79
2025-2026,17,FLOYD COUNTY,Grade 9,74
2025-2026,17,FLOYD COUNTY,Grade 10,79
2025-2026,17,FLOYD COUNTY,Grade 11,85
2025-2026,17,FLOYD COUNTY,Grade 12,110
2025-2026,9,FOARD COUNTY,Pre-kindergarten,14
2025-2026,9,FOARD COUNTY,Kindergarten,10
2025-2026,9,FOARD COUNTY,Grade 1,17
2025-2026,9,FOARD COUNTY,Grade 2,8
2025-2026,9,FOARD COUNTY,Grade 3,9
2025-2026,9,FOARD COUNTY,Grade 4,11
2025-2026,9,FOARD COUNTY,Grade 5,9
2025-2026,9,FOARD COUNTY,Grade 6,15
2025-2026,9,FOARD COUNTY,Grade 7,11
2025-2026,9,FOARD COUNTY,Grade 8,15
2025-2026,9,FOARD COUNTY,Grade 9,15
2025-2026,9,FOARD COUNTY,Grade 10,15
2025-2026,9,FOARD COUNTY,Grade 11,13
2025-2026,9,FOARD COUNTY,Grade 12,10
2025-2026,4,FORT BEND COUNTY,Early Education,731
2025-2026,4,FORT BEND COUNTY,Pre-kindergarten,4144
2025-2026,4,FORT BEND COUNTY,Kindergarten,7961
2025-2026,4,FORT BEND COUNTY,Grade 1,8706
2025-2026,4,FORT BEND COUNTY,Grade 2,8935
2025-2026,4,FORT BEND COUNTY,Grade 3,9449
2025-2026,4,FORT BEND COUNTY,Grade 4,9935
2025-2026,4,FORT BEND COUNTY,Grade 5,10102
2025-2026,4,FORT BEND COUNTY,Grade 6,10131
2025-2026,4,FORT BEND COUNTY,Grade 7,10239
2025-2026,4,FORT BEND COUNTY,Grade 8,10395
2025-2026,4,FORT BEND COUNTY,Grade 9,11311
2025-2026,4,FORT BEND COUNTY,Grade 10,11080
2025-2026,4,FORT BEND COUNTY,Grade 11,10792
2025-2026,4,FORT BEND COUNTY,Grade 12,10146
2025-2026,8,FRANKLIN COUNTY,Early Education,6
2025-2026,8,FRANKLIN COUNTY,Pre-kindergarten,63
2025-2026,8,FRANKLIN COUNTY,Kindergarten,97
2025-2026,8,FRANKLIN COUNTY,Grade 1,118
2025-2026,8,FRANKLIN COUNTY,Grade 2,114
2025-2026,8,FRANKLIN COUNTY,Grade 3,88
2025-2026,8,FRANKLIN COUNTY,Grade 4,126
2025-2026,8,FRANKLIN COUNTY,Grade 5,117
2025-2026,8,FRANKLIN COUNTY,Grade 6,107
2025-2026,8,FRANKLIN COUNTY,Grade 7,99
2025-2026,8,FRANKLIN COUNTY,Grade 8,130
2025-2026,8,FRANKLIN COUNTY,Grade 9,108
2025-2026,8,FRANKLIN COUNTY,Grade 10,124
2025-2026,8,FRANKLIN COUNTY,Grade 11,102
2025-2026,8,FRANKLIN COUNTY,Grade 12,116
2025-2026,12,FREESTONE COUNTY,Early Education,10
2025-2026,12,FREESTONE COUNTY,Pre-kindergarten,121
2025-2026,12,FREESTONE COUNTY,Kindergarten,203
2025-2026,12,FREESTONE COUNTY,Grade 1,230
2025-2026,12,FREESTONE COUNTY,Grade 2,225
2025-2026,12,FREESTONE COUNTY,Grade 3,261
2025-2026,12,FREESTONE COUNTY,Grade 4,252
2025-2026,12,FREESTONE COUNTY,Grade 5,247
2025-2026,12,FREESTONE COUNTY,Grade 6,251
2025-2026,12,FREESTONE COUNTY,Grade 7,278
2025-2026,12,FREESTONE COUNTY,Grade 8,274
2025-2026,12,FREESTONE COUNTY,Grade 9,272
2025-2026,12,FREESTONE COUNTY,Grade 10,238
2025-2026,12,FREESTONE COUNTY,Grade 11,265
2025-2026,12,FREESTONE COUNTY,Grade 12,249
2025-2026,20,FRIO COUNTY,Early Education,6
2025-2026,20,FRIO COUNTY,Pre-kindergarten,167
2025-2026,20,FRIO COUNTY,Kindergarten,175
2025-2026,20,FRIO COUNTY,Grade 1,187
2025-2026,20,FRIO COUNTY,Grade 2,195
2025-2026,20,FRIO COUNTY,Grade 3,197
2025-2026,20,FRIO COUNTY,Grade 4,198
2025-2026,20,FRIO COUNTY,Grade 5,201
2025-2026,20,FRIO COUNTY,Grade 6,194
2025-2026,20,FRIO COUNTY,Grade 7,214
2025-2026,20,FRIO COUNTY,Grade 8,198
2025-2026,20,FRIO COUNTY,Grade 9,195
2025-2026,20,FRIO COUNTY,Grade 10,193
2025-2026,20,FRIO COUNTY,Grade 11,198
2025-2026,20,FRIO COUNTY,Grade 12,216
2025-2026,17,GAINES COUNTY,Early Education,23
2025-2026,17,GAINES COUNTY,Pre-kindergarten,146
2025-2026,17,GAINES COUNTY,Kindergarten,267
2025-2026,17,GAINES COUNTY,Grade 1,294
2025-2026,17,GAINES COUNTY,Grade 2,265
2025-2026,17,GAINES COUNTY,Grade 3,279
2025-2026,17,GAINES COUNTY,Grade 4,305
2025-2026,17,GAINES COUNTY,Grade 5,300
2025-2026,17,GAINES COUNTY,Grade 6,281
2025-2026,17,GAINES COUNTY,Grade 7,287
2025-2026,17,GAINES COUNTY,Grade 8,269
2025-2026,17,GAINES COUNTY,Grade 9,275
2025-2026,17,GAINES COUNTY,Grade 10,270
2025-2026,17,GAINES COUNTY,Grade 11,265
2025-2026,17,GAINES COUNTY,Grade 12,237
2025-2026,4,GALVESTON COUNTY,Early Education,497
2025-2026,4,GALVESTON COUNTY,Pre-kindergarten,3343
2025-2026,5,GALVESTON COUNTY,Pre-kindergarten,4
2025-2026,4,GALVESTON COUNTY,Kindergarten,4886
2025-2026,5,GALVESTON COUNTY,Kindergarten,11
2025-2026,4,GALVESTON COUNTY,Grade 1,5147
2025-2026,5,GALVESTON COUNTY,Grade 1,4
2025-2026,4,GALVESTON COUNTY,Grade 2,5310
2025-2026,5,GALVESTON COUNTY,Grade 2,3
2025-2026,4,GALVESTON COUNTY,Grade 3,5436
2025-2026,5,GALVESTON COUNTY,Grade 3,6
2025-2026,4,GALVESTON COUNTY,Grade 4,5894
2025-2026,5,GALVESTON COUNTY,Grade 4,11
2025-2026,4,GALVESTON COUNTY,Grade 5,5946
2025-2026,5,GALVESTON COUNTY,Grade 5,10
2025-2026,4,GALVESTON COUNTY,Grade 6,5991
2025-2026,5,GALVESTON COUNTY,Grade 6,10
2025-2026,4,GALVESTON COUNTY,Grade 7,6047
2025-2026,5,GALVESTON COUNTY,Grade 7,10
2025-2026,4,GALVESTON COUNTY,Grade 8,6047
2025-2026,5,GALVESTON COUNTY,Grade 8,10
2025-2026,4,GALVESTON COUNTY,Grade 9,6665
2025-2026,5,GALVESTON COUNTY,Grade 9,15
2025-2026,4,GALVESTON COUNTY,Grade 10,6340
2025-2026,5,GALVESTON COUNTY,Grade 10,13
2025-2026,4,GALVESTON COUNTY,Grade 11,6267
2025-2026,5,GALVESTON COUNTY,Grade 11,11
2025-2026,4,GALVESTON COUNTY,Grade 12,5979
2025-2026,5,GALVESTON COUNTY,Grade 12,4
2025-2026,17,GARZA COUNTY,Early Education,1
2025-2026,17,GARZA COUNTY,Pre-kindergarten,42
2025-2026,17,GARZA COUNTY,Kindergarten,54
2025-2026,17,GARZA COUNTY,Grade 1,50
2025-2026,17,GARZA COUNTY,Grade 2,54
2025-2026,17,GARZA COUNTY,Grade 3,58
2025-2026,17,GARZA COUNTY,Grade 4,68
2025-2026,17,GARZA COUNTY,Grade 5,60
2025-2026,17,GARZA COUNTY,Grade 6,60
2025-2026,17,GARZA COUNTY,Grade 7,51
2025-2026,17,GARZA COUNTY,Grade 8,59
2025-2026,17,GARZA COUNTY,Grade 9,56
2025-2026,17,GARZA COUNTY,Grade 10,51
2025-2026,17,GARZA COUNTY,Grade 11,68
2025-2026,17,GARZA COUNTY,Grade 12,62
2025-2026,13,GILLESPIE COUNTY,Early Education,6
2025-2026,15,GILLESPIE COUNTY,Early Education,2
2025-2026,13,GILLESPIE COUNTY,Pre-kindergarten,125
2025-2026,15,GILLESPIE COUNTY,Pre-kindergarten,28
2025-2026,13,GILLESPIE COUNTY,Kindergarten,201
2025-2026,15,GILLESPIE COUNTY,Kindergarten,42
2025-2026,13,GILLESPIE COUNTY,Grade 1,192
2025-2026,15,GILLESPIE COUNTY,Grade 1,30
2025-2026,13,GILLESPIE COUNTY,Grade 2,159
2025-2026,15,GILLESPIE COUNTY,Grade 2,39
2025-2026,13,GILLESPIE COUNTY,Grade 3,222
2025-2026,15,GILLESPIE COUNTY,Grade 3,39
2025-2026,13,GILLESPIE COUNTY,Grade 4,201
2025-2026,15,GILLESPIE COUNTY,Grade 4,37
2025-2026,13,GILLESPIE COUNTY,Grade 5,223
2025-2026,15,GILLESPIE COUNTY,Grade 5,38
2025-2026,13,GILLESPIE COUNTY,Grade 6,219
2025-2026,15,GILLESPIE COUNTY,Grade 6,59
2025-2026,13,GILLESPIE COUNTY,Grade 7,179
2025-2026,15,GILLESPIE COUNTY,Grade 7,39
2025-2026,13,GILLESPIE COUNTY,Grade 8,227
2025-2026,15,GILLESPIE COUNTY,Grade 8,52
2025-2026,13,GILLESPIE COUNTY,Grade 9,260
2025-2026,15,GILLESPIE COUNTY,Grade 9,40
2025-2026,13,GILLESPIE COUNTY,Grade 10,253
2025-2026,15,GILLESPIE COUNTY,Grade 10,45
2025-2026,13,GILLESPIE COUNTY,Grade 11,280
2025-2026,15,GILLESPIE COUNTY,Grade 11,37
2025-2026,13,GILLESPIE COUNTY,Grade 12,242
2025-2026,15,GILLESPIE COUNTY,Grade 12,41
2025-2026,18,GLASSCOCK COUNTY,Early Education,1
2025-2026,18,GLASSCOCK COUNTY,Pre-kindergarten,14
2025-2026,18,GLASSCOCK COUNTY,Kindergarten,24
2025-2026,18,GLASSCOCK COUNTY,Grade 1,17
2025-2026,18,GLASSCOCK COUNTY,Grade 2,17
2025-2026,18,GLASSCOCK COUNTY,Grade 3,26
2025-2026,18,GLASSCOCK COUNTY,Grade 4,18
2025-2026,18,GLASSCOCK COUNTY,Grade 5,20
2025-2026,18,GLASSCOCK COUNTY,Grade 6,21
2025-2026,18,GLASSCOCK COUNTY,Grade 7,18
2025-2026,18,GLASSCOCK COUNTY,Grade 8,27
2025-2026,18,GLASSCOCK COUNTY,Grade 9,17
2025-2026,18,GLASSCOCK COUNTY,Grade 10,20
2025-2026,18,GLASSCOCK COUNTY,Grade 11,25
2025-2026,18,GLASSCOCK COUNTY,Grade 12,25
2025-2026,3,GOLIAD COUNTY,Early Education,10
2025-2026,3,GOLIAD COUNTY,Pre-kindergarten,36
2025-2026,3,GOLIAD COUNTY,Kindergarten,68
2025-2026,3,GOLIAD COUNTY,Grade 1,69
2025-2026,3,GOLIAD COUNTY,Grade 2,71
2025-2026,3,GOLIAD COUNTY,Grade 3,86
2025-2026,3,GOLIAD COUNTY,Grade 4,77
2025-2026,3,GOLIAD COUNTY,Grade 5,103
2025-2026,3,GOLIAD COUNTY,Grade 6,99
2025-2026,3,GOLIAD COUNTY,Grade 7,99
2025-2026,3,GOLIAD COUNTY,Grade 8,92
2025-2026,3,GOLIAD COUNTY,Grade 9,93
2025-2026,3,GOLIAD COUNTY,Grade 10,83
2025-2026,3,GOLIAD COUNTY,Grade 11,102
2025-2026,3,GOLIAD COUNTY,Grade 12,107
2025-2026,13,GONZALES COUNTY,Early Education,13
2025-2026,13,GONZALES COUNTY,Pre-kindergarten,373
2025-2026,13,GONZALES COUNTY,Kindergarten,339
2025-2026,13,GONZALES COUNTY,Grade 1,298
2025-2026,13,GONZALES COUNTY,Grade 2,311
2025-2026,13,GONZALES COUNTY,Grade 3,248
2025-2026,13,GONZALES COUNTY,Grade 4,285
2025-2026,13,GONZALES COUNTY,Grade 5,299
2025-2026,13,GONZALES COUNTY,Grade 6,258
2025-2026,13,GONZALES COUNTY,Grade 7,290
2025-2026,13,GONZALES COUNTY,Grade 8,281
2025-2026,13,GONZALES COUNTY,Grade 9,296
2025-2026,13,GONZALES COUNTY,Grade 10,265
2025-2026,13,GONZALES COUNTY,Grade 11,287
2025-2026,13,GONZALES COUNTY,Grade 12,259
2025-2026,16,GRAY COUNTY,Early Education,20
2025-2026,16,GRAY COUNTY,Pre-kindergarten,224
2025-2026,16,GRAY COUNTY,Kindergarten,191
2025-2026,16,GRAY COUNTY,Grade 1,231
2025-2026,16,GRAY COUNTY,Grade 2,193
2025-2026,16,GRAY COUNTY,Grade 3,236
2025-2026,16,GRAY COUNTY,Grade 4,241
2025-2026,16,GRAY COUNTY,Grade 5,267
2025-2026,16,GRAY COUNTY,Grade 6,279
2025-2026,16,GRAY COUNTY,Grade 7,251
2025-2026,16,GRAY COUNTY,Grade 8,258
2025-2026,16,GRAY COUNTY,Grade 9,249
2025-2026,16,GRAY COUNTY,Grade 10,264
2025-2026,16,GRAY COUNTY,Grade 11,272
2025-2026,16,GRAY COUNTY,Grade 12,281
2025-2026,10,GRAYSON COUNTY,Early Education,106
2025-2026,10,GRAYSON COUNTY,Pre-kindergarten,929
2025-2026,10,GRAYSON COUNTY,Kindergarten,1721
2025-2026,10,GRAYSON COUNTY,Grade 1,1725
2025-2026,10,GRAYSON COUNTY,Grade 2,1880
2025-2026,10,GRAYSON COUNTY,Grade 3,1796
2025-2026,10,GRAYSON COUNTY,Grade 4,1957
2025-2026,10,GRAYSON COUNTY,Grade 5,1909
2025-2026,10,GRAYSON COUNTY,Grade 6,1950
2025-2026,10,GRAYSON COUNTY,Grade 7,1862
2025-2026,10,GRAYSON COUNTY,Grade 8,1947
2025-2026,10,GRAYSON COUNTY,Grade 9,2073
2025-2026,10,GRAYSON COUNTY,Grade 10,1925
2025-2026,10,GRAYSON COUNTY,Grade 11,1802
2025-2026,10,GRAYSON COUNTY,Grade 12,1752
2025-2026,7,GREGG COUNTY,Early Education,73
2025-2026,7,GREGG COUNTY,Pre-kindergarten,1026
2025-2026,7,GREGG COUNTY,Kindergarten,1454
2025-2026,7,GREGG COUNTY,Grade 1,1665
2025-2026,7,GREGG COUNTY,Grade 2,1507
2025-2026,7,GREGG COUNTY,Grade 3,1509
2025-2026,7,GREGG COUNTY,Grade 4,1642
2025-2026,7,GREGG COUNTY,Grade 5,1637
2025-2026,7,GREGG COUNTY,Grade 6,1688
2025-2026,7,GREGG COUNTY,Grade 7,1677
2025-2026,7,GREGG COUNTY,Grade 8,1788
2025-2026,7,GREGG COUNTY,Grade 9,1864
2025-2026,7,GREGG COUNTY,Grade 10,1795
2025-2026,7,GREGG COUNTY,Grade 11,1644
2025-2026,7,GREGG COUNTY,Grade 12,1640
2025-2026,6,GRIMES COUNTY,Early Education,53
2025-2026,6,GRIMES COUNTY,Pre-kindergarten,233
2025-2026,6,GRIMES COUNTY,Kindergarten,353
2025-2026,6,GRIMES COUNTY,Grade 1,317
2025-2026,6,GRIMES COUNTY,Grade 2,364
2025-2026,6,GRIMES COUNTY,Grade 3,336
2025-2026,6,GRIMES COUNTY,Grade 4,370
2025-2026,6,GRIMES COUNTY,Grade 5,371
2025-2026,6,GRIMES COUNTY,Grade 6,394
2025-2026,6,GRIMES COUNTY,Grade 7,370
2025-2026,6,GRIMES COUNTY,Grade 8,356
2025-2026,6,GRIMES COUNTY,Grade 9,411
2025-2026,6,GRIMES COUNTY,Grade 10,336
2025-2026,6,GRIMES COUNTY,Grade 11,369
2025-2026,6,GRIMES COUNTY,Grade 12,369
2025-2026,20,GUADALUPE COUNTY,Early Education,111
2025-2026,20,GUADALUPE COUNTY,Pre-kindergarten,909
2025-2026,20,GUADALUPE COUNTY,Kindergarten,1577
2025-2026,20,GUADALUPE COUNTY,Grade 1,1624
2025-2026,20,GUADALUPE COUNTY,Grade 2,1741
2025-2026,20,GUADALUPE COUNTY,Grade 3,1772
2025-2026,20,GUADALUPE COUNTY,Grade 4,1917
2025-2026,20,GUADALUPE COUNTY,Grade 5,1931
2025-2026,20,GUADALUPE COUNTY,Grade 6,2118
2025-2026,20,GUADALUPE COUNTY,Grade 7,2094
2025-2026,20,GUADALUPE COUNTY,Grade 8,2126
2025-2026,20,GUADALUPE COUNTY,Grade 9,2358
2025-2026,20,GUADALUPE COUNTY,Grade 10,2240
2025-2026,20,GUADALUPE COUNTY,Grade 11,2143
2025-2026,20,GUADALUPE COUNTY,Grade 12,2119
2025-2026,17,HALE COUNTY,Early Education,49
2025-2026,17,HALE COUNTY,Pre-kindergarten,283
2025-2026,17,HALE COUNTY,Kindergarten,339
2025-2026,17,HALE COUNTY,Grade 1,349
2025-2026,17,HALE COUNTY,Grade 2,353
2025-2026,17,HALE COUNTY,Grade 3,398
2025-2026,17,HALE COUNTY,Grade 4,337
2025-2026,17,HALE COUNTY,Grade 5,365
2025-2026,17,HALE COUNTY,Grade 6,392
2025-2026,17,HALE COUNTY,Grade 7,389
2025-2026,17,HALE COUNTY,Grade 8,431
2025-2026,17,HALE COUNTY,Grade 9,456
2025-2026,17,HALE COUNTY,Grade 10,484
2025-2026,17,HALE COUNTY,Grade 11,470
2025-2026,17,HALE COUNTY,Grade 12,410
2025-2026,16,HALL COUNTY,Early Education,12
2025-2026,16,HALL COUNTY,Pre-kindergarten,32
2025-2026,16,HALL COUNTY,Kindergarten,28
2025-2026,16,HALL COUNTY,Grade 1,26
2025-2026,16,HALL COUNTY,Grade 2,38
2025-2026,16,HALL COUNTY,Grade 3,27
2025-2026,16,HALL COUNTY,Grade 4,31
2025-2026,16,HALL COUNTY,Grade 5,40
2025-2026,16,HALL COUNTY,Grade 6,53
2025-2026,16,HALL COUNTY,Grade 7,33
2025-2026,16,HALL COUNTY,Grade 8,37
2025-2026,16,HALL COUNTY,Grade 9,42
2025-2026,16,HALL COUNTY,Grade 10,35
2025-2026,16,HALL COUNTY,Grade 11,45
2025-2026,16,HALL COUNTY,Grade 12,40
2025-2026,12,HAMILTON COUNTY,Early Education,2
2025-2026,12,HAMILTON COUNTY,Pre-kindergarten,76
2025-2026,12,HAMILTON COUNTY,Kindergarten,62
2025-2026,12,HAMILTON COUNTY,Grade 1,86
2025-2026,12,HAMILTON COUNTY,Grade 2,90
2025-2026,12,HAMILTON COUNTY,Grade 3,92
2025-2026,12,HAMILTON COUNTY,Grade 4,97
2025-2026,12,HAMILTON COUNTY,Grade 5,127
2025-2026,12,HAMILTON COUNTY,Grade 6,109
2025-2026,12,HAMILTON COUNTY,Grade 7,111
2025-2026,12,HAMILTON COUNTY,Grade 8,112
2025-2026,12,HAMILTON COUNTY,Grade 9,108
2025-2026,12,HAMILTON COUNTY,Grade 10,113
2025-2026,12,HAMILTON COUNTY,Grade 11,117
2025-2026,12,HAMILTON COUNTY,Grade 12,107
2025-2026,16,HANSFORD COUNTY,Early Education,7
2025-2026,16,HANSFORD COUNTY,Pre-kindergarten,72
2025-2026,16,HANSFORD COUNTY,Kindergarten,98
2025-2026,16,HANSFORD COUNTY,Grade 1,84
2025-2026,16,HANSFORD COUNTY,Grade 2,77
2025-2026,16,HANSFORD COUNTY,Grade 3,82
2025-2026,16,HANSFORD COUNTY,Grade 4,77
2025-2026,16,HANSFORD COUNTY,Grade 5,94
2025-2026,16,HANSFORD COUNTY,Grade 6,85
2025-2026,16,HANSFORD COUNTY,Grade 7,84
2025-2026,16,HANSFORD COUNTY,Grade 8,91
2025-2026,16,HANSFORD COUNTY,Grade 9,89
2025-2026,16,HANSFORD COUNTY,Grade 10,92
2025-2026,16,HANSFORD COUNTY,Grade 11,85
2025-2026,16,HANSFORD COUNTY,Grade 12,86
2025-2026,9,HARDEMAN COUNTY,Early Education,1
2025-2026,9,HARDEMAN COUNTY,Pre-kindergarten,37
2025-2026,9,HARDEMAN COUNTY,Kindergarten,36
2025-2026,9,HARDEMAN COUNTY,Grade 1,29
2025-2026,9,HARDEMAN COUNTY,Grade 2,51
2025-2026,9,HARDEMAN COUNTY,Grade 3,37
2025-2026,9,HARDEMAN COUNTY,Grade 4,43
2025-2026,9,HARDEMAN COUNTY,Grade 5,42
2025-2026,9,HARDEMAN COUNTY,Grade 6,34
2025-2026,9,HARDEMAN COUNTY,Grade 7,48
2025-2026,9,HARDEMAN COUNTY,Grade 8,36
2025-2026,9,HARDEMAN COUNTY,Grade 9,40
2025-2026,9,HARDEMAN COUNTY,Grade 10,41
2025-2026,9,HARDEMAN COUNTY,Grade 11,43
2025-2026,9,HARDEMAN COUNTY,Grade 12,51
2025-2026,5,HARDIN COUNTY,Early Education,82
2025-2026,5,HARDIN COUNTY,Pre-kindergarten,320
2025-2026,5,HARDIN COUNTY,Kindergarten,740
2025-2026,5,HARDIN COUNTY,Grade 1,810
2025-2026,5,HARDIN COUNTY,Grade 2,751
2025-2026,5,HARDIN COUNTY,Grade 3,791
2025-2026,5,HARDIN COUNTY,Grade 4,844
2025-2026,5,HARDIN COUNTY,Grade 5,883
2025-2026,5,HARDIN COUNTY,Grade 6,839
2025-2026,5,HARDIN COUNTY,Grade 7,883
2025-2026,5,HARDIN COUNTY,Grade 8,811
2025-2026,5,HARDIN COUNTY,Grade 9,832
2025-2026,5,HARDIN COUNTY,Grade 10,817
2025-2026,5,HARDIN COUNTY,Grade 11,812
2025-2026,5,HARDIN COUNTY,Grade 12,739
2025-2026,4,HARRIS COUNTY,Early Education,3430
2025-2026,4,HARRIS COUNTY,Pre-kindergarten,38614
2025-2026,4,HARRIS COUNTY,Kindergarten,53424
2025-2026,4,HARRIS COUNTY,Grade 1,57395
2025-2026,4,HARRIS COUNTY,Grade 2,58819
2025-2026,4,HARRIS COUNTY,Grade 3,60953
2025-2026,4,HARRIS COUNTY,Grade 4,64104
2025-2026,4,HARRIS COUNTY,Grade 5,63707
2025-2026,4,HARRIS COUNTY,Grade 6,62628
2025-2026,4,HARRIS COUNTY,Grade 7,63485
2025-2026,4,HARRIS COUNTY,Grade 8,64044
2025-2026,4,HARRIS COUNTY,Grade 9,71056
2025-2026,4,HARRIS COUNTY,Grade 10,66675
2025-2026,4,HARRIS COUNTY,Grade 11,65819
2025-2026,4,HARRIS COUNTY,Grade 12,62200
2025-2026,7,HARRISON COUNTY,Early Education,34
2025-2026,7,HARRISON COUNTY,Pre-kindergarten,467
2025-2026,7,HARRISON COUNTY,Kindergarten,776
2025-2026,7,HARRISON COUNTY,Grade 1,829
2025-2026,7,HARRISON COUNTY,Grade 2,822
2025-2026,7,HARRISON COUNTY,Grade 3,982
2025-2026,7,HARRISON COUNTY,Grade 4,1196
2025-2026,7,HARRISON COUNTY,Grade 5,1281
2025-2026,7,HARRISON COUNTY,Grade 6,1750
2025-2026,7,HARRISON COUNTY,Grade 7,2208
2025-2026,7,HARRISON COUNTY,Grade 8,2823
2025-2026,7,HARRISON COUNTY,Grade 9,5564
2025-2026,7,HARRISON COUNTY,Grade 10,5342
2025-2026,7,HARRISON COUNTY,Grade 11,5362
2025-2026,7,HARRISON COUNTY,Grade 12,4534
2025-2026,16,HARTLEY COUNTY,Early Education,2
2025-2026,16,HARTLEY COUNTY,Pre-kindergarten,17
2025-2026,16,HARTLEY COUNTY,Kindergarten,32
2025-2026,16,HARTLEY COUNTY,Grade 1,34
2025-2026,16,HARTLEY COUNTY,Grade 2,34
2025-2026,16,HARTLEY COUNTY,Grade 3,27
2025-2026,16,HARTLEY COUNTY,Grade 4,22
2025-2026,16,HARTLEY COUNTY,Grade 5,32
2025-2026,16,HARTLEY COUNTY,Grade 6,24
2025-2026,16,HARTLEY COUNTY,Grade 7,30
2025-2026,16,HARTLEY COUNTY,Grade 8,17
2025-2026,16,HARTLEY COUNTY,Grade 9,24
2025-2026,16,HARTLEY COUNTY,Grade 10,18
2025-2026,16,HARTLEY COUNTY,Grade 11,26
2025-2026,16,HARTLEY COUNTY,Grade 12,23
2025-2026,14,HASKELL COUNTY,Early Education,3
2025-2026,14,HASKELL COUNTY,Pre-kindergarten,59
2025-2026,14,HASKELL COUNTY,Kindergarten,72
2025-2026,14,HASKELL COUNTY,Grade 1,61
2025-2026,14,HASKELL COUNTY,Grade 2,49
2025-2026,14,HASKELL COUNTY,Grade 3,49
2025-2026,14,HASKELL COUNTY,Grade 4,58
2025-2026,14,HASKELL COUNTY,Grade 5,60
2025-2026,14,HASKELL COUNTY,Grade 6,48
2025-2026,14,HASKELL COUNTY,Grade 7,56
2025-2026,14,HASKELL COUNTY,Grade 8,59
2025-2026,14,HASKELL COUNTY,Grade 9,54
2025-2026,14,HASKELL COUNTY,Grade 10,58
2025-2026,14,HASKELL COUNTY,Grade 11,61
2025-2026,14,HASKELL COUNTY,Grade 12,58
2025-2026,13,HAYS COUNTY,Early Education,254
2025-2026,13,HAYS COUNTY,Pre-kindergarten,1721
2025-2026,13,HAYS COUNTY,Kindergarten,2952
2025-2026,13,HAYS COUNTY,Grade 1,3072
2025-2026,13,HAYS COUNTY,Grade 2,3292
2025-2026,13,HAYS COUNTY,Grade 3,3314
2025-2026,13,HAYS COUNTY,Grade 4,3452
2025-2026,13,HAYS COUNTY,Grade 5,3481
2025-2026,13,HAYS COUNTY,Grade 6,3425
2025-2026,13,HAYS COUNTY,Grade 7,3444
2025-2026,13,HAYS COUNTY,Grade 8,3406
2025-2026,13,HAYS COUNTY,Grade 9,3700
2025-2026,13,HAYS COUNTY,Grade 10,3585
2025-2026,13,HAYS COUNTY,Grade 11,3350
2025-2026,13,HAYS COUNTY,Grade 12,3244
2025-2026,16,HEMPHILL COUNTY,Early Education,4
2025-2026,16,HEMPHILL COUNTY,Pre-kindergarten,27
2025-2026,16,HEMPHILL COUNTY,Kindergarten,41
2025-2026,16,HEMPHILL COUNTY,Grade 1,41
2025-2026,16,HEMPHILL COUNTY,Grade 2,42
2025-2026,16,HEMPHILL COUNTY,Grade 3,32
2025-2026,16,HEMPHILL COUNTY,Grade 4,52
2025-2026,16,HEMPHILL COUNTY,Grade 5,49
2025-2026,16,HEMPHILL COUNTY,Grade 6,42
2025-2026,16,HEMPHILL COUNTY,Grade 7,42
2025-2026,16,HEMPHILL COUNTY,Grade 8,58
2025-2026,16,HEMPHILL COUNTY,Grade 9,54
2025-2026,16,HEMPHILL COUNTY,Grade 10,62
2025-2026,16,HEMPHILL COUNTY,Grade 11,59
2025-2026,16,HEMPHILL COUNTY,Grade 12,73
2025-2026,7,HENDERSON COUNTY,Early Education,21
2025-2026,10,HENDERSON COUNTY,Early Education,1
2025-2026,7,HENDERSON COUNTY,Pre-kindergarten,363
2025-2026,10,HENDERSON COUNTY,Pre-kindergarten,198
2025-2026,7,HENDERSON COUNTY,Kindergarten,480
2025-2026,10,HENDERSON COUNTY,Kindergarten,210
2025-2026,7,HENDERSON COUNTY,Grade 1,554
2025-2026,10,HENDERSON COUNTY,Grade 1,200
2025-2026,7,HENDERSON COUNTY,Grade 2,506
2025-2026,10,HENDERSON COUNTY,Grade 2,206
2025-2026,7,HENDERSON COUNTY,Grade 3,516
2025-2026,10,HENDERSON COUNTY,Grade 3,228
2025-2026,7,HENDERSON COUNTY,Grade 4,564
2025-2026,10,HENDERSON COUNTY,Grade 4,189
2025-2026,7,HENDERSON COUNTY,Grade 5,540
2025-2026,10,HENDERSON COUNTY,Grade 5,199
2025-2026,7,HENDERSON COUNTY,Grade 6,543
2025-2026,10,HENDERSON COUNTY,Grade 6,222
2025-2026,7,HENDERSON COUNTY,Grade 7,539
2025-2026,10,HENDERSON COUNTY,Grade 7,203
2025-2026,7,HENDERSON COUNTY,Grade 8,526
2025-2026,10,HENDERSON COUNTY,Grade 8,228
2025-2026,7,HENDERSON COUNTY,Grade 9,541
2025-2026,10,HENDERSON COUNTY,Grade 9,231
2025-2026,7,HENDERSON COUNTY,Grade 10,523
2025-2026,10,HENDERSON COUNTY,Grade 10,226
2025-2026,7,HENDERSON COUNTY,Grade 11,487
2025-2026,10,HENDERSON COUNTY,Grade 11,219
2025-2026,7,HENDERSON COUNTY,Grade 12,465
2025-2026,10,HENDERSON COUNTY,Grade 12,187
2025-2026,1,HIDALGO COUNTY,Early Education,190
2025-2026,1,HIDALGO COUNTY,Pre-kindergarten,16030
2025-2026,1,HIDALGO COUNTY,Kindergarten,15805
2025-2026,1,HIDALGO COUNTY,Grade 1,17324
2025-2026,1,HIDALGO COUNTY,Grade 2,17815
2025-2026,1,HIDALGO COUNTY,Grade 3,18829
2025-2026,1,HIDALGO COUNTY,Grade 4,19539
2025-2026,1,HIDALGO COUNTY,Grade 5,20028
2025-2026,1,HIDALGO COUNTY,Grade 6,20145
2025-2026,1,HIDALGO COUNTY,Grade 7,19724
2025-2026,1,HIDALGO COUNTY,Grade 8,19928
2025-2026,1,HIDALGO COUNTY,Grade 9,20423
2025-2026,1,HIDALGO COUNTY,Grade 10,18870
2025-2026,1,HIDALGO COUNTY,Grade 11,17692
2025-2026,1,HIDALGO COUNTY,Grade 12,17057
2025-2026,12,HILL COUNTY,Early Education,28
2025-2026,12,HILL COUNTY,Pre-kindergarten,367
2025-2026,12,HILL COUNTY,Kindergarten,404
2025-2026,12,HILL COUNTY,Grade 1,422
2025-2026,12,HILL COUNTY,Grade 2,433
2025-2026,12,HILL COUNTY,Grade 3,474
2025-2026,12,HILL COUNTY,Grade 4,436
2025-2026,12,HILL COUNTY,Grade 5,468
2025-2026,12,HILL COUNTY,Grade 6,510
2025-2026,12,HILL COUNTY,Grade 7,471
2025-2026,12,HILL COUNTY,Grade 8,479
2025-2026,12,HILL COUNTY,Grade 9,511
2025-2026,12,HILL COUNTY,Grade 10,460
2025-2026,12,HILL COUNTY,Grade 11,438
2025-2026,12,HILL COUNTY,Grade 12,429
2025-2026,17,HOCKLEY COUNTY,Early Education,64
2025-2026,17,HOCKLEY COUNTY,Pre-kindergarten,298
2025-2026,17,HOCKLEY COUNTY,Kindergarten,329
2025-2026,17,HOCKLEY COUNTY,Grade 1,352
2025-2026,17,HOCKLEY COUNTY,Grade 2,320
2025-2026,17,HOCKLEY COUNTY,Grade 3,318
2025-2026,17,HOCKLEY COUNTY,Grade 4,318
2025-2026,17,HOCKLEY COUNTY,Grade 5,300
2025-2026,17,HOCKLEY COUNTY,Grade 6,316
2025-2026,17,HOCKLEY COUNTY,Grade 7,314
2025-2026,17,HOCKLEY COUNTY,Grade 8,313
2025-2026,17,HOCKLEY COUNTY,Grade 9,342
2025-2026,17,HOCKLEY COUNTY,Grade 10,322
2025-2026,17,HOCKLEY COUNTY,Grade 11,343
2025-2026,17,HOCKLEY COUNTY,Grade 12,356
2025-2026,11,HOOD COUNTY,Early Education,55
2025-2026,11,HOOD COUNTY,Pre-kindergarten,347
2025-2026,11,HOOD COUNTY,Kindergarten,609
2025-2026,11,HOOD COUNTY,Grade 1,641
2025-2026,11,HOOD COUNTY,Grade 2,611
2025-2026,11,HOOD COUNTY,Grade 3,691
2025-2026,11,HOOD COUNTY,Grade 4,787
2025-2026,11,HOOD COUNTY,Grade 5,718
2025-2026,11,HOOD COUNTY,Grade 6,705
2025-2026,11,HOOD COUNTY,Grade 7,776
2025-2026,11,HOOD COUNTY,Grade 8,645
2025-2026,11,HOOD COUNTY,Grade 9,787
2025-2026,11,HOOD COUNTY,Grade 10,671
2025-2026,11,HOOD COUNTY,Grade 11,652
2025-2026,11,HOOD COUNTY,Grade 12,619
2025-2026,8,HOPKINS COUNTY,Early Education,4
2025-2026,8,HOPKINS COUNTY,Pre-kindergarten,375
2025-2026,8,HOPKINS COUNTY,Kindergarten,442
2025-2026,8,HOPKINS COUNTY,Grade 1,452
2025-2026,8,HOPKINS COUNTY,Grade 2,430
2025-2026,8,HOPKINS COUNTY,Grade 3,482
2025-2026,8,HOPKINS COUNTY,Grade 4,468
2025-2026,8,HOPKINS COUNTY,Grade 5,477
2025-2026,8,HOPKINS COUNTY,Grade 6,479
2025-2026,8,HOPKINS COUNTY,Grade 7,463
2025-2026,8,HOPKINS COUNTY,Grade 8,496
2025-2026,8,HOPKINS COUNTY,Grade 9,508
2025-2026,8,HOPKINS COUNTY,Grade 10,501
2025-2026,8,HOPKINS COUNTY,Grade 11,492
2025-2026,8,HOPKINS COUNTY,Grade 12,495
2025-2026,6,HOUSTON COUNTY,Early Education,26
2025-2026,6,HOUSTON COUNTY,Pre-kindergarten,202
2025-2026,6,HOUSTON COUNTY,Kindergarten,186
2025-2026,6,HOUSTON COUNTY,Grade 1,207
2025-2026,6,HOUSTON COUNTY,Grade 2,196
2025-2026,6,HOUSTON COUNTY,Grade 3,228
2025-2026,6,HOUSTON COUNTY,Grade 4,237
2025-2026,6,HOUSTON COUNTY,Grade 5,207
2025-2026,6,HOUSTON COUNTY,Grade 6,204
2025-2026,6,HOUSTON COUNTY,Grade 7,216
2025-2026,6,HOUSTON COUNTY,Grade 8,213
2025-2026,6,HOUSTON COUNTY,Grade 9,229
2025-2026,6,HOUSTON COUNTY,Grade 10,225
2025-2026,6,HOUSTON COUNTY,Grade 11,231
2025-2026,6,HOUSTON COUNTY,Grade 12,227
2025-2026,18,HOWARD COUNTY,Early Education,42
2025-2026,18,HOWARD COUNTY,Pre-kindergarten,109
2025-2026,18,HOWARD COUNTY,Kindergarten,397
2025-2026,18,HOWARD COUNTY,Grade 1,424
2025-2026,18,HOWARD COUNTY,Grade 2,397
2025-2026,18,HOWARD COUNTY,Grade 3,391
2025-2026,18,HOWARD COUNTY,Grade 4,399
2025-2026,18,HOWARD COUNTY,Grade 5,339
2025-2026,18,HOWARD COUNTY,Grade 6,411
2025-2026,18,HOWARD COUNTY,Grade 7,374
2025-2026,18,HOWARD COUNTY,Grade 8,378
2025-2026,18,HOWARD COUNTY,Grade 9,381
2025-2026,18,HOWARD COUNTY,Grade 10,354
2025-2026,18,HOWARD COUNTY,Grade 11,342
2025-2026,18,HOWARD COUNTY,Grade 12,335
2025-2026,19,HUDSPETH COUNTY,Early Education,3
2025-2026,19,HUDSPETH COUNTY,Pre-kindergarten,14
2025-2026,19,HUDSPETH COUNTY,Kindergarten,44
2025-2026,19,HUDSPETH COUNTY,Grade 1,55
2025-2026,19,HUDSPETH COUNTY,Grade 2,38
2025-2026,19,HUDSPETH COUNTY,Grade 3,35
2025-2026,19,HUDSPETH COUNTY,Grade 4,49
2025-2026,19,HUDSPETH COUNTY,Grade 5,46
2025-2026,19,HUDSPETH COUNTY,Grade 6,39
2025-2026,19,HUDSPETH COUNTY,Grade 7,39
2025-2026,19,HUDSPETH COUNTY,Grade 8,39
2025-2026,19,HUDSPETH COUNTY,Grade 9,45
2025-2026,19,HUDSPETH COUNTY,Grade 10,44
2025-2026,19,HUDSPETH COUNTY,Grade 11,43
2025-2026,19,HUDSPETH COUNTY,Grade 12,32
2025-2026,10,HUNT COUNTY,Early Education,62
2025-2026,10,HUNT COUNTY,Pre-kindergarten,856
2025-2026,10,HUNT COUNTY,Kindergarten,1227
2025-2026,10,HUNT COUNTY,Grade 1,1272
2025-2026,10,HUNT COUNTY,Grade 2,1219
2025-2026,10,HUNT COUNTY,Grade 3,1324
2025-2026,10,HUNT COUNTY,Grade 4,1291
2025-2026,10,HUNT COUNTY,Grade 5,1240
2025-2026,10,HUNT COUNTY,Grade 6,1279
2025-2026,10,HUNT COUNTY,Grade 7,1246
2025-2026,10,HUNT COUNTY,Grade 8,1198
2025-2026,10,HUNT COUNTY,Grade 9,1364
2025-2026,10,HUNT COUNTY,Grade 10,1204
2025-2026,10,HUNT COUNTY,Grade 11,1195
2025-2026,10,HUNT COUNTY,Grade 12,1181
2025-2026,16,HUTCHINSON COUNTY,Early Education,7
2025-2026,16,HUTCHINSON COUNTY,Pre-kindergarten,187
2025-2026,16,HUTCHINSON COUNTY,Kindergarten,233
2025-2026,16,HUTCHINSON COUNTY,Grade 1,191
2025-2026,16,HUTCHINSON COUNTY,Grade 2,198
2025-2026,16,HUTCHINSON COUNTY,Grade 3,235
2025-2026,16,HUTCHINSON COUNTY,Grade 4,258
2025-2026,16,HUTCHINSON COUNTY,Grade 5,255
2025-2026,16,HUTCHINSON COUNTY,Grade 6,266
2025-2026,16,HUTCHINSON COUNTY,Grade 7,268
2025-2026,16,HUTCHINSON COUNTY,Grade 8,287
2025-2026,16,HUTCHINSON COUNTY,Grade 9,233
2025-2026,16,HUTCHINSON COUNTY,Grade 10,258
2025-2026,16,HUTCHINSON COUNTY,Grade 11,271
2025-2026,16,HUTCHINSON COUNTY,Grade 12,249
2025-2026,15,IRION COUNTY,Early Education,1
2025-2026,15,IRION COUNTY,Pre-kindergarten,39
2025-2026,15,IRION COUNTY,Kindergarten,17
2025-2026,15,IRION COUNTY,Grade 1,18
2025-2026,15,IRION COUNTY,Grade 2,22
2025-2026,15,IRION COUNTY,Grade 3,19
2025-2026,15,IRION COUNTY,Grade 4,20
2025-2026,15,IRION COUNTY,Grade 5,19
2025-2026,15,IRION COUNTY,Grade 6,27
2025-2026,15,IRION COUNTY,Grade 7,18
2025-2026,15,IRION COUNTY,Grade 8,21
2025-2026,15,IRION COUNTY,Grade 9,24
2025-2026,15,IRION COUNTY,Grade 10,25
2025-2026,15,IRION COUNTY,Grade 11,18
2025-2026,15,IRION COUNTY,Grade 12,19
2025-2026,9,JACK COUNTY,Early Education,5
2025-2026,9,JACK COUNTY,Pre-kindergarten,53
2025-2026,9,JACK COUNTY,Kindergarten,113
2025-2026,9,JACK COUNTY,Grade 1,87
2025-2026,9,JACK COUNTY,Grade 2,109
2025-2026,9,JACK COUNTY,Grade 3,119
2025-2026,9,JACK COUNTY,Grade 4,101
2025-2026,9,JACK COUNTY,Grade 5,132
2025-2026,9,JACK COUNTY,Grade 6,114
2025-2026,9,JACK COUNTY,Grade 7,130
2025-2026,9,JACK COUNTY,Grade 8,143
2025-2026,9,JACK COUNTY,Grade 9,148
2025-2026,9,JACK COUNTY,Grade 10,114
2025-2026,9,JACK COUNTY,Grade 11,125
2025-2026,9,JACK COUNTY,Grade 12,112
2025-2026,3,JACKSON COUNTY,Early Education,24
2025-2026,3,JACKSON COUNTY,Pre-kindergarten,170
2025-2026,3,JACKSON COUNTY,Kindergarten,233
2025-2026,3,JACKSON COUNTY,Grade 1,265
2025-2026,3,JACKSON COUNTY,Grade 2,239
2025-2026,3,JACKSON COUNTY,Grade 3,262
2025-2026,3,JACKSON COUNTY,Grade 4,241
2025-2026,3,JACKSON COUNTY,Grade 5,241
2025-2026,3,JACKSON COUNTY,Grade 6,249
2025-2026,3,JACKSON COUNTY,Grade 7,265
2025-2026,3,JACKSON COUNTY,Grade 8,235
2025-2026,3,JACKSON COUNTY,Grade 9,239
2025-2026,3,JACKSON COUNTY,Grade 10,283
2025-2026,3,JACKSON COUNTY,Grade 11,241
2025-2026,3,JACKSON COUNTY,Grade 12,252
2025-2026,5,JASPER COUNTY,Early Education,24
2025-2026,5,JASPER COUNTY,Pre-kindergarten,238
2025-2026,5,JASPER COUNTY,Kindergarten,403
2025-2026,5,JASPER COUNTY,Grade 1,415
2025-2026,5,JASPER COUNTY,Grade 2,429
2025-2026,5,JASPER COUNTY,Grade 3,403
2025-2026,5,JASPER COUNTY,Grade 4,468
2025-2026,5,JASPER COUNTY,Grade 5,420
2025-2026,5,JASPER COUNTY,Grade 6,376
2025-2026,5,JASPER COUNTY,Grade 7,435
2025-2026,5,JASPER COUNTY,Grade 8,423
2025-2026,5,JASPER COUNTY,Grade 9,412
2025-2026,5,JASPER COUNTY,Grade 10,452
2025-2026,5,JASPER COUNTY,Grade 11,387
2025-2026,5,JASPER COUNTY,Grade 12,381
2025-2026,18,JEFF DAVIS COUNTY,Pre-kindergarten,251
2025-2026,18,JEFF DAVIS COUNTY,Kindergarten,167
2025-2026,18,JEFF DAVIS COUNTY,Grade 1,164
2025-2026,18,JEFF DAVIS COUNTY,Grade 2,136
2025-2026,18,JEFF DAVIS COUNTY,Grade 3,10
2025-2026,18,JEFF DAVIS COUNTY,Grade 4,12
2025-2026,18,JEFF DAVIS COUNTY,Grade 5,13
2025-2026,18,JEFF DAVIS COUNTY,Grade 6,9
2025-2026,18,JEFF DAVIS COUNTY,Grade 7,9
2025-2026,18,JEFF DAVIS COUNTY,Grade 8,17
2025-2026,18,JEFF DAVIS COUNTY,Grade 9,16
2025-2026,18,JEFF DAVIS COUNTY,Grade 10,15
2025-2026,18,JEFF DAVIS COUNTY,Grade 11,13
2025-2026,18,JEFF DAVIS COUNTY,Grade 12,14
2025-2026,5,JEFFERSON COUNTY,Early Education,435
2025-2026,4,JEFFERSON COUNTY,Pre-kindergarten,110
2025-2026,5,JEFFERSON COUNTY,Pre-kindergarten,2287
2025-2026,4,JEFFERSON COUNTY,Kindergarten,56
2025-2026,5,JEFFERSON COUNTY,Kindergarten,2826
2025-2026,4,JEFFERSON COUNTY,Grade 1,40
2025-2026,5,JEFFERSON COUNTY,Grade 1,2896
2025-2026,4,JEFFERSON COUNTY,Grade 2,35
2025-2026,5,JEFFERSON COUNTY,Grade 2,3012
2025-2026,4,JEFFERSON COUNTY,Grade 3,23
2025-2026,5,JEFFERSON COUNTY,Grade 3,2869
2025-2026,4,JEFFERSON COUNTY,Grade 4,20
2025-2026,5,JEFFERSON COUNTY,Grade 4,3055
2025-2026,4,JEFFERSON COUNTY,Grade 5,25
2025-2026,5,JEFFERSON COUNTY,Grade 5,3000
2025-2026,4,JEFFERSON COUNTY,Grade 6,20
2025-2026,5,JEFFERSON COUNTY,Grade 6,2812
2025-2026,4,JEFFERSON COUNTY,Grade 7,18
2025-2026,5,JEFFERSON COUNTY,Grade 7,2882
2025-2026,4,JEFFERSON COUNTY,Grade 8,10
2025-2026,5,JEFFERSON COUNTY,Grade 8,2722
2025-2026,4,JEFFERSON COUNTY,Grade 9,13
2025-2026,5,JEFFERSON COUNTY,Grade 9,2976
2025-2026,4,JEFFERSON COUNTY,Grade 10,9
2025-2026,5,JEFFERSON COUNTY,Grade 10,2872
2025-2026,4,JEFFERSON COUNTY,Grade 11,8
2025-2026,5,JEFFERSON COUNTY,Grade 11,2676
2025-2026,4,JEFFERSON COUNTY,Grade 12,8
2025-2026,5,JEFFERSON COUNTY,Grade 12,2600
2025-2026,1,JIM HOGG COUNTY,Early Education,7
2025-2026,1,JIM HOGG COUNTY,Pre-kindergarten,34
2025-2026,1,JIM HOGG COUNTY,Kindergarten,59
2025-2026,1,JIM HOGG COUNTY,Grade 1,55
2025-2026,1,JIM HOGG COUNTY,Grade 2,61
2025-2026,1,JIM HOGG COUNTY,Grade 3,66
2025-2026,1,JIM HOGG COUNTY,Grade 4,69
2025-2026,1,JIM HOGG COUNTY,Grade 5,63
2025-2026,1,JIM HOGG COUNTY,Grade 6,79
2025-2026,1,JIM HOGG COUNTY,Grade 7,69
2025-2026,1,JIM HOGG COUNTY,Grade 8,78
2025-2026,1,JIM HOGG COUNTY,Grade 9,78
2025-2026,1,JIM HOGG COUNTY,Grade 10,64
2025-2026,1,JIM HOGG COUNTY,Grade 11,80
2025-2026,1,JIM HOGG COUNTY,Grade 12,68
2025-2026,2,JIM WELLS COUNTY,Early Education,26
2025-2026,2,JIM WELLS COUNTY,Pre-kindergarten,377
2025-2026,2,JIM WELLS COUNTY,Kindergarten,493
2025-2026,2,JIM WELLS COUNTY,Grade 1,486
2025-2026,2,JIM WELLS COUNTY,Grade 2,522
2025-2026,2,JIM WELLS COUNTY,Grade 3,486
2025-2026,2,JIM WELLS COUNTY,Grade 4,550
2025-2026,2,JIM WELLS COUNTY,Grade 5,571
2025-2026,2,JIM WELLS COUNTY,Grade 6,555
2025-2026,2,JIM WELLS COUNTY,Grade 7,547
2025-2026,2,JIM WELLS COUNTY,Grade 8,501
2025-2026,2,JIM WELLS COUNTY,Grade 9,623
2025-2026,2,JIM WELLS COUNTY,Grade 10,487
2025-2026,2,JIM WELLS COUNTY,Grade 11,464
2025-2026,2,JIM WELLS COUNTY,Grade 12,425
2025-2026,11,JOHNSON COUNTY,Early Education,174
2025-2026,11,JOHNSON COUNTY,Pre-kindergarten,1257
2025-2026,11,JOHNSON COUNTY,Kindergarten,2477
2025-2026,11,JOHNSON COUNTY,Grade 1,2669
2025-2026,11,JOHNSON COUNTY,Grade 2,2680
2025-2026,11,JOHNSON COUNTY,Grade 3,2815
2025-2026,11,JOHNSON COUNTY,Grade 4,2847
2025-2026,11,JOHNSON COUNTY,Grade 5,2890
2025-2026,11,JOHNSON COUNTY,Grade 6,2879
2025-2026,11,JOHNSON COUNTY,Grade 7,2920
2025-2026,11,JOHNSON COUNTY,Grade 8,2983
2025-2026,11,JOHNSON COUNTY,Grade 9,3142
2025-2026,11,JOHNSON COUNTY,Grade 10,2916
2025-2026,11,JOHNSON COUNTY,Grade 11,2890
2025-2026,11,JOHNSON COUNTY,Grade 12,2721
2025-2026,14,JONES COUNTY,Early Education,16
2025-2026,14,JONES COUNTY,Pre-kindergarten,163
2025-2026,14,JONES COUNTY,Kindergarten,161
2025-2026,14,JONES COUNTY,Grade 1,180
2025-2026,14,JONES COUNTY,Grade 2,179
2025-2026,14,JONES COUNTY,Grade 3,176
2025-2026,14,JONES COUNTY,Grade 4,198
2025-2026,14,JONES COUNTY,Grade 5,178
2025-2026,14,JONES COUNTY,Grade 6,171
2025-2026,14,JONES COUNTY,Grade 7,212
2025-2026,14,JONES COUNTY,Grade 8,178
2025-2026,14,JONES COUNTY,Grade 9,155
2025-2026,14,JONES COUNTY,Grade 10,204
2025-2026,14,JONES COUNTY,Grade 11,177
2025-2026,14,JONES COUNTY,Grade 12,174
2025-2026,3,KARNES COUNTY,Early Education,3
2025-2026,20,KARNES COUNTY,Early Education,4
2025-2026,3,KARNES COUNTY,Pre-kindergarten,63
2025-2026,20,KARNES COUNTY,Pre-kindergarten,81
2025-2026,3,KARNES COUNTY,Kindergarten,62
2025-2026,20,KARNES COUNTY,Kindergarten,101
2025-2026,3,KARNES COUNTY,Grade 1,69
2025-2026,20,KARNES COUNTY,Grade 1,95
2025-2026,3,KARNES COUNTY,Grade 2,60
2025-2026,20,KARNES COUNTY,Grade 2,97
2025-2026,3,KARNES COUNTY,Grade 3,77
2025-2026,20,KARNES COUNTY,Grade 3,95
2025-2026,3,KARNES COUNTY,Grade 4,68
2025-2026,20,KARNES COUNTY,Grade 4,109
2025-2026,3,KARNES COUNTY,Grade 5,63
2025-2026,20,KARNES COUNTY,Grade 5,89
2025-2026,3,KARNES COUNTY,Grade 6,78
2025-2026,20,KARNES COUNTY,Grade 6,107
2025-2026,3,KARNES COUNTY,Grade 7,58
2025-2026,20,KARNES COUNTY,Grade 7,88
2025-2026,3,KARNES COUNTY,Grade 8,59
2025-2026,20,KARNES COUNTY,Grade 8,113
2025-2026,3,KARNES COUNTY,Grade 9,62
2025-2026,20,KARNES COUNTY,Grade 9,114
2025-2026,3,KARNES COUNTY,Grade 10,58
2025-2026,20,KARNES COUNTY,Grade 10,83
2025-2026,3,KARNES COUNTY,Grade 11,64
2025-2026,20,KARNES COUNTY,Grade 11,92
2025-2026,3,KARNES COUNTY,Grade 12,62
2025-2026,20,KARNES COUNTY,Grade 12,115
2025-2026,10,KAUFMAN COUNTY,Early Education,304
2025-2026,10,KAUFMAN COUNTY,Pre-kindergarten,1735
2025-2026,10,KAUFMAN COUNTY,Kindergarten,3059
2025-2026,10,KAUFMAN COUNTY,Grade 1,3055
2025-2026,10,KAUFMAN COUNTY,Grade 2,3108
2025-2026,10,KAUFMAN COUNTY,Grade 3,3183
2025-2026,10,KAUFMAN COUNTY,Grade 4,3301
2025-2026,10,KAUFMAN COUNTY,Grade 5,3282
2025-2026,10,KAUFMAN COUNTY,Grade 6,3352
2025-2026,10,KAUFMAN COUNTY,Grade 7,3331
2025-2026,10,KAUFMAN COUNTY,Grade 8,3250
2025-2026,10,KAUFMAN COUNTY,Grade 9,3402
2025-2026,10,KAUFMAN COUNTY,Grade 10,3354
2025-2026,10,KAUFMAN COUNTY,Grade 11,3139
2025-2026,10,KAUFMAN COUNTY,Grade 12,2897
2025-2026,20,KENDALL COUNTY,Early Education,74
2025-2026,20,KENDALL COUNTY,Pre-kindergarten,267
2025-2026,20,KENDALL COUNTY,Kindergarten,701
2025-2026,20,KENDALL COUNTY,Grade 1,769
2025-2026,20,KENDALL COUNTY,Grade 2,835
2025-2026,20,KENDALL COUNTY,Grade 3,908
2025-2026,20,KENDALL COUNTY,Grade 4,954
2025-2026,20,KENDALL COUNTY,Grade 5,910
2025-2026,20,KENDALL COUNTY,Grade 6,976
2025-2026,20,KENDALL COUNTY,Grade 7,898
2025-2026,20,KENDALL COUNTY,Grade 8,1033
2025-2026,20,KENDALL COUNTY,Grade 9,946
2025-2026,20,KENDALL COUNTY,Grade 10,992
2025-2026,20,KENDALL COUNTY,Grade 11,1033
2025-2026,20,KENDALL COUNTY,Grade 12,936
2025-2026,2,KENEDY COUNTY,Pre-kindergarten,42
2025-2026,2,KENEDY COUNTY,Kindergarten,16
2025-2026,2,KENEDY COUNTY,Grade 1,14
2025-2026,2,KENEDY COUNTY,Grade 2,11
2025-2026,2,KENEDY COUNTY,Grade 3,14
2025-2026,2,KENEDY COUNTY,Grade 4,11
2025-2026,2,KENEDY COUNTY,Grade 5,8
2025-2026,2,KENEDY COUNTY,Grade 6,7
2025-2026,17,KENT COUNTY,Pre-kindergarten,8
2025-2026,17,KENT COUNTY,Kindergarten,8
2025-2026,17,KENT COUNTY,Grade 1,9
2025-2026,17,KENT COUNTY,Grade 2,13
2025-2026,17,KENT COUNTY,Grade 3,14
2025-2026,17,KENT COUNTY,Grade 4,11
2025-2026,17,KENT COUNTY,Grade 5,15
2025-2026,17,KENT COUNTY,Grade 6,19
2025-2026,17,KENT COUNTY,Grade 7,18
2025-2026,17,KENT COUNTY,Grade 8,13
2025-2026,17,KENT COUNTY,Grade 9,17
2025-2026,17,KENT COUNTY,Grade 10,14
2025-2026,17,KENT COUNTY,Grade 11,13
2025-2026,17,KENT COUNTY,Grade 12,15
2025-2026,20,KERR COUNTY,Early Education,20
2025-2026,15,KERR COUNTY,Pre-kindergarten,11
2025-2026,20,KERR COUNTY,Pre-kindergarten,288
2025-2026,15,KERR COUNTY,Kindergarten,3
2025-2026,20,KERR COUNTY,Kindergarten,413
2025-2026,15,KERR COUNTY,Grade 1,7
2025-2026,20,KERR COUNTY,Grade 1,467
2025-2026,15,KERR COUNTY,Grade 2,5
2025-2026,20,KERR COUNTY,Grade 2,480
2025-2026,15,KERR COUNTY,Grade 3,4
2025-2026,20,KERR COUNTY,Grade 3,493
2025-2026,15,KERR COUNTY,Grade 4,3
2025-2026,20,KERR COUNTY,Grade 4,481
2025-2026,15,KERR COUNTY,Grade 5,3
2025-2026,20,KERR COUNTY,Grade 5,515
2025-2026,15,KERR COUNTY,Grade 6,5
2025-2026,20,KERR COUNTY,Grade 6,473
2025-2026,20,KERR COUNTY,Grade 7,485
2025-2026,20,KERR COUNTY,Grade 8,464
2025-2026,20,KERR COUNTY,Grade 9,506
2025-2026,20,KERR COUNTY,Grade 10,526
2025-2026,20,KERR COUNTY,Grade 11,428
2025-2026,20,KERR COUNTY,Grade 12,437
2025-2026,15,KIMBLE COUNTY,Pre-kindergarten,27
2025-2026,15,KIMBLE COUNTY,Kindergarten,38
2025-2026,15,KIMBLE COUNTY,Grade 1,36
2025-2026,15,KIMBLE COUNTY,Grade 2,36
2025-2026,15,KIMBLE COUNTY,Grade 3,41
2025-2026,15,KIMBLE COUNTY,Grade 4,38
2025-2026,15,KIMBLE COUNTY,Grade 5,47
2025-2026,15,KIMBLE COUNTY,Grade 6,50
2025-2026,15,KIMBLE COUNTY,Grade 7,42
2025-2026,15,KIMBLE COUNTY,Grade 8,35
2025-2026,15,KIMBLE COUNTY,Grade 9,38
2025-2026,15,KIMBLE COUNTY,Grade 10,32
2025-2026,15,KIMBLE COUNTY,Grade 11,45
2025-2026,15,KIMBLE COUNTY,Grade 12,47
2025-2026,17,KING COUNTY,Pre-kindergarten,3
2025-2026,17,KING COUNTY,Kindergarten,3
2025-2026,17,KING COUNTY,Grade 1,4
2025-2026,17,KING COUNTY,Grade 2,5
2025-2026,17,KING COUNTY,Grade 3,9
2025-2026,17,KING COUNTY,Grade 4,9
2025-2026,17,KING COUNTY,Grade 5,12
2025-2026,17,KING COUNTY,Grade 6,6
2025-2026,17,KING COUNTY,Grade 7,6
2025-2026,17,KING COUNTY,Grade 8,6
2025-2026,17,KING COUNTY,Grade 9,15
2025-2026,17,KING COUNTY,Grade 10,3
2025-2026,17,KING COUNTY,Grade 11,13
2025-2026,17,KING COUNTY,Grade 12,8
2025-2026,20,KINNEY COUNTY,Early Education,5
2025-2026,20,KINNEY COUNTY,Pre-kindergarten,20
2025-2026,20,KINNEY COUNTY,Kindergarten,25
2025-2026,20,KINNEY COUNTY,Grade 1,36
2025-2026,20,KINNEY COUNTY,Grade 2,37
2025-2026,20,KINNEY COUNTY,Grade 3,28
2025-2026,20,KINNEY COUNTY,Grade 4,38
2025-2026,20,KINNEY COUNTY,Grade 5,37
2025-2026,20,KINNEY COUNTY,Grade 6,37
2025-2026,20,KINNEY COUNTY,Grade 7,38
2025-2026,20,KINNEY COUNTY,Grade 8,37
2025-2026,20,KINNEY COUNTY,Grade 9,32
2025-2026,20,KINNEY COUNTY,Grade 10,37
2025-2026,20,KINNEY COUNTY,Grade 11,40
2025-2026,20,KINNEY COUNTY,Grade 12,45
2025-2026,2,KLEBERG COUNTY,Early Education,12
2025-2026,2,KLEBERG COUNTY,Pre-kindergarten,182
2025-2026,2,KLEBERG COUNTY,Kindergarten,246
2025-2026,2,KLEBERG COUNTY,Grade 1,284
2025-2026,2,KLEBERG COUNTY,Grade 2,310
2025-2026,2,KLEBERG COUNTY,Grade 3,290
2025-2026,2,KLEBERG COUNTY,Grade 4,289
2025-2026,2,KLEBERG COUNTY,Grade 5,297
2025-2026,2,KLEBERG COUNTY,Grade 6,319
2025-2026,2,KLEBERG COUNTY,Grade 7,313
2025-2026,2,KLEBERG COUNTY,Grade 8,323
2025-2026,2,KLEBERG COUNTY,Grade 9,348
2025-2026,2,KLEBERG COUNTY,Grade 10,367
2025-2026,2,KLEBERG COUNTY,Grade 11,323
2025-2026,2,KLEBERG COUNTY,Grade 12,327
2025-2026,9,KNOX COUNTY,Early Education,16
2025-2026,9,KNOX COUNTY,Pre-kindergarten,46
2025-2026,9,KNOX COUNTY,Kindergarten,42
2025-2026,9,KNOX COUNTY,Grade 1,44
2025-2026,9,KNOX COUNTY,Grade 2,34
2025-2026,9,KNOX COUNTY,Grade 3,40
2025-2026,9,KNOX COUNTY,Grade 4,49
2025-2026,9,KNOX COUNTY,Grade 5,51
2025-2026,9,KNOX COUNTY,Grade 6,45
2025-2026,9,KNOX COUNTY,Grade 7,44
2025-2026,9,KNOX COUNTY,Grade 8,48
2025-2026,9,KNOX COUNTY,Grade 9,48
2025-2026,9,KNOX COUNTY,Grade 10,63
2025-2026,9,KNOX COUNTY,Grade 11,47
2025-2026,9,KNOX COUNTY,Grade 12,53
2025-2026,20,LA SALLE COUNTY,Early Education,8
2025-2026,20,LA SALLE COUNTY,Pre-kindergarten,64
2025-2026,20,LA SALLE COUNTY,Kindergarten,72
2025-2026,20,LA SALLE COUNTY,Grade 1,70
2025-2026,20,LA SALLE COUNTY,Grade 2,76
2025-2026,20,LA SALLE COUNTY,Grade 3,66
2025-2026,20,LA SALLE COUNTY,Grade 4,84
2025-2026,20,LA SALLE COUNTY,Grade 5,82
2025-2026,20,LA SALLE COUNTY,Grade 6,87
2025-2026,20,LA SALLE COUNTY,Grade 7,87
2025-2026,20,LA SALLE COUNTY,Grade 8,83
2025-2026,20,LA SALLE COUNTY,Grade 9,84
2025-2026,20,LA SALLE COUNTY,Grade 10,102
2025-2026,20,LA SALLE COUNTY,Grade 11,91
2025-2026,20,LA SALLE COUNTY,Grade 12,80
2025-2026,8,LAMAR COUNTY,Early Education,31
2025-2026,8,LAMAR COUNTY,Pre-kindergarten,520
2025-2026,8,LAMAR COUNTY,Kindergarten,553
2025-2026,8,LAMAR COUNTY,Grade 1,579
2025-2026,8,LAMAR COUNTY,Grade 2,592
2025-2026,8,LAMAR COUNTY,Grade 3,645
2025-2026,8,LAMAR COUNTY,Grade 4,595
2025-2026,8,LAMAR COUNTY,Grade 5,648
2025-2026,8,LAMAR COUNTY,Grade 6,670
2025-2026,8,LAMAR COUNTY,Grade 7,590
2025-2026,8,LAMAR COUNTY,Grade 8,634
2025-2026,8,LAMAR COUNTY,Grade 9,639
2025-2026,8,LAMAR COUNTY,Grade 10,587
2025-2026,8,LAMAR COUNTY,Grade 11,515
2025-2026,8,LAMAR COUNTY,Grade 12,532
2025-2026,17,LAMB COUNTY,Early Education,7
2025-2026,17,LAMB COUNTY,Pre-kindergarten,183
2025-2026,17,LAMB COUNTY,Kindergarten,148
2025-2026,17,LAMB COUNTY,Grade 1,167
2025-2026,17,LAMB COUNTY,Grade 2,156
2025-2026,17,LAMB COUNTY,Grade 3,178
2025-2026,17,LAMB COUNTY,Grade 4,186
2025-2026,17,LAMB COUNTY,Grade 5,184
2025-2026,17,LAMB COUNTY,Grade 6,159
2025-2026,17,LAMB COUNTY,Grade 7,190
2025-2026,17,LAMB COUNTY,Grade 8,202
2025-2026,17,LAMB COUNTY,Grade 9,180
2025-2026,17,LAMB COUNTY,Grade 10,212
2025-2026,17,LAMB COUNTY,Grade 11,203
2025-2026,17,LAMB COUNTY,Grade 12,195
2025-2026,12,LAMPASAS COUNTY,Early Education,26
2025-2026,12,LAMPASAS COUNTY,Pre-kindergarten,153
2025-2026,12,LAMPASAS COUNTY,Kindergarten,237
2025-2026,12,LAMPASAS COUNTY,Grade 1,256
2025-2026,12,LAMPASAS COUNTY,Grade 2,290
2025-2026,12,LAMPASAS COUNTY,Grade 3,305
2025-2026,12,LAMPASAS COUNTY,Grade 4,302
2025-2026,12,LAMPASAS COUNTY,Grade 5,289
2025-2026,12,LAMPASAS COUNTY,Grade 6,283
2025-2026,12,LAMPASAS COUNTY,Grade 7,276
2025-2026,12,LAMPASAS COUNTY,Grade 8,296
2025-2026,12,LAMPASAS COUNTY,Grade 9,313
2025-2026,12,LAMPASAS COUNTY,Grade 10,308
2025-2026,12,LAMPASAS COUNTY,Grade 11,301
2025-2026,12,LAMPASAS COUNTY,Grade 12,303
2025-2026,3,LAVACA COUNTY,Early Education,16
2025-2026,3,LAVACA COUNTY,Pre-kindergarten,122
2025-2026,3,LAVACA COUNTY,Kindergarten,158
2025-2026,3,LAVACA COUNTY,Grade 1,194
2025-2026,3,LAVACA COUNTY,Grade 2,166
2025-2026,3,LAVACA COUNTY,Grade 3,193
2025-2026,3,LAVACA COUNTY,Grade 4,191
2025-2026,3,LAVACA COUNTY,Grade 5,195
2025-2026,3,LAVACA COUNTY,Grade 6,183
2025-2026,3,LAVACA COUNTY,Grade 7,179
2025-2026,3,LAVACA COUNTY,Grade 8,178
2025-2026,3,LAVACA COUNTY,Grade 9,157
2025-2026,3,LAVACA COUNTY,Grade 10,176
2025-2026,3,LAVACA COUNTY,Grade 11,161
2025-2026,3,LAVACA COUNTY,Grade 12,179
2025-2026,13,LEE COUNTY,Early Education,28
2025-2026,13,LEE COUNTY,Pre-kindergarten,90
2025-2026,13,LEE COUNTY,Kindergarten,217
2025-2026,13,LEE COUNTY,Grade 1,177
2025-2026,13,LEE COUNTY,Grade 2,208
2025-2026,13,LEE COUNTY,Grade 3,205
2025-2026,13,LEE COUNTY,Grade 4,239
2025-2026,13,LEE COUNTY,Grade 5,222
2025-2026,13,LEE COUNTY,Grade 6,231
2025-2026,13,LEE COUNTY,Grade 7,247
2025-2026,13,LEE COUNTY,Grade 8,202
2025-2026,13,LEE COUNTY,Grade 9,220
2025-2026,13,LEE COUNTY,Grade 10,249
2025-2026,13,LEE COUNTY,Grade 11,247
2025-2026,13,LEE COUNTY,Grade 12,222
2025-2026,6,LEON COUNTY,Early Education,7
2025-2026,6,LEON COUNTY,Pre-kindergarten,230
2025-2026,6,LEON COUNTY,Kindergarten,207
2025-2026,6,LEON COUNTY,Grade 1,221
2025-2026,6,LEON COUNTY,Grade 2,231
2025-2026,6,LEON COUNTY,Grade 3,214
2025-2026,6,LEON COUNTY,Grade 4,244
2025-2026,6,LEON COUNTY,Grade 5,247
2025-2026,6,LEON COUNTY,Grade 6,217
2025-2026,6,LEON COUNTY,Grade 7,244
2025-2026,6,LEON COUNTY,Grade 8,268
2025-2026,6,LEON COUNTY,Grade 9,235
2025-2026,6,LEON COUNTY,Grade 10,253
2025-2026,6,LEON COUNTY,Grade 11,213
2025-2026,6,LEON COUNTY,Grade 12,228
2025-2026,4,LIBERTY COUNTY,Early Education,120
2025-2026,5,LIBERTY COUNTY,Early Education,21
2025-2026,4,LIBERTY COUNTY,Pre-kindergarten,926
2025-2026,5,LIBERTY COUNTY,Pre-kindergarten,197
2025-2026,4,LIBERTY COUNTY,Kindergarten,1358
2025-2026,5,LIBERTY COUNTY,Kindergarten,281
2025-2026,4,LIBERTY COUNTY,Grade 1,1423
2025-2026,5,LIBERTY COUNTY,Grade 1,276
2025-2026,4,LIBERTY COUNTY,Grade 2,1395
2025-2026,5,LIBERTY COUNTY,Grade 2,313
2025-2026,4,LIBERTY COUNTY,Grade 3,1473
2025-2026,5,LIBERTY COUNTY,Grade 3,305
2025-2026,4,LIBERTY COUNTY,Grade 4,1524
2025-2026,5,LIBERTY COUNTY,Grade 4,303
2025-2026,4,LIBERTY COUNTY,Grade 5,1556
2025-2026,5,LIBERTY COUNTY,Grade 5,301
2025-2026,4,LIBERTY COUNTY,Grade 6,1554
2025-2026,5,LIBERTY COUNTY,Grade 6,344
2025-2026,4,LIBERTY COUNTY,Grade 7,1479
2025-2026,5,LIBERTY COUNTY,Grade 7,340
2025-2026,4,LIBERTY COUNTY,Grade 8,1463
2025-2026,5,LIBERTY COUNTY,Grade 8,308
2025-2026,4,LIBERTY COUNTY,Grade 9,1574
2025-2026,5,LIBERTY COUNTY,Grade 9,342
2025-2026,4,LIBERTY COUNTY,Grade 10,1580
2025-2026,5,LIBERTY COUNTY,Grade 10,305
2025-2026,4,LIBERTY COUNTY,Grade 11,1550
2025-2026,5,LIBERTY COUNTY,Grade 11,287
2025-2026,4,LIBERTY COUNTY,Grade 12,1388
2025-2026,5,LIBERTY COUNTY,Grade 12,292
2025-2026,12,LIMESTONE COUNTY,Early Education,29
2025-2026,12,LIMESTONE COUNTY,Pre-kindergarten,133
2025-2026,12,LIMESTONE COUNTY,Kindergarten,234
2025-2026,12,LIMESTONE COUNTY,Grade 1,259
2025-2026,12,LIMESTONE COUNTY,Grade 2,243
2025-2026,12,LIMESTONE COUNTY,Grade 3,258
2025-2026,12,LIMESTONE COUNTY,Grade 4,268
2025-2026,12,LIMESTONE COUNTY,Grade 5,255
2025-2026,12,LIMESTONE COUNTY,Grade 6,273
2025-2026,12,LIMESTONE COUNTY,Grade 7,265
2025-2026,12,LIMESTONE COUNTY,Grade 8,258
2025-2026,12,LIMESTONE COUNTY,Grade 9,251
2025-2026,12,LIMESTONE COUNTY,Grade 10,291
2025-2026,12,LIMESTONE COUNTY,Grade 11,284
2025-2026,12,LIMESTONE COUNTY,Grade 12,260
2025-2026,16,LIPSCOMB COUNTY,Pre-kindergarten,38
2025-2026,16,LIPSCOMB COUNTY,Kindergarten,36
2025-2026,16,LIPSCOMB COUNTY,Grade 1,45
2025-2026,16,LIPSCOMB COUNTY,Grade 2,43
2025-2026,16,LIPSCOMB COUNTY,Grade 3,37
2025-2026,16,LIPSCOMB COUNTY,Grade 4,46
2025-2026,16,LIPSCOMB COUNTY,Grade 5,46
2025-2026,16,LIPSCOMB COUNTY,Grade 6,51
2025-2026,16,LIPSCOMB COUNTY,Grade 7,49
2025-2026,16,LIPSCOMB COUNTY,Grade 8,36
2025-2026,16,LIPSCOMB COUNTY,Grade 9,42
2025-2026,16,LIPSCOMB COUNTY,Grade 10,54
2025-2026,16,LIPSCOMB COUNTY,Grade 11,44
2025-2026,16,LIPSCOMB COUNTY,Grade 12,35
2025-2026,2,LIVE OAK COUNTY,Early Education,2
2025-2026,2,LIVE OAK COUNTY,Pre-kindergarten,73
2025-2026,2,LIVE OAK COUNTY,Kindergarten,111
2025-2026,2,LIVE OAK COUNTY,Grade 1,134
2025-2026,2,LIVE OAK COUNTY,Grade 2,110
2025-2026,2,LIVE OAK COUNTY,Grade 3,114
2025-2026,2,LIVE OAK COUNTY,Grade 4,139
2025-2026,2,LIVE OAK COUNTY,Grade 5,116
2025-2026,2,LIVE OAK COUNTY,Grade 6,106
2025-2026,2,LIVE OAK COUNTY,Grade 7,123
2025-2026,2,LIVE OAK COUNTY,Grade 8,115
2025-2026,2,LIVE OAK COUNTY,Grade 9,116
2025-2026,2,LIVE OAK COUNTY,Grade 10,117
2025-2026,2,LIVE OAK COUNTY,Grade 11,96
2025-2026,2,LIVE OAK COUNTY,Grade 12,106
2025-2026,13,LLANO COUNTY,Early Education,10
2025-2026,13,LLANO COUNTY,Pre-kindergarten,123
2025-2026,13,LLANO COUNTY,Kindergarten,147
2025-2026,13,LLANO COUNTY,Grade 1,139
2025-2026,13,LLANO COUNTY,Grade 2,142
2025-2026,13,LLANO COUNTY,Grade 3,149
2025-2026,13,LLANO COUNTY,Grade 4,153
2025-2026,13,LLANO COUNTY,Grade 5,173
2025-2026,13,LLANO COUNTY,Grade 6,153
2025-2026,13,LLANO COUNTY,Grade 7,152
2025-2026,13,LLANO COUNTY,Grade 8,139
2025-2026,13,LLANO COUNTY,Grade 9,167
2025-2026,13,LLANO COUNTY,Grade 10,129
2025-2026,13,LLANO COUNTY,Grade 11,119
2025-2026,13,LLANO COUNTY,Grade 12,122
2025-2026,17,LUBBOCK COUNTY,Early Education,267
2025-2026,17,LUBBOCK COUNTY,Pre-kindergarten,2212
2025-2026,17,LUBBOCK COUNTY,Kindergarten,3514
2025-2026,17,LUBBOCK COUNTY,Grade 1,3572
2025-2026,17,LUBBOCK COUNTY,Grade 2,3585
2025-2026,17,LUBBOCK COUNTY,Grade 3,3632
2025-2026,17,LUBBOCK COUNTY,Grade 4,3872
2025-2026,17,LUBBOCK COUNTY,Grade 5,3781
2025-2026,17,LUBBOCK COUNTY,Grade 6,3740
2025-2026,17,LUBBOCK COUNTY,Grade 7,3631
2025-2026,17,LUBBOCK COUNTY,Grade 8,3662
2025-2026,17,LUBBOCK COUNTY,Grade 9,3890
2025-2026,17,LUBBOCK COUNTY,Grade 10,3929
2025-2026,17,LUBBOCK COUNTY,Grade 11,3686
2025-2026,17,LUBBOCK COUNTY,Grade 12,3616
2025-2026,17,LYNN COUNTY,Early Education,3
2025-2026,17,LYNN COUNTY,Pre-kindergarten,69
2025-2026,17,LYNN COUNTY,Kindergarten,117
2025-2026,17,LYNN COUNTY,Grade 1,94
2025-2026,17,LYNN COUNTY,Grade 2,108
2025-2026,17,LYNN COUNTY,Grade 3,114
2025-2026,17,LYNN COUNTY,Grade 4,130
2025-2026,17,LYNN COUNTY,Grade 5,125
2025-2026,17,LYNN COUNTY,Grade 6,135
2025-2026,17,LYNN COUNTY,Grade 7,112
2025-2026,17,LYNN COUNTY,Grade 8,127
2025-2026,17,LYNN COUNTY,Grade 9,114
2025-2026,17,LYNN COUNTY,Grade 10,119
2025-2026,17,LYNN COUNTY,Grade 11,123
2025-2026,17,LYNN COUNTY,Grade 12,109
2025-2026,6,MADISON COUNTY,Early Education,13
2025-2026,6,MADISON COUNTY,Pre-kindergarten,167
2025-2026,6,MADISON COUNTY,Kindergarten,183
2025-2026,6,MADISON COUNTY,Grade 1,183
2025-2026,6,MADISON COUNTY,Grade 2,204
2025-2026,6,MADISON COUNTY,Grade 3,191
2025-2026,6,MADISON COUNTY,Grade 4,189
2025-2026,6,MADISON COUNTY,Grade 5,209
2025-2026,6,MADISON COUNTY,Grade 6,175
2025-2026,6,MADISON COUNTY,Grade 7,216
2025-2026,6,MADISON COUNTY,Grade 8,186
2025-2026,6,MADISON COUNTY,Grade 9,197
2025-2026,6,MADISON COUNTY,Grade 10,197
2025-2026,6,MADISON COUNTY,Grade 11,184
2025-2026,6,MADISON COUNTY,Grade 12,182
2025-2026,8,MARION COUNTY,Pre-kindergarten,93
2025-2026,8,MARION COUNTY,Kindergarten,66
2025-2026,8,MARION COUNTY,Grade 1,77
2025-2026,8,MARION COUNTY,Grade 2,66
2025-2026,8,MARION COUNTY,Grade 3,75
2025-2026,8,MARION COUNTY,Grade 4,62
2025-2026,8,MARION COUNTY,Grade 5,76
2025-2026,8,MARION COUNTY,Grade 6,70
2025-2026,8,MARION COUNTY,Grade 7,77
2025-2026,8,MARION COUNTY,Grade 8,83
2025-2026,8,MARION COUNTY,Grade 9,80
2025-2026,8,MARION COUNTY,Grade 10,91
2025-2026,8,MARION COUNTY,Grade 11,104
2025-2026,8,MARION COUNTY,Grade 12,85
2025-2026,18,MARTIN COUNTY,Early Education,7
2025-2026,18,MARTIN COUNTY,Pre-kindergarten,44
2025-2026,18,MARTIN COUNTY,Kindergarten,82
2025-2026,18,MARTIN COUNTY,Grade 1,82
2025-2026,18,MARTIN COUNTY,Grade 2,94
2025-2026,18,MARTIN COUNTY,Grade 3,91
2025-2026,18,MARTIN COUNTY,Grade 4,106
2025-2026,18,MARTIN COUNTY,Grade 5,99
2025-2026,18,MARTIN COUNTY,Grade 6,104
2025-2026,18,MARTIN COUNTY,Grade 7,111
2025-2026,18,MARTIN COUNTY,Grade 8,98
2025-2026,18,MARTIN COUNTY,Grade 9,102
2025-2026,18,MARTIN COUNTY,Grade 10,96
2025-2026,18,MARTIN COUNTY,Grade 11,110
2025-2026,18,MARTIN COUNTY,Grade 12,89
2025-2026,15,MASON COUNTY,Early Education,4
2025-2026,15,MASON COUNTY,Pre-kindergarten,38
2025-2026,15,MASON COUNTY,Kindergarten,31
2025-2026,15,MASON COUNTY,Grade 1,48
2025-2026,15,MASON COUNTY,Grade 2,50
2025-2026,15,MASON COUNTY,Grade 3,50
2025-2026,15,MASON COUNTY,Grade 4,50
2025-2026,15,MASON COUNTY,Grade 5,52
2025-2026,15,MASON COUNTY,Grade 6,55
2025-2026,15,MASON COUNTY,Grade 7,44
2025-2026,15,MASON COUNTY,Grade 8,62
2025-2026,15,MASON COUNTY,Grade 9,53
2025-2026,15,MASON COUNTY,Grade 10,39
2025-2026,15,MASON COUNTY,Grade 11,56
2025-2026,15,MASON COUNTY,Grade 12,46
2025-2026,3,MATAGORDA COUNTY,Early Education,31
2025-2026,3,MATAGORDA COUNTY,Pre-kindergarten,292
2025-2026,3,MATAGORDA COUNTY,Kindergarten,452
2025-2026,3,MATAGORDA COUNTY,Grade 1,490
2025-2026,3,MATAGORDA COUNTY,Grade 2,492
2025-2026,3,MATAGORDA COUNTY,Grade 3,484
2025-2026,3,MATAGORDA COUNTY,Grade 4,486
2025-2026,3,MATAGORDA COUNTY,Grade 5,466
2025-2026,3,MATAGORDA COUNTY,Grade 6,528
2025-2026,3,MATAGORDA COUNTY,Grade 7,492
2025-2026,3,MATAGORDA COUNTY,Grade 8,532
2025-2026,3,MATAGORDA COUNTY,Grade 9,511
2025-2026,3,MATAGORDA COUNTY,Grade 10,521
2025-2026,3,MATAGORDA COUNTY,Grade 11,505
2025-2026,3,MATAGORDA COUNTY,Grade 12,513
2025-2026,20,MAVERICK COUNTY,Early Education,84
2025-2026,20,MAVERICK COUNTY,Pre-kindergarten,534
2025-2026,20,MAVERICK COUNTY,Kindergarten,905
2025-2026,20,MAVERICK COUNTY,Grade 1,1006
2025-2026,20,MAVERICK COUNTY,Grade 2,913
2025-2026,20,MAVERICK COUNTY,Grade 3,980
2025-2026,20,MAVERICK COUNTY,Grade 4,1051
2025-2026,20,MAVERICK COUNTY,Grade 5,931
2025-2026,20,MAVERICK COUNTY,Grade 6,943
2025-2026,20,MAVERICK COUNTY,Grade 7,1049
2025-2026,20,MAVERICK COUNTY,Grade 8,1009
2025-2026,20,MAVERICK COUNTY,Grade 9,1042
2025-2026,20,MAVERICK COUNTY,Grade 10,1067
2025-2026,20,MAVERICK COUNTY,Grade 11,1002
2025-2026,20,MAVERICK COUNTY,Grade 12,934
2025-2026,15,MCCULLOCH COUNTY,Early Education,3
2025-2026,15,MCCULLOCH COUNTY,Pre-kindergarten,82
2025-2026,15,MCCULLOCH COUNTY,Kindergarten,74
2025-2026,15,MCCULLOCH COUNTY,Grade 1,88
2025-2026,15,MCCULLOCH COUNTY,Grade 2,80
2025-2026,15,MCCULLOCH COUNTY,Grade 3,76
2025-2026,15,MCCULLOCH COUNTY,Grade 4,77
2025-2026,15,MCCULLOCH COUNTY,Grade 5,85
2025-2026,15,MCCULLOCH COUNTY,Grade 6,70
2025-2026,15,MCCULLOCH COUNTY,Grade 7,81
2025-2026,15,MCCULLOCH COUNTY,Grade 8,96
2025-2026,15,MCCULLOCH COUNTY,Grade 9,80
2025-2026,15,MCCULLOCH COUNTY,Grade 10,73
2025-2026,15,MCCULLOCH COUNTY,Grade 11,76
2025-2026,15,MCCULLOCH COUNTY,Grade 12,93
2025-2026,12,MCLENNAN COUNTY,Early Education,120
2025-2026,12,MCLENNAN COUNTY,Pre-kindergarten,2159
2025-2026,12,MCLENNAN COUNTY,Kindergarten,3619
2025-2026,12,MCLENNAN COUNTY,Grade 1,3877
2025-2026,12,MCLENNAN COUNTY,Grade 2,3986
2025-2026,12,MCLENNAN COUNTY,Grade 3,3918
2025-2026,12,MCLENNAN COUNTY,Grade 4,4076
2025-2026,12,MCLENNAN COUNTY,Grade 5,4248
2025-2026,12,MCLENNAN COUNTY,Grade 6,4259
2025-2026,12,MCLENNAN COUNTY,Grade 7,4253
2025-2026,12,MCLENNAN COUNTY,Grade 8,4144
2025-2026,12,MCLENNAN COUNTY,Grade 9,4232
2025-2026,12,MCLENNAN COUNTY,Grade 10,3907
2025-2026,12,MCLENNAN COUNTY,Grade 11,3635
2025-2026,12,MCLENNAN COUNTY,Grade 12,3467
2025-2026,2,MCMULLEN COUNTY,Pre-kindergarten,14
2025-2026,2,MCMULLEN COUNTY,Kindergarten,20
2025-2026,2,MCMULLEN COUNTY,Grade 1,19
2025-2026,2,MCMULLEN COUNTY,Grade 2,20
2025-2026,2,MCMULLEN COUNTY,Grade 3,17
2025-2026,2,MCMULLEN COUNTY,Grade 4,23
2025-2026,2,MCMULLEN COUNTY,Grade 5,22
2025-2026,2,MCMULLEN COUNTY,Grade 6,16
2025-2026,2,MCMULLEN COUNTY,Grade 7,23
2025-2026,2,MCMULLEN COUNTY,Grade 8,22
2025-2026,2,MCMULLEN COUNTY,Grade 9,21
2025-2026,2,MCMULLEN COUNTY,Grade 10,25
2025-2026,2,MCMULLEN COUNTY,Grade 11,23
2025-2026,2,MCMULLEN COUNTY,Grade 12,21
2025-2026,20,MEDINA COUNTY,Early Education,120
2025-2026,20,MEDINA COUNTY,Pre-kindergarten,633
2025-2026,20,MEDINA COUNTY,Kindergarten,1112
2025-2026,20,MEDINA COUNTY,Grade 1,1069
2025-2026,20,MEDINA COUNTY,Grade 2,1186
2025-2026,20,MEDINA COUNTY,Grade 3,1195
2025-2026,20,MEDINA COUNTY,Grade 4,1221
2025-2026,20,MEDINA COUNTY,Grade 5,1221
2025-2026,20,MEDINA COUNTY,Grade 6,1276
2025-2026,20,MEDINA COUNTY,Grade 7,1153
2025-2026,20,MEDINA COUNTY,Grade 8,1198
2025-2026,20,MEDINA COUNTY,Grade 9,1203
2025-2026,20,MEDINA COUNTY,Grade 10,1151
2025-2026,20,MEDINA COUNTY,Grade 11,1056
2025-2026,20,MEDINA COUNTY,Grade 12,1010
2025-2026,15,MENARD COUNTY,Early Education,1
2025-2026,15,MENARD COUNTY,Pre-kindergarten,9
2025-2026,15,MENARD COUNTY,Kindergarten,21
2025-2026,15,MENARD COUNTY,Grade 1,25
2025-2026,15,MENARD COUNTY,Grade 2,19
2025-2026,15,MENARD COUNTY,Grade 3,13
2025-2026,15,MENARD COUNTY,Grade 4,21
2025-2026,15,MENARD COUNTY,Grade 5,14
2025-2026,15,MENARD COUNTY,Grade 6,17
2025-2026,15,MENARD COUNTY,Grade 7,15
2025-2026,15,MENARD COUNTY,Grade 8,20
2025-2026,15,MENARD COUNTY,Grade 9,10
2025-2026,15,MENARD COUNTY,Grade 10,21
2025-2026,15,MENARD COUNTY,Grade 11,22
2025-2026,15,MENARD COUNTY,Grade 12,22
2025-2026,18,MIDLAND COUNTY,Early Education,150
2025-2026,18,MIDLAND COUNTY,Pre-kindergarten,1346
2025-2026,18,MIDLAND COUNTY,Kindergarten,2346
2025-2026,18,MIDLAND COUNTY,Grade 1,2480
2025-2026,18,MIDLAND COUNTY,Grade 2,2457
2025-2026,18,MIDLAND COUNTY,Grade 3,2573
2025-2026,18,MIDLAND COUNTY,Grade 4,2656
2025-2026,18,MIDLAND COUNTY,Grade 5,2576
2025-2026,18,MIDLAND COUNTY,Grade 6,2605
2025-2026,18,MIDLAND COUNTY,Grade 7,2514
2025-2026,18,MIDLAND COUNTY,Grade 8,2435
2025-2026,18,MIDLAND COUNTY,Grade 9,2631
2025-2026,18,MIDLAND COUNTY,Grade 10,2419
2025-2026,18,MIDLAND COUNTY,Grade 11,2092
2025-2026,18,MIDLAND COUNTY,Grade 12,1861
2025-2026,6,MILAM COUNTY,Early Education,8
2025-2026,13,MILAM COUNTY,Early Education,3
2025-2026,6,MILAM COUNTY,Pre-kindergarten,230
2025-2026,12,MILAM COUNTY,Pre-kindergarten,7
2025-2026,13,MILAM COUNTY,Pre-kindergarten,22
2025-2026,6,MILAM COUNTY,Kindergarten,247
2025-2026,12,MILAM COUNTY,Kindergarten,6
2025-2026,13,MILAM COUNTY,Kindergarten,32
2025-2026,6,MILAM COUNTY,Grade 1,233
2025-2026,12,MILAM COUNTY,Grade 1,8
2025-2026,13,MILAM COUNTY,Grade 1,36
2025-2026,6,MILAM COUNTY,Grade 2,228
2025-2026,12,MILAM COUNTY,Grade 2,6
2025-2026,13,MILAM COUNTY,Grade 2,41
2025-2026,6,MILAM COUNTY,Grade 3,206
2025-2026,12,MILAM COUNTY,Grade 3,8
2025-2026,13,MILAM COUNTY,Grade 3,40
2025-2026,6,MILAM COUNTY,Grade 4,251
2025-2026,12,MILAM COUNTY,Grade 4,10
2025-2026,13,MILAM COUNTY,Grade 4,44
2025-2026,6,MILAM COUNTY,Grade 5,278
2025-2026,12,MILAM COUNTY,Grade 5,12
2025-2026,13,MILAM COUNTY,Grade 5,51
2025-2026,6,MILAM COUNTY,Grade 6,234
2025-2026,12,MILAM COUNTY,Grade 6,5
2025-2026,13,MILAM COUNTY,Grade 6,56
2025-2026,6,MILAM COUNTY,Grade 7,225
2025-2026,12,MILAM COUNTY,Grade 7,10
2025-2026,13,MILAM COUNTY,Grade 7,60
2025-2026,6,MILAM COUNTY,Grade 8,263
2025-2026,12,MILAM COUNTY,Grade 8,6
2025-2026,13,MILAM COUNTY,Grade 8,59
2025-2026,6,MILAM COUNTY,Grade 9,239
2025-2026,12,MILAM COUNTY,Grade 9,6
2025-2026,13,MILAM COUNTY,Grade 9,57
2025-2026,6,MILAM COUNTY,Grade 10,245
2025-2026,12,MILAM COUNTY,Grade 10,8
2025-2026,13,MILAM COUNTY,Grade 10,61
2025-2026,6,MILAM COUNTY,Grade 11,256
2025-2026,12,MILAM COUNTY,Grade 11,6
2025-2026,13,MILAM COUNTY,Grade 11,74
2025-2026,6,MILAM COUNTY,Grade 12,248
2025-2026,12,MILAM COUNTY,Grade 12,9
2025-2026,13,MILAM COUNTY,Grade 12,30
2025-2026,12,MILLS COUNTY,Early Education,1
2025-2026,12,MILLS COUNTY,Pre-kindergarten,33
2025-2026,12,MILLS COUNTY,Kindergarten,38
2025-2026,12,MILLS COUNTY,Grade 1,57
2025-2026,12,MILLS COUNTY,Grade 2,49
2025-2026,12,MILLS COUNTY,Grade 3,49
2025-2026,12,MILLS COUNTY,Grade 4,57
2025-2026,12,MILLS COUNTY,Grade 5,54
2025-2026,12,MILLS COUNTY,Grade 6,69
2025-2026,12,MILLS COUNTY,Grade 7,54
2025-2026,12,MILLS COUNTY,Grade 8,63
2025-2026,12,MILLS COUNTY,Grade 9,53
2025-2026,12,MILLS COUNTY,Grade 10,69
2025-2026,12,MILLS COUNTY,Grade 11,70
2025-2026,12,MILLS COUNTY,Grade 12,54
2025-2026,14,MITCHELL COUNTY,Early Education,27
2025-2026,14,MITCHELL COUNTY,Pre-kindergarten,106
2025-2026,14,MITCHELL COUNTY,Kindergarten,79
2025-2026,14,MITCHELL COUNTY,Grade 1,71
2025-2026,14,MITCHELL COUNTY,Grade 2,96
2025-2026,14,MITCHELL COUNTY,Grade 3,99
2025-2026,14,MITCHELL COUNTY,Grade 4,105
2025-2026,14,MITCHELL COUNTY,Grade 5,86
2025-2026,14,MITCHELL COUNTY,Grade 6,93
2025-2026,14,MITCHELL COUNTY,Grade 7,78
2025-2026,14,MITCHELL COUNTY,Grade 8,87
2025-2026,14,MITCHELL COUNTY,Grade 9,74
2025-2026,14,MITCHELL COUNTY,Grade 10,90
2025-2026,14,MITCHELL COUNTY,Grade 11,86
2025-2026,14,MITCHELL COUNTY,Grade 12,93
2025-2026,9,MONTAGUE COUNTY,Early Education,15
2025-2026,9,MONTAGUE COUNTY,Pre-kindergarten,190
2025-2026,9,MONTAGUE COUNTY,Kindergarten,214
2025-2026,9,MONTAGUE COUNTY,Grade 1,204
2025-2026,9,MONTAGUE COUNTY,Grade 2,201
2025-2026,9,MONTAGUE COUNTY,Grade 3,200
2025-2026,9,MONTAGUE COUNTY,Grade 4,254
2025-2026,9,MONTAGUE COUNTY,Grade 5,268
2025-2026,9,MONTAGUE COUNTY,Grade 6,231
2025-2026,9,MONTAGUE COUNTY,Grade 7,263
2025-2026,9,MONTAGUE COUNTY,Grade 8,216
2025-2026,9,MONTAGUE COUNTY,Grade 9,226
2025-2026,9,MONTAGUE COUNTY,Grade 10,231
2025-2026,9,MONTAGUE COUNTY,Grade 11,214
2025-2026,9,MONTAGUE COUNTY,Grade 12,231
2025-2026,6,MONTGOMERY COUNTY,Early Education,896
2025-2026,6,MONTGOMERY COUNTY,Pre-kindergarten,3812
2025-2026,6,MONTGOMERY COUNTY,Kindergarten,8348
2025-2026,6,MONTGOMERY COUNTY,Grade 1,9108
2025-2026,6,MONTGOMERY COUNTY,Grade 2,9348
2025-2026,6,MONTGOMERY COUNTY,Grade 3,9627
2025-2026,6,MONTGOMERY COUNTY,Grade 4,10140
2025-2026,6,MONTGOMERY COUNTY,Grade 5,10156
2025-2026,6,MONTGOMERY COUNTY,Grade 6,10198
2025-2026,6,MONTGOMERY COUNTY,Grade 7,10207
2025-2026,6,MONTGOMERY COUNTY,Grade 8,10247
2025-2026,6,MONTGOMERY COUNTY,Grade 9,10658
2025-2026,6,MONTGOMERY COUNTY,Grade 10,10641
2025-2026,6,MONTGOMERY COUNTY,Grade 11,10209
2025-2026,6,MONTGOMERY COUNTY,Grade 12,9636
2025-2026,16,MOORE COUNTY,Early Education,21
2025-2026,16,MOORE COUNTY,Pre-kindergarten,207
2025-2026,16,MOORE COUNTY,Kindergarten,331
2025-2026,16,MOORE COUNTY,Grade 1,371
2025-2026,16,MOORE COUNTY,Grade 2,374
2025-2026,16,MOORE COUNTY,Grade 3,328
2025-2026,16,MOORE COUNTY,Grade 4,404
2025-2026,16,MOORE COUNTY,Grade 5,376
2025-2026,16,MOORE COUNTY,Grade 6,355
2025-2026,16,MOORE COUNTY,Grade 7,344
2025-2026,16,MOORE COUNTY,Grade 8,325
2025-2026,16,MOORE COUNTY,Grade 9,344
2025-2026,16,MOORE COUNTY,Grade 10,357
2025-2026,16,MOORE COUNTY,Grade 11,361
2025-2026,16,MOORE COUNTY,Grade 12,297
2025-2026,8,MORRIS COUNTY,Early Education,20
2025-2026,8,MORRIS COUNTY,Pre-kindergarten,82
2025-2026,8,MORRIS COUNTY,Kindergarten,108
2025-2026,8,MORRIS COUNTY,Grade 1,138
2025-2026,8,MORRIS COUNTY,Grade 2,124
2025-2026,8,MORRIS COUNTY,Grade 3,114
2025-2026,8,MORRIS COUNTY,Grade 4,143
2025-2026,8,MORRIS COUNTY,Grade 5,130
2025-2026,8,MORRIS COUNTY,Grade 6,117
2025-2026,8,MORRIS COUNTY,Grade 7,120
2025-2026,8,MORRIS COUNTY,Grade 8,127
2025-2026,8,MORRIS COUNTY,Grade 9,126
2025-2026,8,MORRIS COUNTY,Grade 10,145
2025-2026,8,MORRIS COUNTY,Grade 11,148
2025-2026,8,MORRIS COUNTY,Grade 12,148
2025-2026,17,MOTLEY COUNTY,Pre-kindergarten,23
2025-2026,17,MOTLEY COUNTY,Kindergarten,12
2025-2026,17,MOTLEY COUNTY,Grade 1,13
2025-2026,17,MOTLEY COUNTY,Grade 2,16
2025-2026,17,MOTLEY COUNTY,Grade 3,11
2025-2026,17,MOTLEY COUNTY,Grade 4,16
2025-2026,17,MOTLEY COUNTY,Grade 5,11
2025-2026,17,MOTLEY COUNTY,Grade 6,12
2025-2026,17,MOTLEY COUNTY,Grade 7,11
2025-2026,17,MOTLEY COUNTY,Grade 8,10
2025-2026,17,MOTLEY COUNTY,Grade 9,14
2025-2026,17,MOTLEY COUNTY,Grade 10,14
2025-2026,17,MOTLEY COUNTY,Grade 11,12
2025-2026,17,MOTLEY COUNTY,Grade 12,14
2025-2026,7,NACOGDOCHES COUNTY,Early Education,31
2025-2026,7,NACOGDOCHES COUNTY,Pre-kindergarten,498
2025-2026,7,NACOGDOCHES COUNTY,Kindergarten,690
2025-2026,7,NACOGDOCHES COUNTY,Grade 1,726
2025-2026,7,NACOGDOCHES COUNTY,Grade 2,663
2025-2026,7,NACOGDOCHES COUNTY,Grade 3,714
2025-2026,7,NACOGDOCHES COUNTY,Grade 4,757
2025-2026,7,NACOGDOCHES COUNTY,Grade 5,723
2025-2026,7,NACOGDOCHES COUNTY,Grade 6,761
2025-2026,7,NACOGDOCHES COUNTY,Grade 7,737
2025-2026,7,NACOGDOCHES COUNTY,Grade 8,738
2025-2026,7,NACOGDOCHES COUNTY,Grade 9,855
2025-2026,7,NACOGDOCHES COUNTY,Grade 10,747
2025-2026,7,NACOGDOCHES COUNTY,Grade 11,700
2025-2026,7,NACOGDOCHES COUNTY,Grade 12,741
2025-2026,12,NAVARRO COUNTY,Early Education,40
2025-2026,12,NAVARRO COUNTY,Pre-kindergarten,470
2025-2026,12,NAVARRO COUNTY,Kindergarten,685
2025-2026,12,NAVARRO COUNTY,Grade 1,723
2025-2026,12,NAVARRO COUNTY,Grade 2,744
2025-2026,12,NAVARRO COUNTY,Grade 3,770
2025-2026,12,NAVARRO COUNTY,Grade 4,821
2025-2026,12,NAVARRO COUNTY,Grade 5,801
2025-2026,12,NAVARRO COUNTY,Grade 6,834
2025-2026,12,NAVARRO COUNTY,Grade 7,750
2025-2026,12,NAVARRO COUNTY,Grade 8,718
2025-2026,12,NAVARRO COUNTY,Grade 9,829
2025-2026,12,NAVARRO COUNTY,Grade 10,806
2025-2026,12,NAVARRO COUNTY,Grade 11,829
2025-2026,12,NAVARRO COUNTY,Grade 12,759
2025-2026,5,NEWTON COUNTY,Early Education,7
2025-2026,5,NEWTON COUNTY,Pre-kindergarten,102
2025-2026,5,NEWTON COUNTY,Kindergarten,125
2025-2026,5,NEWTON COUNTY,Grade 1,114
2025-2026,5,NEWTON COUNTY,Grade 2,113
2025-2026,5,NEWTON COUNTY,Grade 3,103
2025-2026,5,NEWTON COUNTY,Grade 4,130
2025-2026,5,NEWTON COUNTY,Grade 5,147
2025-2026,5,NEWTON COUNTY,Grade 6,115
2025-2026,5,NEWTON COUNTY,Grade 7,133
2025-2026,5,NEWTON COUNTY,Grade 8,153
2025-2026,5,NEWTON COUNTY,Grade 9,141
2025-2026,5,NEWTON COUNTY,Grade 10,134
2025-2026,5,NEWTON COUNTY,Grade 11,131
2025-2026,5,NEWTON COUNTY,Grade 12,118
2025-2026,14,NOLAN COUNTY,Early Education,73
2025-2026,14,NOLAN COUNTY,Pre-kindergarten,221
2025-2026,14,NOLAN COUNTY,Kindergarten,1672
2025-2026,14,NOLAN COUNTY,Grade 1,2011
2025-2026,14,NOLAN COUNTY,Grade 2,2147
2025-2026,14,NOLAN COUNTY,Grade 3,2000
2025-2026,14,NOLAN COUNTY,Grade 4,1830
2025-2026,14,NOLAN COUNTY,Grade 5,1672
2025-2026,14,NOLAN COUNTY,Grade 6,1481
2025-2026,14,NOLAN COUNTY,Grade 7,1589
2025-2026,14,NOLAN COUNTY,Grade 8,1521
2025-2026,14,NOLAN COUNTY,Grade 9,195
2025-2026,14,NOLAN COUNTY,Grade 10,203
2025-2026,14,NOLAN COUNTY,Grade 11,175
2025-2026,14,NOLAN COUNTY,Grade 12,241
2025-2026,2,NUECES COUNTY,Early Education,185
2025-2026,2,NUECES COUNTY,Pre-kindergarten,3654
2025-2026,2,NUECES COUNTY,Kindergarten,3432
2025-2026,2,NUECES COUNTY,Grade 1,3780
2025-2026,2,NUECES COUNTY,Grade 2,3739
2025-2026,2,NUECES COUNTY,Grade 3,3822
2025-2026,2,NUECES COUNTY,Grade 4,4037
2025-2026,2,NUECES COUNTY,Grade 5,4168
2025-2026,2,NUECES COUNTY,Grade 6,4167
2025-2026,2,NUECES COUNTY,Grade 7,4067
2025-2026,2,NUECES COUNTY,Grade 8,3993
2025-2026,2,NUECES COUNTY,Grade 9,4554
2025-2026,2,NUECES COUNTY,Grade 10,4073
2025-2026,2,NUECES COUNTY,Grade 11,4062
2025-2026,2,NUECES COUNTY,Grade 12,4077
2025-2026,16,OCHILTREE COUNTY,Early Education,9
2025-2026,16,OCHILTREE COUNTY,Pre-kindergarten,61
2025-2026,16,OCHILTREE COUNTY,Kindergarten,80
2025-2026,16,OCHILTREE COUNTY,Grade 1,86
2025-2026,16,OCHILTREE COUNTY,Grade 2,117
2025-2026,16,OCHILTREE COUNTY,Grade 3,111
2025-2026,16,OCHILTREE COUNTY,Grade 4,149
2025-2026,16,OCHILTREE COUNTY,Grade 5,143
2025-2026,16,OCHILTREE COUNTY,Grade 6,139
2025-2026,16,OCHILTREE COUNTY,Grade 7,125
2025-2026,16,OCHILTREE COUNTY,Grade 8,133
2025-2026,16,OCHILTREE COUNTY,Grade 9,145
2025-2026,16,OCHILTREE COUNTY,Grade 10,129
2025-2026,16,OCHILTREE COUNTY,Grade 11,133
2025-2026,16,OCHILTREE COUNTY,Grade 12,149
2025-2026,16,OLDHAM COUNTY,Pre-kindergarten,38
2025-2026,16,OLDHAM COUNTY,Kindergarten,41
2025-2026,16,OLDHAM COUNTY,Grade 1,45
2025-2026,16,OLDHAM COUNTY,Grade 2,55
2025-2026,16,OLDHAM COUNTY,Grade 3,42
2025-2026,16,OLDHAM COUNTY,Grade 4,46
2025-2026,16,OLDHAM COUNTY,Grade 5,58
2025-2026,16,OLDHAM COUNTY,Grade 6,64
2025-2026,16,OLDHAM COUNTY,Grade 7,94
2025-2026,16,OLDHAM COUNTY,Grade 8,59
2025-2026,16,OLDHAM COUNTY,Grade 9,92
2025-2026,16,OLDHAM COUNTY,Grade 10,86
2025-2026,16,OLDHAM COUNTY,Grade 11,82
2025-2026,16,OLDHAM COUNTY,Grade 12,72
2025-2026,5,ORANGE COUNTY,Early Education,62
2025-2026,5,ORANGE COUNTY,Pre-kindergarten,661
2025-2026,5,ORANGE COUNTY,Kindergarten,962
2025-2026,5,ORANGE COUNTY,Grade 1,1087
2025-2026,5,ORANGE COUNTY,Grade 2,1046
2025-2026,5,ORANGE COUNTY,Grade 3,1075
2025-2026,5,ORANGE COUNTY,Grade 4,1140
2025-2026,5,ORANGE COUNTY,Grade 5,1134
2025-2026,5,ORANGE COUNTY,Grade 6,1129
2025-2026,5,ORANGE COUNTY,Grade 7,1126
2025-2026,5,ORANGE COUNTY,Grade 8,1103
2025-2026,5,ORANGE COUNTY,Grade 9,1120
2025-2026,5,ORANGE COUNTY,Grade 10,1066
2025-2026,5,ORANGE COUNTY,Grade 11,1039
2025-2026,5,ORANGE COUNTY,Grade 12,1005
2025-2026,11,PALO PINTO COUNTY,Early Education,28
2025-2026,11,PALO PINTO COUNTY,Pre-kindergarten,260
2025-2026,11,PALO PINTO COUNTY,Kindergarten,320
2025-2026,11,PALO PINTO COUNTY,Grade 1,315
2025-2026,11,PALO PINTO COUNTY,Grade 2,345
2025-2026,11,PALO PINTO COUNTY,Grade 3,354
2025-2026,11,PALO PINTO COUNTY,Grade 4,323
2025-2026,11,PALO PINTO COUNTY,Grade 5,352
2025-2026,11,PALO PINTO COUNTY,Grade 6,359
2025-2026,11,PALO PINTO COUNTY,Grade 7,350
2025-2026,11,PALO PINTO COUNTY,Grade 8,362
2025-2026,11,PALO PINTO COUNTY,Grade 9,338
2025-2026,11,PALO PINTO COUNTY,Grade 10,343
2025-2026,11,PALO PINTO COUNTY,Grade 11,316
2025-2026,11,PALO PINTO COUNTY,Grade 12,293
2025-2026,7,PANOLA COUNTY,Early Education,20
2025-2026,7,PANOLA COUNTY,Pre-kindergarten,176
2025-2026,7,PANOLA COUNTY,Kindergarten,263
2025-2026,7,PANOLA COUNTY,Grade 1,279
2025-2026,7,PANOLA COUNTY,Grade 2,251
2025-2026,7,PANOLA COUNTY,Grade 3,261
2025-2026,7,PANOLA COUNTY,Grade 4,267
2025-2026,7,PANOLA COUNTY,Grade 5,291
2025-2026,7,PANOLA COUNTY,Grade 6,272
2025-2026,7,PANOLA COUNTY,Grade 7,277
2025-2026,7,PANOLA COUNTY,Grade 8,315
2025-2026,7,PANOLA COUNTY,Grade 9,301
2025-2026,7,PANOLA COUNTY,Grade 10,309
2025-2026,7,PANOLA COUNTY,Grade 11,338
2025-2026,7,PANOLA COUNTY,Grade 12,298
2025-2026,11,PARKER COUNTY,Early Education,148
2025-2026,11,PARKER COUNTY,Pre-kindergarten,568
2025-2026,11,PARKER COUNTY,Kindergarten,1936
2025-2026,11,PARKER COUNTY,Grade 1,1951
2025-2026,11,PARKER COUNTY,Grade 2,2012
2025-2026,11,PARKER COUNTY,Grade 3,2099
2025-2026,11,PARKER COUNTY,Grade 4,2179
2025-2026,11,PARKER COUNTY,Grade 5,2140
2025-2026,11,PARKER COUNTY,Grade 6,2152
2025-2026,11,PARKER COUNTY,Grade 7,2088
2025-2026,11,PARKER COUNTY,Grade 8,2142
2025-2026,11,PARKER COUNTY,Grade 9,2034
2025-2026,11,PARKER COUNTY,Grade 10,2094
2025-2026,11,PARKER COUNTY,Grade 11,1861
2025-2026,11,PARKER COUNTY,Grade 12,1842
2025-2026,16,PARMER COUNTY,Early Education,4
2025-2026,16,PARMER COUNTY,Pre-kindergarten,98
2025-2026,16,PARMER COUNTY,Kindergarten,140
2025-2026,16,PARMER COUNTY,Grade 1,142
2025-2026,16,PARMER COUNTY,Grade 2,144
2025-2026,16,PARMER COUNTY,Grade 3,151
2025-2026,16,PARMER COUNTY,Grade 4,159
2025-2026,16,PARMER COUNTY,Grade 5,137
2025-2026,16,PARMER COUNTY,Grade 6,148
2025-2026,16,PARMER COUNTY,Grade 7,158
2025-2026,16,PARMER COUNTY,Grade 8,149
2025-2026,16,PARMER COUNTY,Grade 9,157
2025-2026,16,PARMER COUNTY,Grade 10,156
2025-2026,16,PARMER COUNTY,Grade 11,169
2025-2026,16,PARMER COUNTY,Grade 12,138
2025-2026,18,PECOS COUNTY,Early Education,34
2025-2026,18,PECOS COUNTY,Pre-kindergarten,174
2025-2026,18,PECOS COUNTY,Kindergarten,352
2025-2026,18,PECOS COUNTY,Grade 1,608
2025-2026,18,PECOS COUNTY,Grade 2,606
2025-2026,18,PECOS COUNTY,Grade 3,544
2025-2026,18,PECOS COUNTY,Grade 4,531
2025-2026,18,PECOS COUNTY,Grade 5,612
2025-2026,18,PECOS COUNTY,Grade 6,662
2025-2026,18,PECOS COUNTY,Grade 7,886
2025-2026,18,PECOS COUNTY,Grade 8,1106
2025-2026,18,PECOS COUNTY,Grade 9,1556
2025-2026,18,PECOS COUNTY,Grade 10,1651
2025-2026,18,PECOS COUNTY,Grade 11,1774
2025-2026,18,PECOS COUNTY,Grade 12,1365
2025-2026,6,POLK COUNTY,Early Education,31
2025-2026,6,POLK COUNTY,Pre-kindergarten,300
2025-2026,6,POLK COUNTY,Kindergarten,473
2025-2026,6,POLK COUNTY,Grade 1,522
2025-2026,6,POLK COUNTY,Grade 2,504
2025-2026,6,POLK COUNTY,Grade 3,530
2025-2026,6,POLK COUNTY,Grade 4,576
2025-2026,6,POLK COUNTY,Grade 5,549
2025-2026,6,POLK COUNTY,Grade 6,538
2025-2026,6,POLK COUNTY,Grade 7,554
2025-2026,6,POLK COUNTY,Grade 8,516
2025-2026,6,POLK COUNTY,Grade 9,559
2025-2026,6,POLK COUNTY,Grade 10,505
2025-2026,6,POLK COUNTY,Grade 11,459
2025-2026,6,POLK COUNTY,Grade 12,393
2025-2026,16,POTTER COUNTY,Early Education,137
2025-2026,16,POTTER COUNTY,Pre-kindergarten,1671
2025-2026,16,POTTER COUNTY,Kindergarten,2175
2025-2026,16,POTTER COUNTY,Grade 1,2147
2025-2026,16,POTTER COUNTY,Grade 2,2235
2025-2026,16,POTTER COUNTY,Grade 3,2210
2025-2026,16,POTTER COUNTY,Grade 4,2318
2025-2026,16,POTTER COUNTY,Grade 5,2421
2025-2026,16,POTTER COUNTY,Grade 6,2341
2025-2026,16,POTTER COUNTY,Grade 7,2370
2025-2026,16,POTTER COUNTY,Grade 8,2320
2025-2026,16,POTTER COUNTY,Grade 9,2519
2025-2026,16,POTTER COUNTY,Grade 10,2279
2025-2026,16,POTTER COUNTY,Grade 11,2234
2025-2026,16,POTTER COUNTY,Grade 12,2240
2025-2026,18,PRESIDIO COUNTY,Early Education,3
2025-2026,18,PRESIDIO COUNTY,Pre-kindergarten,188
2025-2026,18,PRESIDIO COUNTY,Kindergarten,66
2025-2026,18,PRESIDIO COUNTY,Grade 1,80
2025-2026,18,PRESIDIO COUNTY,Grade 2,70
2025-2026,18,PRESIDIO COUNTY,Grade 3,75
2025-2026,18,PRESIDIO COUNTY,Grade 4,83
2025-2026,18,PRESIDIO COUNTY,Grade 5,101
2025-2026,18,PRESIDIO COUNTY,Grade 6,100
2025-2026,18,PRESIDIO COUNTY,Grade 7,103
2025-2026,18,PRESIDIO COUNTY,Grade 8,107
2025-2026,18,PRESIDIO COUNTY,Grade 9,97
2025-2026,18,PRESIDIO COUNTY,Grade 10,125
2025-2026,18,PRESIDIO COUNTY,Grade 11,100
2025-2026,18,PRESIDIO COUNTY,Grade 12,107
2025-2026,7,RAINS COUNTY,Early Education,5
2025-2026,7,RAINS COUNTY,Pre-kindergarten,62
2025-2026,7,RAINS COUNTY,Kindergarten,114
2025-2026,7,RAINS COUNTY,Grade 1,122
2025-2026,7,RAINS COUNTY,Grade 2,101
2025-2026,7,RAINS COUNTY,Grade 3,126
2025-2026,7,RAINS COUNTY,Grade 4,109
2025-2026,7,RAINS COUNTY,Grade 5,122
2025-2026,7,RAINS COUNTY,Grade 6,141
2025-2026,7,RAINS COUNTY,Grade 7,117
2025-2026,7,RAINS COUNTY,Grade 8,141
2025-2026,7,RAINS COUNTY,Grade 9,119
2025-2026,7,RAINS COUNTY,Grade 10,139
2025-2026,7,RAINS COUNTY,Grade 11,127
2025-2026,7,RAINS COUNTY,Grade 12,124
2025-2026,16,RANDALL COUNTY,Early Education,84
2025-2026,16,RANDALL COUNTY,Pre-kindergarten,226
2025-2026,16,RANDALL COUNTY,Kindergarten,795
2025-2026,16,RANDALL COUNTY,Grade 1,814
2025-2026,16,RANDALL COUNTY,Grade 2,785
2025-2026,16,RANDALL COUNTY,Grade 3,862
2025-2026,16,RANDALL COUNTY,Grade 4,878
2025-2026,16,RANDALL COUNTY,Grade 5,875
2025-2026,16,RANDALL COUNTY,Grade 6,910
2025-2026,16,RANDALL COUNTY,Grade 7,908
2025-2026,16,RANDALL COUNTY,Grade 8,890
2025-2026,16,RANDALL COUNTY,Grade 9,910
2025-2026,16,RANDALL COUNTY,Grade 10,925
2025-2026,16,RANDALL COUNTY,Grade 11,900
2025-2026,16,RANDALL COUNTY,Grade 12,828
2025-2026,18,REAGAN COUNTY,Early Education,4
2025-2026,18,REAGAN COUNTY,Pre-kindergarten,48
2025-2026,18,REAGAN COUNTY,Kindergarten,60
2025-2026,18,REAGAN COUNTY,Grade 1,67
2025-2026,18,REAGAN COUNTY,Grade 2,74
2025-2026,18,REAGAN COUNTY,Grade 3,56
2025-2026,18,REAGAN COUNTY,Grade 4,55
2025-2026,18,REAGAN COUNTY,Grade 5,59
2025-2026,18,REAGAN COUNTY,Grade 6,74
2025-2026,18,REAGAN COUNTY,Grade 7,68
2025-2026,18,REAGAN COUNTY,Grade 8,54
2025-2026,18,REAGAN COUNTY,Grade 9,54
2025-2026,18,REAGAN COUNTY,Grade 10,54
2025-2026,18,REAGAN COUNTY,Grade 11,57
2025-2026,18,REAGAN COUNTY,Grade 12,57
2025-2026,20,REAL COUNTY,Pre-kindergarten,19
2025-2026,20,REAL COUNTY,Kindergarten,22
2025-2026,20,REAL COUNTY,Grade 1,25
2025-2026,20,REAL COUNTY,Grade 2,30
2025-2026,20,REAL COUNTY,Grade 3,24
2025-2026,20,REAL COUNTY,Grade 4,28
2025-2026,20,REAL COUNTY,Grade 5,42
2025-2026,20,REAL COUNTY,Grade 6,30
2025-2026,20,REAL COUNTY,Grade 7,34
2025-2026,20,REAL COUNTY,Grade 8,52
2025-2026,20,REAL COUNTY,Grade 9,42
2025-2026,20,REAL COUNTY,Grade 10,45
2025-2026,20,REAL COUNTY,Grade 11,49
2025-2026,20,REAL COUNTY,Grade 12,37
2025-2026,8,RED RIVER COUNTY,Early Education,2
2025-2026,8,RED RIVER COUNTY,Pre-kindergarten,145
2025-2026,8,RED RIVER COUNTY,Kindergarten,136
2025-2026,8,RED RIVER COUNTY,Grade 1,123
2025-2026,8,RED RIVER COUNTY,Grade 2,120
2025-2026,8,RED RIVER COUNTY,Grade 3,125
2025-2026,8,RED RIVER COUNTY,Grade 4,137
2025-2026,8,RED RIVER COUNTY,Grade 5,136
2025-2026,8,RED RIVER COUNTY,Grade 6,137
2025-2026,8,RED RIVER COUNTY,Grade 7,142
2025-2026,8,RED RIVER COUNTY,Grade 8,142
2025-2026,8,RED RIVER COUNTY,Grade 9,159
2025-2026,8,RED RIVER COUNTY,Grade 10,132
2025-2026,8,RED RIVER COUNTY,Grade 11,149
2025-2026,8,RED RIVER COUNTY,Grade 12,150
2025-2026,18,REEVES COUNTY,Early Education,19
2025-2026,18,REEVES COUNTY,Pre-kindergarten,169
2025-2026,18,REEVES COUNTY,Kindergarten,227
2025-2026,18,REEVES COUNTY,Grade 1,218
2025-2026,18,REEVES COUNTY,Grade 2,211
2025-2026,18,REEVES COUNTY,Grade 3,221
2025-2026,18,REEVES COUNTY,Grade 4,243
2025-2026,18,REEVES COUNTY,Grade 5,209
2025-2026,18,REEVES COUNTY,Grade 6,231
2025-2026,18,REEVES COUNTY,Grade 7,232
2025-2026,18,REEVES COUNTY,Grade 8,207
2025-2026,18,REEVES COUNTY,Grade 9,233
2025-2026,18,REEVES COUNTY,Grade 10,235
2025-2026,18,REEVES COUNTY,Grade 11,237
2025-2026,18,REEVES COUNTY,Grade 12,210
2025-2026,3,REFUGIO COUNTY,Early Education,3
2025-2026,3,REFUGIO COUNTY,Pre-kindergarten,25
2025-2026,3,REFUGIO COUNTY,Kindergarten,75
2025-2026,3,REFUGIO COUNTY,Grade 1,55
2025-2026,3,REFUGIO COUNTY,Grade 2,71
2025-2026,3,REFUGIO COUNTY,Grade 3,82
2025-2026,3,REFUGIO COUNTY,Grade 4,75
2025-2026,3,REFUGIO COUNTY,Grade 5,95
2025-2026,3,REFUGIO COUNTY,Grade 6,76
2025-2026,3,REFUGIO COUNTY,Grade 7,90
2025-2026,3,REFUGIO COUNTY,Grade 8,84
2025-2026,3,REFUGIO COUNTY,Grade 9,89
2025-2026,3,REFUGIO COUNTY,Grade 10,87
2025-2026,3,REFUGIO COUNTY,Grade 11,81
2025-2026,3,REFUGIO COUNTY,Grade 12,110
2025-2026,16,ROBERTS COUNTY,Early Education,1
2025-2026,16,ROBERTS COUNTY,Pre-kindergarten,7
2025-2026,16,ROBERTS COUNTY,Kindergarten,8
2025-2026,16,ROBERTS COUNTY,Grade 1,15
2025-2026,16,ROBERTS COUNTY,Grade 2,12
2025-2026,16,ROBERTS COUNTY,Grade 3,17
2025-2026,16,ROBERTS COUNTY,Grade 4,15
2025-2026,16,ROBERTS COUNTY,Grade 5,9
2025-2026,16,ROBERTS COUNTY,Grade 6,19
2025-2026,16,ROBERTS COUNTY,Grade 7,12
2025-2026,16,ROBERTS COUNTY,Grade 8,15
2025-2026,16,ROBERTS COUNTY,Grade 9,13
2025-2026,16,ROBERTS COUNTY,Grade 10,13
2025-2026,16,ROBERTS COUNTY,Grade 11,10
2025-2026,16,ROBERTS COUNTY,Grade 12,14
2025-2026,6,ROBERTSON COUNTY,Early Education,8
2025-2026,6,ROBERTSON COUNTY,Pre-kindergarten,247
2025-2026,6,ROBERTSON COUNTY,Kindergarten,231
2025-2026,6,ROBERTSON COUNTY,Grade 1,224
2025-2026,6,ROBERTSON COUNTY,Grade 2,194
2025-2026,6,ROBERTSON COUNTY,Grade 3,252
2025-2026,6,ROBERTSON COUNTY,Grade 4,257
2025-2026,6,ROBERTSON COUNTY,Grade 5,224
2025-2026,6,ROBERTSON COUNTY,Grade 6,243
2025-2026,6,ROBERTSON COUNTY,Grade 7,230
2025-2026,6,ROBERTSON COUNTY,Grade 8,258
2025-2026,6,ROBERTSON COUNTY,Grade 9,263
2025-2026,6,ROBERTSON COUNTY,Grade 10,263
2025-2026,6,ROBERTSON COUNTY,Grade 11,235
2025-2026,6,ROBERTSON COUNTY,Grade 12,240
2025-2026,10,ROCKWALL COUNTY,Early Education,193
2025-2026,10,ROCKWALL COUNTY,Pre-kindergarten,811
2025-2026,10,ROCKWALL COUNTY,Kindergarten,1905
2025-2026,10,ROCKWALL COUNTY,Grade 1,2011
2025-2026,10,ROCKWALL COUNTY,Grade 2,2070
2025-2026,10,ROCKWALL COUNTY,Grade 3,2176
2025-2026,10,ROCKWALL COUNTY,Grade 4,2264
2025-2026,10,ROCKWALL COUNTY,Grade 5,2213
2025-2026,10,ROCKWALL COUNTY,Grade 6,2230
2025-2026,10,ROCKWALL COUNTY,Grade 7,2236
2025-2026,10,ROCKWALL COUNTY,Grade 8,2286
2025-2026,10,ROCKWALL COUNTY,Grade 9,2429
2025-2026,10,ROCKWALL COUNTY,Grade 10,2317
2025-2026,10,ROCKWALL COUNTY,Grade 11,2069
2025-2026,10,ROCKWALL COUNTY,Grade 12,2146
2025-2026,15,RUNNELS COUNTY,Early Education,7
2025-2026,15,RUNNELS COUNTY,Pre-kindergarten,109
2025-2026,15,RUNNELS COUNTY,Kindergarten,134
2025-2026,15,RUNNELS COUNTY,Grade 1,153
2025-2026,15,RUNNELS COUNTY,Grade 2,139
2025-2026,15,RUNNELS COUNTY,Grade 3,129
2025-2026,15,RUNNELS COUNTY,Grade 4,174
2025-2026,15,RUNNELS COUNTY,Grade 5,119
2025-2026,15,RUNNELS COUNTY,Grade 6,140
2025-2026,15,RUNNELS COUNTY,Grade 7,119
2025-2026,15,RUNNELS COUNTY,Grade 8,145
2025-2026,15,RUNNELS COUNTY,Grade 9,150
2025-2026,15,RUNNELS COUNTY,Grade 10,144
2025-2026,15,RUNNELS COUNTY,Grade 11,121
2025-2026,15,RUNNELS COUNTY,Grade 12,138
2025-2026,7,RUSK COUNTY,Early Education,12
2025-2026,7,RUSK COUNTY,Pre-kindergarten,351
2025-2026,7,RUSK COUNTY,Kindergarten,519
2025-2026,7,RUSK COUNTY,Grade 1,549
2025-2026,7,RUSK COUNTY,Grade 2,523
2025-2026,7,RUSK COUNTY,Grade 3,538
2025-2026,7,RUSK COUNTY,Grade 4,529
2025-2026,7,RUSK COUNTY,Grade 5,539
2025-2026,7,RUSK COUNTY,Grade 6,527
2025-2026,7,RUSK COUNTY,Grade 7,534
2025-2026,7,RUSK COUNTY,Grade 8,604
2025-2026,7,RUSK COUNTY,Grade 9,585
2025-2026,7,RUSK COUNTY,Grade 10,574
2025-2026,7,RUSK COUNTY,Grade 11,560
2025-2026,7,RUSK COUNTY,Grade 12,567
2025-2026,7,SABINE COUNTY,Early Education,1
2025-2026,7,SABINE COUNTY,Pre-kindergarten,96
2025-2026,7,SABINE COUNTY,Kindergarten,117
2025-2026,7,SABINE COUNTY,Grade 1,107
2025-2026,7,SABINE COUNTY,Grade 2,98
2025-2026,7,SABINE COUNTY,Grade 3,97
2025-2026,7,SABINE COUNTY,Grade 4,106
2025-2026,7,SABINE COUNTY,Grade 5,112
2025-2026,7,SABINE COUNTY,Grade 6,104
2025-2026,7,SABINE COUNTY,Grade 7,84
2025-2026,7,SABINE COUNTY,Grade 8,105
2025-2026,7,SABINE COUNTY,Grade 9,93
2025-2026,7,SABINE COUNTY,Grade 10,103
2025-2026,7,SABINE COUNTY,Grade 11,89
2025-2026,7,SABINE COUNTY,Grade 12,78
2025-2026,7,SAN AUGUSTINE COUNTY,Early Education,3
2025-2026,7,SAN AUGUSTINE COUNTY,Pre-kindergarten,100
2025-2026,7,SAN AUGUSTINE COUNTY,Kindergarten,61
2025-2026,7,SAN AUGUSTINE COUNTY,Grade 1,65
2025-2026,7,SAN AUGUSTINE COUNTY,Grade 2,64
2025-2026,7,SAN AUGUSTINE COUNTY,Grade 3,68
2025-2026,7,SAN AUGUSTINE COUNTY,Grade 4,69
2025-2026,7,SAN AUGUSTINE COUNTY,Grade 5,72
2025-2026,7,SAN AUGUSTINE COUNTY,Grade 6,53
2025-2026,7,SAN AUGUSTINE COUNTY,Grade 7,63
2025-2026,7,SAN AUGUSTINE COUNTY,Grade 8,71
2025-2026,7,SAN AUGUSTINE COUNTY,Grade 9,72
2025-2026,7,SAN AUGUSTINE COUNTY,Grade 10,70
2025-2026,7,SAN AUGUSTINE COUNTY,Grade 11,74
2025-2026,7,SAN AUGUSTINE COUNTY,Grade 12,64
2025-2026,6,SAN JACINTO COUNTY,Early Education,11
2025-2026,6,SAN JACINTO COUNTY,Pre-kindergarten,178
2025-2026,6,SAN JACINTO COUNTY,Kindergarten,246
2025-2026,6,SAN JACINTO COUNTY,Grade 1,238
2025-2026,6,SAN JACINTO COUNTY,Grade 2,246
2025-2026,6,SAN JACINTO COUNTY,Grade 3,258
2025-2026,6,SAN JACINTO COUNTY,Grade 4,249
2025-2026,6,SAN JACINTO COUNTY,Grade 5,266
2025-2026,6,SAN JACINTO COUNTY,Grade 6,258
2025-2026,6,SAN JACINTO COUNTY,Grade 7,274
2025-2026,6,SAN JACINTO COUNTY,Grade 8,254
2025-2026,6,SAN JACINTO COUNTY,Grade 9,275
2025-2026,6,SAN JACINTO COUNTY,Grade 10,254
2025-2026,6,SAN JACINTO COUNTY,Grade 11,291
2025-2026,6,SAN JACINTO COUNTY,Grade 12,263
2025-2026,2,SAN PATRICIO COUNTY,Early Education,51
2025-2026,2,SAN PATRICIO COUNTY,Pre-kindergarten,609
2025-2026,2,SAN PATRICIO COUNTY,Kindergarten,886
2025-2026,2,SAN PATRICIO COUNTY,Grade 1,974
2025-2026,2,SAN PATRICIO COUNTY,Grade 2,978
2025-2026,2,SAN PATRICIO COUNTY,Grade 3,978
2025-2026,2,SAN PATRICIO COUNTY,Grade 4,1089
2025-2026,2,SAN PATRICIO COUNTY,Grade 5,994
2025-2026,2,SAN PATRICIO COUNTY,Grade 6,1071
2025-2026,2,SAN PATRICIO COUNTY,Grade 7,1042
2025-2026,2,SAN PATRICIO COUNTY,Grade 8,1041
2025-2026,2,SAN PATRICIO COUNTY,Grade 9,1055
2025-2026,2,SAN PATRICIO COUNTY,Grade 10,989
2025-2026,2,SAN PATRICIO COUNTY,Grade 11,997
2025-2026,2,SAN PATRICIO COUNTY,Grade 12,969
2025-2026,15,SAN SABA COUNTY,Early Education,2
2025-2026,15,SAN SABA COUNTY,Pre-kindergarten,67
2025-2026,15,SAN SABA COUNTY,Kindergarten,47
2025-2026,15,SAN SABA COUNTY,Grade 1,64
2025-2026,15,SAN SABA COUNTY,Grade 2,73
2025-2026,15,SAN SABA COUNTY,Grade 3,60
2025-2026,15,SAN SABA COUNTY,Grade 4,63
2025-2026,15,SAN SABA COUNTY,Grade 5,65
2025-2026,15,SAN SABA COUNTY,Grade 6,69
2025-2026,15,SAN SABA COUNTY,Grade 7,64
2025-2026,15,SAN SABA COUNTY,Grade 8,74
2025-2026,15,SAN SABA COUNTY,Grade 9,61
2025-2026,15,SAN SABA COUNTY,Grade 10,57
2025-2026,15,SAN SABA COUNTY,Grade 11,79
2025-2026,15,SAN SABA COUNTY,Grade 12,71
2025-2026,15,SCHLEICHER COUNTY,Early Education,1
2025-2026,15,SCHLEICHER COUNTY,Pre-kindergarten,22
2025-2026,15,SCHLEICHER COUNTY,Kindergarten,22
2025-2026,15,SCHLEICHER COUNTY,Grade 1,19
2025-2026,15,SCHLEICHER COUNTY,Grade 2,21
2025-2026,15,SCHLEICHER COUNTY,Grade 3,29
2025-2026,15,SCHLEICHER COUNTY,Grade 4,30
2025-2026,15,SCHLEICHER COUNTY,Grade 5,18
2025-2026,15,SCHLEICHER COUNTY,Grade 6,28
2025-2026,15,SCHLEICHER COUNTY,Grade 7,30
2025-2026,15,SCHLEICHER COUNTY,Grade 8,31
2025-2026,15,SCHLEICHER COUNTY,Grade 9,28
2025-2026,15,SCHLEICHER COUNTY,Grade 10,29
2025-2026,15,SCHLEICHER COUNTY,Grade 11,36
2025-2026,15,SCHLEICHER COUNTY,Grade 12,41
2025-2026,14,SCURRY COUNTY,Early Education,13
2025-2026,14,SCURRY COUNTY,Pre-kindergarten,145
2025-2026,14,SCURRY COUNTY,Kindergarten,184
2025-2026,14,SCURRY COUNTY,Grade 1,182
2025-2026,14,SCURRY COUNTY,Grade 2,168
2025-2026,14,SCURRY COUNTY,Grade 3,212
2025-2026,14,SCURRY COUNTY,Grade 4,222
2025-2026,14,SCURRY COUNTY,Grade 5,201
2025-2026,14,SCURRY COUNTY,Grade 6,205
2025-2026,14,SCURRY COUNTY,Grade 7,188
2025-2026,14,SCURRY COUNTY,Grade 8,210
2025-2026,14,SCURRY COUNTY,Grade 9,255
2025-2026,14,SCURRY COUNTY,Grade 10,228
2025-2026,14,SCURRY COUNTY,Grade 11,209
2025-2026,14,SCURRY COUNTY,Grade 12,178
2025-2026,14,SHACKELFORD COUNTY,Early Education,1
2025-2026,14,SHACKELFORD COUNTY,Pre-kindergarten,21
2025-2026,14,SHACKELFORD COUNTY,Kindergarten,42
2025-2026,14,SHACKELFORD COUNTY,Grade 1,35
2025-2026,14,SHACKELFORD COUNTY,Grade 2,43
2025-2026,14,SHACKELFORD COUNTY,Grade 3,45
2025-2026,14,SHACKELFORD COUNTY,Grade 4,36
2025-2026,14,SHACKELFORD COUNTY,Grade 5,34
2025-2026,14,SHACKELFORD COUNTY,Grade 6,31
2025-2026,14,SHACKELFORD COUNTY,Grade 7,38
2025-2026,14,SHACKELFORD COUNTY,Grade 8,48
2025-2026,14,SHACKELFORD COUNTY,Grade 9,43
2025-2026,14,SHACKELFORD COUNTY,Grade 10,35
2025-2026,14,SHACKELFORD COUNTY,Grade 11,37
2025-2026,14,SHACKELFORD COUNTY,Grade 12,46
2025-2026,7,SHELBY COUNTY,Early Education,10
2025-2026,7,SHELBY COUNTY,Pre-kindergarten,406
2025-2026,7,SHELBY COUNTY,Kindergarten,316
2025-2026,7,SHELBY COUNTY,Grade 1,342
2025-2026,7,SHELBY COUNTY,Grade 2,358
2025-2026,7,SHELBY COUNTY,Grade 3,357
2025-2026,7,SHELBY COUNTY,Grade 4,381
2025-2026,7,SHELBY COUNTY,Grade 5,363
2025-2026,7,SHELBY COUNTY,Grade 6,355
2025-2026,7,SHELBY COUNTY,Grade 7,386
2025-2026,7,SHELBY COUNTY,Grade 8,334
2025-2026,7,SHELBY COUNTY,Grade 9,363
2025-2026,7,SHELBY COUNTY,Grade 10,374
2025-2026,7,SHELBY COUNTY,Grade 11,380
2025-2026,7,SHELBY COUNTY,Grade 12,334
2025-2026,16,SHERMAN COUNTY,Early Education,7
2025-2026,16,SHERMAN COUNTY,Pre-kindergarten,46
2025-2026,16,SHERMAN COUNTY,Kindergarten,56
2025-2026,16,SHERMAN COUNTY,Grade 1,50
2025-2026,16,SHERMAN COUNTY,Grade 2,46
2025-2026,16,SHERMAN COUNTY,Grade 3,69
2025-2026,16,SHERMAN COUNTY,Grade 4,45
2025-2026,16,SHERMAN COUNTY,Grade 5,42
2025-2026,16,SHERMAN COUNTY,Grade 6,37
2025-2026,16,SHERMAN COUNTY,Grade 7,30
2025-2026,16,SHERMAN COUNTY,Grade 8,39
2025-2026,16,SHERMAN COUNTY,Grade 9,41
2025-2026,16,SHERMAN COUNTY,Grade 10,43
2025-2026,16,SHERMAN COUNTY,Grade 11,43
2025-2026,16,SHERMAN COUNTY,Grade 12,37
2025-2026,7,SMITH COUNTY,Early Education,200
2025-2026,7,SMITH COUNTY,Pre-kindergarten,1541
2025-2026,7,SMITH COUNTY,Kindergarten,2854
2025-2026,7,SMITH COUNTY,Grade 1,2797
2025-2026,7,SMITH COUNTY,Grade 2,2888
2025-2026,7,SMITH COUNTY,Grade 3,2997
2025-2026,7,SMITH COUNTY,Grade 4,3112
2025-2026,7,SMITH COUNTY,Grade 5,3058
2025-2026,7,SMITH COUNTY,Grade 6,3191
2025-2026,7,SMITH COUNTY,Grade 7,3094
2025-2026,7,SMITH COUNTY,Grade 8,2968
2025-2026,7,SMITH COUNTY,Grade 9,3082
2025-2026,7,SMITH COUNTY,Grade 10,2985
2025-2026,7,SMITH COUNTY,Grade 11,2853
2025-2026,7,SMITH COUNTY,Grade 12,2613
2025-2026,11,SOMERVELL COUNTY,Early Education,12
2025-2026,11,SOMERVELL COUNTY,Pre-kindergarten,50
2025-2026,11,SOMERVELL COUNTY,Kindergarten,137
2025-2026,11,SOMERVELL COUNTY,Grade 1,143
2025-2026,11,SOMERVELL COUNTY,Grade 2,161
2025-2026,11,SOMERVELL COUNTY,Grade 3,157
2025-2026,11,SOMERVELL COUNTY,Grade 4,176
2025-2026,11,SOMERVELL COUNTY,Grade 5,159
2025-2026,11,SOMERVELL COUNTY,Grade 6,151
2025-2026,11,SOMERVELL COUNTY,Grade 7,182
2025-2026,11,SOMERVELL COUNTY,Grade 8,161
2025-2026,11,SOMERVELL COUNTY,Grade 9,156
2025-2026,11,SOMERVELL COUNTY,Grade 10,160
2025-2026,11,SOMERVELL COUNTY,Grade 11,176
2025-2026,11,SOMERVELL COUNTY,Grade 12,181
2025-2026,1,STARR COUNTY,Early Education,22
2025-2026,1,STARR COUNTY,Pre-kindergarten,1342
2025-2026,1,STARR COUNTY,Kindergarten,966
2025-2026,1,STARR COUNTY,Grade 1,928
2025-2026,1,STARR COUNTY,Grade 2,955
2025-2026,1,STARR COUNTY,Grade 3,1051
2025-2026,1,STARR COUNTY,Grade 4,979
2025-2026,1,STARR COUNTY,Grade 5,1073
2025-2026,1,STARR COUNTY,Grade 6,1107
2025-2026,1,STARR COUNTY,Grade 7,1116
2025-2026,1,STARR COUNTY,Grade 8,1080
2025-2026,1,STARR COUNTY,Grade 9,1360
2025-2026,1,STARR COUNTY,Grade 10,1154
2025-2026,1,STARR COUNTY,Grade 11,1060
2025-2026,1,STARR COUNTY,Grade 12,1052
2025-2026,14,STEPHENS COUNTY,Early Education,3
2025-2026,14,STEPHENS COUNTY,Pre-kindergarten,65
2025-2026,14,STEPHENS COUNTY,Kindergarten,110
2025-2026,14,STEPHENS COUNTY,Grade 1,95
2025-2026,14,STEPHENS COUNTY,Grade 2,103
2025-2026,14,STEPHENS COUNTY,Grade 3,83
2025-2026,14,STEPHENS COUNTY,Grade 4,116
2025-2026,14,STEPHENS COUNTY,Grade 5,102
2025-2026,14,STEPHENS COUNTY,Grade 6,87
2025-2026,14,STEPHENS COUNTY,Grade 7,92
2025-2026,14,STEPHENS COUNTY,Grade 8,78
2025-2026,14,STEPHENS COUNTY,Grade 9,92
2025-2026,14,STEPHENS COUNTY,Grade 10,87
2025-2026,14,STEPHENS COUNTY,Grade 11,92
2025-2026,14,STEPHENS COUNTY,Grade 12,88
2025-2026,15,STERLING COUNTY,Early Education,5
2025-2026,15,STERLING COUNTY,Pre-kindergarten,16
2025-2026,15,STERLING COUNTY,Kindergarten,27
2025-2026,15,STERLING COUNTY,Grade 1,17
2025-2026,15,STERLING COUNTY,Grade 2,15
2025-2026,15,STERLING COUNTY,Grade 3,20
2025-2026,15,STERLING COUNTY,Grade 4,28
2025-2026,15,STERLING COUNTY,Grade 5,22
2025-2026,15,STERLING COUNTY,Grade 6,26
2025-2026,15,STERLING COUNTY,Grade 7,21
2025-2026,15,STERLING COUNTY,Grade 8,14
2025-2026,15,STERLING COUNTY,Grade 9,20
2025-2026,15,STERLING COUNTY,Grade 10,25
2025-2026,15,STERLING COUNTY,Grade 11,38
2025-2026,15,STERLING COUNTY,Grade 12,18
2025-2026,14,STONEWALL COUNTY,Pre-kindergarten,24
2025-2026,14,STONEWALL COUNTY,Kindergarten,9
2025-2026,14,STONEWALL COUNTY,Grade 1,14
2025-2026,14,STONEWALL COUNTY,Grade 2,12
2025-2026,14,STONEWALL COUNTY,Grade 3,13
2025-2026,14,STONEWALL COUNTY,Grade 4,16
2025-2026,14,STONEWALL COUNTY,Grade 5,15
2025-2026,14,STONEWALL COUNTY,Grade 6,18
2025-2026,14,STONEWALL COUNTY,Grade 7,14
2025-2026,14,STONEWALL COUNTY,Grade 8,15
2025-2026,14,STONEWALL COUNTY,Grade 9,13
2025-2026,14,STONEWALL COUNTY,Grade 10,19
2025-2026,14,STONEWALL COUNTY,Grade 11,12
2025-2026,14,STONEWALL COUNTY,Grade 12,16
2025-2026,15,SUTTON COUNTY,Early Education,3
2025-2026,15,SUTTON COUNTY,Pre-kindergarten,24
2025-2026,15,SUTTON COUNTY,Kindergarten,34
2025-2026,15,SUTTON COUNTY,Grade 1,40
2025-2026,15,SUTTON COUNTY,Grade 2,47
2025-2026,15,SUTTON COUNTY,Grade 3,43
2025-2026,15,SUTTON COUNTY,Grade 4,44
2025-2026,15,SUTTON COUNTY,Grade 5,61
2025-2026,15,SUTTON COUNTY,Grade 6,50
2025-2026,15,SUTTON COUNTY,Grade 7,58
2025-2026,15,SUTTON COUNTY,Grade 8,40
2025-2026,15,SUTTON COUNTY,Grade 9,50
2025-2026,15,SUTTON COUNTY,Grade 10,46
2025-2026,15,SUTTON COUNTY,Grade 11,58
2025-2026,15,SUTTON COUNTY,Grade 12,46
2025-2026,16,SWISHER COUNTY,Early Education,1
2025-2026,16,SWISHER COUNTY,Pre-kindergarten,70
2025-2026,16,SWISHER COUNTY,Kindergarten,72
2025-2026,16,SWISHER COUNTY,Grade 1,80
2025-2026,16,SWISHER COUNTY,Grade 2,79
2025-2026,16,SWISHER COUNTY,Grade 3,64
2025-2026,16,SWISHER COUNTY,Grade 4,105
2025-2026,16,SWISHER COUNTY,Grade 5,72
2025-2026,16,SWISHER COUNTY,Grade 6,103
2025-2026,16,SWISHER COUNTY,Grade 7,98
2025-2026,16,SWISHER COUNTY,Grade 8,102
2025-2026,16,SWISHER COUNTY,Grade 9,83
2025-2026,16,SWISHER COUNTY,Grade 10,119
2025-2026,16,SWISHER COUNTY,Grade 11,103
2025-2026,16,SWISHER COUNTY,Grade 12,96
2025-2026,11,TARRANT COUNTY,Early Education,1734
2025-2026,11,TARRANT COUNTY,Pre-kindergarten,15132
2025-2026,11,TARRANT COUNTY,Kindergarten,20689
2025-2026,11,TARRANT COUNTY,Grade 1,21420
2025-2026,11,TARRANT COUNTY,Grade 2,22168
2025-2026,11,TARRANT COUNTY,Grade 3,22492
2025-2026,11,TARRANT COUNTY,Grade 4,23917
2025-2026,11,TARRANT COUNTY,Grade 5,23732
2025-2026,11,TARRANT COUNTY,Grade 6,23793
2025-2026,11,TARRANT COUNTY,Grade 7,23875
2025-2026,11,TARRANT COUNTY,Grade 8,23981
2025-2026,11,TARRANT COUNTY,Grade 9,28048
2025-2026,11,TARRANT COUNTY,Grade 10,26377
2025-2026,11,TARRANT COUNTY,Grade 11,25301
2025-2026,11,TARRANT COUNTY,Grade 12,24871
2025-2026,14,TAYLOR COUNTY,Early Education,273
2025-2026,14,TAYLOR COUNTY,Pre-kindergarten,2632
2025-2026,14,TAYLOR COUNTY,Kindergarten,2988
2025-2026,14,TAYLOR COUNTY,Grade 1,3148
2025-2026,14,TAYLOR COUNTY,Grade 2,3156
2025-2026,14,TAYLOR COUNTY,Grade 3,3199
2025-2026,14,TAYLOR COUNTY,Grade 4,3190
2025-2026,14,TAYLOR COUNTY,Grade 5,3260
2025-2026,14,TAYLOR COUNTY,Grade 6,3017
2025-2026,14,TAYLOR COUNTY,Grade 7,2989
2025-2026,14,TAYLOR COUNTY,Grade 8,2892
2025-2026,14,TAYLOR COUNTY,Grade 9,2825
2025-2026,14,TAYLOR COUNTY,Grade 10,2370
2025-2026,14,TAYLOR COUNTY,Grade 11,2186
2025-2026,14,TAYLOR COUNTY,Grade 12,2006
2025-2026,18,TERRELL COUNTY,Kindergarten,3
2025-2026,18,TERRELL COUNTY,Grade 1,4
2025-2026,18,TERRELL COUNTY,Grade 2,6
2025-2026,18,TERRELL COUNTY,Grade 3,11
2025-2026,18,TERRELL COUNTY,Grade 4,4
2025-2026,18,TERRELL COUNTY,Grade 5,7
2025-2026,18,TERRELL COUNTY,Grade 6,9
2025-2026,18,TERRELL COUNTY,Grade 7,12
2025-2026,18,TERRELL COUNTY,Grade 8,11
2025-2026,18,TERRELL COUNTY,Grade 9,11
2025-2026,18,TERRELL COUNTY,Grade 10,12
2025-2026,18,TERRELL COUNTY,Grade 11,11
2025-2026,18,TERRELL COUNTY,Grade 12,7
2025-2026,17,TERRY COUNTY,Early Education,1
2025-2026,17,TERRY COUNTY,Pre-kindergarten,162
2025-2026,17,TERRY COUNTY,Kindergarten,121
2025-2026,17,TERRY COUNTY,Grade 1,127
2025-2026,17,TERRY COUNTY,Grade 2,142
2025-2026,17,TERRY COUNTY,Grade 3,142
2025-2026,17,TERRY COUNTY,Grade 4,148
2025-2026,17,TERRY COUNTY,Grade 5,155
2025-2026,17,TERRY COUNTY,Grade 6,156
2025-2026,17,TERRY COUNTY,Grade 7,141
2025-2026,17,TERRY COUNTY,Grade 8,160
2025-2026,17,TERRY COUNTY,Grade 9,133
2025-2026,17,TERRY COUNTY,Grade 10,151
2025-2026,17,TERRY COUNTY,Grade 11,155
2025-2026,17,TERRY COUNTY,Grade 12,138
2025-2026,9,THROCKMORTON COUNTY,Early Education,1
2025-2026,9,THROCKMORTON COUNTY,Pre-kindergarten,29
2025-2026,9,THROCKMORTON COUNTY,Kindergarten,19
2025-2026,9,THROCKMORTON COUNTY,Grade 1,24
2025-2026,9,THROCKMORTON COUNTY,Grade 2,18
2025-2026,9,THROCKMORTON COUNTY,Grade 3,22
2025-2026,9,THROCKMORTON COUNTY,Grade 4,24
2025-2026,9,THROCKMORTON COUNTY,Grade 5,21
2025-2026,9,THROCKMORTON COUNTY,Grade 6,22
2025-2026,9,THROCKMORTON COUNTY,Grade 7,19
2025-2026,9,THROCKMORTON COUNTY,Grade 8,14
2025-2026,9,THROCKMORTON COUNTY,Grade 9,16
2025-2026,9,THROCKMORTON COUNTY,Grade 10,20
2025-2026,9,THROCKMORTON COUNTY,Grade 11,22
2025-2026,9,THROCKMORTON COUNTY,Grade 12,38
2025-2026,8,TITUS COUNTY,Early Education,104
2025-2026,8,TITUS COUNTY,Pre-kindergarten,418
2025-2026,8,TITUS COUNTY,Kindergarten,430
2025-2026,8,TITUS COUNTY,Grade 1,467
2025-2026,8,TITUS COUNTY,Grade 2,475
2025-2026,8,TITUS COUNTY,Grade 3,509
2025-2026,8,TITUS COUNTY,Grade 4,491
2025-2026,8,TITUS COUNTY,Grade 5,480
2025-2026,8,TITUS COUNTY,Grade 6,515
2025-2026,8,TITUS COUNTY,Grade 7,486
2025-2026,8,TITUS COUNTY,Grade 8,483
2025-2026,8,TITUS COUNTY,Grade 9,484
2025-2026,8,TITUS COUNTY,Grade 10,484
2025-2026,8,TITUS COUNTY,Grade 11,524
2025-2026,8,TITUS COUNTY,Grade 12,501
2025-2026,15,TOM GREEN COUNTY,Early Education,119
2025-2026,15,TOM GREEN COUNTY,Pre-kindergarten,416
2025-2026,15,TOM GREEN COUNTY,Kindergarten,1365
2025-2026,15,TOM GREEN COUNTY,Grade 1,1471
2025-2026,15,TOM GREEN COUNTY,Grade 2,1416
2025-2026,15,TOM GREEN COUNTY,Grade 3,1599
2025-2026,15,TOM GREEN COUNTY,Grade 4,1618
2025-2026,15,TOM GREEN COUNTY,Grade 5,1589
2025-2026,15,TOM GREEN COUNTY,Grade 6,1563
2025-2026,15,TOM GREEN COUNTY,Grade 7,1615
2025-2026,15,TOM GREEN COUNTY,Grade 8,1566
2025-2026,15,TOM GREEN COUNTY,Grade 9,1672
2025-2026,15,TOM GREEN COUNTY,Grade 10,1485
2025-2026,15,TOM GREEN COUNTY,Grade 11,1424
2025-2026,15,TOM GREEN COUNTY,Grade 12,1350
2025-2026,13,TRAVIS COUNTY,Early Education,552
2025-2026,4,TRAVIS COUNTY,Pre-kindergarten,2773
2025-2026,13,TRAVIS COUNTY,Pre-kindergarten,7722
2025-2026,4,TRAVIS COUNTY,Kindergarten,2355
2025-2026,13,TRAVIS COUNTY,Kindergarten,10919
2025-2026,4,TRAVIS COUNTY,Grade 1,2356
2025-2026,13,TRAVIS COUNTY,Grade 1,11331
2025-2026,4,TRAVIS COUNTY,Grade 2,2233
2025-2026,13,TRAVIS COUNTY,Grade 2,11525
2025-2026,4,TRAVIS COUNTY,Grade 3,2192
2025-2026,13,TRAVIS COUNTY,Grade 3,11618
2025-2026,4,TRAVIS COUNTY,Grade 4,2258
2025-2026,13,TRAVIS COUNTY,Grade 4,11937
2025-2026,4,TRAVIS COUNTY,Grade 5,2269
2025-2026,13,TRAVIS COUNTY,Grade 5,12028
2025-2026,4,TRAVIS COUNTY,Grade 6,2472
2025-2026,13,TRAVIS COUNTY,Grade 6,11416
2025-2026,4,TRAVIS COUNTY,Grade 7,2492
2025-2026,13,TRAVIS COUNTY,Grade 7,11141
2025-2026,4,TRAVIS COUNTY,Grade 8,2434
2025-2026,13,TRAVIS COUNTY,Grade 8,11118
2025-2026,4,TRAVIS COUNTY,Grade 9,2211
2025-2026,13,TRAVIS COUNTY,Grade 9,12471
2025-2026,4,TRAVIS COUNTY,Grade 10,2074
2025-2026,13,TRAVIS COUNTY,Grade 10,12145
2025-2026,4,TRAVIS COUNTY,Grade 11,1913
2025-2026,13,TRAVIS COUNTY,Grade 11,11913
2025-2026,4,TRAVIS COUNTY,Grade 12,1579
2025-2026,13,TRAVIS COUNTY,Grade 12,11711
2025-2026,6,TRINITY COUNTY,Early Education,3
2025-2026,6,TRINITY COUNTY,Pre-kindergarten,118
2025-2026,6,TRINITY COUNTY,Kindergarten,124
2025-2026,6,TRINITY COUNTY,Grade 1,149
2025-2026,6,TRINITY COUNTY,Grade 2,164
2025-2026,6,TRINITY COUNTY,Grade 3,160
2025-2026,6,TRINITY COUNTY,Grade 4,165
2025-2026,6,TRINITY COUNTY,Grade 5,176
2025-2026,6,TRINITY COUNTY,Grade 6,152
2025-2026,6,TRINITY COUNTY,Grade 7,143
2025-2026,6,TRINITY COUNTY,Grade 8,138
2025-2026,6,TRINITY COUNTY,Grade 9,203
2025-2026,6,TRINITY COUNTY,Grade 10,187
2025-2026,6,TRINITY COUNTY,Grade 11,167
2025-2026,6,TRINITY COUNTY,Grade 12,144
2025-2026,5,TYLER COUNTY,Early Education,17
2025-2026,5,TYLER COUNTY,Pre-kindergarten,170
2025-2026,5,TYLER COUNTY,Kindergarten,222
2025-2026,5,TYLER COUNTY,Grade 1,236
2025-2026,5,TYLER COUNTY,Grade 2,214
2025-2026,5,TYLER COUNTY,Grade 3,225
2025-2026,5,TYLER COUNTY,Grade 4,263
2025-2026,5,TYLER COUNTY,Grade 5,231
2025-2026,5,TYLER COUNTY,Grade 6,221
2025-2026,5,TYLER COUNTY,Grade 7,288
2025-2026,5,TYLER COUNTY,Grade 8,246
2025-2026,5,TYLER COUNTY,Grade 9,259
2025-2026,5,TYLER COUNTY,Grade 10,245
2025-2026,5,TYLER COUNTY,Grade 11,236
2025-2026,5,TYLER COUNTY,Grade 12,235
2025-2026,7,UPSHUR COUNTY,Early Education,15
2025-2026,7,UPSHUR COUNTY,Pre-kindergarten,345
2025-2026,7,UPSHUR COUNTY,Kindergarten,514
2025-2026,7,UPSHUR COUNTY,Grade 1,451
2025-2026,7,UPSHUR COUNTY,Grade 2,509
2025-2026,7,UPSHUR COUNTY,Grade 3,549
2025-2026,7,UPSHUR COUNTY,Grade 4,535
2025-2026,7,UPSHUR COUNTY,Grade 5,533
2025-2026,7,UPSHUR COUNTY,Grade 6,580
2025-2026,7,UPSHUR COUNTY,Grade 7,563
2025-2026,7,UPSHUR COUNTY,Grade 8,564
2025-2026,7,UPSHUR COUNTY,Grade 9,555
2025-2026,7,UPSHUR COUNTY,Grade 10,592
2025-2026,7,UPSHUR COUNTY,Grade 11,515
2025-2026,7,UPSHUR COUNTY,Grade 12,505
2025-2026,18,UPTON COUNTY,Early Education,2
2025-2026,18,UPTON COUNTY,Pre-kindergarten,44
2025-2026,18,UPTON COUNTY,Kindergarten,42
2025-2026,18,UPTON COUNTY,Grade 1,59
2025-2026,18,UPTON COUNTY,Grade 2,45
2025-2026,18,UPTON COUNTY,Grade 3,64
2025-2026,18,UPTON COUNTY,Grade 4,61
2025-2026,18,UPTON COUNTY,Grade 5,58
2025-2026,18,UPTON COUNTY,Grade 6,55
2025-2026,18,UPTON COUNTY,Grade 7,60
2025-2026,18,UPTON COUNTY,Grade 8,55
2025-2026,18,UPTON COUNTY,Grade 9,54
2025-2026,18,UPTON COUNTY,Grade 10,76
2025-2026,18,UPTON COUNTY,Grade 11,55
2025-2026,18,UPTON COUNTY,Grade 12,42
2025-2026,20,UVALDE COUNTY,Early Education,32
2025-2026,20,UVALDE COUNTY,Pre-kindergarten,318
2025-2026,20,UVALDE COUNTY,Kindergarten,351
2025-2026,20,UVALDE COUNTY,Grade 1,355
2025-2026,20,UVALDE COUNTY,Grade 2,307
2025-2026,20,UVALDE COUNTY,Grade 3,347
2025-2026,20,UVALDE COUNTY,Grade 4,343
2025-2026,20,UVALDE COUNTY,Grade 5,358
2025-2026,20,UVALDE COUNTY,Grade 6,320
2025-2026,20,UVALDE COUNTY,Grade 7,335
2025-2026,20,UVALDE COUNTY,Grade 8,310
2025-2026,20,UVALDE COUNTY,Grade 9,435
2025-2026,20,UVALDE COUNTY,Grade 10,348
2025-2026,20,UVALDE COUNTY,Grade 11,375
2025-2026,20,UVALDE COUNTY,Grade 12,342
2025-2026,15,VAL VERDE COUNTY,Early Education,31
2025-2026,15,VAL VERDE COUNTY,Pre-kindergarten,436
2025-2026,15,VAL VERDE COUNTY,Kindergarten,569
2025-2026,15,VAL VERDE COUNTY,Grade 1,664
2025-2026,15,VAL VERDE COUNTY,Grade 2,643
2025-2026,15,VAL VERDE COUNTY,Grade 3,694
2025-2026,15,VAL VERDE COUNTY,Grade 4,775
2025-2026,15,VAL VERDE COUNTY,Grade 5,764
2025-2026,15,VAL VERDE COUNTY,Grade 6,675
2025-2026,15,VAL VERDE COUNTY,Grade 7,697
2025-2026,15,VAL VERDE COUNTY,Grade 8,728
2025-2026,15,VAL VERDE COUNTY,Grade 9,701
2025-2026,15,VAL VERDE COUNTY,Grade 10,777
2025-2026,15,VAL VERDE COUNTY,Grade 11,746
2025-2026,15,VAL VERDE COUNTY,Grade 12,776
2025-2026,7,VAN ZANDT COUNTY,Early Education,15
2025-2026,10,VAN ZANDT COUNTY,Early Education,16
2025-2026,7,VAN ZANDT COUNTY,Pre-kindergarten,209
2025-2026,10,VAN ZANDT COUNTY,Pre-kindergarten,213
2025-2026,7,VAN ZANDT COUNTY,Kindergarten,363
2025-2026,10,VAN ZANDT COUNTY,Kindergarten,343
2025-2026,7,VAN ZANDT COUNTY,Grade 1,362
2025-2026,10,VAN ZANDT COUNTY,Grade 1,378
2025-2026,7,VAN ZANDT COUNTY,Grade 2,365
2025-2026,10,VAN ZANDT COUNTY,Grade 2,410
2025-2026,7,VAN ZANDT COUNTY,Grade 3,396
2025-2026,10,VAN ZANDT COUNTY,Grade 3,344
2025-2026,7,VAN ZANDT COUNTY,Grade 4,399
2025-2026,10,VAN ZANDT COUNTY,Grade 4,402
2025-2026,7,VAN ZANDT COUNTY,Grade 5,372
2025-2026,10,VAN ZANDT COUNTY,Grade 5,411
2025-2026,7,VAN ZANDT COUNTY,Grade 6,409
2025-2026,10,VAN ZANDT COUNTY,Grade 6,384
2025-2026,7,VAN ZANDT COUNTY,Grade 7,427
2025-2026,10,VAN ZANDT COUNTY,Grade 7,400
2025-2026,7,VAN ZANDT COUNTY,Grade 8,397
2025-2026,10,VAN ZANDT COUNTY,Grade 8,400
2025-2026,7,VAN ZANDT COUNTY,Grade 9,439
2025-2026,10,VAN ZANDT COUNTY,Grade 9,405
2025-2026,7,VAN ZANDT COUNTY,Grade 10,432
2025-2026,10,VAN ZANDT COUNTY,Grade 10,333
2025-2026,7,VAN ZANDT COUNTY,Grade 11,415
2025-2026,10,VAN ZANDT COUNTY,Grade 11,365
2025-2026,7,VAN ZANDT COUNTY,Grade 12,378
2025-2026,10,VAN ZANDT COUNTY,Grade 12,332
2025-2026,3,VICTORIA COUNTY,Early Education,100
2025-2026,3,VICTORIA COUNTY,Pre-kindergarten,782
2025-2026,3,VICTORIA COUNTY,Kindergarten,983
2025-2026,3,VICTORIA COUNTY,Grade 1,936
2025-2026,3,VICTORIA COUNTY,Grade 2,932
2025-2026,3,VICTORIA COUNTY,Grade 3,943
2025-2026,3,VICTORIA COUNTY,Grade 4,1036
2025-2026,3,VICTORIA COUNTY,Grade 5,1000
2025-2026,3,VICTORIA COUNTY,Grade 6,906
2025-2026,3,VICTORIA COUNTY,Grade 7,946
2025-2026,3,VICTORIA COUNTY,Grade 8,933
2025-2026,3,VICTORIA COUNTY,Grade 9,1083
2025-2026,3,VICTORIA COUNTY,Grade 10,1005
2025-2026,3,VICTORIA COUNTY,Grade 11,947
2025-2026,3,VICTORIA COUNTY,Grade 12,974
2025-2026,6,WALKER COUNTY,Early Education,11
2025-2026,6,WALKER COUNTY,Pre-kindergarten,325
2025-2026,6,WALKER COUNTY,Kindergarten,515
2025-2026,6,WALKER COUNTY,Grade 1,510
2025-2026,6,WALKER COUNTY,Grade 2,542
2025-2026,6,WALKER COUNTY,Grade 3,708
2025-2026,6,WALKER COUNTY,Grade 4,855
2025-2026,6,WALKER COUNTY,Grade 5,889
2025-2026,6,WALKER COUNTY,Grade 6,1022
2025-2026,6,WALKER COUNTY,Grade 7,1291
2025-2026,6,WALKER COUNTY,Grade 8,1350
2025-2026,6,WALKER COUNTY,Grade 9,1365
2025-2026,6,WALKER COUNTY,Grade 10,1288
2025-2026,6,WALKER COUNTY,Grade 11,1235
2025-2026,6,WALKER COUNTY,Grade 12,1054
2025-2026,4,WALLER COUNTY,Early Education,69
2025-2026,4,WALLER COUNTY,Pre-kindergarten,719
2025-2026,4,WALLER COUNTY,Kindergarten,1136
2025-2026,4,WALLER COUNTY,Grade 1,1133
2025-2026,4,WALLER COUNTY,Grade 2,1142
2025-2026,4,WALLER COUNTY,Grade 3,1108
2025-2026,4,WALLER COUNTY,Grade 4,1103
2025-2026,4,WALLER COUNTY,Grade 5,1168
2025-2026,4,WALLER COUNTY,Grade 6,1109
2025-2026,4,WALLER COUNTY,Grade 7,1097
2025-2026,4,WALLER COUNTY,Grade 8,1097
2025-2026,4,WALLER COUNTY,Grade 9,1242
2025-2026,4,WALLER COUNTY,Grade 10,1221
2025-2026,4,WALLER COUNTY,Grade 11,1169
2025-2026,4,WALLER COUNTY,Grade 12,1016
2025-2026,18,WARD COUNTY,Early Education,30
2025-2026,18,WARD COUNTY,Pre-kindergarten,79
2025-2026,18,WARD COUNTY,Kindergarten,174
2025-2026,18,WARD COUNTY,Grade 1,188
2025-2026,18,WARD COUNTY,Grade 2,173
2025-2026,18,WARD COUNTY,Grade 3,166
2025-2026,18,WARD COUNTY,Grade 4,177
2025-2026,18,WARD COUNTY,Grade 5,160
2025-2026,18,WARD COUNTY,Grade 6,180
2025-2026,18,WARD COUNTY,Grade 7,185
2025-2026,18,WARD COUNTY,Grade 8,147
2025-2026,18,WARD COUNTY,Grade 9,184
2025-2026,18,WARD COUNTY,Grade 10,163
2025-2026,18,WARD COUNTY,Grade 11,158
2025-2026,18,WARD COUNTY,Grade 12,161
2025-2026,6,WASHINGTON COUNTY,Early Education,32
2025-2026,6,WASHINGTON COUNTY,Pre-kindergarten,240
2025-2026,6,WASHINGTON COUNTY,Kindergarten,341
2025-2026,6,WASHINGTON COUNTY,Grade 1,310
2025-2026,6,WASHINGTON COUNTY,Grade 2,356
2025-2026,6,WASHINGTON COUNTY,Grade 3,388
2025-2026,6,WASHINGTON COUNTY,Grade 4,367
2025-2026,6,WASHINGTON COUNTY,Grade 5,415
2025-2026,6,WASHINGTON COUNTY,Grade 6,408
2025-2026,6,WASHINGTON COUNTY,Grade 7,421
2025-2026,6,WASHINGTON COUNTY,Grade 8,431
2025-2026,6,WASHINGTON COUNTY,Grade 9,442
2025-2026,6,WASHINGTON COUNTY,Grade 10,412
2025-2026,6,WASHINGTON COUNTY,Grade 11,417
2025-2026,6,WASHINGTON COUNTY,Grade 12,410
2025-2026,1,WEBB COUNTY,Early Education,173
2025-2026,1,WEBB COUNTY,Pre-kindergarten,3154
2025-2026,1,WEBB COUNTY,Kindergarten,3670
2025-2026,1,WEBB COUNTY,Grade 1,3928
2025-2026,1,WEBB COUNTY,Grade 2,3972
2025-2026,1,WEBB COUNTY,Grade 3,4172
2025-2026,1,WEBB COUNTY,Grade 4,4348
2025-2026,1,WEBB COUNTY,Grade 5,4223
2025-2026,1,WEBB COUNTY,Grade 6,4242
2025-2026,1,WEBB COUNTY,Grade 7,4351
2025-2026,1,WEBB COUNTY,Grade 8,4379
2025-2026,1,WEBB COUNTY,Grade 9,4948
2025-2026,1,WEBB COUNTY,Grade 10,4752
2025-2026,1,WEBB COUNTY,Grade 11,4644
2025-2026,1,WEBB COUNTY,Grade 12,4941
2025-2026,3,WHARTON COUNTY,Early Education,54
2025-2026,3,WHARTON COUNTY,Pre-kindergarten,383
2025-2026,3,WHARTON COUNTY,Kindergarten,522
2025-2026,3,WHARTON COUNTY,Grade 1,566
2025-2026,3,WHARTON COUNTY,Grade 2,547
2025-2026,3,WHARTON COUNTY,Grade 3,546
2025-2026,3,WHARTON COUNTY,Grade 4,574
2025-2026,3,WHARTON COUNTY,Grade 5,538
2025-2026,3,WHARTON COUNTY,Grade 6,543
2025-2026,3,WHARTON COUNTY,Grade 7,535
2025-2026,3,WHARTON COUNTY,Grade 8,535
2025-2026,3,WHARTON COUNTY,Grade 9,577
2025-2026,3,WHARTON COUNTY,Grade 10,582
2025-2026,3,WHARTON COUNTY,Grade 11,562
2025-2026,3,WHARTON COUNTY,Grade 12,534
2025-2026,16,WHEELER COUNTY,Pre-kindergarten,44
2025-2026,16,WHEELER COUNTY,Kindergarten,50
2025-2026,16,WHEELER COUNTY,Grade 1,61
2025-2026,16,WHEELER COUNTY,Grade 2,53
2025-2026,16,WHEELER COUNTY,Grade 3,62
2025-2026,16,WHEELER COUNTY,Grade 4,77
2025-2026,16,WHEELER COUNTY,Grade 5,64
2025-2026,16,WHEELER COUNTY,Grade 6,76
2025-2026,16,WHEELER COUNTY,Grade 7,68
2025-2026,16,WHEELER COUNTY,Grade 8,86
2025-2026,16,WHEELER COUNTY,Grade 9,88
2025-2026,16,WHEELER COUNTY,Grade 10,77
2025-2026,16,WHEELER COUNTY,Grade 11,71
2025-2026,16,WHEELER COUNTY,Grade 12,76
2025-2026,9,WICHITA COUNTY,Early Education,112
2025-2026,9,WICHITA COUNTY,Pre-kindergarten,1102
2025-2026,9,WICHITA COUNTY,Kindergarten,1360
2025-2026,9,WICHITA COUNTY,Grade 1,1395
2025-2026,9,WICHITA COUNTY,Grade 2,1360
2025-2026,9,WICHITA COUNTY,Grade 3,1419
2025-2026,9,WICHITA COUNTY,Grade 4,1424
2025-2026,9,WICHITA COUNTY,Grade 5,1438
2025-2026,9,WICHITA COUNTY,Grade 6,1406
2025-2026,9,WICHITA COUNTY,Grade 7,1406
2025-2026,9,WICHITA COUNTY,Grade 8,1394
2025-2026,9,WICHITA COUNTY,Grade 9,1462
2025-2026,9,WICHITA COUNTY,Grade 10,1325
2025-2026,9,WICHITA COUNTY,Grade 11,1292
2025-2026,9,WICHITA COUNTY,Grade 12,1266
2025-2026,9,WILBARGER COUNTY,Early Education,15
2025-2026,9,WILBARGER COUNTY,Pre-kindergarten,80
2025-2026,9,WILBARGER COUNTY,Kindergarten,118
2025-2026,9,WILBARGER COUNTY,Grade 1,151
2025-2026,9,WILBARGER COUNTY,Grade 2,141
2025-2026,9,WILBARGER COUNTY,Grade 3,141
2025-2026,9,WILBARGER COUNTY,Grade 4,165
2025-2026,9,WILBARGER COUNTY,Grade 5,161
2025-2026,9,WILBARGER COUNTY,Grade 6,158
2025-2026,9,WILBARGER COUNTY,Grade 7,179
2025-2026,9,WILBARGER COUNTY,Grade 8,178
2025-2026,9,WILBARGER COUNTY,Grade 9,175
2025-2026,9,WILBARGER COUNTY,Grade 10,150
2025-2026,9,WILBARGER COUNTY,Grade 11,146
2025-2026,9,WILBARGER COUNTY,Grade 12,149
2025-2026,1,WILLACY COUNTY,Pre-kindergarten,355
2025-2026,1,WILLACY COUNTY,Kindergarten,233
2025-2026,1,WILLACY COUNTY,Grade 1,246
2025-2026,1,WILLACY COUNTY,Grade 2,247
2025-2026,1,WILLACY COUNTY,Grade 3,265
2025-2026,1,WILLACY COUNTY,Grade 4,280
2025-2026,1,WILLACY COUNTY,Grade 5,256
2025-2026,1,WILLACY COUNTY,Grade 6,253
2025-2026,1,WILLACY COUNTY,Grade 7,272
2025-2026,1,WILLACY COUNTY,Grade 8,234
2025-2026,1,WILLACY COUNTY,Grade 9,291
2025-2026,1,WILLACY COUNTY,Grade 10,263
2025-2026,1,WILLACY COUNTY,Grade 11,265
2025-2026,1,WILLACY COUNTY,Grade 12,320
2025-2026,13,WILLIAMSON COUNTY,Early Education,649
2025-2026,13,WILLIAMSON COUNTY,Pre-kindergarten,4578
2025-2026,13,WILLIAMSON COUNTY,Kindergarten,8395
2025-2026,13,WILLIAMSON COUNTY,Grade 1,8840
2025-2026,13,WILLIAMSON COUNTY,Grade 2,9267
2025-2026,13,WILLIAMSON COUNTY,Grade 3,9570
2025-2026,13,WILLIAMSON COUNTY,Grade 4,10207
2025-2026,13,WILLIAMSON COUNTY,Grade 5,10162
2025-2026,13,WILLIAMSON COUNTY,Grade 6,10457
2025-2026,13,WILLIAMSON COUNTY,Grade 7,10489
2025-2026,13,WILLIAMSON COUNTY,Grade 8,10471
2025-2026,13,WILLIAMSON COUNTY,Grade 9,11025
2025-2026,13,WILLIAMSON COUNTY,Grade 10,10961
2025-2026,13,WILLIAMSON COUNTY,Grade 11,10437
2025-2026,13,WILLIAMSON COUNTY,Grade 12,10438
2025-2026,20,WILSON COUNTY,Early Education,57
2025-2026,20,WILSON COUNTY,Pre-kindergarten,300
2025-2026,20,WILSON COUNTY,Kindergarten,558
2025-2026,20,WILSON COUNTY,Grade 1,627
2025-2026,20,WILSON COUNTY,Grade 2,633
2025-2026,20,WILSON COUNTY,Grade 3,651
2025-2026,20,WILSON COUNTY,Grade 4,762
2025-2026,20,WILSON COUNTY,Grade 5,714
2025-2026,20,WILSON COUNTY,Grade 6,747
2025-2026,20,WILSON COUNTY,Grade 7,690
2025-2026,20,WILSON COUNTY,Grade 8,720
2025-2026,20,WILSON COUNTY,Grade 9,728
2025-2026,20,WILSON COUNTY,Grade 10,724
2025-2026,20,WILSON COUNTY,Grade 11,690
2025-2026,20,WILSON COUNTY,Grade 12,674
2025-2026,18,WINKLER COUNTY,Early Education,12
2025-2026,18,WINKLER COUNTY,Pre-kindergarten,70
2025-2026,18,WINKLER COUNTY,Kindergarten,105
2025-2026,18,WINKLER COUNTY,Grade 1,128
2025-2026,18,WINKLER COUNTY,Grade 2,112
2025-2026,18,WINKLER COUNTY,Grade 3,129
2025-2026,18,WINKLER COUNTY,Grade 4,113
2025-2026,18,WINKLER COUNTY,Grade 5,135
2025-2026,18,WINKLER COUNTY,Grade 6,113
2025-2026,18,WINKLER COUNTY,Grade 7,126
2025-2026,18,WINKLER COUNTY,Grade 8,128
2025-2026,18,WINKLER COUNTY,Grade 9,140
2025-2026,18,WINKLER COUNTY,Grade 10,124
2025-2026,18,WINKLER COUNTY,Grade 11,123
2025-2026,18,WINKLER COUNTY,Grade 12,135
2025-2026,11,WISE COUNTY,Early Education,44
2025-2026,11,WISE COUNTY,Pre-kindergarten,335
2025-2026,11,WISE COUNTY,Kindergarten,720
2025-2026,11,WISE COUNTY,Grade 1,750
2025-2026,11,WISE COUNTY,Grade 2,782
2025-2026,11,WISE COUNTY,Grade 3,716
2025-2026,11,WISE COUNTY,Grade 4,838
2025-2026,11,WISE COUNTY,Grade 5,875
2025-2026,11,WISE COUNTY,Grade 6,805
2025-2026,11,WISE COUNTY,Grade 7,825
2025-2026,11,WISE COUNTY,Grade 8,800
2025-2026,11,WISE COUNTY,Grade 9,841
2025-2026,11,WISE COUNTY,Grade 10,785
2025-2026,11,WISE COUNTY,Grade 11,738
2025-2026,11,WISE COUNTY,Grade 12,791
2025-2026,7,WOOD COUNTY,Early Education,13
2025-2026,7,WOOD COUNTY,Pre-kindergarten,301
2025-2026,7,WOOD COUNTY,Kindergarten,410
2025-2026,7,WOOD COUNTY,Grade 1,435
2025-2026,7,WOOD COUNTY,Grade 2,454
2025-2026,7,WOOD COUNTY,Grade 3,462
2025-2026,7,WOOD COUNTY,Grade 4,480
2025-2026,7,WOOD COUNTY,Grade 5,450
2025-2026,7,WOOD COUNTY,Grade 6,454
2025-2026,7,WOOD COUNTY,Grade 7,481
2025-2026,7,WOOD COUNTY,Grade 8,499
2025-2026,7,WOOD COUNTY,Grade 9,469
2025-2026,7,WOOD COUNTY,Grade 10,479
2025-2026,7,WOOD COUNTY,Grade 11,461
2025-2026,7,WOOD COUNTY,Grade 12,418
2025-2026,17,YOAKUM COUNTY,Early Education,10
2025-2026,17,YOAKUM COUNTY,Pre-kindergarten,63
2025-2026,17,YOAKUM COUNTY,Kindergarten,117
2025-2026,17,YOAKUM COUNTY,Grade 1,124
2025-2026,17,YOAKUM COUNTY,Grade 2,129
2025-2026,17,YOAKUM COUNTY,Grade 3,103
2025-2026,17,YOAKUM COUNTY,Grade 4,119
2025-2026,17,YOAKUM COUNTY,Grade 5,142
2025-2026,17,YOAKUM COUNTY,Grade 6,131
2025-2026,17,YOAKUM COUNTY,Grade 7,143
2025-2026,17,YOAKUM COUNTY,Grade 8,122
2025-2026,17,YOAKUM COUNTY,Grade 9,143
2025-2026,17,YOAKUM COUNTY,Grade 10,157
2025-2026,17,YOAKUM COUNTY,Grade 11,145
2025-2026,17,YOAKUM COUNTY,Grade 12,165
2025-2026,9,YOUNG COUNTY,Early Education,9
2025-2026,9,YOUNG COUNTY,Pre-kindergarten,170
2025-2026,9,YOUNG COUNTY,Kindergarten,205
2025-2026,9,YOUNG COUNTY,Grade 1,207
2025-2026,9,YOUNG COUNTY,Grade 2,201
2025-2026,9,YOUNG COUNTY,Grade 3,223
2025-2026,9,YOUNG COUNTY,Grade 4,222
2025-2026,9,YOUNG COUNTY,Grade 5,224
2025-2026,9,YOUNG COUNTY,Grade 6,246
2025-2026,9,YOUNG COUNTY,Grade 7,209
2025-2026,9,YOUNG COUNTY,Grade 8,233
2025-2026,9,YOUNG COUNTY,Grade 9,229
2025-2026,9,YOUNG COUNTY,Grade 10,229
2025-2026,9,YOUNG COUNTY,Grade 11,261
2025-2026,9,YOUNG COUNTY,Grade 12,208
2025-2026,1,ZAPATA COUNTY,Early Education,8
2025-2026,1,ZAPATA COUNTY,Pre-kindergarten,160
2025-2026,1,ZAPATA COUNTY,Kindergarten,192
2025-2026,1,ZAPATA COUNTY,Grade 1,191
2025-2026,1,ZAPATA COUNTY,Grade 2,216
2025-2026,1,ZAPATA COUNTY,Grade 3,214
2025-2026,1,ZAPATA COUNTY,Grade 4,208
2025-2026,1,ZAPATA COUNTY,Grade 5,234
2025-2026,1,ZAPATA COUNTY,Grade 6,253
2025-2026,1,ZAPATA COUNTY,Grade 7,230
2025-2026,1,ZAPATA COUNTY,Grade 8,243
2025-2026,1,ZAPATA COUNTY,Grade 9,253
2025-2026,1,ZAPATA COUNTY,Grade 10,250
2025-2026,1,ZAPATA COUNTY,Grade 11,274
2025-2026,1,ZAPATA COUNTY,Grade 12,279
2025-2026,20,ZAVALA COUNTY,Early Education,20
2025-2026,20,ZAVALA COUNTY,Pre-kindergarten,85
2025-2026,20,ZAVALA COUNTY,Kindergarten,106
2025-2026,20,ZAVALA COUNTY,Grade 1,122
2025-2026,20,ZAVALA COUNTY,Grade 2,149
2025-2026,20,ZAVALA COUNTY,Grade 3,106
2025-2026,20,ZAVALA COUNTY,Grade 4,129
2025-2026,20,ZAVALA COUNTY,Grade 5,154
2025-2026,20,ZAVALA COUNTY,Grade 6,155
2025-2026,20,ZAVALA COUNTY,Grade 7,177
2025-2026,20,ZAVALA COUNTY,Grade 8,149
2025-2026,20,ZAVALA COUNTY,Grade 9,134
2025-2026,20,ZAVALA COUNTY,Grade 10,165
2025-2026,20,ZAVALA COUNTY,Grade 11,152
2025-2026,20,ZAVALA COUNTY,Grade 12,139
